theta_degrees,alpha,central_lhs,beta_c1,is_spectral,beta_less_10,exact_polygon_lhs
-1.800000000000000000e+02,1.647633289734350970e-01,5.755893144445486387e-01,2.237776227211484059e+00,1.000000000000000000e+00,1.000000000000000000e+00,5.755765520948408209e-01
-1.797500000000000000e+02,1.651797368146259715e-01,5.814130217365109932e-01,2.234312535729939153e+00,1.000000000000000000e+00,1.000000000000000000e+00,5.814000556789229446e-01
-1.795000000000000000e+02,1.656014155718476821e-01,5.872663542189543451e-01,2.230900131704747213e+00,1.000000000000000000e+00,1.000000000000000000e+00,5.872531811475586450e-01
-1.792500000000000000e+02,1.660284218347344021e-01,5.931497631397185666e-01,2.227539986576488662e+00,1.000000000000000000e+00,1.000000000000000000e+00,5.931363796748029271e-01
-1.790000000000000000e+02,1.664608132440902610e-01,5.990637066988414583e-01,2.224233081141298030e+00,1.000000000000000000e+00,1.000000000000000000e+00,5.990501093850207903e-01
-1.787500000000000000e+02,1.668986485132922803e-01,6.050086502030803670e-01,2.220980405662926316e+00,1.000000000000000000e+00,1.000000000000000000e+00,6.049948355072196637e-01
-1.785000000000000000e+02,1.673419874502522497e-01,6.109850662237065189e-01,2.217782959989634151e+00,1.000000000000000000e+00,1.000000000000000000e+00,6.109710305332374247e-01
-1.782500000000000000e+02,1.677908909799555870e-01,6.169934347592584967e-01,2.214641753676258595e+00,1.000000000000000000e+00,1.000000000000000000e+00,6.169791743799235562e-01
-1.780000000000000000e+02,1.682454211675943889e-01,6.230342434016667985e-01,2.211557806111811075e+00,1.000000000000000000e+00,1.000000000000000000e+00,6.230197545554267968e-01
-1.777500000000000000e+02,1.687056412423114105e-01,6.291079875066130089e-01,2.208532146653000794e+00,1.000000000000000000e+00,1.000000000000000000e+00,6.290932663297080785e-01
-1.775000000000000000e+02,1.691716156215744560e-01,6.352151703689518092e-01,2.205565814764091748e+00,1.000000000000000000e+00,1.000000000000000000e+00,6.352002129094201921e-01
-1.772500000000000000e+02,1.696434099362002235e-01,6.413563034017505382e-01,2.202659860163509453e+00,1.000000000000000000e+00,1.000000000000000000e+00,6.413411056172858560e-01
-1.770000000000000000e+02,1.701210910560460865e-01,6.475319063205442482e-01,2.199815342977686772e+00,1.000000000000000000e+00,1.000000000000000000e+00,6.475164640761008616e-01
-1.767500000000000000e+02,1.706047271163923518e-01,6.537425073322526980e-01,2.197033333902607133e+00,1.000000000000000000e+00,1.000000000000000000e+00,6.537268163975283874e-01
-1.765000000000000000e+02,1.710943875450338936e-01,6.599886433286722420e-01,2.194314914373580283e+00,1.000000000000000000e+00,1.000000000000000000e+00,6.599726993758092686e-01
-1.762500000000000000e+02,1.715901430901048130e-01,6.662708600858039398e-01,2.191661176743781692e+00,1.000000000000000000e+00,1.000000000000000000e+00,6.662546586865614184e-01
-1.760000000000000000e+02,1.720920658486582155e-01,6.699291707667137663e-01,2.189073224472146695e+00,1.000000000000000000e+00,1.000000000000000000e+00,6.725732490908206129e-01
-1.757500000000000000e+02,1.725962337301946148e-01,6.722135019189638960e-01,2.186554430269493476e+00,1.000000000000000000e+00,1.000000000000000000e+00,6.708026300930486352e-01
-1.755000000000000000e+02,1.731045446008436794e-01,6.771646121989991496e-01,2.184104640675760489e+00,1.000000000000000000e+00,1.000000000000000000e+00,6.771479572355989518e-01
-1.752500000000000000e+02,1.736191735768176092e-01,6.835478167191619825e-01,2.181723741418026830e+00,1.000000000000000000e+00,1.000000000000000000e+00,6.835308917339629753e-01
-1.750000000000000000e+02,1.741401968604653627e-01,6.899692139735192908e-01,2.179412867016313982e+00,1.000000000000000000e+00,1.000000000000000000e+00,6.899520141409769547e-01
-1.747500000000000000e+02,1.746676921219015022e-01,6.964293945219091064e-01,2.177173163682013524e+00,1.000000000000000000e+00,1.000000000000000000e+00,6.964119149028548117e-01
-1.745000000000000000e+02,1.752017385316038123e-01,7.029289590518510433e-01,2.175005789557962643e+00,1.000000000000000000e+00,1.000000000000000000e+00,7.029111945902977165e-01
-1.742500000000000000e+02,1.757424167939166115e-01,7.094685186159277457e-01,2.172911914972168290e+00,1.000000000000000000e+00,1.000000000000000000e+00,7.094504641358858610e-01
-1.740000000000000000e+02,1.762898091814873169e-01,7.160486948756408232e-01,2.170892722706061484e+00,1.000000000000000000e+00,1.000000000000000000e+00,7.160303450779356149e-01
-1.737500000000000000e+02,1.768439995706677093e-01,7.226701203524324990e-01,2.168949408278164626e+00,1.000000000000000000e+00,1.000000000000000000e+00,7.226514698110456658e-01
-1.735000000000000000e+02,1.774050734779104022e-01,7.293334386848593365e-01,2.167083180244141261e+00,1.000000000000000000e+00,1.000000000000000000e+00,7.293144818435487453e-01
-1.732500000000000000e+02,1.779731180971923510e-01,7.360393048934233962e-01,2.165295260514235043e+00,1.000000000000000000e+00,1.000000000000000000e+00,7.360200360620831050e-01
-1.730000000000000000e+02,1.785482223385002343e-01,7.427883856527006667e-01,2.163586884689160161e+00,1.000000000000000000e+00,1.000000000000000000e+00,7.427687990035383159e-01
-1.727500000000000000e+02,1.791304768674111259e-01,7.495813595708419319e-01,2.161959302415570772e+00,1.000000000000000000e+00,1.000000000000000000e+00,7.495614491345978792e-01
-1.725000000000000000e+02,1.797199741458055944e-01,7.564189174774225144e-01,2.160413777762292042e+00,1.000000000000000000e+00,1.000000000000000000e+00,7.563986771391477681e-01
-1.722500000000000000e+02,1.803168084737504784e-01,7.633017627187475007e-01,2.158951589618575362e+00,1.000000000000000000e+00,1.000000000000000000e+00,7.632811862138065839e-01
-1.720000000000000000e+02,1.809210760325894729e-01,7.702306114620333100e-01,2.157574032115682883e+00,1.000000000000000000e+00,1.000000000000000000e+00,7.702096923718430022e-01
-1.717500000000000000e+02,1.815328749292834942e-01,7.747081267777926605e-01,2.156282415073217162e+00,1.000000000000000000e+00,1.000000000000000000e+00,7.771849247557753859e-01
-1.715000000000000000e+02,1.821483478725069438e-01,7.776241119778596333e-01,2.155078334244722171e+00,1.000000000000000000e+00,1.000000000000000000e+00,7.760158527366922687e-01
-1.712500000000000000e+02,1.827689428252639581e-01,7.830521322843702059e-01,2.153962674884099204e+00,1.000000000000000000e+00,1.000000000000000000e+00,7.830305680882372332e-01
-1.710000000000000000e+02,1.833972846319937844e-01,7.901153070858908389e-01,2.152936516894867758e+00,1.000000000000000000e+00,1.000000000000000000e+00,7.900933812455674943e-01
-1.707500000000000000e+02,1.840334775178466831e-01,7.972273548573237667e-01,2.152001215142990809e+00,1.000000000000000000e+00,1.000000000000000000e+00,7.972050603213987063e-01
-1.705000000000000000e+02,1.846776278242288072e-01,8.043890583017153650e-01,2.151158142032423726e+00,1.000000000000000000e+00,1.000000000000000000e+00,8.043663878416343893e-01
-1.702500000000000000e+02,1.853298440600019137e-01,8.116012148991551545e-01,2.150408688101315580e+00,1.000000000000000000e+00,1.000000000000000000e+00,8.115781611042428567e-01
-1.700000000000000000e+02,1.859902369542069112e-01,8.188646372766368309e-01,2.149754262653483128e+00,1.000000000000000000e+00,1.000000000000000000e+00,8.188411925486851484e-01
-1.697500000000000000e+02,1.866589195103649512e-01,8.261801535887780545e-01,2.149196294427204723e+00,1.000000000000000000e+00,1.000000000000000000e+00,8.261563101362799921e-01
-1.695000000000000000e+02,1.873360070624098817e-01,8.335486079093303857e-01,2.148736232303515514e+00,1.000000000000000000e+00,1.000000000000000000e+00,8.335243577418617322e-01
-1.692500000000000000e+02,1.880216173323093209e-01,8.409708606350543292e-01,2.148375546056289664e+00,1.000000000000000000e+00,1.000000000000000000e+00,8.409461955571498892e-01
-1.690000000000000000e+02,1.887158704894345840e-01,8.484477889013173346e-01,2.148115727146540532e+00,1.000000000000000000e+00,1.000000000000000000e+00,8.484227005062329185e-01
-1.687500000000000000e+02,1.894188892117397160e-01,8.559802870101960171e-01,2.147958289563498546e+00,1.000000000000000000e+00,1.000000000000000000e+00,8.559547666735952687e-01
-1.685000000000000000e+02,1.901307987488153328e-01,8.635692668720214016e-01,2.147904770715189482e+00,1.000000000000000000e+00,1.000000000000000000e+00,8.635433057451384897e-01
-1.682500000000000000e+02,1.908517269868834909e-01,8.712156584597957609e-01,2.147956732371375299e+00,1.000000000000000000e+00,1.000000000000000000e+00,8.711892474626652394e-01
-1.680000000000000000e+02,1.915818045158029503e-01,8.767042602411300178e-01,2.148115761661904433e+00,1.000000000000000000e+00,1.000000000000000000e+00,8.788935400922960328e-01
-1.677500000000000000e+02,1.923174595908472562e-01,8.801299760718153120e-01,2.148381535801913156e+00,1.000000000000000000e+00,1.000000000000000000e+00,8.780135735901402061e-01
-1.675000000000000000e+02,1.930589147196115629e-01,8.857976678025430983e-01,2.148755245336364528e+00,1.000000000000000000e+00,1.000000000000000000e+00,8.857703827131243601e-01
-1.672500000000000000e+02,1.938098132847879684e-01,8.936151460027936810e-01,2.149240204929091291e+00,1.000000000000000000e+00,1.000000000000000000e+00,8.935873834732707133e-01
-1.670000000000000000e+02,1.945702946682490997e-01,9.014938303810103859e-01,2.149838080237884697e+00,1.000000000000000000e+00,1.000000000000000000e+00,9.014655803621982599e-01
-1.667500000000000000e+02,1.953405012491500892e-01,9.094347461844140001e-01,2.150550566893767890e+00,1.000000000000000000e+00,1.000000000000000000e+00,9.094059983582729600e-01
-1.665000000000000000e+02,1.961205784821947185e-01,9.174389396997219004e-01,2.151379391844113531e+00,1.000000000000000000e+00,1.000000000000000000e+00,9.174096834708236337e-01
-1.662500000000000000e+02,1.969106749783941235e-01,9.255074788147931164e-01,2.152326314774521077e+00,1.000000000000000000e+00,1.000000000000000000e+00,9.254777033015737508e-01
-1.660000000000000000e+02,1.977109425884144567e-01,9.336414535987659358e-01,2.153393129614098456e+00,1.000000000000000000e+00,1.000000000000000000e+00,9.336111476239618012e-01
-1.657500000000000000e+02,1.985215364886078193e-01,9.418419768995842656e-01,2.154581666129049999e+00,1.000000000000000000e+00,1.000000000000000000e+00,9.418111289810027209e-01
-1.654999999999999716e+02,1.993426152698279386e-01,9.501101849617367145e-01,2.155893791609822863e+00,1.000000000000000000e+00,1.000000000000000000e+00,9.500787833023887075e-01
-1.652500000000000000e+02,2.001743410291370873e-01,9.584472380640868261e-01,2.157331412657371938e+00,1.000000000000000000e+00,1.000000000000000000e+00,9.584152705415700524e-01
-1.650000000000000000e+02,2.010168794645132428e-01,9.668543211774869306e-01,2.158896477074487397e+00,1.000000000000000000e+00,1.000000000000000000e+00,9.668217753335728304e-01
-1.647500000000000000e+02,2.018703999726715048e-01,9.746425190028782382e-01,2.160590975868509567e+00,1.000000000000000000e+00,1.000000000000000000e+00,9.752995076743353753e-01
-1.645000000000000000e+02,2.027338599892005711e-01,9.789151393751339691e-01,2.162415527852414421e+00,1.000000000000000000e+00,1.000000000000000000e+00,9.753548278446345643e-01
-1.642500000000000000e+02,2.036022835991266877e-01,9.839392439606194918e-01,2.164365724005067992e+00,1.000000000000000000e+00,1.000000000000000000e+00,9.839054987293174293e-01
-1.640000000000000000e+02,2.044820889049747126e-01,9.925642675073872434e-01,2.166450590675967458e+00,1.000000000000000000e+00,1.000000000000000000e+00,9.925299043620625650e-01
-1.637500000000000000e+02,2.053734578157721258e-01,1.001264330286063542e+00,2.168672267394695652e+00,1.000000000000000000e+00,1.000000000000000000e+00,1.001229335307002755e+00
-1.635000000000000000e+02,2.062765763824641330e-01,1.010040751572747419e+00,2.171032946795929952e+00,1.000000000000000000e+00,1.000000000000000000e+00,1.010005110444118337e+00
-1.632500000000000000e+02,2.071916349137346847e-01,1.018894879773157180e+00,2.173534877338853644e+00,1.000000000000000000e+00,1.000000000000000000e+00,1.018858577769606644e+00
-1.630000000000000000e+02,2.081188280957620707e-01,1.027828093250422237e+00,2.176180366188713577e+00,1.000000000000000000e+00,1.000000000000000000e+00,1.027791115223342322e+00
-1.627500000000000000e+02,2.090583551160694609e-01,1.036841801181915157e+00,2.178971782270793245e+00,1.000000000000000000e+00,1.000000000000000000e+00,1.036804131544527108e+00
-1.625000000000000000e+02,2.100104197916319304e-01,1.045937444444202669e+00,2.181911559507798692e+00,1.000000000000000000e+00,1.000000000000000000e+00,1.045899067156648377e+00
-1.622500000000000000e+02,2.109752307014113037e-01,1.055116496529407755e+00,2.185002200252449622e+00,1.000000000000000000e+00,1.000000000000000000e+00,1.055077395082916647e+00
-1.620000000000000000e+02,2.119530013234996457e-01,1.064380464493027922e+00,2.188246278927981958e+00,1.000000000000000000e+00,1.000000000000000000e+00,1.064340621893444583e+00
-1.617500000000000000e+02,2.129439501770568621e-01,1.072161591970005157e+00,2.191646445890185646e+00,1.000000000000000000e+00,1.000000000000000000e+00,1.073690288685426930e+00
-1.615000000000000000e+02,2.139453847639770090e-01,1.077030440977176928e+00,2.195199931553543315e+00,1.000000000000000000e+00,1.000000000000000000e+00,1.074045634405521810e+00
-1.612500000000000000e+02,2.149547936811998239e-01,1.083528085911265704e+00,2.198903621049320911e+00,1.000000000000000000e+00,1.000000000000000000e+00,1.083486678259749425e+00
-1.610000000000000000e+02,2.159779040711073128e-01,1.093059617299843911e+00,2.202770359231285724e+00,1.000000000000000000e+00,1.000000000000000000e+00,1.093017413714167496e+00
-1.607500000000000000e+02,2.170149517519638638e-01,1.102682511780934016e+00,2.206803072934068854e+00,1.000000000000000000e+00,1.000000000000000000e+00,1.102639493126218673e+00
-1.605000000000000000e+02,2.180661782348023436e-01,1.112398461140094996e+00,2.211004784617847552e+00,1.000000000000000000e+00,1.000000000000000000e+00,1.112354607702786380e+00
-1.602500000000000000e+02,2.191318308934694647e-01,1.122209197202219011e+00,2.215378617693795515e+00,1.000000000000000000e+00,1.000000000000000000e+00,1.122164488668666138e+00
-1.600000000000000000e+02,2.202121631408307523e-01,1.132116493042345740e+00,2.219927802185167387e+00,1.000000000000000000e+00,1.000000000000000000e+00,1.132070908477264881e+00
-1.597500000000000000e+02,2.213074346113955149e-01,1.142122164241625271e+00,2.224655680747738895e+00,1.000000000000000000e+00,1.000000000000000000e+00,1.142075682065317066e+00
-1.595000000000000000e+02,2.224179113506392635e-01,1.152228070189319054e+00,2.229565715075322974e+00,1.000000000000000000e+00,1.000000000000000000e+00,1.152180668153516496e+00
-1.592500000000000000e+02,2.235438660113084064e-01,1.162436115431673578e+00,2.234661492718212905e+00,1.000000000000000000e+00,1.000000000000000000e+00,1.162387770595028291e+00
-1.590000000000000000e+02,2.246855780570101158e-01,1.168867259856356755e+00,2.239946734344798518e+00,1.000000000000000000e+00,1.000000000000000000e+00,1.172698939773946458e+00
-1.587500000000000000e+02,2.258357243138276460e-01,1.174747659150050971e+00,2.245404937677953239e+00,1.000000000000000000e+00,1.000000000000000000e+00,1.174055463636897167e+00
-1.585000000000000000e+02,2.270007572093379888e-01,1.184537155453915469e+00,2.251055274148189955e+00,1.000000000000000000e+00,1.000000000000000000e+00,1.184486721834978384e+00
-1.582500000000000000e+02,2.281822394805271270e-01,1.195077817613322324e+00,2.256905107112103348e+00,1.000000000000000000e+00,1.000000000000000000e+00,1.195026364592870260e+00
-1.580000000000000000e+02,2.293804746605530853e-01,1.205728996121166796e+00,2.262958670624229285e+00,1.000000000000000000e+00,1.000000000000000000e+00,1.205676497606870123e+00
-1.577500000000000000e+02,2.305957740531662525e-01,1.216492850398688930e+00,2.269220370341294757e+00,1.000000000000000000e+00,1.000000000000000000e+00,1.216439279459319289e+00
-1.575000000000000000e+02,2.318284569801214723e-01,1.227371594477003169e+00,2.275694793839489360e+00,1.000000000000000000e+00,1.000000000000000000e+00,1.227316923310042052e+00
-1.572500000000000000e+02,2.330788510381286982e-01,1.238367498754904483e+00,2.282386721642397198e+00,1.000000000000000000e+00,1.000000000000000000e+00,1.238311698652905690e+00
-1.570000000000000000e+02,2.343472923657788920e-01,1.249482891825760777e+00,2.289301139016599151e+00,1.000000000000000000e+00,1.000000000000000000e+00,1.249425933140481337e+00
-1.567500000000000000e+02,2.356341259208962202e-01,1.258203341394555252e+00,2.296443248597349829e+00,1.000000000000000000e+00,1.000000000000000000e+00,1.260662014479889015e+00
-1.564999999999999716e+02,2.369345304407278752e-01,1.264696652444903036e+00,2.303800674359619993e+00,1.000000000000000000e+00,1.000000000000000000e+00,1.262338740875857068e+00
-1.562500000000000000e+02,2.382490681561142132e-01,1.273777315791591702e+00,2.311378351699911793e+00,1.000000000000000000e+00,1.000000000000000000e+00,1.273717763247967927e+00
-1.560000000000000000e+02,2.395828603971817405e-01,1.285284785401083596e+00,2.319198005876322188e+00,1.000000000000000000e+00,1.000000000000000000e+00,1.285223974366132671e+00
-1.557500000000000000e+02,2.409362835839194972e-01,1.296922067732921624e+00,2.327265703026918153e+00,1.000000000000000000e+00,1.000000000000000000e+00,1.296859964241760643e+00
-1.555000000000000000e+02,2.423097242757523695e-01,1.308691822702803265e+00,2.335587795302213276e+00,1.000000000000000000e+00,1.000000000000000000e+00,1.308628391639967692e+00
-1.552500000000000000e+02,2.437035795123101978e-01,1.320596781344991699e+00,2.344170939413010135e+00,1.000000000000000000e+00,1.000000000000000000e+00,1.320531986397519564e+00
-1.550000000000000000e+02,2.451182571680636246e-01,1.332639748226624343e+00,2.353022116585273160e+00,1.000000000000000000e+00,1.000000000000000000e+00,1.332573551835008363e+00
-1.547500000000000000e+02,2.465541763214836590e-01,1.343903015239512833e+00,2.362148654048494834e+00,1.000000000000000000e+00,1.000000000000000000e+00,1.344755967267734054e+00
-1.545000000000000000e+02,2.480097869089468998e-01,1.351203454848026508e+00,2.371549848168899910e+00,1.000000000000000000e+00,1.000000000000000000e+00,1.347124797799363005e+00
-1.542500000000000000e+02,2.494785774183478355e-01,1.359548545037370548e+00,2.381202881709823416e+00,1.000000000000000000e+00,1.000000000000000000e+00,1.359479137205176880e+00
-1.540000000000000000e+02,2.509696754018651554e-01,1.372051858421006187e+00,2.391151945032898851e+00,1.000000000000000000e+00,1.000000000000000000e+00,1.371980920256262504e+00
-1.537500000000000000e+02,2.524835405453773052e-01,1.384705798840740298e+00,2.401405784084064354e+00,1.000000000000000000e+00,1.000000000000000000e+00,1.384633286966590493e+00
-1.535000000000000000e+02,2.540206455228423699e-01,1.397513595562900335e+00,2.411973611425256792e+00,1.000000000000000000e+00,1.000000000000000000e+00,1.397439465059633790e+00
-1.532500000000000000e+02,2.555814764552184482e-01,1.410478568735323623e+00,2.422865139118697275e+00,1.000000000000000000e+00,1.000000000000000000e+00,1.410402773074478366e+00
-1.530000000000000000e+02,2.571665333890115201e-01,1.423604132629991526e+00,2.434090614374716743e+00,1.000000000000000000e+00,1.000000000000000000e+00,1.423526623604698615e+00
-1.527500000000000000e+02,2.587763307954332737e-01,1.432693981271542683e+00,2.445660858240614299e+00,1.000000000000000000e+00,1.000000000000000000e+00,1.436814526676630344e+00
-1.525000000000000000e+02,2.604019138548754886e-01,1.440655837230530256e+00,2.457538037200464487e+00,1.000000000000000000e+00,1.000000000000000000e+00,1.439313828911420678e+00
-1.522500000000000000e+02,2.620501281013532524e-01,1.452882538759269648e+00,2.469764030787275022e+00,1.000000000000000000e+00,1.000000000000000000e+00,1.452801106534822306e+00
-1.520000000000000000e+02,2.637243929155814737e-01,1.466543780175375788e+00,2.482365857515439256e+00,1.000000000000000000e+00,1.000000000000000000e+00,1.466460468905320669e+00
-1.517500000000000000e+02,2.654252752011720395e-01,1.480381007196399867e+00,2.495356745386290154e+00,1.000000000000000000e+00,1.000000000000000000e+00,1.480295760811227934e+00
-1.515000000000000000e+02,2.671533587100687890e-01,1.494398179965888751e+00,2.508750719759616832e+00,1.000000000000000000e+00,1.000000000000000000e+00,1.494310940296654344e+00
-1.512500000000000000e+02,2.689092446699611338e-01,1.507563787965412683e+00,2.522562665567679829e+00,1.000000000000000000e+00,1.000000000000000000e+00,1.508510082885782033e+00
-1.510000000000000000e+02,2.706911222500604230e-01,1.516231112242071744e+00,2.536793691244314086e+00,1.000000000000000000e+00,1.000000000000000000e+00,1.511577562754608195e+00
-1.507500000000000000e+02,2.724909247243318955e-01,1.526097621991272080e+00,2.551405420833423587e+00,1.000000000000000000e+00,1.000000000000000000e+00,1.526005750424154428e+00
-1.505000000000000000e+02,2.743200784818283777e-01,1.540721433359051096e+00,2.566478888893479304e+00,1.000000000000000000e+00,1.000000000000000000e+00,1.540627366164487810e+00
-1.502500000000000000e+02,2.761792489613831281e-01,1.555543224978116923e+00,2.582032682803567791e+00,1.000000000000000000e+00,1.000000000000000000e+00,1.555446894036298655e+00
-1.500000000000000000e+02,2.780691221570552041e-01,1.570567621057885388e+00,2.598086620735167607e+00,1.000000000000000000e+00,1.000000000000000000e+00,1.570468955596290739e+00
-1.497500000000000000e+02,2.799904054146795107e-01,1.583719767979553827e+00,2.614661856555843045e+00,1.000000000000000000e+00,1.000000000000000000e+00,1.585698315231978350e+00
-1.495000000000000000e+02,2.819387469677150371e-01,1.593265680358125325e+00,2.631745048197991821e+00,1.000000000000000000e+00,1.000000000000000000e+00,1.589450873744862713e+00
-1.492500000000000000e+02,2.839104439700871341e-01,1.605049227961955260e+00,2.649325087026329850e+00,1.000000000000000000e+00,1.000000000000000000e+00,1.604945050973780818e+00
-1.490000000000000000e+02,2.859153944867567909e-01,1.620764529084550487e+00,2.667490173600913117e+00,1.000000000000000000e+00,1.000000000000000000e+00,1.620657768158981993e+00
-1.487500000000000000e+02,2.879543851961380296e-01,1.636703721275033940e+00,2.686267383777106943e+00,1.000000000000000000e+00,1.000000000000000000e+00,1.636594292907968429e+00
-1.485000000000000000e+02,2.900282280829937775e-01,1.651584625641364656e+00,2.705685778702541455e+00,1.000000000000000000e+00,1.000000000000000000e+00,1.652760061257191770e+00
-1.482500000000000000e+02,2.921345025326558820e-01,1.661706569737448014e+00,2.725750179202718559e+00,1.000000000000000000e+00,1.000000000000000000e+00,1.656742994584880391e+00
-1.480000000000000000e+02,2.942645071443045213e-01,1.673317575656422473e+00,2.746412194615302393e+00,1.000000000000000000e+00,1.000000000000000000e+00,1.673201839356635245e+00
-1.477500000000000000e+02,2.964314854507782426e-01,1.690021474793657719e+00,2.767804606595815731e+00,1.000000000000000000e+00,1.000000000000000000e+00,1.689902775953298963e+00
-1.474999999999999716e+02,2.986363437828339906e-01,1.706973595920098230e+00,2.789965491719126778e+00,1.000000000000000000e+00,1.000000000000000000e+00,1.706851835462302347e+00
-1.472500000000000000e+02,3.008800186407579735e-01,1.719557385687257245e+00,2.812935988300791390e+00,1.000000000000000000e+00,1.000000000000000000e+00,1.724055248700464782e+00
-1.470000000000000000e+02,3.031513400238861067e-01,1.730031610812440945e+00,2.836647003724991123e+00,1.000000000000000000e+00,1.000000000000000000e+00,1.727607780400324033e+00
-1.467500000000000000e+02,3.054568077651796387e-01,1.745255050612727787e+00,2.861189423518476271e+00,1.000000000000000000e+00,1.000000000000000000e+00,1.745126169458615761e+00
-1.465000000000000000e+02,3.078035154635666015e-01,1.763045685961329267e+00,2.886669412827184811e+00,1.000000000000000000e+00,1.000000000000000000e+00,1.762913396580805703e+00
-1.462500000000000000e+02,3.101925113778503107e-01,1.776293860222431409e+00,2.913142317992377439e+00,1.000000000000000000e+00,1.000000000000000000e+00,1.780976391122808256e+00
-1.460000000000000000e+02,3.126118369327041679e-01,1.787107894979345524e+00,2.940530342047705137e+00,1.000000000000000000e+00,1.000000000000000000e+00,1.784339555743632344e+00
-1.457500000000000000e+02,3.150678362847997849e-01,1.802878638977122527e+00,2.968942785327039591e+00,1.000000000000000000e+00,1.000000000000000000e+00,1.802738486635200532e+00
-1.455000000000000000e+02,3.175688257082640575e-01,1.820988702397031256e+00,2.998523067066377390e+00,1.000000000000000000e+00,1.000000000000000000e+00,1.821429163657709571e+00
-1.452500000000000000e+02,3.201143619518098671e-01,1.831544585519547796e+00,3.029328668574778671e+00,1.000000000000000000e+00,1.000000000000000000e+00,1.823793690987941973e+00
-1.450000000000000000e+02,3.226852909292844962e-01,1.842970341763448872e+00,3.061195267815947307e+00,1.000000000000000000e+00,1.000000000000000000e+00,1.842821945557881591e+00
-1.447500000000000000e+02,3.253040934290663544e-01,1.862311182072802662e+00,3.094452122218555701e+00,1.000000000000000000e+00,1.000000000000000000e+00,1.862158688416494456e+00
-1.445000000000000000e+02,3.279720455202459473e-01,1.874099682994626814e+00,3.129197528612607915e+00,1.000000000000000000e+00,1.000000000000000000e+00,1.881812237206323957e+00
-1.442499999999999716e+02,3.306679466811217605e-01,1.885195124454025928e+00,3.165237200547658336e+00,1.000000000000000000e+00,1.000000000000000000e+00,1.884055636594837102e+00
-1.440000000000000000e+02,3.334120064230742253e-01,1.903845351540931263e+00,3.202919648740005787e+00,1.000000000000000000e+00,1.000000000000000000e+00,1.904071974128525913e+00
-1.437500000000000000e+02,3.362073154092456995e-01,1.914604382996816456e+00,3.242394161901177796e+00,1.000000000000000000e+00,1.000000000000000000e+00,1.905536231082560317e+00
-1.435000000000000000e+02,3.390293835243942122e-01,1.926079198027081052e+00,3.283411210405225766e+00,1.000000000000000000e+00,1.000000000000000000e+00,1.925912626885267986e+00
-1.432500000000000000e+02,3.419057931040747067e-01,1.942425398088645006e+00,3.326489898987570193e+00,1.000000000000000000e+00,1.000000000000000000e+00,1.946634388275402028e+00
-1.430000000000000000e+02,3.448249805292953885e-01,1.954512041355605856e+00,3.371589069696242724e+00,1.000000000000000000e+00,1.000000000000000000e+00,1.949881970776306872e+00
-1.427500000000000000e+02,3.477872435558556630e-01,1.969585290126853572e+00,3.418852909937293738e+00,1.000000000000000000e+00,1.000000000000000000e+00,1.971014752754819632e+00
-1.425000000000000000e+02,3.508027038871299186e-01,1.982922466611592327e+00,3.468616030171935538e+00,1.000000000000000000e+00,1.000000000000000000e+00,1.976407166433527207e+00
-1.422500000000000000e+02,3.538576257794455726e-01,1.997152232615509782e+00,3.520817550621087921e+00,1.000000000000000000e+00,1.000000000000000000e+00,1.998000792233994849e+00
-1.420000000000000000e+02,3.569698906621355805e-01,2.011627153923450262e+00,3.575988578970100029e+00,1.000000000000000000e+00,1.000000000000000000e+00,2.005193797496347408e+00
-1.417500000000000000e+02,3.601241460300783070e-01,2.025606893036664413e+00,3.634067387865015153e+00,1.000000000000000000e+00,1.000000000000000000e+00,2.027294687477049440e+00
-1.415000000000000000e+02,3.633357168952956462e-01,2.041481267613089123e+00,3.695621703568599425e+00,1.000000000000000000e+00,1.000000000000000000e+00,2.036707123479514436e+00
-1.412500000000000000e+02,3.665970753295841877e-01,2.055614398186205172e+00,3.760798964508187847e+00,1.000000000000000000e+00,1.000000000000000000e+00,2.059371839379339431e+00
-1.410000000000000000e+02,3.699119624127196748e-01,2.071293222577575310e+00,3.830022465945477350e+00,1.000000000000000000e+00,1.000000000000000000e+00,2.069659979718889709e+00
-1.407500000000000000e+02,3.732833980151922249e-01,2.083439149238152321e+00,3.903763707726279453e+00,1.000000000000000000e+00,1.000000000000000000e+00,2.075746030947295484e+00
-1.405000000000000000e+02,3.766987907951481196e-01,2.090688164544866723e+00,3.982149444794670590e+00,1.000000000000000000e+00,1.000000000000000000e+00,2.099121562688595066e+00
-1.402500000000000000e+02,3.801561529563651232e-01,2.095878344503657953e+00,4.065595883266290400e+00,1.000000000000000000e+00,1.000000000000000000e+00,2.099687470674330037e+00
-1.400000000000000000e+02,3.836518426192283004e-01,2.097042137463001499e+00,4.154525629128491993e+00,1.000000000000000000e+00,1.000000000000000000e+00,2.095000361894701957e+00
-1.397500000000000000e+02,3.871770372773834512e-01,2.092696180578538012e+00,4.249245987489211451e+00,1.000000000000000000e+00,1.000000000000000000e+00,2.085515445099123344e+00
-1.395000000000000000e+02,3.907225545809452361e-01,2.084538343122765536e+00,4.350066555829730675e+00,1.000000000000000000e+00,1.000000000000000000e+00,2.073813959177539967e+00
-1.392500000000000000e+02,3.942846824954827079e-01,2.078914316108364080e+00,4.457510884450265110e+00,1.000000000000000000e+00,1.000000000000000000e+00,2.070127412037824133e+00
-1.390000000000000000e+02,3.978756475140376447e-01,2.082381014843426303e+00,4.572812292498266373e+00,1.000000000000000000e+00,1.000000000000000000e+00,2.077208338242414243e+00
-1.387500000000000000e+02,4.015149593299447428e-01,2.097711142330239920e+00,4.697805758004957255e+00,1.000000000000000000e+00,1.000000000000000000e+00,2.094408991782066742e+00
-1.384999999999999716e+02,4.052257735718076126e-01,2.125567781050799798e+00,4.834976011342691393e+00,1.000000000000000000e+00,1.000000000000000000e+00,2.122451880558970050e+00
-1.382500000000000000e+02,4.090315238629305683e-01,2.155567214825976574e+00,4.987527594913018447e+00,1.000000000000000000e+00,1.000000000000000000e+00,2.159971380248452810e+00
-1.380000000000000000e+02,4.129200134456880722e-01,2.163029743617498557e+00,5.157618577572621987e+00,1.000000000000000000e+00,1.000000000000000000e+00,2.173690563739420600e+00
-1.377500000000000000e+02,4.168258001465268703e-01,2.119801612061035012e+00,5.344543143414505870e+00,1.000000000000000000e+00,1.000000000000000000e+00,2.127960550011614771e+00
-1.375000000000000000e+02,4.206307733882898581e-01,2.025397019101354612e+00,5.543008987623581518e+00,1.000000000000000000e+00,1.000000000000000000e+00,2.026914183185455354e+00
-1.372500000000000000e+02,4.242604168129116560e-01,1.927968692790750005e+00,5.748180792888910595e+00,1.000000000000000000e+00,1.000000000000000000e+00,1.901979387579740388e+00
-1.370000000000000000e+02,4.277688279549345385e-01,1.856726186373998333e+00,5.963996635118479439e+00,1.000000000000000000e+00,1.000000000000000000e+00,1.871708326051773730e+00
-1.367500000000000000e+02,4.311915519796571394e-01,1.756660230934364186e+00,6.194556067081048667e+00,1.000000000000000000e+00,1.000000000000000000e+00,1.752904700110653913e+00
-1.365000000000000000e+02,4.343788876985547609e-01,1.646416905541032039e+00,6.426412451429665218e+00,1.000000000000000000e+00,1.000000000000000000e+00,1.611992663912478196e+00
-1.362500000000000000e+02,4.374325766257544656e-01,1.555162676493348606e+00,6.669643584067825870e+00,1.000000000000000000e+00,1.000000000000000000e+00,1.594946587670216243e+00
-1.360000000000000000e+02,4.403154402896174435e-01,1.325082417929110745e+00,6.922138026731798455e+00,1.000000000000000000e+00,1.000000000000000000e+00,1.317824959053522482e+00
-1.357500000000000000e+02,4.425241754592886823e-01,8.121809992884361229e-01,7.119071678662415970e+00,1.000000000000000000e+00,1.000000000000000000e+00,9.739256314807245296e-01
-1.355000000000000000e+02,4.434518818398345275e-01,7.319836961588669366e-01,7.171132939024440489e+00,1.000000000000000000e+00,1.000000000000000000e+00,3.823718823869425298e-01
-1.352499999999999716e+02,4.396915100317800862e-01,1.129993514987297720e+00,6.687928184061075143e+00,1.000000000000000000e+00,1.000000000000000000e+00,5.483006162695397423e-01
-1.350000000000000000e+02,4.391160602561746118e-01,7.018105305625620405e-01,6.618107685165435683e+00,0.000000000000000000e+00,1.000000000000000000e+00,1.110804809286930483e+00
-1.347500000000000000e+02,4.370021646921590230e-01,1.101147478375356092e+00,6.419486099986701610e+00,0.000000000000000000e+00,1.000000000000000000e+00,1.101104590518710680e+00
-1.345000000000000000e+02,4.349167646380264207e-01,1.091539211443237845e+00,6.252474792258599479e+00,0.000000000000000000e+00,1.000000000000000000e+00,1.091497135577313760e+00
-1.342500000000000000e+02,4.328593752375881065e-01,1.082022042425035968e+00,6.108911534813970867e+00,0.000000000000000000e+00,1.000000000000000000e+00,1.081980759505157819e+00
-1.340000000000000000e+02,4.308295230535877374e-01,1.072594324475183214e+00,5.983257488622627740e+00,0.000000000000000000e+00,1.000000000000000000e+00,1.072553816012240535e+00
-1.337500000000000000e+02,4.288267457387773263e-01,1.063254448313293743e+00,5.871616452566675193e+00,0.000000000000000000e+00,1.000000000000000000e+00,1.063214696354470634e+00
-1.335000000000000000e+02,4.268505917183542109e-01,1.054000841139980826e+00,5.771164939350935441e+00,0.000000000000000000e+00,1.000000000000000000e+00,1.053961828250647992e+00
-1.332500000000000000e+02,4.249006198832985803e-01,1.044831965590823586e+00,5.679804896056838359e+00,0.000000000000000000e+00,1.000000000000000000e+00,1.044793674836524744e+00
-1.330000000000000000e+02,4.229763992941804607e-01,1.035746318725016657e+00,5.595943550295395141e+00,0.000000000000000000e+00,1.000000000000000000e+00,1.035708733654478797e+00
-1.327500000000000000e+02,4.210775088950234335e-01,1.026742431048246473e+00,5.518349084817911532e+00,0.000000000000000000e+00,1.000000000000000000e+00,1.026705535677397751e+00
-1.325000000000000000e+02,4.192035372368285717e-01,1.017818865569485975e+00,5.446053255474400778e+00,0.000000000000000000e+00,1.000000000000000000e+00,1.017782644365415878e+00
-1.322500000000000000e+02,4.173540822103783410e-01,1.008974216888281594e+00,5.378284016489123687e+00,0.000000000000000000e+00,1.000000000000000000e+00,1.008938654754220732e+00
-1.319999999999999716e+02,4.155287507879663611e-01,1.000207110312651748e+00,5.314417870047868142e+00,0.000000000000000000e+00,1.000000000000000000e+00,1.000172192573713037e+00
-1.317500000000000000e+02,4.137271587737004208e-01,9.915162010068151455e-01,5.253945503260974981e+00,0.000000000000000000e+00,1.000000000000000000e+00,9.914819133958280295e-01
-1.315000000000000000e+02,4.119489305620544495e-01,9.829001731662839747e-01,5.196446573277733627e+00,0.000000000000000000e+00,1.000000000000000000e+00,9.828665018104041362e-01
-1.312500000000000000e+02,4.101936989043512560e-01,9.743577392200820642e-01,5.141570914475751763e+00,0.000000000000000000e+00,1.000000000000000000e+00,9.743246706280285219e-01
-1.310000000000000000e+02,4.084611046828768299e-01,9.658876390590455108e-01,5.089024333532907285e+00,0.000000000000000000e+00,1.000000000000000000e+00,9.658551601088302130e-01
-1.307500000000000000e+02,4.067507966923348262e-01,9.574886392896162501e-01,5.038557734283633849e+00,0.000000000000000000e+00,1.000000000000000000e+00,9.574567372162328116e-01
-1.305000000000000000e+02,4.050624314283661209e-01,9.491595325105456338e-01,4.989958694236139358e+00,0.000000000000000000e+00,1.000000000000000000e+00,9.491281948947285496e-01
-1.302500000000000000e+02,4.033956728828721472e-01,9.408991366134507039e-01,4.943044870039837946e+00,0.000000000000000000e+00,1.000000000000000000e+00,9.408683513707886137e-01
-1.300000000000000000e+02,4.017501923458833279e-01,9.327062941061052825e-01,4.897658783866392085e+00,0.000000000000000000e+00,1.000000000000000000e+00,9.326760494760220066e-01
-1.297500000000000000e+02,4.001256682137342979e-01,9.245798714560864440e-01,4.853663664026774960e+00,0.000000000000000000e+00,1.000000000000000000e+00,9.245501559917745915e-01
-1.294999999999999716e+02,3.985217858033135996e-01,9.165187584556289124e-01,4.810940098696309342e+00,0.000000000000000000e+00,1.000000000000000000e+00,9.164895610143819482e-01
-1.292500000000000000e+02,3.969382371721636438e-01,9.085218676069243271e-01,4.769383322737835051e+00,0.000000000000000000e+00,1.000000000000000000e+00,9.084931773403015498e-01
-1.290000000000000000e+02,3.953747209442177168e-01,9.005881335256746834e-01,4.728901001821491867e+00,0.000000000000000000e+00,1.000000000000000000e+00,9.005599398704109415e-01
-1.287500000000000000e+02,3.938309421409730282e-01,8.927165123634505095e-01,4.689411410385231349e+00,0.000000000000000000e+00,1.000000000000000000e+00,8.926888050327766999e-01
-1.285000000000000000e+02,3.923066120178994587e-01,8.849059812481315790e-01,4.650841923900907560e+00,0.000000000000000000e+00,1.000000000000000000e+00,8.848787502232171587e-01
-1.282500000000000000e+02,3.908014479058997126e-01,8.771555377414350652e-01,4.613127763778170021e+00,0.000000000000000000e+00,1.000000000000000000e+00,8.771287732630337342e-01
-1.280000000000000000e+02,3.893151730576374647e-01,8.694641993126752677e-01,4.576210946709152516e+00,0.000000000000000000e+00,1.000000000000000000e+00,8.694378918732774686e-01
-1.277499999999999858e+02,3.878475164985650259e-01,8.618310028286190194e-01,4.540039400502363875e+00,0.000000000000000000e+00,1.000000000000000000e+00,8.618051431649861316e-01
-1.275000000000000142e+02,3.863982128824798301e-01,8.542550040592494787e-01,4.504566216310306181e+00,0.000000000000000000e+00,1.000000000000000000e+00,8.542295831448072363e-01
-1.272500000000000000e+02,3.849670023514537021e-01,8.467352771976450754e-01,4.469749013226599565e+00,0.000000000000000000e+00,1.000000000000000000e+00,8.467102862354690673e-01
-1.269999999999999858e+02,3.835536303999814711e-01,8.392709143945187300e-01,4.435549395954215157e+00,0.000000000000000000e+00,1.000000000000000000e+00,8.392463448105922375e-01
-1.267500000000000000e+02,3.821578477432017173e-01,8.318610253069337324e-01,4.401932489950438843e+00,0.000000000000000000e+00,1.000000000000000000e+00,8.318368687433216335e-01
-1.265000000000000000e+02,3.807794101890480953e-01,8.245047366597553218e-01,4.368866541376508650e+00,0.000000000000000000e+00,1.000000000000000000e+00,8.244809849683114589e-01
-1.262499999999999858e+02,3.794180785141986201e-01,8.172011918202873870e-01,4.336322571499416689e+00,0.000000000000000000e+00,1.000000000000000000e+00,8.171778370566046279e-01
-1.260000000000000000e+02,3.780736183436891329e-01,8.099495503857581102e-01,4.304274077045467273e+00,0.000000000000000000e+00,1.000000000000000000e+00,8.099265848029519876e-01
-1.257499999999999858e+02,3.767458000340684343e-01,8.027489877820284114e-01,4.272696769492354107e+00,0.000000000000000000e+00,1.000000000000000000e+00,8.027264038251514799e-01
-1.255000000000000000e+02,3.754343985599751798e-01,7.955986948744740994e-01,4.241568347486751378e+00,0.000000000000000000e+00,1.000000000000000000e+00,7.955764851750068978e-01
-1.252500000000000000e+02,3.741391934040190215e-01,7.884978775901652082e-01,4.210868297548214123e+00,0.000000000000000000e+00,1.000000000000000000e+00,7.884760349604916785e-01
-1.250000000000000142e+02,3.728599684498568045e-01,7.814457565504981940e-01,4.180577719014015869e+00,0.000000000000000000e+00,1.000000000000000000e+00,7.814242739787634617e-01
-1.247500000000000000e+02,3.715965118783565169e-01,7.744415667145060356e-01,4.150679169829490256e+00,0.000000000000000000e+00,1.000000000000000000e+00,7.744204373596458302e-01
-1.244999999999999858e+02,3.703486160667461835e-01,7.674845570322696986e-01,4.121156530323225375e+00,0.000000000000000000e+00,1.000000000000000000e+00,7.674637742192400580e-01
-1.242500000000000000e+02,3.691160774906491193e-01,7.605739901084467292e-01,4.091994882548041446e+00,0.000000000000000000e+00,1.000000000000000000e+00,7.605535473233251409e-01
-1.240000000000000000e+02,3.678986966289092275e-01,7.537091418747308147e-01,4.063180403134892593e+00,0.000000000000000000e+00,1.000000000000000000e+00,7.536890327602162598e-01
-1.237499999999999858e+02,3.666962778711178594e-01,7.468893012714497015e-01,4.034700267911932592e+00,0.000000000000000000e+00,1.000000000000000000e+00,7.468695196227861377e-01
-1.235000000000000000e+02,3.655086294277511971e-01,7.401137699390493152e-01,4.006542566795547877e+00,0.000000000000000000e+00,1.000000000000000000e+00,7.400943096993312098e-01
-1.232499999999999858e+02,3.643355632428330604e-01,7.333818619166972974e-01,3.978696227673990116e+00,0.000000000000000000e+00,1.000000000000000000e+00,7.333627171730001670e-01
-1.229999999999999858e+02,3.631768949090464771e-01,7.266929033499061052e-01,3.951150948184062095e+00,0.000000000000000000e+00,1.000000000000000000e+00,7.266740683295146441e-01
-1.227500000000000000e+02,3.620324435852080303e-01,7.200462322067718857e-01,3.923897134432960065e+00,0.000000000000000000e+00,1.000000000000000000e+00,7.200277012729005000e-01
-1.225000000000000142e+02,3.609020319160347601e-01,7.134411980006835075e-01,3.896925845846098913e+00,0.000000000000000000e+00,1.000000000000000000e+00,7.134229656489765592e-01
-1.222500000000000000e+02,3.597854859541292361e-01,7.068771615212945392e-01,3.870228745430864592e+00,0.000000000000000000e+00,1.000000000000000000e+00,7.068592223763572324e-01
-1.220000000000000000e+02,3.586826350841115230e-01,7.003534945729283923e-01,3.843798054839349998e+00,0.000000000000000000e+00,1.000000000000000000e+00,7.003358433847245434e-01
-1.217500000000000142e+02,3.575933119488307610e-01,6.938695797197793613e-01,3.817626513692572221e+00,0.000000000000000000e+00,1.000000000000000000e+00,6.938522113601336416e-01
-1.215000000000000000e+02,3.565173523775913567e-01,6.874248100376324500e-01,3.791707342696864380e+00,0.000000000000000000e+00,1.000000000000000000e+00,6.874077194971365268e-01
-1.212499999999999858e+02,3.554545953163314453e-01,6.810185888726482117e-01,3.766034210141654626e+00,0.000000000000000000e+00,1.000000000000000000e+00,6.810017712575094917e-01
-1.210000000000000000e+02,3.544048827596908424e-01,6.746503296065435862e-01,3.740601201418149113e+00,0.000000000000000000e+00,1.000000000000000000e+00,6.746337801353693431e-01
-1.207500000000000000e+02,3.533680596849120281e-01,6.683194554275762034e-01,3.715402791242090164e+00,0.000000000000000000e+00,1.000000000000000000e+00,6.683031694284824464e-01
-1.204999999999999858e+02,3.523439739875168231e-01,6.620253991077514888e-01,3.690433818301349422e+00,0.000000000000000000e+00,1.000000000000000000e+00,6.620093720155815209e-01
-1.202500000000000000e+02,3.513324764187044646e-01,6.557676027860994683e-01,3.665689462081770156e+00,0.000000000000000000e+00,1.000000000000000000e+00,6.557518301394890115e-01
-1.200000000000000142e+02,3.503334205244175714e-01,6.495455177572776462e-01,3.641165221653119843e+00,0.000000000000000000e+00,1.000000000000000000e+00,6.495299951958781737e-01
-1.197499999999999858e+02,3.493466625860272012e-01,6.433586042652821302e-01,3.616856896221763762e+00,0.000000000000000000e+00,1.000000000000000000e+00,6.433433275274965668e-01
-1.195000000000000000e+02,3.483720615625872097e-01,6.372063313035272181e-01,3.592760567278248551e+00,0.000000000000000000e+00,1.000000000000000000e+00,6.371912962236887523e-01
-1.192500000000000142e+02,3.474094790346082262e-01,6.310881764192178833e-01,3.568872582186872311e+00,0.000000000000000000e+00,1.000000000000000000e+00,6.310733789250393411e-01
-1.190000000000000000e+02,3.464587791493106694e-01,6.250036255225073223e-01,3.545189539080976004e+00,0.000000000000000000e+00,1.000000000000000000e+00,6.249890616330054938e-01
-1.187499999999999858e+02,3.455198285673082848e-01,6.189521727013360675e-01,3.521708272942169593e+00,0.000000000000000000e+00,1.000000000000000000e+00,6.189378385243717862e-01
-1.185000000000000142e+02,3.445924964106815702e-01,6.129333200404952775e-01,3.498425842754500970e+00,0.000000000000000000e+00,1.000000000000000000e+00,6.129192117703843312e-01
-1.182500000000000000e+02,3.436766542123995127e-01,6.069465774449416262e-01,3.475339519635938235e+00,0.000000000000000000e+00,1.000000000000000000e+00,6.069326913604249363e-01
-1.179999999999999858e+02,3.427721758670513319e-01,6.009914624678759365e-01,3.452446775859461692e+00,0.000000000000000000e+00,1.000000000000000000e+00,6.009777949300953992e-01
-1.177500000000000000e+02,3.418789375828474308e-01,5.950675001433258782e-01,3.429745274684856238e+00,0.000000000000000000e+00,1.000000000000000000e+00,5.950540475935698348e-01
-1.175000000000000000e+02,3.409968178348543044e-01,5.891742228223019184e-01,3.407232860930129448e+00,0.000000000000000000e+00,1.000000000000000000e+00,5.891609817800931292e-01
-1.172499999999999858e+02,3.401256973194275446e-01,5.833111700131957678e-01,3.384907552218451965e+00,0.000000000000000000e+00,1.000000000000000000e+00,5.832981370745098371e-01
-1.170000000000000000e+02,3.392654589098077489e-01,5.774778882265048097e-01,3.362767530842583064e+00,0.000000000000000000e+00,1.000000000000000000e+00,5.774650600616922924e-01
-1.167500000000000142e+02,3.384159876128452482e-01,5.716739308228515615e-01,3.340811136194285602e+00,0.000000000000000000e+00,1.000000000000000000e+00,5.716613041747603541e-01
-1.164999999999999858e+02,3.375771705268234557e-01,5.658988578644410516e-01,3.319036857711127997e+00,0.000000000000000000e+00,1.000000000000000000e+00,5.658864295469836492e-01
-1.162500000000000000e+02,3.367488968003481409e-01,5.601522359710208177e-01,3.297443328297408272e+00,0.000000000000000000e+00,1.000000000000000000e+00,5.601400028672591791e-01
-1.160000000000000142e+02,3.359310575922710984e-01,5.544336381787285939e-01,3.276029318179772609e+00,0.000000000000000000e+00,1.000000000000000000e+00,5.544215972390478253e-01
-1.157500000000000000e+02,3.351235460326220106e-01,5.487426438019255004e-01,3.254793729161714833e+00,0.000000000000000000e+00,1.000000000000000000e+00,5.487307920426897079e-01
-1.154999999999999858e+02,3.343262571845183051e-01,5.430788382990523466e-01,3.233735589244151054e+00,0.000000000000000000e+00,1.000000000000000000e+00,5.430671728009884847e-01
-1.152500000000000000e+02,3.335390880070253639e-01,5.374418131414678834e-01,3.212854047582096140e+00,0.000000000000000000e+00,1.000000000000000000e+00,5.374303310479712215e-01
-1.150000000000000000e+02,3.327619373189414920e-01,5.318311656849321611e-01,3.192148369749984838e+00,0.000000000000000000e+00,1.000000000000000000e+00,5.318198642007344601e-01
-1.147499999999999858e+02,3.319947057634824450e-01,5.262464990445285817e-01,3.171617933290474589e+00,0.000000000000000000e+00,1.000000000000000000e+00,5.262353754342935508e-01
-1.145000000000000000e+02,3.312372957738390356e-01,5.206874219726245201e-01,3.151262223523505490e+00,0.000000000000000000e+00,1.000000000000000000e+00,5.206764735593412130e-01
-1.142499999999999858e+02,3.304896115395851708e-01,5.151535487389656831e-01,3.131080829594312220e+00,0.000000000000000000e+00,1.000000000000000000e+00,5.151427729028351665e-01
-1.140000000000000000e+02,3.297515589739137831e-01,5.096444990143387255e-01,3.111073440740722340e+00,0.000000000000000000e+00,1.000000000000000000e+00,5.096338931913440007e-01
-1.137500000000000000e+02,3.290230456816751192e-01,5.041598977564709649e-01,3.091239842761464907e+00,0.000000000000000000e+00,1.000000000000000000e+00,5.041494594370573568e-01
-1.135000000000000000e+02,3.283039809281999566e-01,4.986993750985304619e-01,3.071579914668721489e+00,0.000000000000000000e+00,1.000000000000000000e+00,4.986891018263999720e-01
-1.132500000000000000e+02,3.275942756088823238e-01,4.932625662402839728e-01,3.052093625509218811e+00,0.000000000000000000e+00,1.000000000000000000e+00,4.932524556111698710e-01
-1.130000000000000000e+02,3.268938422195052929e-01,4.878491113415588387e-01,3.032781031339348399e+00,0.000000000000000000e+00,1.000000000000000000e+00,4.878391610021307057e-01
-1.127500000000000000e+02,3.262025948272865294e-01,4.824586554183667997e-01,3.013642272340766759e+00,0.000000000000000000e+00,1.000000000000000000e+00,4.824488630649916843e-01
-1.125000000000000000e+02,3.255204490426272246e-01,4.770908482410747831e-01,2.994677570063819072e+00,0.000000000000000000e+00,1.000000000000000000e+00,4.770812116187071461e-01
-1.122500000000000000e+02,3.248473219915438692e-01,4.717453442348966131e-01,2.975887224787003404e+00,0.000000000000000000e+00,1.000000000000000000e+00,4.717358611360330523e-01
-1.119999999999999858e+02,3.241831322887667177e-01,4.664218023826479653e-01,2.957271612981368758e+00,0.000000000000000000e+00,1.000000000000000000e+00,4.664124706462771108e-01
-1.117500000000000000e+02,3.235278000114855113e-01,4.611198861297062801e-01,2.938831184869469926e+00,0.000000000000000000e+00,1.000000000000000000e+00,4.611107036401831949e-01
-1.115000000000000000e+02,3.228812466737274178e-01,4.558392632906433928e-01,2.920566462069105196e+00,0.000000000000000000e+00,1.000000000000000000e+00,4.558302279768892129e-01
-1.112500000000000000e+02,3.222433952013501468e-01,4.505796059584851188e-01,2.902478035312625160e+00,0.000000000000000000e+00,1.000000000000000000e+00,4.505707157929051410e-01
-1.110000000000000000e+02,3.216141699076333627e-01,4.453405904155810502e-01,2.884566562233135567e+00,0.000000000000000000e+00,1.000000000000000000e+00,4.453318434130533743e-01
-1.107500000000000000e+02,3.209934964694550752e-01,4.401218970462253410e-01,2.866832765209352818e+00,0.000000000000000000e+00,1.000000000000000000e+00,4.401132912633182181e-01
-1.105000000000000000e+02,3.203813019040365195e-01,4.349232102515659948e-01,2.849277429261380945e+00,0.000000000000000000e+00,1.000000000000000000e+00,4.349147437855551135e-01
-1.102500000000000000e+02,3.197775145462414814e-01,4.297442183659836434e-01,2.831901399989989798e+00,0.000000000000000000e+00,1.000000000000000000e+00,4.297358893540047520e-01
-1.100000000000000000e+02,3.191820640264166342e-01,4.245846135752753270e-01,2.814705581552428448e+00,0.000000000000000000e+00,1.000000000000000000e+00,4.245764201935674498e-01
-1.097499999999999858e+02,3.185948812487586213e-01,4.194440918367998705e-01,2.797690934668126239e+00,0.000000000000000000e+00,1.000000000000000000e+00,4.194360322997885415e-01
-1.095000000000000000e+02,3.180158983701947273e-01,4.143223528010704926e-01,2.780858474647932344e+00,0.000000000000000000e+00,1.000000000000000000e+00,4.143144253605088867e-01
-1.092500000000000000e+02,3.174450487797649822e-01,4.092190997347702197e-01,2.764209269440903949e+00,0.000000000000000000e+00,1.000000000000000000e+00,4.092113026791341923e-01
-1.090000000000000000e+02,3.168822670784932627e-01,4.041340394458384222e-01,2.747744437692900998e+00,0.000000000000000000e+00,1.000000000000000000e+00,4.041263710994831837e-01
-1.087500000000000000e+02,3.163274890597340683e-01,3.990668822097939161e-01,2.731465146811542066e+00,0.000000000000000000e+00,1.000000000000000000e+00,3.990593409321691043e-01
-1.085000000000000000e+02,3.157806516899854810e-01,3.940173416974429021e-01,2.715372611032336181e+00,0.000000000000000000e+00,1.000000000000000000e+00,3.940099258824749651e-01
-1.082500000000000000e+02,3.152416930901551506e-01,3.889851349044054496e-01,2.699468089481051880e+00,0.000000000000000000e+00,1.000000000000000000e+00,3.889778429796836856e-01
-1.080000000000000000e+02,3.147105525172692042e-01,3.839699820815939413e-01,2.683752884227652125e+00,0.000000000000000000e+00,1.000000000000000000e+00,3.839628125078202725e-01
-1.077500000000000000e+02,3.141871703466138643e-01,3.789716066675237749e-01,2.668228338327339078e+00,0.000000000000000000e+00,1.000000000000000000e+00,3.789645579377745599e-01
-1.074999999999999858e+02,3.136714880542977868e-01,3.739897352216802751e-01,2.652895833844530760e+00,0.000000000000000000e+00,1.000000000000000000e+00,3.739828058607625461e-01
-1.072500000000000000e+02,3.131634482002275677e-01,3.690240973592016638e-01,2.637756789855810524e+00,0.000000000000000000e+00,1.000000000000000000e+00,3.690172859230943514e-01
-1.070000000000000000e+02,3.126629944114842075e-01,3.640744256870609430e-01,2.622812660428100795e+00,0.000000000000000000e+00,1.000000000000000000e+00,3.640677307622106618e-01
-1.067500000000000000e+02,3.121700713660929827e-01,3.591404557412073983e-01,2.608064932568634475e+00,0.000000000000000000e+00,1.000000000000000000e+00,3.591338759439573480e-01
-1.065000000000000000e+02,3.116846247771764555e-01,3.542219259249771435e-01,2.593515124143461748e+00,0.000000000000000000e+00,1.000000000000000000e+00,3.542154599010645111e-01
-1.062500000000000000e+02,3.112066013774826834e-01,3.493185774488140605e-01,2.579164781761533742e+00,0.000000000000000000e+00,1.000000000000000000e+00,3.493122238727964790e-01
-1.060000000000000000e+02,3.107359489042786915e-01,3.444301542711553643e-01,2.565015478621636813e+00,0.000000000000000000e+00,1.000000000000000000e+00,3.444239118457445570e-01
-1.057500000000000000e+02,3.102726160846021042e-01,3.395564030400808897e-01,2.551068812319726042e+00,0.000000000000000000e+00,1.000000000000000000e+00,3.395502704957286677e-01
-1.055000000000000000e+02,3.098165526208624954e-01,3.346970730364477453e-01,2.537326402614489496e+00,0.000000000000000000e+00,1.000000000000000000e+00,3.346910491307826252e-01
-1.052499999999999858e+02,3.093677091767838006e-01,3.298519161178580239e-01,2.523789889149232746e+00,0.000000000000000000e+00,1.000000000000000000e+00,3.298459996351920664e-01
-1.050000000000000000e+02,3.089260373636815160e-01,3.250206866637001535e-01,2.510460929128495167e+00,0.000000000000000000e+00,1.000000000000000000e+00,3.250148764145573965e-01
-1.047500000000000000e+02,3.084914897270657486e-01,3.202031415212580057e-01,2.497341194948086596e+00,0.000000000000000000e+00,1.000000000000000000e+00,3.201974363418541580e-01
-1.045000000000000000e+02,3.080640197335642316e-01,3.153990399526897526e-01,2.484432371777570037e+00,0.000000000000000000e+00,1.000000000000000000e+00,3.153934387044671217e-01
-1.042500000000000000e+02,3.076435817581572585e-01,3.106081435829427528e-01,2.471736155094524712e+00,0.000000000000000000e+00,1.000000000000000000e+00,3.106026451521681775e-01
-1.040000000000000000e+02,3.072301310717188150e-01,3.058302163487099379e-01,2.459254248170271051e+00,0.000000000000000000e+00,1.000000000000000000e+00,3.058248196460173207e-01
-1.037500000000000000e+02,3.068236238288559181e-01,3.010650244482790394e-01,2.446988359507082045e+00,0.000000000000000000e+00,1.000000000000000000e+00,3.010597284081591996e-01
-1.035000000000000000e+02,3.064240170560411647e-01,2.963123362919796167e-01,2.434940200227262874e+00,0.000000000000000000e+00,1.000000000000000000e+00,2.963071398724917427e-01
-1.032500000000000000e+02,3.060312686400316062e-01,2.915719224538794729e-01,2.423111481414856438e+00,0.000000000000000000e+00,1.000000000000000000e+00,2.915668246361864391e-01
-1.029999999999999858e+02,3.056453373165675114e-01,2.868435556241180073e-01,2.411503911411107648e+00,0.000000000000000000e+00,1.000000000000000000e+00,2.868385554120331249e-01
-1.027500000000000000e+02,3.052661826593460748e-01,2.821270105618995383e-01,2.400119193065212819e+00,0.000000000000000000e+00,1.000000000000000000e+00,2.821221069815931237e-01
-1.025000000000000000e+02,3.048937650692638557e-01,2.774220640495638213e-01,2.388959020942245104e+00,0.000000000000000000e+00,1.000000000000000000e+00,2.774172561491314304e-01
-1.022500000000000000e+02,3.045280457639221727e-01,2.727284948471925263e-01,2.378025078490623390e+00,0.000000000000000000e+00,1.000000000000000000e+00,2.727237816963152817e-01
-1.020000000000000000e+02,3.041689867673909586e-01,2.680460836480562103e-01,2.367319035171798980e+00,0.000000000000000000e+00,1.000000000000000000e+00,2.680414643376530792e-01
-1.017500000000000000e+02,3.038165509002247466e-01,2.633746130348351699e-01,2.356842543555337066e+00,0.000000000000000000e+00,1.000000000000000000e+00,2.633700866766546800e-01
-1.015000000000000000e+02,3.034707017697267362e-01,2.587138674363087532e-01,2.346597236382920393e+00,0.000000000000000000e+00,1.000000000000000000e+00,2.587094331626965116e-01
-1.012500000000000000e+02,3.031314037604556644e-01,2.540636330850651881e-01,2.336584723605239944e+00,0.000000000000000000e+00,1.000000000000000000e+00,2.540592900485670325e-01
-1.010000000000000000e+02,3.027986220249702098e-01,2.494236979756526695e-01,2.326806589396151814e+00,0.000000000000000000e+00,1.000000000000000000e+00,2.494194453486798801e-01
-1.007499999999999858e+02,3.024723224748074313e-01,2.447938518232979921e-01,2.317264389148856019e+00,0.000000000000000000e+00,1.000000000000000000e+00,2.447896887979319758e-01
-1.005000000000000000e+02,3.021524717716898567e-01,2.401738860236563855e-01,2.307959646459275760e+00,0.000000000000000000e+00,1.000000000000000000e+00,2.401698118111925961e-01
-1.002500000000000000e+02,3.018390373189567266e-01,2.355635936126670993e-01,2.298893850102176728e+00,0.000000000000000000e+00,1.000000000000000000e+00,2.355596074434009313e-01
-1.000000000000000000e+02,3.015319872532166712e-01,2.309627692272859800e-01,2.290068451005949246e+00,0.000000000000000000e+00,1.000000000000000000e+00,2.309588703502618856e-01
-9.975000000000000000e+01,3.012312904362154931e-01,2.263712090668819621e-01,2.281484859232327356e+00,0.000000000000000000e+00,1.000000000000000000e+00,2.263673967495176687e-01
-9.950000000000000000e+01,3.009369164469171132e-01,2.217887108548229347e-01,2.273144440967630686e+00,0.000000000000000000e+00,1.000000000000000000e+00,2.217849843827822409e-01
-9.925000000000000000e+01,3.006488355737927942e-01,2.172150738010852622e-01,2.265048515532464002e+00,0.000000000000000000e+00,1.000000000000000000e+00,2.172114324779226002e-01
-9.900000000000000000e+01,3.003670188073147007e-01,2.126500985650955078e-01,2.257198352417040255e+00,0.000000000000000000e+00,1.000000000000000000e+00,2.126465417119685342e-01
-9.875000000000000000e+01,3.000914378326511867e-01,2.080935872190401437e-01,2.249595168349590057e+00,0.000000000000000000e+00,1.000000000000000000e+00,2.080901141745403471e-01
-9.849999999999998579e+01,2.998220650225594253e-01,2.035453432118632389e-01,2.242240124405515012e+00,0.000000000000000000e+00,1.000000000000000000e+00,2.035419533317754659e-01
-9.825000000000000000e+01,2.995588734304723832e-01,1.990051713337211703e-01,2.235134323165127501e+00,0.000000000000000000e+00,1.000000000000000000e+00,1.990018639907429054e-01
-9.800000000000000000e+01,2.993018367837765314e-01,1.944728776807701787e-01,2.228278805927973227e+00,0.000000000000000000e+00,1.000000000000000000e+00,1.944696522643269698e-01
-9.775000000000000000e+01,2.990509294772777937e-01,1.899482696205402610e-01,2.221674549991830894e+00,0.000000000000000000e+00,1.000000000000000000e+00,1.899451255365714186e-01
-9.750000000000000000e+01,2.988061265668516264e-01,1.854311557578106062e-01,2.215322466004544744e+00,0.000000000000000000e+00,1.000000000000000000e+00,1.854280924284668619e-01
-9.725000000000000000e+01,2.985674037632751188e-01,1.809213459006001334e-01,2.209223395396854972e+00,0.000000000000000000e+00,1.000000000000000000e+00,1.809183627641687553e-01
-9.700000000000000000e+01,2.983347374262381724e-01,1.764186510269708241e-01,2.203378107904367944e+00,0.000000000000000000e+00,1.000000000000000000e+00,1.764157475376345041e-01
-9.675000000000000000e+01,2.981081045585299849e-01,1.719228832520858785e-01,2.197787299186709120e+00,0.000000000000000000e+00,1.000000000000000000e+00,1.719200588796631901e-01
-9.650000000000000000e+01,2.978874828003995057e-01,1.674338557955144524e-01,2.192451588551792785e+00,0.000000000000000000e+00,1.000000000000000000e+00,1.674311100253297602e-01
-9.624999999999998579e+01,2.976728504240862550e-01,1.629513829490734922e-01,2.187371516792926851e+00,0.000000000000000000e+00,1.000000000000000000e+00,1.629487152817977458e-01
-9.600000000000000000e+01,2.974641863285195642e-01,1.584752800450049404e-01,2.182547544146274721e+00,0.000000000000000000e+00,1.000000000000000000e+00,1.584726899965011870e-01
-9.575000000000000000e+01,2.972614700341832950e-01,1.540053634246490444e-01,2.177980048375866229e+00,0.000000000000000000e+00,1.000000000000000000e+00,1.540028505256801350e-01
-9.550000000000000000e+01,2.970646816781438160e-01,1.495414504071313211e-01,2.173669322993059261e+00,0.000000000000000000e+00,1.000000000000000000e+00,1.495390142032617387e-01
-9.525000000000000000e+01,2.968738020092396845e-01,1.450833592585406839e-01,2.169615575616930858e+00,0.000000000000000000e+00,1.000000000000000000e+00,1.450809993100738993e-01
-9.500000000000000000e+01,2.966888123834297009e-01,1.406309091617361784e-01,2.165818926481675621e+00,0.000000000000000000e+00,1.000000000000000000e+00,1.406286250433793072e-01
-9.475000000000000000e+01,2.965096947592975596e-01,1.361839201858245363e-01,2.162279407096578954e+00,0.000000000000000000e+00,1.000000000000000000e+00,1.361817114867205358e-01
-9.450000000000000000e+01,2.963364316937123766e-01,1.317422132565546633e-01,2.158996959063658405e+00,0.000000000000000000e+00,1.000000000000000000e+00,1.317400795800627578e-01
-9.425000000000000000e+01,2.961690063376402060e-01,1.273056101267577289e-01,2.155971433057453090e+00,0.000000000000000000e+00,1.000000000000000000e+00,1.273035510902261191e-01
-9.399999999999998579e+01,2.960074024321082131e-01,1.228739333467466638e-01,2.153202587970905135e+00,0.000000000000000000e+00,1.000000000000000000e+00,1.228719485815949752e-01
-9.375000000000000000e+01,2.958516043043169508e-01,1.184470062357101533e-01,2.150690090230604756e+00,0.000000000000000000e+00,1.000000000000000000e+00,1.184450953870955919e-01
-9.350000000000000000e+01,2.957015968638998515e-01,1.140246528525992592e-01,2.148433513284046636e+00,0.000000000000000000e+00,1.000000000000000000e+00,1.140228155794283937e-01
-9.325000000000000000e+01,2.955573655993293802e-01,1.096066979678167325e-01,2.146432337260853362e+00,0.000000000000000000e+00,1.000000000000000000e+00,1.096049339425494568e-01
-9.300000000000000000e+01,2.954188965744656836e-01,1.051929670348511758e-01,2.144685948809253340e+00,0.000000000000000000e+00,1.000000000000000000e+00,1.051912759433872996e-01
-9.275000000000000000e+01,2.952861764252495136e-01,1.007832861620682890e-01,2.143193641108354974e+00,0.000000000000000000e+00,1.000000000000000000e+00,1.007816677037869368e-01
-9.250000000000000000e+01,2.951591923565348163e-01,9.637748208517604720e-02,2.141954614056099437e+00,0.000000000000000000e+00,1.000000000000000000e+00,9.637593597267195278e-02
-9.225000000000000000e+01,2.950379321390615428e-01,9.197538213945685714e-02,2.140967974632006499e+00,0.000000000000000000e+00,1.000000000000000000e+00,9.197390809841195225e-02
-9.200000000000000000e+01,2.949223841065665153e-01,8.757681423217286709e-02,2.140232737433168886e+00,0.000000000000000000e+00,1.000000000000000000e+00,8.757541200139012938e-02
-9.174999999999998579e+01,2.948125371530319616e-01,8.318160681539951695e-02,2.139747825381204116e+00,0.000000000000000000e+00,1.000000000000000000e+00,8.318027614675847781e-02
-9.150000000000000000e+01,2.947083807300689973e-01,7.878958885917682065e-02,2.139512070597224813e+00,0.000000000000000000e+00,1.000000000000000000e+00,7.878832951737323176e-02
-9.125000000000000000e+01,2.946099048444360546e-01,7.440058982432591617e-02,2.139524215441191757e+00,0.000000000000000000e+00,1.000000000000000000e+00,7.439940158689857530e-02
-9.100000000000000000e+01,2.945171000556913166e-01,7.001443963581052699e-02,2.139782913711394841e+00,0.000000000000000000e+00,1.000000000000000000e+00,7.001332229307370703e-02
-9.075000000000000000e+01,2.944299574739769887e-01,6.563096865627134069e-02,2.140286731999173853e+00,0.000000000000000000e+00,1.000000000000000000e+00,6.562992201113053425e-02
-9.050000000000000000e+01,2.943484687579355219e-01,6.125000765925204399e-02,2.141034151193431434e+00,0.000000000000000000e+00,1.000000000000000000e+00,6.124903152735501621e-02
-9.025000000000000000e+01,2.942726261127569520e-01,5.687138780327686410e-02,2.142023568128920363e+00,0.000000000000000000e+00,1.000000000000000000e+00,5.687048201278367687e-02
-9.000000000000000000e+01,2.942024222883545814e-01,5.249494060552063746e-02,2.143253297371825017e+00,0.000000000000000000e+00,1.000000000000000000e+00,5.249410499702365090e-02
-8.975000000000000000e+01,2.941378505776715002e-01,4.812049791558146300e-02,2.144721573135654591e+00,0.000000000000000000e+00,1.000000000000000000e+00,4.811973234219187739e-02
-8.949999999999998579e+01,2.940789048151139506e-01,4.374789188980354737e-02,2.146426551320085530e+00,0.000000000000000000e+00,1.000000000000000000e+00,4.374719621696129129e-02
-8.925000000000000000e+01,2.940255793751129776e-01,3.937695496514728027e-02,2.148366311665024231e+00,0.000000000000000000e+00,1.000000000000000000e+00,3.937632907070810068e-02
-8.900000000000000000e+01,2.939778691708130332e-01,3.500751983363656339e-02,2.150538860011824926e+00,0.000000000000000000e+00,1.000000000000000000e+00,3.500696360774822880e-02
-8.875000000000000000e+01,2.939357696528864250e-01,3.063941941659637305e-02,2.152942130663369813e+00,0.000000000000000000e+00,1.000000000000000000e+00,3.063893276165867430e-02
-8.850000000000000000e+01,2.938992768084743856e-01,2.627248683901790838e-02,2.155573988834488919e+00,0.000000000000000000e+00,1.000000000000000000e+00,2.627206966967226762e-02
-8.825000000000000000e+01,2.938683871602528752e-01,2.190655540406414095e-02,2.158432233184035098e+00,0.000000000000000000e+00,1.000000000000000000e+00,2.190620764713858276e-02
-8.800000000000000000e+01,2.938430977656239507e-01,1.754145856746855761e-02,2.161514598419843836e+00,0.000000000000000000e+00,1.000000000000000000e+00,1.754118016204362154e-02
-8.775000000000000000e+01,2.938234062160315352e-01,1.317702991229413069e-02,2.164818757967732932e+00,0.000000000000000000e+00,1.000000000000000000e+00,1.317682080957675861e-02
-8.750000000000000000e+01,2.938093106364013107e-01,8.813103123393659089e-03,2.168342326695702038e+00,0.000000000000000000e+00,1.000000000000000000e+00,8.812963286741215888e-03
-8.724999999999998579e+01,2.938008096847053441e-01,4.449511962059813502e-03,2.172082863684531517e+00,0.000000000000000000e+00,1.000000000000000000e+00,4.449441366996058703e-03
-8.700000000000000000e+01,2.937979025516500031e-01,8.609024079035823085e-05,2.176037875036061386e+00,0.000000000000000000e+00,1.000000000000000000e+00,8.608887492434054379e-05
-8.675000000000000000e+01,2.938005889604880516e-01,4.277328202187550936e-03,2.180204816710580307e+00,0.000000000000000000e+00,1.000000000000000000e+00,4.277260339084369700e-03
-8.650000000000000000e+01,2.938088691669544783e-01,8.640909528124162894e-03,2.184581097384900250e+00,0.000000000000000000e+00,1.000000000000000000e+00,8.640772424141020605e-03
-8.625000000000000000e+01,2.938227439593257273e-01,1.300481992301952966e-02,2.189164081322922950e+00,0.000000000000000000e+00,1.000000000000000000e+00,1.300461355416491008e-02
-8.600000000000000000e+01,2.938422146586028294e-01,1.736922562307955872e-02,2.193951091250742724e+00,0.000000000000000000e+00,1.000000000000000000e+00,1.736894995319968743e-02
-8.575000000000000000e+01,2.938672831188184897e-01,2.173429293995408906e-02,2.198939411228597596e+00,0.000000000000000000e+00,1.000000000000000000e+00,2.173394792074434187e-02
-8.550000000000000000e+01,2.938979517274676878e-01,2.610018828613476852e-02,2.204126289512298165e+00,0.000000000000000000e+00,1.000000000000000000e+00,2.609977385711096179e-02
-8.525000000000000000e+01,2.939342234060629000e-01,3.046707820030586378e-02,2.209508941397086534e+00,0.000000000000000000e+00,1.000000000000000000e+00,3.046659428881281356e-02
-8.499999999999998579e+01,2.939761016108130565e-01,3.483512937280909549e-02,2.215084552037217769e+00,0.000000000000000000e+00,1.000000000000000000e+00,3.483457589399473198e-02
-8.475000000000000000e+01,2.940235903334278422e-01,3.920450867121013511e-02,2.220850279234939606e+00,0.000000000000000000e+00,1.000000000000000000e+00,3.920388552791129189e-02
-8.450000000000000000e+01,2.940766941020465097e-01,4.357538316560833486e-02,2.226803256192928515e+00,0.000000000000000000e+00,1.000000000000000000e+00,4.357469024846461619e-02
-8.425000000000000000e+01,2.941354179822919801e-01,4.794792015443441469e-02,2.232940594224613662e+00,0.000000000000000000e+00,1.000000000000000000e+00,4.794715734180574063e-02
-8.399999999999998579e+01,2.941997675784513988e-01,5.232228719020391022e-02,2.239259385417242232e+00,0.000000000000000000e+00,1.000000000000000000e+00,5.232145434801145634e-02
-8.375000000000000000e+01,2.942697490347826461e-01,5.669865210501898872e-02,2.245756705242944573e+00,0.000000000000000000e+00,1.000000000000000000e+00,5.669774908684220571e-02
-8.350000000000000000e+01,2.943453690369475240e-01,6.107718303660574638e-02,2.252429615113455963e+00,0.000000000000000000e+00,1.000000000000000000e+00,6.107620968359333408e-02
-8.325000000000000000e+01,2.944266348135732292e-01,6.545804845428926377e-02,2.259275164874563480e+00,0.000000000000000000e+00,1.000000000000000000e+00,6.545700459504338875e-02
-8.300000000000000000e+01,2.945135541379413913e-01,6.984141718487146822e-02,2.266290395236758126e+00,0.000000000000000000e+00,1.000000000000000000e+00,6.984030263551169182e-02
-8.274999999999998579e+01,2.946061353298062846e-01,7.422745843904594854e-02,2.273472340138964043e+00,0.000000000000000000e+00,1.000000000000000000e+00,7.422627300303229203e-02
-8.250000000000000000e+01,2.947043872573432144e-01,7.861634183753553329e-02,2.280818029042614103e+00,0.000000000000000000e+00,1.000000000000000000e+00,7.861508530565233799e-02
-8.225000000000000000e+01,2.948083193392266876e-01,8.300823743754340289e-02,2.288324489153713781e+00,0.000000000000000000e+00,1.000000000000000000e+00,8.300690958786659246e-02
-8.200000000000000000e+01,2.949179415468409782e-01,8.740331575948002973e-02,2.295988747570917532e+00,0.000000000000000000e+00,1.000000000000000000e+00,8.740191635719248009e-02
-8.174999999999998579e+01,2.950332644066226973e-01,9.180174781343282409e-02,2.303807833357994550e+00,0.000000000000000000e+00,1.000000000000000000e+00,9.180027661089838753e-02
-8.150000000000000000e+01,2.951542990025367019e-01,9.620370512635502414e-02,2.311778779539400031e+00,0.000000000000000000e+00,1.000000000000000000e+00,9.620216186289115567e-02
-8.125000000000000000e+01,2.952810569786875616e-01,1.006093597689212832e-01,2.319898625018008698e+00,0.000000000000000000e+00,1.000000000000000000e+00,1.006077441707760312e-01
-8.100000000000000000e+01,2.954135505420653063e-01,1.050188843828102209e-01,2.328164416414364002e+00,0.000000000000000000e+00,1.000000000000000000e+00,1.050171961630926853e-01
-8.075000000000000000e+01,2.955517924654297302e-01,1.094324522081794315e-01,2.336573209827105035e+00,0.000000000000000000e+00,1.000000000000000000e+00,1.094306910667414562e-01
-8.049999999999998579e+01,2.956957960903314753e-01,1.138502371112729838e-01,2.345122072514513434e+00,0.000000000000000000e+00,1.000000000000000000e+00,1.138484027346064603e-01
-8.025000000000000000e+01,2.958455753302741131e-01,1.182724136123134845e-01,2.353808084497364117e+00,0.000000000000000000e+00,1.000000000000000000e+00,1.182705056733852622e-01
-8.000000000000000000e+01,2.960011446740159480e-01,1.226991569134026905e-01,2.362628340083530620e+00,0.000000000000000000e+00,1.000000000000000000e+00,1.226971750716373266e-01
-7.975000000000000000e+01,2.961625191890151498e-01,1.271306429269254967e-01,2.371579949315013813e+00,0.000000000000000000e+00,1.000000000000000000e+00,1.271285868280567777e-01
-7.949999999999998579e+01,2.963297145250183284e-01,1.315670483040286831e-01,2.380660039338249767e+00,0.000000000000000000e+00,1.000000000000000000e+00,1.315649175799828707e-01
-7.925000000000000000e+01,2.965027469177951569e-01,1.360085504633891662e-01,2.389865755698783012e+00,0.000000000000000000e+00,1.000000000000000000e+00,1.360063447321553654e-01
-7.900000000000000000e+01,2.966816331930198225e-01,1.404553276203137080e-01,2.399194263561522433e+00,0.000000000000000000e+00,1.000000000000000000e+00,1.404530464857288996e-01
-7.875000000000000000e+01,2.968663907703021354e-01,1.449075588158253991e-01,2.408642748857983129e+00,0.000000000000000000e+00,1.000000000000000000e+00,1.449052018675519304e-01
-7.850000000000000000e+01,2.970570376673682955e-01,1.493654239462928190e-01,2.418208419362035677e+00,0.000000000000000000e+00,1.000000000000000000e+00,1.493629907597235074e-01
-7.824999999999998579e+01,2.972535925043957028e-01,1.538291037934898797e-01,2.427888505695828592e+00,0.000000000000000000e+00,1.000000000000000000e+00,1.538265939294388152e-01
-7.800000000000000000e+01,2.974560745085016444e-01,1.582987800545046508e-01,2.437680262267629683e+00,0.000000000000000000e+00,1.000000000000000000e+00,1.582961930591314514e-01
-7.775000000000000000e+01,2.976645035183888566e-01,1.627746353722414885e-01,2.447580968143470148e+00,0.000000000000000000e+00,1.000000000000000000e+00,1.627719707769281765e-01
-7.750000000000000000e+01,2.978788999891498479e-01,1.672568533662752155e-01,2.457587927854494314e+00,0.000000000000000000e+00,1.000000000000000000e+00,1.672541106874214922e-01
-7.724999999999998579e+01,2.980992849972324832e-01,1.717456186638777471e-01,2.467698472142046739e+00,0.000000000000000000e+00,1.000000000000000000e+00,1.717427974027763149e-01
-7.700000000000000000e+01,2.983256802455683809e-01,1.762411169315954151e-01,2.477909958642534605e+00,0.000000000000000000e+00,1.000000000000000000e+00,1.762382165741784579e-01
-7.675000000000000000e+01,2.985581080688677336e-01,1.807435349069600183e-01,2.488219772514181471e+00,0.000000000000000000e+00,1.000000000000000000e+00,1.807405549236407727e-01
-7.650000000000000000e+01,2.987965914390811606e-01,1.852530604305600015e-01,2.498625327007792940e+00,0.000000000000000000e+00,1.000000000000000000e+00,1.852500002761744147e-01
-7.625000000000000000e+01,2.990411539710329247e-01,1.897698824788637273e-01,2.509124063983689368e+00,0.000000000000000000e+00,1.000000000000000000e+00,1.897667415923402490e-01
-7.599999999999998579e+01,2.992918199282272873e-01,1.942941911970566538e-01,2.519713454376979911e+00,0.000000000000000000e+00,1.000000000000000000e+00,1.942909690011926094e-01
-7.575000000000000000e+01,2.995486142288305564e-01,1.988261779323062528e-01,2.530390998613335718e+00,0.000000000000000000e+00,1.000000000000000000e+00,1.988228738336259294e-01
-7.550000000000000000e+01,2.998115624518318256e-01,2.033660352675446259e-01,2.541154226977440089e+00,0.000000000000000000e+00,1.000000000000000000e+00,2.033626486561408708e-01
-7.525000000000000000e+01,3.000806908433853448e-01,2.079139570557725081e-01,2.552000699936260553e+00,0.000000000000000000e+00,1.000000000000000000e+00,2.079104873050387770e-01
-7.499999999999998579e+01,3.003560263233376881e-01,2.124701384546538729e-01,2.562928008419285142e+00,0.000000000000000000e+00,1.000000000000000000e+00,2.124665849210611857e-01
-7.475000000000000000e+01,3.006375964919422161e-01,2.170347759616791383e-01,2.573933774057822976e+00,0.000000000000000000e+00,1.000000000000000000e+00,2.170311379844852007e-01
-7.450000000000000000e+01,3.009254296367648851e-01,2.216080674496415936e-01,2.585015649385479009e+00,0.000000000000000000e+00,1.000000000000000000e+00,2.216043443506927335e-01
-7.425000000000000000e+01,3.012195547397834017e-01,2.261902122026809570e-01,2.596171318001822215e+00,0.000000000000000000e+00,1.000000000000000000e+00,2.261864032862227480e-01
-7.400000000000000000e+01,3.015200014846846077e-01,2.307814109529731095e-01,2.607398494701276714e+00,0.000000000000000000e+00,1.000000000000000000e+00,2.307775155053249094e-01
-7.374999999999998579e+01,3.018268002643624826e-01,2.353818659176181993e-01,2.618694925569206688e+00,0.000000000000000000e+00,1.000000000000000000e+00,2.353778832070281268e-01
-7.350000000000000000e+01,3.021399821886206483e-01,2.399917808365224503e-01,2.630058388047109119e+00,0.000000000000000000e+00,1.000000000000000000e+00,2.399877101127374512e-01
-7.325000000000000000e+01,3.024595790920840410e-01,2.446113610103560765e-01,2.641486690968812390e+00,0.000000000000000000e+00,1.000000000000000000e+00,2.446072015043798953e-01
-7.300000000000000000e+01,3.027856235423214137e-01,2.492408133391704750e-01,2.652977674569497069e+00,0.000000000000000000e+00,1.000000000000000000e+00,2.492365642631082789e-01
-7.274999999999998579e+01,3.031181488481850539e-01,2.538803463619317968e-01,2.664529210469320564e+00,0.000000000000000000e+00,1.000000000000000000e+00,2.538760069085843618e-01
-7.250000000000000000e+01,3.034571890683702700e-01,2.585301702962844450e-01,2.676139201633380260e+00,0.000000000000000000e+00,1.000000000000000000e+00,2.585257396388545570e-01
-7.225000000000000000e+01,3.038027790201994205e-01,2.631904970790321374e-01,2.687805582309689356e+00,0.000000000000000000e+00,1.000000000000000000e+00,2.631859743708392929e-01
-7.200000000000000000e+01,3.041549542886345381e-01,2.678615404072342554e-01,2.699526317946776555e+00,0.000000000000000000e+00,1.000000000000000000e+00,2.678569247814484022e-01
-7.175000000000000000e+01,3.045137512355232667e-01,2.725435157801449071e-01,2.711299405092494563e+00,0.000000000000000000e+00,1.000000000000000000e+00,2.725388063493424107e-01
-7.149999999999998579e+01,3.048792070090829975e-01,2.772366405414921631e-01,2.723122871275537094e+00,0.000000000000000000e+00,1.000000000000000000e+00,2.772318363973602096e-01
-7.125000000000000000e+01,3.052513595536268109e-01,2.819411339225098567e-01,2.734994774871128076e+00,0.000000000000000000e+00,1.000000000000000000e+00,2.819362341356265733e-01
-7.100000000000000000e+01,3.056302476195374429e-01,2.866572170860064994e-01,2.746913204952300624e+00,0.000000000000000000e+00,1.000000000000000000e+00,2.866522207053643911e-01
-7.075000000000000000e+01,3.060159107734938821e-01,2.913851131708539155e-01,2.758876281128103347e+00,0.000000000000000000e+00,1.000000000000000000e+00,2.913800192234257125e-01
-7.049999999999998579e+01,3.064083894089554283e-01,2.961250473370524716e-01,2.770882153370046286e+00,0.000000000000000000e+00,1.000000000000000000e+00,2.961198548275661424e-01
-7.025000000000000000e+01,3.068077247569084842e-01,3.008772468119391696e-01,2.782929001828039262e+00,0.000000000000000000e+00,1.000000000000000000e+00,3.008719547224776858e-01
-7.000000000000000000e+01,3.072139588968826884e-01,3.056419409371017304e-01,2.795015036637019445e+00,0.000000000000000000e+00,1.000000000000000000e+00,3.056365482266090727e-01
-6.975000000000000000e+01,3.076271347682407731e-01,3.104193612158539506e-01,2.807138497715425451e+00,0.000000000000000000e+00,1.000000000000000000e+00,3.104138668197854445e-01
-6.950000000000000000e+01,3.080472961817486421e-01,3.152097413617460098e-01,2.819297654556616628e+00,0.000000000000000000e+00,1.000000000000000000e+00,3.152041441916568210e-01
-6.924999999999998579e+01,3.084744878314316097e-01,3.200133173478528770e-01,2.831490806014312245e+00,0.000000000000000000e+00,1.000000000000000000e+00,3.200076162909950006e-01
-6.900000000000000000e+01,3.089087553067229042e-01,3.248303274570153998e-01,2.843716280083046222e+00,0.000000000000000000e+00,1.000000000000000000e+00,3.248245213758608751e-01
-6.875000000000000000e+01,3.093501451049111561e-01,3.296610123329185016e-01,2.855972433674630384e+00,0.000000000000000000e+00,1.000000000000000000e+00,3.296551000646701368e-01
-6.850000000000000000e+01,3.097987046438929748e-01,3.345056150320488420e-01,2.868257652391545953e+00,0.000000000000000000e+00,1.000000000000000000e+00,3.344995953881760853e-01
-6.824999999999998579e+01,3.102544822752377751e-01,3.393643810765129554e-01,2.880570350298157667e+00,0.000000000000000000e+00,1.000000000000000000e+00,3.393582528424001765e-01
-6.800000000000000000e+01,3.107175272975712388e-01,3.442375585081419165e-01,2.892908969690608956e+00,0.000000000000000000e+00,1.000000000000000000e+00,3.442313204425300199e-01
-6.775000000000000000e+01,3.111878899702860690e-01,3.491253979433994736e-01,2.905271980866214854e+00,0.000000000000000000e+00,1.000000000000000000e+00,3.491190487778184082e-01
-6.750000000000000000e+01,3.116656215275854791e-01,3.540281526292279879e-01,2.917657881893138239e+00,0.000000000000000000e+00,1.000000000000000000e+00,3.540216910675042516e-01
-6.725000000000000000e+01,3.121507741928687962e-01,3.589460785000386789e-01,2.930065198381101244e+00,0.000000000000000000e+00,1.000000000000000000e+00,3.589395032177850609e-01
-6.699999999999998579e+01,3.126434011934655643e-01,3.638794342357650757e-01,2.942492483253855706e+00,0.000000000000000000e+00,1.000000000000000000e+00,3.638727438798718405e-01
-6.675000000000000000e+01,3.131435567757276939e-01,3.688284813211148983e-01,2.954938316524098774e+00,0.000000000000000000e+00,1.000000000000000000e+00,3.688216745091513760e-01
-6.650000000000000000e+01,3.136512962204868193e-01,3.737934841058894175e-01,2.967401305071517559e+00,0.000000000000000000e+00,1.000000000000000000e+00,3.737865594254917712e-01
-6.625000000000000000e+01,3.141666758588864683e-01,3.787747098663956646e-01,2.979880082424577026e+00,0.000000000000000000e+00,1.000000000000000000e+00,3.787676658747160530e-01
-6.599999999999998579e+01,3.146897530885967020e-01,3.837724288681761964e-01,2.992373308546700361e+00,0.000000000000000000e+00,1.000000000000000000e+00,3.837652640912799229e-01
-6.575000000000000000e+01,3.152205863904218863e-01,3.887869144299483382e-01,3.004879669627408045e+00,0.000000000000000000e+00,1.000000000000000000e+00,3.887796273621844101e-01
-6.550000000000000000e+01,3.157592353453094192e-01,3.938184429888453297e-01,3.017397877879020918e+00,0.000000000000000000e+00,1.000000000000000000e+00,3.938110320921586194e-01
-6.524999999999998579e+01,3.163057606517707954e-01,3.988672941667600891e-01,3.029926671339462363e+00,0.000000000000000000e+00,1.000000000000000000e+00,3.988597578701456037e-01
-6.500000000000000000e+01,3.168602241437227796e-01,4.039337508384383546e-01,3.042464813681717395e+00,0.000000000000000000e+00,1.000000000000000000e+00,4.039260875371258885e-01
-6.474999999999998579e+01,3.174226888087623433e-01,4.090180992005223448e-01,3.055011094030477103e+00,0.000000000000000000e+00,1.000000000000000000e+00,4.090103072553217811e-01
-6.450000000000001421e+01,3.179932188068814725e-01,4.141206288421428461e-01,3.067564326786470286e+00,0.000000000000000000e+00,1.000000000000000000e+00,4.141127065788071659e-01
-6.425000000000000000e+01,3.185718794896376660e-01,4.192416328171918449e-01,3.080123351459018277e+00,0.000000000000000000e+00,1.000000000000000000e+00,4.192335785255786318e-01
-6.399999999999998579e+01,3.191587374197871751e-01,4.243814077176530919e-01,3.092687032507264622e+00,0.000000000000000000e+00,1.000000000000000000e+00,4.243732196511101340e-01
-6.375000000000000711e+01,3.197538603913956390e-01,4.295402537490728978e-01,3.105254259190621813e+00,0.000000000000000000e+00,1.000000000000000000e+00,4.295319301234459264e-01
-6.349999999999999289e+01,3.203573174504367738e-01,4.347184748068942395e-01,3.117823945428880084e+00,0.000000000000000000e+00,1.000000000000000000e+00,4.347100137998688996e-01
-6.325000000000000711e+01,3.209691789158908293e-01,4.399163785548437788e-01,3.130395029672471185e+00,0.000000000000000000e+00,1.000000000000000000e+00,4.399077783051815738e-01
-6.300000000000000000e+01,3.215895164013574115e-01,4.451342765050716466e-01,3.142966474783377429e+00,0.000000000000000000e+00,1.000000000000000000e+00,4.451255351116587544e-01
-6.274999999999999289e+01,3.222184028371942177e-01,4.503724840996852774e-01,3.155537267927147393e+00,0.000000000000000000e+00,1.000000000000000000e+00,4.503635996207017156e-01
-6.250000000000000711e+01,3.228559124931959512e-01,4.556313207942592758e-01,3.168106420476512586e+00,0.000000000000000000e+00,1.000000000000000000e+00,4.556222912462535302e-01
-6.224999999999999289e+01,3.235021210018272919e-01,4.609111101429819723e-01,3.180672967927093531e+00,0.000000000000000000e+00,1.000000000000000000e+00,4.609019335000212325e-01
-6.199999999999998579e+01,3.241571053820239690e-01,4.662121798858253618e-01,3.193235969825662490e+00,0.000000000000000000e+00,1.000000000000000000e+00,4.662028540785471131e-01
-6.175000000000000000e+01,3.248209440635776435e-01,4.715348620375969246e-01,3.205794509711491269e+00,0.000000000000000000e+00,1.000000000000000000e+00,4.715253849521945928e-01
-6.149999999999999289e+01,3.254937169121190355e-01,4.768794929788460757e-01,3.218347695071278824e+00,0.000000000000000000e+00,1.000000000000000000e+00,4.768698624560933075e-01
-6.125000000000000711e+01,3.261755052547157252e-01,4.822464135488803150e-01,3.230894657308164941e+00,0.000000000000000000e+00,1.000000000000000000e+00,4.822366273830965833e-01
-6.100000000000000000e+01,3.268663919061006173e-01,4.876359691407626817e-01,3.243434551725393966e+00,0.000000000000000000e+00,1.000000000000000000e+00,4.876260250788179151e-01
-6.074999999999998579e+01,3.275664611955479977e-01,4.930485097985431442e-01,3.255966557525141969e+00,0.000000000000000000e+00,1.000000000000000000e+00,4.930384055387921349e-01
-6.050000000000000000e+01,3.282757989944147803e-01,4.984843903168070800e-01,3.268489877823100187e+00,0.000000000000000000e+00,1.000000000000000000e+00,4.984741235078332111e-01
-6.024999999999999289e+01,3.289944927443650413e-01,5.039439703420504069e-01,3.281003739679394737e+00,0.000000000000000000e+00,1.000000000000000000e+00,5.039335385816454682e-01
-6.000000000000000711e+01,3.297226314862949925e-01,5.094276144767990733e-01,3.293507394146435008e+00,0.000000000000000000e+00,1.000000000000000000e+00,5.094170153107470123e-01
-5.975000000000000000e+01,3.304603058899800994e-01,5.149356923859540469e-01,3.306000116334351535e+00,0.000000000000000000e+00,1.000000000000000000e+00,5.149249233067867415e-01
-5.949999999999998579e+01,3.312076082844610525e-01,5.204685789053631328e-01,3.318481205494657527e+00,0.000000000000000000e+00,1.000000000000000000e+00,5.204576373513033483e-01
-5.925000000000000711e+01,3.319646326891913524e-01,5.260266541535844054e-01,3.330949985122844570e+00,0.000000000000000000e+00,1.000000000000000000e+00,5.260155375070137973e-01
-5.899999999999999289e+01,3.327314748459671012e-01,5.316103036454575825e-01,3.343405803080626626e+00,0.000000000000000000e+00,1.000000000000000000e+00,5.315990092316974502e-01
-5.875000000000000711e+01,3.335082322516589315e-01,5.372199184087751433e-01,3.355848031738578818e+00,0.000000000000000000e+00,1.000000000000000000e+00,5.372084434947430598e-01
-5.850000000000000000e+01,3.342950041917715498e-01,5.428558951036553948e-01,3.368276068140001023e+00,0.000000000000000000e+00,1.000000000000000000e+00,5.428442368964543352e-01
-5.824999999999999289e+01,3.350918917748509362e-01,5.485186361445684167e-01,3.380689334186798956e+00,0.000000000000000000e+00,1.000000000000000000e+00,5.485067917901716994e-01
-5.800000000000000711e+01,3.358989979677657889e-01,5.542085498257570686e-01,3.393087276848306022e+00,0.000000000000000000e+00,1.000000000000000000e+00,5.541965164073119343e-01
-5.774999999999999289e+01,3.367164276318867500e-01,5.599260504490310986e-01,3.405469368393960305e+00,0.000000000000000000e+00,1.000000000000000000e+00,5.599138249854022087e-01
-5.749999999999998579e+01,3.375442875601883941e-01,5.656715584548205333e-01,3.417835106650809252e+00,0.000000000000000000e+00,1.000000000000000000e+00,5.656591378991920882e-01
-5.725000000000000000e+01,3.383826865153015118e-01,5.714455005569074597e-01,3.430184015286903865e+00,0.000000000000000000e+00,1.000000000000000000e+00,5.714328817949440031e-01
-5.699999999999999289e+01,3.392317352685433884e-01,5.772483098796877821e-01,3.442515644121675766e+00,0.000000000000000000e+00,1.000000000000000000e+00,5.772354897279935448e-01
-5.675000000000000711e+01,3.400915466399517806e-01,5.830804260993174282e-01,3.454829569464443750e+00,0.000000000000000000e+00,1.000000000000000000e+00,5.830674013036664105e-01
-5.650000000000000000e+01,3.409622355393558402e-01,5.889422955880422306e-01,3.467125394482315492e+00,0.000000000000000000e+00,1.000000000000000000e+00,5.889290628216709012e-01
-5.624999999999998579e+01,3.418439190085093005e-01,5.948343715621922101e-01,3.479402749598771827e+00,0.000000000000000000e+00,1.000000000000000000e+00,5.948209274240489064e-01
-5.600000000000000000e+01,3.427367162643222831e-01,6.007571142342009729e-01,3.491661292924328031e+00,0.000000000000000000e+00,1.000000000000000000e+00,6.007434552468108313e-01
-5.574999999999999289e+01,3.436407487432199259e-01,6.067109909675165724e-01,3.503900710720761147e+00,0.000000000000000000e+00,1.000000000000000000e+00,6.066971135753536082e-01
-5.550000000000000711e+01,3.445561401466626372e-01,6.126964764364205562e-01,3.516120717900445669e+00,0.000000000000000000e+00,1.000000000000000000e+00,6.126823770037759243e-01
-5.525000000000000000e+01,3.454830164878641141e-01,6.187140527893181252e-01,3.528321058562507773e+00,0.000000000000000000e+00,1.000000000000000000e+00,6.186997275982226707e-01
-5.499999999999998579e+01,3.464215061397396545e-01,6.247642098161152457e-01,3.540501506567515388e+00,0.000000000000000000e+00,1.000000000000000000e+00,6.247496550643583113e-01
-5.475000000000000711e+01,3.473717398841247861e-01,6.308474451203234246e-01,3.552661866152656778e+00,0.000000000000000000e+00,1.000000000000000000e+00,6.308326569191194944e-01
-5.449999999999999289e+01,3.483338509623008505e-01,6.369642642949701061e-01,3.564801972589374923e+00,0.000000000000000000e+00,1.000000000000000000e+00,6.369492386668624828e-01
-5.425000000000000711e+01,3.493079751268670097e-01,6.431151811035830113e-01,3.576921692885612014e+00,0.000000000000000000e+00,1.000000000000000000e+00,6.430999139800430697e-01
-5.400000000000000000e+01,3.502942506950014745e-01,6.493007176656072632e-01,3.589020926534970624e+00,0.000000000000000000e+00,1.000000000000000000e+00,6.492852048845788593e-01
-5.374999999999999289e+01,3.512928186031519240e-01,6.555214046463158084e-01,3.601099606315195878e+00,0.000000000000000000e+00,1.000000000000000000e+00,6.555056419500242537e-01
-5.350000000000000711e+01,3.523038224632005777e-01,6.617777814525319657e-01,3.613157699138611623e+00,0.000000000000000000e+00,1.000000000000000000e+00,6.617617644847216818e-01
-5.324999999999999289e+01,3.533274086201505515e-01,6.680703964328111866e-01,3.625195206957273264e+00,0.000000000000000000e+00,1.000000000000000000e+00,6.680541207360801703e-01
-5.299999999999998579e+01,3.543637262113775721e-01,6.743998070828060021e-01,3.637212167725803358e+00,0.000000000000000000e+00,1.000000000000000000e+00,6.743832680961370230e-01
-5.275000000000000000e+01,3.554129272274986762e-01,6.807665802568074742e-01,3.649208656425089181e+00,0.000000000000000000e+00,1.000000000000000000e+00,6.807497733125783546e-01
-5.249999999999999289e+01,3.564751665749080201e-01,6.871712923841465370e-01,3.661184786150237791e+00,0.000000000000000000e+00,1.000000000000000000e+00,6.871542127053884563e-01
-5.225000000000000711e+01,3.575506021400304268e-01,6.936145296919575820e-01,3.673140709266387027e+00,0.000000000000000000e+00,1.000000000000000000e+00,6.935971723893012975e-01
-5.200000000000000000e+01,3.586393948553506239e-01,7.000968884336343789e-01,3.685076618636304868e+00,0.000000000000000000e+00,1.000000000000000000e+00,7.000792485022547806e-01
-5.174999999999998579e+01,3.597417087672700742e-01,7.066189751234099869e-01,3.696992748923884964e+00,0.000000000000000000e+00,1.000000000000000000e+00,7.066010474400177266e-01
-5.150000000000000000e+01,3.608577111058541287e-01,7.131814067778659005e-01,3.708889377978023649e+00,0.000000000000000000e+00,1.000000000000000000e+00,7.131631860972129644e-01
-5.124999999999999289e+01,3.619875723565275649e-01,7.197848111632643153e-01,3.720766828301654616e+00,0.000000000000000000e+00,1.000000000000000000e+00,7.197662921149310389e-01
-5.100000000000000711e+01,3.631314663337815163e-01,7.264298270502869137e-01,3.732625468611034059e+00,0.000000000000000000e+00,1.000000000000000000e+00,7.264110041351428126e-01
-5.075000000000000000e+01,3.642895702569587391e-01,7.331171044755778743e-01,3.744465715490820301e+00,0.000000000000000000e+00,1.000000000000000000e+00,7.330979720621528806e-01
-5.049999999999998579e+01,3.654620648281824424e-01,7.398473050103383519e-01,3.756288035150795679e+00,0.000000000000000000e+00,1.000000000000000000e+00,7.398278573313041839e-01
-5.025000000000000711e+01,3.666491343125006241e-01,7.466211020371528173e-01,3.768092945290624662e+00,0.000000000000000000e+00,1.000000000000000000e+00,7.466013331851857338e-01
-4.999999999999999289e+01,3.678509666203193529e-01,7.534391810336260598e-01,3.779881017079434358e+00,0.000000000000000000e+00,1.000000000000000000e+00,7.534190849575934656e-01
-4.974999999999998579e+01,3.690677533921970510e-01,7.603022398644136981e-01,3.791652877257547072e+00,0.000000000000000000e+00,1.000000000000000000e+00,7.602818103654856996e-01
-4.950000000000000000e+01,3.702996900860830443e-01,7.672109890822539358e-01,3.803409210368282167e+00,0.000000000000000000e+00,1.000000000000000000e+00,7.671902198092240832e-01
-4.924999999999999289e+01,3.715469760670794819e-01,7.741661522361630299e-01,3.815150761128313750e+00,0.000000000000000000e+00,1.000000000000000000e+00,7.741450366813631412e-01
-4.900000000000000711e+01,3.728098146998092277e-01,7.811684661894341408e-01,3.826878336945735981e+00,0.000000000000000000e+00,1.000000000000000000e+00,7.811469976842752017e-01
-4.874999999999999289e+01,3.740884134434827590e-01,7.882186814469122060e-01,3.838592810595741422e+00,0.000000000000000000e+00,1.000000000000000000e+00,7.881968531569240044e-01
-4.849999999999998579e+01,3.753829839497507814e-01,7.953175624908661590e-01,3.850295123064547465e+00,0.000000000000000000e+00,1.000000000000000000e+00,7.952953674110843085e-01
-4.825000000000000000e+01,3.766937421634393157e-01,8.024658881274635558e-01,3.861986286573103389e+00,0.000000000000000000e+00,1.000000000000000000e+00,8.024433190773387903e-01
-4.799999999999999289e+01,3.780209084262667329e-01,8.096644518430160531e-01,3.873667387793018335e+00,0.000000000000000000e+00,1.000000000000000000e+00,8.096415014611905159e-01
-4.775000000000000711e+01,3.793647075836433236e-01,8.169140621706184602e-01,3.885339591268149206e+00,0.000000000000000000e+00,1.000000000000000000e+00,8.168907229096282752e-01
-4.750000000000000000e+01,3.807253690946617031e-01,8.242155430678523853e-01,3.897004143056443048e+00,0.000000000000000000e+00,1.000000000000000000e+00,8.241918071885260266e-01
-4.724999999999998579e+01,3.821031271453879663e-01,8.315697343054351265e-01,3.908662374607768886e+00,0.000000000000000000e+00,1.000000000000000000e+00,8.315455938712360551e-01
-4.700000000000000000e+01,3.834982207655689423e-01,8.389774918678220006e-01,3.920315706894868857e+00,0.000000000000000000e+00,1.000000000000000000e+00,8.389529387387839598e-01
-4.674999999999999289e+01,3.849108939488765646e-01,8.464396883654499160e-01,3.931965654815957834e+00,0.000000000000000000e+00,1.000000000000000000e+00,8.464147141920655981e-01
-4.650000000000000711e+01,3.863413957768118134e-01,8.539572134596756792e-01,3.943613831889091870e+00,0.000000000000000000e+00,1.000000000000000000e+00,8.539318096764697552e-01
-4.625000000000000000e+01,3.877899805464012362e-01,8.615309743003843890e-01,3.955261955260220841e+00,0.000000000000000000e+00,1.000000000000000000e+00,8.615051321193777367e-01
-4.599999999999998579e+01,3.892569079018173284e-01,8.691618959770578412e-01,3.966911851048672943e+00,0.000000000000000000e+00,1.000000000000000000e+00,8.691356063809884125e-01
-4.575000000000000711e+01,3.907424429700677160e-01,8.768509219839772939e-01,3.978565460055991654e+00,0.000000000000000000e+00,1.000000000000000000e+00,8.768241757189602081e-01
-4.549999999999999289e+01,3.922468565008964680e-01,8.845990146990184710e-01,3.990224843866334137e+00,0.000000000000000000e+00,1.000000000000000000e+00,8.845718022673620951e-01
-4.524999999999998579e+01,3.937704250110508064e-01,8.924071558778222668e-01,4.001892191369168295e+00,0.000000000000000000e+00,1.000000000000000000e+00,8.923794675304489443e-01
-4.500000000000000000e+01,3.953134309330732510e-01,9.002763471634052106e-01,4.013569825737871355e+00,0.000000000000000000e+00,1.000000000000000000e+00,9.002481728918149129e-01
-4.474999999999999289e+01,3.968761627687839022e-01,9.082076106113653458e-01,4.025260211900892671e+00,0.000000000000000000e+00,1.000000000000000000e+00,9.081789401394809724e-01
-4.450000000000000711e+01,3.984589152476251117e-01,9.162019892318363778e-01,4.036965964545568220e+00,0.000000000000000000e+00,1.000000000000000000e+00,9.161728120075008919e-01
-4.424999999999999289e+01,4.000619894900494522e-01,9.242605475484829691e-01,4.048689856698535650e+00,0.000000000000000000e+00,1.000000000000000000e+00,9.242308527347087299e-01
-4.399999999999998579e+01,4.016856931761371152e-01,9.323843721753820590e-01,4.060434828930806539e+00,0.000000000000000000e+00,1.000000000000000000e+00,9.323541486412353363e-01
-4.375000000000000000e+01,4.033303407196400237e-01,9.405745724126531870e-01,4.072203999240318062e+00,0.000000000000000000e+00,1.000000000000000000e+00,9.405438087234684330e-01
-4.349999999999999289e+01,4.049962534476559406e-01,9.488322808602754899e-01,4.084000673669863524e+00,0.000000000000000000e+00,1.000000000000000000e+00,9.488009652681510531e-01
-4.325000000000000711e+01,4.066837597861426845e-01,9.571586540529397613e-01,4.095828357724155211e+00,0.000000000000000000e+00,1.000000000000000000e+00,9.571267744863275473e-01
-4.300000000000000000e+01,4.083931954515012119e-01,9.655548731149027342e-01,4.107690768656095948e+00,0.000000000000000000e+00,1.000000000000000000e+00,9.655224171679219758e-01
-4.274999999999998579e+01,4.101249036484504451e-01,9.740221444359921099e-01,4.119591848699543313e+00,0.000000000000000000e+00,1.000000000000000000e+00,9.739890993577061673e-01
-4.250000000000000000e+01,4.118792352744436447e-01,9.825617003709788966e-01,4.131535779333786351e+00,0.000000000000000000e+00,1.000000000000000000e+00,9.825280530535048795e-01
-4.224999999999999289e+01,4.136565491308751286e-01,9.911747999606018711e-01,4.143526996673883467e+00,0.000000000000000000e+00,1.000000000000000000e+00,9.911405369274920441e-01
-4.200000000000000711e+01,4.154572121413398489e-01,9.998627296776723128e-01,4.155570208090963114e+00,0.000000000000000000e+00,1.000000000000000000e+00,9.998278370714636099e-01
-4.175000000000000000e+01,4.172815995772266584e-01,1.008626804197743754e+00,4.167670410177813700e+00,0.000000000000000000e+00,1.000000000000000000e+00,1.008591267767051214e+00
-4.149999999999998579e+01,4.191300952909268185e-01,1.017468367195524470e+00,4.179832908187576024e+00,0.000000000000000000e+00,1.000000000000000000e+00,1.017432172281828029e+00
-4.125000000000000711e+01,4.210030919569646146e-01,1.026388792168970276e+00,4.192063337087525987e+00,0.000000000000000000e+00,1.000000000000000000e+00,1.026351923692357504e+00
-4.099999999999999289e+01,4.229009913213617189e-01,1.035389483290179102e+00,4.204367684385786674e+00,0.000000000000000000e+00,1.000000000000000000e+00,1.035351925735244150e+00
-4.074999999999998579e+01,4.248242044595630929e-01,1.044471876286499512e+00,4.216752314906732302e+00,0.000000000000000000e+00,1.000000000000000000e+00,1.044433613687299367e+00
-4.050000000000000000e+01,4.267731520432739289e-01,1.053637439352002936e+00,4.229223997711112126e+00,0.000000000000000000e+00,1.000000000000000000e+00,1.053598455276016255e+00
-4.024999999999999289e+01,4.287482646165628464e-01,1.062887674089393553e+00,4.241789935379845389e+00,0.000000000000000000e+00,1.000000000000000000e+00,1.062847951621563203e+00
-4.000000000000000711e+01,4.307499828816091503e-01,1.072224116485938294e+00,4.254457795906343875e+00,0.000000000000000000e+00,1.000000000000000000e+00,1.072183638211574808e+00
-3.974999999999999289e+01,4.327787579944922802e-01,1.081648337922949787e+00,4.267235747471850082e+00,0.000000000000000000e+00,1.000000000000000000e+00,1.081607085910109012e+00
-3.949999999999998579e+01,4.348350518714307889e-01,1.091161946220997381e+00,4.280132496411710008e+00,0.000000000000000000e+00,1.000000000000000000e+00,1.091119902002143371e+00
-3.925000000000000000e+01,4.369193375059098883e-01,1.100766586722440765e+00,4.293157328718884003e+00,0.000000000000000000e+00,1.000000000000000000e+00,1.100723731275113249e+00
-3.899999999999999289e+01,4.390320992971455949e-01,1.110463943411986065e+00,4.306320155474649525e+00,0.000000000000000000e+00,1.000000000000000000e+00,1.110420257139017597e+00
-3.875000000000000711e+01,4.411738333903635900e-01,1.120255740078258677e+00,4.319631562646497613e+00,0.000000000000000000e+00,1.000000000000000000e+00,1.120211202786712379e+00
-3.850000000000000000e+01,4.433450480293906759e-01,1.130143741516453026e+00,4.333102865750682930e+00,0.000000000000000000e+00,1.000000000000000000e+00,1.130098332396096472e+00
-3.824999999999998579e+01,4.455462639220777454e-01,1.140129754775074611e+00,4.346746169942752758e+00,0.000000000000000000e+00,1.000000000000000000e+00,1.140083452375949324e+00
-3.800000000000000000e+01,4.477780146191064348e-01,1.150215630448951254e+00,4.360574436175516766e+00,0.000000000000000000e+00,1.000000000000000000e+00,1.150168412657303962e+00
-3.774999999999999289e+01,4.500408469067520012e-01,1.160403264018323943e+00,4.374601554151612781e+00,0.000000000000000000e+00,1.000000000000000000e+00,1.160355108032300908e+00
-3.750000000000000711e+01,4.523353212142015023e-01,1.170694597238687296e+00,4.388842422899456253e+00,0.000000000000000000e+00,1.000000000000000000e+00,1.170645479542566925e+00
-3.725000000000000000e+01,4.546620120360682082e-01,1.181091619582027796e+00,4.403313039919294347e+00,0.000000000000000000e+00,1.000000000000000000e+00,1.181041515919296403e+00
-3.699999999999998579e+01,4.570215083707571679e-01,1.191596369731617422e+00,4.418030599983182150e+00,0.000000000000000000e+00,1.000000000000000000e+00,1.191545255077265608e+00
-3.675000000000000711e+01,4.594144141753873645e-01,1.202210937134312152e+00,4.433013604832779286e+00,0.000000000000000000e+00,1.000000000000000000e+00,1.202158785665183416e+00
-3.649999999999999289e+01,4.618413488380004317e-01,1.212937463610417543e+00,4.448281985205944977e+00,0.000000000000000000e+00,1.000000000000000000e+00,1.212884248674861221e+00
-3.624999999999998579e+01,4.643029476678243728e-01,1.223778145025696151e+00,4.463857236842658338e+00,0.000000000000000000e+00,1.000000000000000000e+00,1.223723839111818146e+00
-3.600000000000000000e+01,4.667998624044067957e-01,1.234735233028221968e+00,4.479762572379057950e+00,0.000000000000000000e+00,1.000000000000000000e+00,1.234679807730093337e+00
-3.574999999999999289e+01,4.693327617464673196e-01,1.245811036851104614e+00,4.496023091343167799e+00,0.000000000000000000e+00,1.000000000000000000e+00,1.245754462834161469e+00
-3.550000000000000711e+01,4.719023319013621043e-01,1.257007925186438779e+00,4.512665970826644113e+00,0.000000000000000000e+00,1.000000000000000000e+00,1.256950172150984146e+00
-3.524999999999999289e+01,4.745092771561104650e-01,1.268328328132616534e+00,4.529720679835545383e+00,0.000000000000000000e+00,1.000000000000000000e+00,1.268269364775439501e+00
-3.499999999999998579e+01,4.771543204709687847e-01,1.279774739217647284e+00,4.547219220833807363e+00,0.000000000000000000e+00,1.000000000000000000e+00,1.279714533192473747e+00
-3.475000000000000000e+01,4.798382040966007178e-01,1.291349717504308492e+00,4.565196402604274617e+00,0.000000000000000000e+00,1.000000000000000000e+00,1.291288235379554727e+00
-3.449999999999999289e+01,4.825616902159465815e-01,1.303055889778053977e+00,4.583690149285666315e+00,0.000000000000000000e+00,1.000000000000000000e+00,1.302993096993176669e+00
-3.425000000000000711e+01,4.853255616119441229e-01,1.314895952823544434e+00,4.602741851328284284e+00,0.000000000000000000e+00,1.000000000000000000e+00,1.314831813643335234e+00
-3.400000000000000000e+01,4.881306223623331220e-01,1.326872675793738354e+00,4.622396765181577827e+00,0.000000000000000000e+00,1.000000000000000000e+00,1.326807153260178396e+00
-3.374999999999998579e+01,4.909776985628244717e-01,1.338988902675217529e+00,4.642704469827623193e+00,0.000000000000000000e+00,1.000000000000000000e+00,1.338921958557178105e+00
-3.350000000000000000e+01,4.938676390800001981e-01,1.351247554855151911e+00,4.663719389863085318e+00,0.000000000000000000e+00,1.000000000000000000e+00,1.351179149595485240e+00
-3.324999999999999289e+01,4.968013163353740547e-01,1.363651633793953266e+00,4.685501396780670902e+00,0.000000000000000000e+00,1.000000000000000000e+00,1.363581726454332399e+00
-3.300000000000000711e+01,4.997796271221301989e-01,1.376204223810053362e+00,4.708116502502941003e+00,0.000000000000000000e+00,1.000000000000000000e+00,1.376132772012641725e+00
-3.275000000000000000e+01,5.028034934561395053e-01,1.388908494980555242e+00,4.731637662197624827e+00,0.000000000000000000e+00,1.000000000000000000e+00,1.388835454847293649e+00
-3.249999999999998579e+01,5.058738634629385000e-01,1.401767706164962268e+00,4.756145707111137710e+00,0.000000000000000000e+00,1.000000000000000000e+00,1.401693032253783722e+00
-3.225000000000000711e+01,5.089917123024625401e-01,1.414785208158183982e+00,4.781730432802727471e+00,0.000000000000000000e+00,1.000000000000000000e+00,1.414708853395370891e+00
-3.199999999999999289e+01,5.121580431334167294e-01,1.427964446977213919e+00,4.808491874017291501e+00,0.000000000000000000e+00,1.000000000000000000e+00,1.427886362587123870e+00
-3.174999999999998579e+01,5.153738881192777566e-01,1.441308967290497067e+00,4.836541804863120575e+00,0.000000000000000000e+00,1.000000000000000000e+00,1.441229102721654165e+00
-3.150000000000000000e+01,5.186403094780440703e-01,1.454822415996982921e+00,4.866005512447284076e+00,0.000000000000000000e+00,1.000000000000000000e+00,1.454740718843739344e+00
-3.124999999999998934e+01,5.219584005779658309e-01,1.468508545960625966e+00,4.897023904322735710e+00,0.000000000000000000e+00,1.000000000000000000e+00,1.468424961881437563e+00
-3.100000000000000711e+01,5.253292870816184124e-01,1.482371219910539883e+00,4.929756025913429873e+00,0.000000000000000000e+00,1.000000000000000000e+00,1.482285692541728261e+00
-3.074999999999999645e+01,5.287541281408320026e-01,1.496414414514173119e+00,4.964382084740887713e+00,0.000000000000000000e+00,1.000000000000000000e+00,1.496326885379245963e+00
-3.049999999999998579e+01,5.322341176451257372e-01,1.510642224632666730e+00,5.001107105492724969e+00,0.000000000000000000e+00,1.000000000000000000e+00,1.510552633047109294e+00
-3.025000000000000000e+01,5.357704855264685539e-01,1.525058867769274240e+00,5.040165376163974642e+00,0.000000000000000000e+00,1.000000000000000000e+00,1.524967150739455324e+00
-2.999999999999999289e+01,5.393644991233516039e-01,1.539668688718179190e+00,5.081825894094174956e+00,0.000000000000000000e+00,1.000000000000000000e+00,1.539574780835844203e+00
-2.975000000000000711e+01,5.430174646073341327e-01,1.554476164427756046e+00,5.126399086654335413e+00,0.000000000000000000e+00,1.000000000000000000e+00,1.554379997758287058e+00
-2.949999999999999645e+01,5.467307284754399088e-01,1.569485909087749986e+00,5.174245171806735932e+00,0.000000000000000000e+00,1.000000000000000000e+00,1.569387413052399483e+00
-2.924999999999998579e+01,5.505056791119605775e-01,1.584702679452710150e+00,5.225784649412929639e+00,0.000000000000000000e+00,1.000000000000000000e+00,1.584601780704781637e+00
-2.900000000000000355e+01,5.543437484234752244e-01,1.600131380416237370e+00,5.281511590989321547e+00,0.000000000000000000e+00,1.000000000000000000e+00,1.600028002709591668e+00
-2.874999999999999289e+01,5.582464135511127079e-01,1.615777070846825536e+00,5.342010648008903573e+00,0.000000000000000000e+00,1.000000000000000000e+00,1.615671134898021055e+00
-2.850000000000000711e+01,5.622151986643468824e-01,1.631644969703170300e+00,5.407979064748367648e+00,0.000000000000000000e+00,1.000000000000000000e+00,1.631536393045265099e+00
-2.825000000000000000e+01,5.662516768408973888e-01,1.647740462442323750e+00,5.480255521181699230e+00,0.000000000000000000e+00,1.000000000000000000e+00,1.647629159270567634e+00
-2.799999999999998934e+01,5.703574720375848006e-01,1.664069107737693454e+00,5.559858441814832908e+00,0.000000000000000000e+00,1.000000000000000000e+00,1.663954988746827013e+00
-2.775000000000000355e+01,5.745342611573250879e-01,1.680636644526107393e+00,5.648037648883000195e+00,0.000000000000000000e+00,1.000000000000000000e+00,1.680519616737425892e+00
-2.749999999999999289e+01,5.787837762177754364e-01,1.697448999399773006e+00,5.746345187244467745e+00,0.000000000000000000e+00,1.000000000000000000e+00,1.697328965979036930e+00
-2.724999999999998579e+01,5.831078066275054983e-01,1.714512294365893252e+00,5.856734283734047253e+00,0.000000000000000000e+00,1.000000000000000000e+00,1.714389154430405515e+00
-2.700000000000000000e+01,5.875082015759758303e-01,1.731832854994740822e+00,5.981700593844412772e+00,0.000000000000000000e+00,1.000000000000000000e+00,1.731706503408478204e+00
-2.674999999999998934e+01,5.919868725440083912e-01,1.749417218977125987e+00,6.124488761355319610e+00,0.000000000000000000e+00,1.000000000000000000e+00,1.749287546134651095e+00
-2.650000000000000711e+01,5.965457959418962730e-01,1.767272145118745197e+00,6.289403053699894386e+00,0.000000000000000000e+00,1.000000000000000000e+00,1.767139036715444478e+00
-2.624999999999999645e+01,6.011870158827955501e-01,1.785404622794926288e+00,6.482289958521020523e+00,0.000000000000000000e+00,1.000000000000000000e+00,1.785267959583628938e+00
-2.599999999999998579e+01,6.059126470995487290e-01,1.803821881894412060e+00,6.711317257905346167e+00,0.000000000000000000e+00,1.000000000000000000e+00,1.803681539427539171e+00
-2.575000000000000000e+01,6.107248780136805832e-01,1.822531403283380369e+00,6.988290874467796066e+00,0.000000000000000000e+00,1.000000000000000000e+00,1.822387251638327488e+00
-2.549999999999999289e+01,6.156259739659036834e-01,1.841540929818517469e+00,7.331009234873334890e+00,0.000000000000000000e+00,1.000000000000000000e+00,1.841392833306936483e+00
-2.525000000000000711e+01,6.206182806181319567e-01,1.860858477946260692e+00,7.767778995889545790e+00,0.000000000000000000e+00,1.000000000000000000e+00,1.860706294804823191e+00
-2.499999999999999645e+01,6.257042275377308060e-01,1.880492349923545303e+00,8.346899323281602889e+00,0.000000000000000000e+00,1.000000000000000000e+00,1.880335931984954190e+00
-2.474999999999998579e+01,6.308863319754824950e-01,1.900451146698457050e+00,9.159176995058505355e+00,0.000000000000000000e+00,1.000000000000000000e+00,1.900290339042136400e+00
-2.450000000000000355e+01,6.361672028495984899e-01,1.920743781495180214e+00,1.040167554562580499e+01,0.000000000000000000e+00,0.000000000000000000e+00,1.920578422074663782e+00
-2.424999999999999289e+01,6.415495449490100643e-01,1.941379494145478057e+00,1.261707643919273458e+01,0.000000000000000000e+00,0.000000000000000000e+00,1.941209413392308125e+00
-2.400000000000000711e+01,6.470361633701372517e-01,1.554027307949700232e+00,1.828386638617923410e+01,0.000000000000000000e+00,0.000000000000000000e+00,1.962192886618993493e+00
-2.375000000000000000e+01,6.503242913234669187e-01,6.910202612885097961e-01,inf,1.000000000000000000e+00,0.000000000000000000e+00,2.571495733994308974e+00
-2.349999999999998934e+01,6.431145197034340288e-01,2.538999708750440565e+00,inf,1.000000000000000000e+00,0.000000000000000000e+00,2.538647895664666532e+00
-2.325000000000000355e+01,6.360748335789626617e-01,2.506859420011652517e+00,inf,1.000000000000000000e+00,0.000000000000000000e+00,2.506519796536035294e+00
-2.299999999999999289e+01,6.291994442655853836e-01,2.475414837202270402e+00,inf,1.000000000000000000e+00,0.000000000000000000e+00,2.475086853416151200e+00
-2.274999999999998579e+01,6.224828233721827475e-01,2.444642450787081867e+00,inf,1.000000000000000000e+00,0.000000000000000000e+00,2.444325587371957820e+00
-2.250000000000000000e+01,6.159196883408581957e-01,2.414519796155591536e+00,inf,1.000000000000000000e+00,0.000000000000000000e+00,2.414213562372972799e+00
-2.224999999999998934e+01,6.095049889402293086e-01,2.385025396162025579e+00,inf,1.000000000000000000e+00,0.000000000000000000e+00,2.384729327989639547e+00
-2.200000000000000711e+01,6.032338946396137436e-01,2.356138707417192446e+00,inf,1.000000000000000000e+00,0.000000000000000000e+00,2.355852365823802863e+00
-2.174999999999999645e+01,5.971017827977778136e-01,2.327840070048694532e+00,inf,1.000000000000000000e+00,0.000000000000000000e+00,2.327563039396630007e+00
-2.149999999999998579e+01,5.911042276056150957e-01,2.300110660668623908e+00,inf,1.000000000000000000e+00,0.000000000000000000e+00,2.299842547236255363e+00
-2.125000000000000000e+01,5.852369897271858523e-01,2.272932448316496767e+00,inf,1.000000000000000000e+00,0.000000000000000000e+00,2.272672878926680351e+00
-2.099999999999999289e+01,5.794960065881991085e-01,2.246288153156052125e+00,inf,1.000000000000000000e+00,0.000000000000000000e+00,2.246036773904113826e+00
-2.075000000000000711e+01,5.738773832652204199e-01,2.220161207729651753e+00,inf,1.000000000000000000e+00,0.000000000000000000e+00,2.219917682802867276e+00
-2.049999999999999645e+01,5.683773839326863309e-01,2.194535720585920391e+00,inf,1.000000000000000000e+00,0.000000000000000000e+00,2.194299731165037404e+00
-2.024999999999998579e+01,5.629924238282983939e-01,2.169396442114163381e+00,inf,1.000000000000000000e+00,0.000000000000000000e+00,2.169167685354149722e+00
-2.000000000000000355e+01,5.577190617004923467e-01,2.144728732430424945e+00,inf,1.000000000000000000e+00,0.000000000000000000e+00,2.144506920509583026e+00
-1.974999999999999289e+01,5.525539927045882704e-01,2.120518531170525467e+00,inf,1.000000000000000000e+00,0.000000000000000000e+00,2.120303390406211186e+00
-1.950000000000000711e+01,5.474940417168231432e-01,2.096752329064009324e+00,inf,1.000000000000000000e+00,0.000000000000000000e+00,2.096543599088087184e+00
-1.925000000000000000e+01,5.425361570378590681e-01,2.073417141163179878e+00,inf,1.000000000000000000e+00,0.000000000000000000e+00,2.073214574153417367e+00
-1.899999999999998934e+01,5.376774044595689084e-01,2.050500481617526738e+00,inf,1.000000000000000000e+00,0.000000000000000000e+00,2.050303841579213859e+00
-1.875000000000000355e+01,5.329149616708646064e-01,2.027990339892505212e+00,inf,1.000000000000000000e+00,0.000000000000000000e+00,2.027799401989205830e+00
-1.849999999999999289e+01,5.282461129801857558e-01,2.005875158332649288e+00,inf,1.000000000000000000e+00,0.000000000000000000e+00,2.005689708259037918e+00
-1.824999999999998579e+01,5.236682443339375492e-01,1.984143810985065537e+00,inf,1.000000000000000000e+00,0.000000000000000000e+00,1.983963644381596447e+00
-1.800000000000000000e+01,5.191788386116840126e-01,1.962785583600366923e+00,inf,1.000000000000000000e+00,0.000000000000000000e+00,1.962610505505199887e+00
-1.774999999999998934e+01,5.147754711803345096e-01,1.941790154733749718e+00,inf,1.000000000000000000e+00,0.000000000000000000e+00,1.941619979069253876e+00
-1.750000000000000711e+01,5.104558056908371499e-01,1.921147577878905333e+00,inf,1.000000000000000000e+00,0.000000000000000000e+00,1.920982126971110482e+00
-1.724999999999999645e+01,5.062175901020845581e-01,1.900848264567357004e+00,inf,1.000000000000000000e+00,0.000000000000000000e+00,1.900687368695205492e+00
-1.699999999999998579e+01,5.020586529178365787e-01,1.880882968373559949e+00,inf,1.000000000000000000e+00,0.000000000000000000e+00,1.880726465346356235e+00
-1.675000000000000000e+01,4.979768996234593681e-01,1.861242769770825145e+00,inf,1.000000000000000000e+00,0.000000000000000000e+00,1.861090504530789280e+00
-1.649999999999999289e+01,4.939703093102116305e-01,1.841919061783280798e+00,inf,1.000000000000000000e+00,0.000000000000000000e+00,1.841770886033457177e+00
-1.625000000000000711e+01,4.900369314756683470e-01,1.822903536387783907e+00,inf,1.000000000000000000e+00,0.000000000000000000e+00,1.822759308241665765e+00
-1.599999999999999645e+01,4.861748829896425095e-01,1.804188171619097947e+00,inf,1.000000000000000000e+00,0.000000000000000000e+00,1.804047755271445563e+00
-1.574999999999998757e+01,4.823823452157158798e-01,1.785765219336307830e+00,inf,1.000000000000000000e+00,0.000000000000000000e+00,1.785628484753961187e+00
-1.550000000000000355e+01,4.786575612791366119e-01,1.767627193613118264e+00,inf,1.000000000000000000e+00,0.000000000000000000e+00,1.767494016242859844e+00
-1.524999999999999289e+01,4.749988334724787320e-01,1.749766859711561429e+00,inf,1.000000000000000000e+00,0.000000000000000000e+00,1.749637120206293028e+00
-1.500000000000000888e+01,4.714045207910320667e-01,1.732177223608875272e+00,inf,1.000000000000000000e+00,0.000000000000000000e+00,1.732050807568867867e+00
-1.474999999999999822e+01,4.678730365904061328e-01,1.714851522043330023e+00,inf,1.000000000000000000e+00,0.000000000000000000e+00,1.714728319772510945e+00
-1.449999999999998934e+01,4.644028463593499190e-01,1.697783213049440354e+00,inf,1.000000000000000000e+00,0.000000000000000000e+00,1.697663119326107584e+00
-1.425000000000000355e+01,4.609924656012178712e-01,1.680965966956479596e+00,inf,1.000000000000000000e+00,0.000000000000000000e+00,1.680848880815786428e+00
-1.399999999999999467e+01,4.576404578179559812e-01,1.664393657820901096e+00,inf,1.000000000000000000e+00,0.000000000000000000e+00,1.664279482350545569e+00
-1.374999999999998401e+01,4.543454325908672375e-01,1.648994849598262480e+00,inf,1.000000000000000000e+00,0.000000000000000000e+00,1.647948997418115180e+00
-1.350000000000000000e+01,4.511023385651254380e-01,1.634989225180773165e+00,7.287479648688471343e+02,1.000000000000000000e+00,0.000000000000000000e+00,1.636073050180192334e+00
-1.324999999999998934e+01,4.479091167812583874e-01,1.619678815988919052e+00,4.046127219523640974e+02,1.000000000000000000e+00,0.000000000000000000e+00,1.620143879923453545e+00
-1.300000000000000533e+01,4.447714280329346237e-01,1.602033135986662638e+00,3.304859903284783513e+02,1.000000000000000000e+00,0.000000000000000000e+00,1.600525323920449550e+00
-1.274999999999999645e+01,4.416910447722531274e-01,1.585193394384396992e+00,3.261869792597414630e+02,1.000000000000000000e+00,0.000000000000000000e+00,1.585092238165555223e+00
-1.249999999999998579e+01,4.386613294141362696e-01,1.569974929600472136e+00,3.220412207232653827e+02,1.000000000000000000e+00,0.000000000000000000e+00,1.569881323407706919e+00
-1.225000000000000178e+01,4.356811144107318179e-01,1.554963462475857039e+00,3.178836216434561379e+02,1.000000000000000000e+00,0.000000000000000000e+00,1.554867220812673700e+00
-1.199999999999999112e+01,4.327493039564429544e-01,1.540152894394235750e+00,3.138771360202243841e+02,1.000000000000000000e+00,0.000000000000000000e+00,1.540055469669236121e+00
-1.175000000000000711e+01,4.298648038665718873e-01,1.525541863068082815e+00,3.099042096974661149e+02,1.000000000000000000e+00,0.000000000000000000e+00,1.525451853037045780e+00
-1.149999999999999645e+01,4.270265722008843023e-01,1.511121543997561600e+00,3.060185739117525827e+02,1.000000000000000000e+00,0.000000000000000000e+00,1.511030956874979347e+00
-1.124999999999998757e+01,4.242335945646297790e-01,1.496892827387975355e+00,3.022400948754607271e+02,1.000000000000000000e+00,0.000000000000000000e+00,1.496809750665767158e+00
-1.100000000000000355e+01,4.214848706110157495e-01,1.482847916637710428e+00,2.984642591609257352e+02,1.000000000000000000e+00,0.000000000000000000e+00,1.482762321868068112e+00
-1.074999999999999289e+01,4.187794584346103410e-01,1.468982195579278338e+00,2.948167284570838547e+02,1.000000000000000000e+00,0.000000000000000000e+00,1.468895493074519720e+00
-1.050000000000000888e+01,4.161164161319706456e-01,1.455295582021756573e+00,2.912079793455248478e+02,1.000000000000000000e+00,0.000000000000000000e+00,1.455216311014452479e+00
-1.024999999999999822e+01,4.134948424720566451e-01,1.441778649941911628e+00,2.876548042856246639e+02,1.000000000000000000e+00,0.000000000000000000e+00,1.441698722184262316e+00
-9.999999999999989342e+00,4.109138685725890472e-01,1.428432814877038659e+00,2.842168889459812817e+02,1.000000000000000000e+00,0.000000000000000000e+00,1.428350138699814087e+00
-9.750000000000003553e+00,4.083726252778291377e-01,1.415253481424724180e+00,2.807769728748037892e+02,1.000000000000000000e+00,0.000000000000000000e+00,1.415178186005258798e+00
-9.499999999999994671e+00,4.058702965629697457e-01,1.402231365012245101e+00,2.774203974876464827e+02,1.000000000000000000e+00,0.000000000000000000e+00,1.402156631699633005e+00
-9.249999999999984013e+00,4.034060809284545912e-01,1.389371893322858931e+00,2.741680151251766802e+02,1.000000000000000000e+00,0.000000000000000000e+00,1.389293442874339091e+00
-9.000000000000000000e+00,4.009791765258512442e-01,1.376667995888341434e+00,2.708945284140601188e+02,1.000000000000000000e+00,0.000000000000000000e+00,1.376597013427441230e+00
-8.749999999999989342e+00,3.985888395536796858e-01,1.364110413726429272e+00,2.677100799032751297e+02,1.000000000000000000e+00,0.000000000000000000e+00,1.364040450372374647e+00
-8.500000000000005329e+00,3.962343315176237168e-01,1.351706230135642395e+00,2.646205305138699941e+02,1.000000000000000000e+00,0.000000000000000000e+00,1.351632470957110144e+00
-8.249999999999996447e+00,3.939149140127616855e-01,1.339448397888666431e+00,2.615122654655272072e+02,1.000000000000000000e+00,0.000000000000000000e+00,1.339382229914165112e+00
-7.999999999999985789e+00,3.916299024919362992e-01,1.327327676667691359e+00,2.584792313377225810e+02,1.000000000000000000e+00,0.000000000000000000e+00,1.327262101152659302e+00
-7.750000000000001776e+00,3.893786182069813862e-01,1.315349929589737510e+00,2.555332439066451684e+02,1.000000000000000000e+00,0.000000000000000000e+00,1.315281546921873046e+00
-7.499999999999991118e+00,3.871603835989665399e-01,1.303511132814410667e+00,2.525907925950772608e+02,1.000000000000000000e+00,0.000000000000000000e+00,1.303450522017701507e+00
-7.250000000000007105e+00,3.849745602249207699e-01,1.291802043229595132e+00,2.496910780141042778e+02,1.000000000000000000e+00,0.000000000000000000e+00,1.291740510837505518e+00
-6.999999999999997335e+00,3.828205270884497691e-01,1.280223796812323567e+00,2.468717685499963750e+02,1.000000000000000000e+00,0.000000000000000000e+00,1.280161762488970956e+00
-6.749999999999987566e+00,3.806976662472852380e-01,1.268779053582098193e+00,2.440976782236106999e+02,1.000000000000000000e+00,0.000000000000000000e+00,1.268724984191758054e+00
-6.500000000000002665e+00,3.786053717245904116e-01,1.257458598965872643e+00,2.413161052068517733e+02,1.000000000000000000e+00,0.000000000000000000e+00,1.257400798099305828e+00
-6.249999999999992895e+00,3.765430794318544994e-01,1.246256814451489170e+00,2.386092743125012987e+02,1.000000000000000000e+00,0.000000000000000000e+00,1.246200193836756620e+00
-6.000000000000008882e+00,3.745102238562439401e-01,1.235181039601308539e+00,2.359730903598593557e+02,1.000000000000000000e+00,0.000000000000000000e+00,1.235120739811621293e+00
-5.749999999999998224e+00,3.725062382231713043e-01,1.224226272323487796e+00,2.333289425387447977e+02,1.000000000000000000e+00,0.000000000000000000e+00,1.224174165276437298e+00
-5.499999999999988454e+00,3.705305945771530385e-01,1.213383071088909082e+00,2.307195488526551514e+02,1.000000000000000000e+00,0.000000000000000000e+00,1.213329811630444066e+00
-5.250000000000004441e+00,3.685827768914534119e-01,1.202651872158269519e+00,2.281764622885057463e+02,1.000000000000000000e+00,0.000000000000000000e+00,1.202599677285584923e+00
-4.999999999999994671e+00,3.666622750391267949e-01,1.192039650059521616e+00,2.256961804428245273e+02,1.000000000000000000e+00,0.000000000000000000e+00,1.191981564967891538e+00
-4.749999999999984013e+00,3.647685695122879768e-01,1.181538102368908438e+00,2.231787578651405397e+02,1.000000000000000000e+00,0.000000000000000000e+00,1.181488740319257769e+00
-4.500000000000000000e+00,3.629011955400079925e-01,1.171137296918535853e+00,2.207131732826275083e+02,1.000000000000000000e+00,0.000000000000000000e+00,1.171088137535947427e+00
-4.249999999999990230e+00,3.610596826727591746e-01,1.160841482451315798e+00,2.183072629579656336e+02,1.000000000000000000e+00,0.000000000000000000e+00,1.160793285801411168e+00
-4.000000000000005329e+00,3.592435696132017520e-01,1.150657301164510704e+00,2.159579731212087381e+02,1.000000000000000000e+00,0.000000000000000000e+00,1.150602194310930804e+00
-3.749999999999995559e+00,3.574523817529990377e-01,1.140575709852887032e+00,2.135635528519418926e+02,1.000000000000000000e+00,0.000000000000000000e+00,1.140530130725847524e+00
-3.499999999999985789e+00,3.556857028076420013e-01,1.130586055586408900e+00,2.112168343309486147e+02,1.000000000000000000e+00,0.000000000000000000e+00,1.130540607173074807e+00
-3.250000000000001332e+00,3.539431067314945945e-01,1.120693731027655682e+00,2.089246707599584738e+02,1.000000000000000000e+00,0.000000000000000000e+00,1.120649155383900419e+00
-2.999999999999991562e+00,3.522241754122090729e-01,1.110904787315402320e+00,2.066843426957725569e+02,1.000000000000000000e+00,0.000000000000000000e+00,1.110853967040454249e+00
-2.750000000000007105e+00,3.505284789351810759e-01,1.101212874895529215e+00,2.044124429328165888e+02,1.000000000000000000e+00,0.000000000000000000e+00,1.101172542412248712e+00
-2.499999999999997335e+00,3.488556334593691521e-01,1.091606521971750565e+00,2.021641852589218047e+02,1.000000000000000000e+00,0.000000000000000000e+00,1.091564440457556184e+00
-2.249999999999987121e+00,3.472052578537410117e-01,1.082088717531772382e+00,1.999665578013375296e+02,1.000000000000000000e+00,0.000000000000000000e+00,1.082047429095746471e+00
-2.000000000000002665e+00,3.455769723137828708e-01,1.072664627363982159e+00,1.978170893115551507e+02,1.000000000000000000e+00,0.000000000000000000e+00,1.072619861768607574e+00
-1.749999999999992895e+00,3.439703931099259981e-01,1.063334958768924920e+00,1.956695986629889887e+02,1.000000000000000000e+00,0.000000000000000000e+00,1.063301890697726959e+00
-1.500000000000008438e+00,3.423851513203032271e-01,1.054087240522934454e+00,1.935021602225372988e+02,1.000000000000000000e+00,0.000000000000000000e+00,1.054048220780849032e+00
-1.249999999999998668e+00,3.408209131445749662e-01,1.044917577258056784e+00,1.913824341121853934e+02,1.000000000000000000e+00,0.000000000000000000e+00,1.044879279807486627e+00
-9.999999999999886757e-01,3.392773328573343017e-01,1.035831156616427551e+00,1.893081276233061772e+02,1.000000000000000000e+00,0.000000000000000000e+00,1.035793565001885908e+00
-7.500000000000042188e-01,3.377540726626586109e-01,1.026837336717732807e+00,1.872770939498680036e+02,1.000000000000000000e+00,0.000000000000000000e+00,1.026789607027801976e+00
-4.999999999999943379e-01,3.362507705574069305e-01,1.017925077491873109e+00,1.851885247087651578e+02,1.000000000000000000e+00,0.000000000000000000e+00,1.017890093604977508e+00
-2.499999999999844569e-01,3.347671328340609542e-01,1.009080727956819468e+00,1.831339677918728057e+02,1.000000000000000000e+00,0.000000000000000000e+00,1.009045157939786108e+00
0.000000000000000000e+00,3.333028478223730162e-01,1.000312691594194447e+00,1.811227983270527488e+02,1.000000000000000000e+00,0.000000000000000000e+00,1.000277766147265490e+00
2.500000000000098810e-01,3.318576072838842483e-01,9.916244287061668494e-01,1.791529876409424844e+02,1.000000000000000000e+00,0.000000000000000000e+00,9.915865734433846335e-01
4.999999999999943379e-01,3.304310995624550329e-01,9.830202507177909776e-01,1.771931884015805565e+02,1.000000000000000000e+00,0.000000000000000000e+00,9.829959163082025997e-01
7.500000000000042188e-01,3.290230140110702028e-01,9.744860621711627369e-01,1.751985438165441735e+02,1.000000000000000000e+00,0.000000000000000000e+00,9.744529845847564875e-01
1.000000000000014211e+00,3.276330894471189970e-01,9.660148800768867394e-01,1.732455374667154615e+02,1.000000000000000000e+00,0.000000000000000000e+00,9.659823923275666635e-01
1.249999999999998668e+00,3.262610440867478312e-01,9.576148167851696869e-01,1.713322400432776362e+02,1.000000000000000000e+00,0.000000000000000000e+00,9.575829061026590594e-01
1.500000000000008438e+00,3.249066023252714652e-01,9.492917081880585251e-01,1.694568410471450477e+02,1.000000000000000000e+00,0.000000000000000000e+00,9.492533184678502156e-01
1.749999999999992895e+00,3.235694746016646306e-01,9.410435581052720710e-01,1.675660848961430531e+02,1.000000000000000000e+00,0.000000000000000000e+00,9.410190950011185773e-01
2.000000000000002665e+00,3.222493998902833945e-01,9.328558201604493227e-01,1.656682760366527418e+02,1.000000000000000000e+00,0.000000000000000000e+00,9.328255657279591606e-01
2.250000000000012879e+00,3.209461380244720274e-01,9.247281904786104345e-01,1.638086748278053335e+02,1.000000000000000000e+00,0.000000000000000000e+00,9.246984654189814856e-01
2.499999999999997335e+00,3.196594365109676206e-01,9.166658905839939475e-01,1.619855534111284783e+02,1.000000000000000000e+00,0.000000000000000000e+00,9.166366837488830743e-01
2.750000000000007105e+00,3.183890482654785359e-01,9.086766916533670635e-01,1.601972879799655232e+02,1.000000000000000000e+00,0.000000000000000000e+00,9.086391331035745811e-01
2.999999999999991562e+00,3.171347068581449324e-01,9.007556081122850555e-01,1.583849419491717185e+02,1.000000000000000000e+00,0.000000000000000000e+00,9.007324201110276096e-01
3.250000000000001332e+00,3.158961869399397604e-01,8.928876586802553250e-01,1.565763927497308146e+02,1.000000000000000000e+00,0.000000000000000000e+00,8.928599408431808770e-01
3.500000000000011102e+00,3.146732707005443497e-01,8.850758050177340852e-01,1.548030300667842312e+02,1.000000000000000000e+00,0.000000000000000000e+00,8.850485637022877938e-01
3.749999999999995559e+00,3.134657313221812514e-01,8.773240606281653697e-01,1.530632991325329328e+02,1.000000000000000000e+00,0.000000000000000000e+00,8.772972860695232855e-01
4.000000000000005329e+00,3.122733467392291851e-01,8.696400074939396596e-01,1.513557368650285184e+02,1.000000000000000000e+00,0.000000000000000000e+00,8.696051252371147511e-01
4.250000000000015099e+00,3.110958761783442217e-01,8.620197924602245321e-01,1.496298025405575345e+02,1.000000000000000000e+00,0.000000000000000000e+00,8.619996817547094237e-01
4.500000000000000000e+00,3.099331150075249619e-01,8.544481024166786787e-01,1.479042325465086378e+02,1.000000000000000000e+00,0.000000000000000000e+00,8.544226703890943631e-01
4.750000000000009770e+00,3.087848703394778238e-01,8.469269474391427632e-01,1.462111534145997496e+02,1.000000000000000000e+00,0.000000000000000000e+00,8.469019455860717915e-01
4.999999999999994671e+00,3.076509379442711745e-01,8.394611795239623753e-01,1.445491613506419242e+02,1.000000000000000000e+00,0.000000000000000000e+00,8.394365992657404352e-01
5.250000000000004441e+00,3.065311177817577337e-01,8.320557747659907966e-01,1.429169337074528130e+02,1.000000000000000000e+00,0.000000000000000000e+00,8.320257408590976400e-01
5.500000000000014211e+00,3.054251982051203185e-01,8.247130535102538129e-01,1.412833788914558397e+02,1.000000000000000000e+00,0.000000000000000000e+00,8.246984815271050095e-01
5.749999999999998224e+00,3.043329790185596018e-01,8.174171474676341642e-01,1.396337750577519614e+02,1.000000000000000000e+00,0.000000000000000000e+00,8.173937810390006220e-01
6.000000000000008882e+00,3.032542966334532686e-01,8.101639779300354727e-01,1.380143223902671821e+02,1.000000000000000000e+00,0.000000000000000000e+00,8.101410009093445996e-01
6.249999999999992895e+00,3.021889667599530482e-01,8.029619114653655521e-01,1.364237450265823668e+02,1.000000000000000000e+00,0.000000000000000000e+00,8.029393162921015792e-01
6.500000000000002665e+00,3.011368088146697541e-01,7.958102408741906109e-01,1.348608395386795280e+02,1.000000000000000000e+00,0.000000000000000000e+00,7.957879177866165055e-01
6.750000000000012434e+00,3.000976455632131668e-01,7.887243661872117562e-01,1.333240080122402560e+02,1.000000000000000000e+00,0.000000000000000000e+00,7.887190338804473955e-01
6.999999999999997335e+00,2.990712611661114906e-01,7.816871086226883092e-01,1.317408998264194793e+02,1.000000000000000000e+00,0.000000000000000000e+00,7.816656138019103528e-01
7.250000000000007105e+00,2.980575288966819114e-01,7.746812854874907117e-01,1.301860872743620234e+02,1.000000000000000000e+00,0.000000000000000000e+00,7.746601441157568990e-01
7.499999999999991118e+00,2.970562821257950459e-01,7.677226680669358982e-01,1.286583928074734047e+02,1.000000000000000000e+00,0.000000000000000000e+00,7.677018734634732944e-01
7.750000000000001776e+00,2.960673575139224911e-01,7.608105185021685202e-01,1.271567048337830670e+02,1.000000000000000000e+00,0.000000000000000000e+00,7.607900641476197379e-01
8.000000000000010658e+00,2.950905949347314983e-01,7.539525051874308437e-01,1.256799731057236471e+02,1.000000000000000000e+00,0.000000000000000000e+00,7.539239918043759703e-01
8.249999999999996447e+00,2.941258157878212653e-01,7.471495166856183534e-01,1.241944405224308525e+02,1.000000000000000000e+00,0.000000000000000000e+00,7.471398454064731576e-01
8.500000000000005329e+00,2.931728623985989102e-01,7.403823598582749410e-01,1.226955965146315748e+02,1.000000000000000000e+00,0.000000000000000000e+00,7.403628869515919142e-01
8.750000000000015987e+00,2.922316098135442353e-01,7.336487301103257197e-01,1.212225538542289769e+02,1.000000000000000000e+00,0.000000000000000000e+00,7.336295729321992143e-01
9.000000000000000000e+00,2.913019100242721926e-01,7.269580763862193429e-01,1.197742670116928991e+02,1.000000000000000000e+00,0.000000000000000000e+00,7.269392291582402743e-01
9.250000000000010658e+00,2.903836178850067729e-01,7.203097361890089534e-01,1.183497477040750567e+02,1.000000000000000000e+00,0.000000000000000000e+00,7.202911932691169472e-01
9.499999999999994671e+00,2.894765910481633120e-01,7.137189143272841818e-01,1.169480609831298636e+02,1.000000000000000000e+00,0.000000000000000000e+00,7.136848144568778141e-01
9.750000000000003553e+00,2.885806498475539938e-01,7.071739776853910309e-01,1.155147900591668986e+02,1.000000000000000000e+00,0.000000000000000000e+00,7.071609462813264191e-01
1.000000000000001421e+01,2.876956856501563520e-01,7.006533843323927702e-01,1.140894630704972599e+02,1.000000000000000000e+00,0.000000000000000000e+00,7.006357199818551429e-01
1.024999999999999822e+01,2.868215765133428352e-01,6.941676501654198139e-01,1.126879957600691995e+02,1.000000000000000000e+00,0.000000000000000000e+00,6.941502688772533958e-01
1.050000000000000888e+01,2.859581906594516054e-01,6.877210889235644276e-01,1.113094416159394200e+02,1.000000000000000000e+00,0.000000000000000000e+00,6.877039856829419984e-01
1.074999999999999289e+01,2.851053988128367522e-01,6.813131034847212941e-01,1.099529050857272807e+02,1.000000000000000000e+00,0.000000000000000000e+00,6.812962733925491676e-01
1.100000000000000355e+01,2.842630741453192611e-01,6.749657341160697488e-01,1.086175381532141415e+02,1.000000000000000000e+00,0.000000000000000000e+00,6.749265450427315294e-01
1.125000000000001243e+01,2.834310360922913663e-01,6.686566681901565667e-01,1.072365799222922647e+02,1.000000000000000000e+00,0.000000000000000000e+00,6.686412686016398599e-01
1.149999999999999645e+01,2.826092171434096967e-01,6.623615547071836085e-01,1.058762296394432667e+02,1.000000000000000000e+00,0.000000000000000000e+00,6.623455138631593186e-01
1.175000000000000711e+01,2.817974997128888659e-01,6.561018304606571760e-01,1.045382383958375669e+02,1.000000000000000000e+00,0.000000000000000000e+00,6.560860442984647323e-01
1.200000000000001776e+01,2.809957662317361105e-01,6.498778466641761398e-01,1.032217331030273328e+02,1.000000000000000000e+00,0.000000000000000000e+00,6.498623108183105845e-01
1.225000000000000178e+01,2.802039013271758749e-01,6.436912052156726904e-01,1.019258871638420061e+02,1.000000000000000000e+00,0.000000000000000000e+00,6.436737732914113996e-01
1.250000000000001066e+01,2.794217865382558896e-01,6.375634618862509040e-01,1.006444041236071030e+02,1.000000000000000000e+00,0.000000000000000000e+00,6.375729121986734027e-01
1.274999999999999645e+01,2.786492569618688742e-01,6.314677004599954513e-01,9.932153459656467476e+01,1.000000000000000000e+00,0.000000000000000000e+00,6.314528883066047316e-01
1.300000000000000533e+01,2.778862632673976818e-01,6.253810744519570086e-01,9.802067254669687202e+01,1.000000000000000000e+00,0.000000000000000000e+00,6.253664961481982809e-01
1.325000000000001599e+01,2.771326984005360594e-01,6.193275777488301825e-01,9.674095555860624529e+01,1.000000000000000000e+00,0.000000000000000000e+00,6.193132293971090885e-01
1.350000000000000000e+01,2.763884572834838793e-01,6.133067119432412673e-01,9.548156748670304239e+01,1.000000000000000000e+00,0.000000000000000000e+00,6.132925897325679498e-01
1.375000000000001066e+01,2.756534367743206926e-01,6.073220569705759520e-01,9.424173535584671413e+01,1.000000000000000000e+00,0.000000000000000000e+00,6.073040866627782419e-01
1.399999999999999467e+01,2.749275258356922991e-01,6.013925837179425749e-01,9.301172880817522071e+01,1.000000000000000000e+00,0.000000000000000000e+00,6.014026728723774751e-01
1.425000000000000355e+01,2.742105785349999714e-01,5.954901810503568926e-01,9.174965691702935544e+01,1.000000000000000000e+00,0.000000000000000000e+00,5.954767132402383201e-01
1.450000000000001421e+01,2.735025543243050916e-01,5.895947243902796009e-01,9.050830348060274844e+01,1.000000000000000000e+00,0.000000000000000000e+00,5.895814683341996654e-01
1.474999999999999822e+01,2.728033574053873034e-01,5.837295249441304401e-01,8.928686700280765365e+01,1.000000000000000000e+00,0.000000000000000000e+00,5.837164772325198481e-01
1.500000000000000888e+01,2.721128937282305538e-01,5.778941287265820792e-01,8.808458864902695495e+01,1.000000000000000000e+00,0.000000000000000000e+00,5.778812860244838534e-01
1.524999999999999289e+01,2.714310709562567925e-01,5.720920371598653409e-01,8.690074941089410743e+01,1.000000000000000000e+00,0.000000000000000000e+00,5.720754476583600479e-01
1.550000000000000355e+01,2.707577890795854203e-01,5.663428876354035246e-01,8.572719361630996104e+01,1.000000000000000000e+00,0.000000000000000000e+00,5.663547080324762284e-01
1.575000000000001243e+01,2.700929117635531007e-01,5.606182341562607752e-01,8.452685342793799350e+01,1.000000000000000000e+00,0.000000000000000000e+00,5.606059853014468963e-01
1.599999999999999645e+01,2.694364089313632249e-01,5.548973745266020385e-01,8.334586241371512472e+01,1.000000000000000000e+00,0.000000000000000000e+00,5.548853180812871599e-01
1.625000000000000711e+01,2.687881947565722296e-01,5.492041522720537694e-01,8.218348414427656223e+01,1.000000000000000000e+00,0.000000000000000000e+00,5.491922852472523875e-01
1.650000000000001776e+01,2.681481849653352123e-01,5.435381523565956385e-01,8.103902095955618279e+01,1.000000000000000000e+00,0.000000000000000000e+00,5.435264718278662865e-01
1.675000000000000000e+01,2.675162968065621927e-01,5.378996306949553885e-01,7.991181142070830390e+01,1.000000000000000000e+00,0.000000000000000000e+00,5.378874688734264220e-01
1.700000000000001066e+01,2.668924474705318128e-01,5.323148815250793309e-01,7.880015298021891113e+01,1.000000000000000000e+00,0.000000000000000000e+00,5.323311812906231788e-01
1.724999999999999645e+01,2.662764950029862798e-01,5.267554760194735897e-01,7.766150006484065216e+01,1.000000000000000000e+00,0.000000000000000000e+00,5.267443362760502179e-01
1.750000000000000711e+01,2.656684253604384427e-01,5.211940779537512780e-01,7.654078352803594498e+01,1.000000000000000000e+00,0.000000000000000000e+00,5.211831136494026184e-01
1.775000000000001421e+01,2.650681615866868901e-01,5.156579187289833666e-01,7.543733411028078706e+01,1.000000000000000000e+00,0.000000000000000000e+00,5.156471272387235238e-01
1.800000000000000000e+01,2.644756281100414941e-01,5.101466175274896875e-01,7.435051729372815998e+01,1.000000000000000000e+00,0.000000000000000000e+00,5.101359962822070715e-01
1.825000000000001066e+01,2.638907507176368461e-01,5.046597988287089276e-01,7.327973105139666643e+01,1.000000000000000000e+00,0.000000000000000000e+00,5.046493453139697660e-01
1.849999999999999289e+01,2.633134565303746899e-01,4.992178876218757999e-01,7.222440377202093487e+01,1.000000000000000000e+00,0.000000000000000000e+00,4.991868040524323202e-01
1.875000000000000355e+01,2.627436261940801487e-01,4.938065325284050067e-01,7.115609560992973570e+01,1.000000000000000000e+00,0.000000000000000000e+00,4.938032722566683685e-01
1.900000000000001421e+01,2.621812220089365653e-01,4.883975899394492615e-01,7.009487247038488533e+01,1.000000000000000000e+00,0.000000000000000000e+00,4.883876234345321254e-01
1.925000000000000000e+01,2.616261906862230036e-01,4.830048153833860769e-01,6.904955337240636482e+01,1.000000000000000000e+00,0.000000000000000000e+00,4.829950070961129827e-01
1.950000000000000711e+01,2.610784644323247972e-01,4.776347249119676230e-01,6.801956757288624544e+01,1.000000000000000000e+00,0.000000000000000000e+00,4.776250725824226495e-01
1.974999999999999289e+01,2.605379766711654055e-01,4.722869724823560711e-01,6.700437306191238918e+01,1.000000000000000000e+00,0.000000000000000000e+00,4.722774738982705722e-01
2.000000000000000355e+01,2.600046620225800464e-01,4.669689405799123394e-01,6.600345475966132369e+01,1.000000000000000000e+00,0.000000000000000000e+00,4.669518696147892944e-01
2.025000000000001421e+01,2.594784387557871885e-01,4.616924820008446173e-01,6.500751106050138617e+01,1.000000000000000000e+00,0.000000000000000000e+00,4.617033572886234394e-01
2.049999999999999645e+01,2.589592163943596481e-01,4.564295653880281467e-01,6.400327886601068883e+01,1.000000000000000000e+00,0.000000000000000000e+00,4.564205136944199381e-01
2.075000000000000711e+01,2.584469784667696168e-01,4.511675764060013583e-01,6.301365709121220959e+01,1.000000000000000000e+00,0.000000000000000000e+00,4.511586700854424703e-01
2.100000000000001776e+01,2.579416641601878224e-01,4.459262652591010068e-01,6.203813474864548994e+01,1.000000000000000000e+00,0.000000000000000000e+00,4.459175023218538980e-01
2.125000000000000000e+01,2.574432137572991164e-01,4.407053118766944277e-01,6.107622611055831641e+01,1.000000000000000000e+00,0.000000000000000000e+00,4.406966903746453723e-01
2.150000000000001066e+01,2.569515686176047642e-01,4.355044002141938431e-01,6.012746915384679625e+01,1.000000000000000000e+00,0.000000000000000000e+00,4.354959182401373918e-01
2.174999999999999645e+01,2.564666711591714887e-01,4.303405061048696245e-01,5.919142412048510238e+01,1.000000000000000000e+00,0.000000000000000000e+00,4.303148738562993514e-01
2.200000000000000711e+01,2.559884261487910817e-01,4.252091431398329902e-01,5.825138403575702739e+01,1.000000000000000000e+00,0.000000000000000000e+00,4.252141394614483150e-01
2.225000000000001421e+01,2.555167877623360506e-01,4.200794816145962951e-01,5.731216055790861930e+01,1.000000000000000000e+00,0.000000000000000000e+00,4.200714056027120558e-01
2.250000000000000000e+01,2.550517309797994403e-01,4.149554333815270168e-01,5.638603195931465706e+01,1.000000000000000000e+00,0.000000000000000000e+00,4.149474896805265822e-01
2.275000000000001066e+01,2.545932022691038132e-01,4.098499076609233294e-01,5.547255675577243750e+01,1.000000000000000000e+00,0.000000000000000000e+00,4.098420945547850969e-01
2.299999999999999289e+01,2.541411490719534538e-01,4.047626108263288058e-01,5.457131472126022942e+01,1.000000000000000000e+00,0.000000000000000000e+00,4.047549266350154440e-01
2.325000000000000355e+01,2.536955197880296220e-01,3.996932527279413172e-01,5.368190561544076900e+01,1.000000000000000000e+00,0.000000000000000000e+00,3.996856958065704846e-01
2.350000000000001421e+01,2.532562637595594524e-01,3.946643985756465578e-01,5.280394800316688020e+01,1.000000000000000000e+00,0.000000000000000000e+00,3.946341153583239891e-01
2.375000000000000000e+01,2.528232807516503367e-01,3.896645900263905893e-01,5.191936747376055905e+01,1.000000000000000000e+00,0.000000000000000000e+00,3.896690365855310367e-01
2.400000000000000711e+01,2.523965470327739768e-01,3.846588631762922206e-01,5.103776919490303499e+01,1.000000000000000000e+00,0.000000000000000000e+00,3.846516768620956150e-01
2.424999999999999289e+01,2.519760406086911098e-01,3.796581961579191256e-01,5.016808327044115146e+01,1.000000000000000000e+00,0.000000000000000000e+00,3.796511308931407314e-01
2.450000000000000355e+01,2.515617144337108368e-01,3.746740705394794313e-01,4.930992018454695369e+01,1.000000000000000000e+00,0.000000000000000000e+00,3.746671248445490598e-01
2.475000000000001421e+01,2.511535223330016442e-01,3.697062155194496547e-01,4.846290881696666730e+01,1.000000000000000000e+00,0.000000000000000000e+00,3.696993879461955013e-01
2.499999999999999645e+01,2.507514189892190437e-01,3.647543632971443350e-01,4.762669536528253644e+01,1.000000000000000000e+00,0.000000000000000000e+00,3.647476524278110976e-01
2.525000000000000711e+01,2.503553599294481291e-01,3.598429354727486484e-01,4.680094234358561778e+01,1.000000000000000000e+00,0.000000000000000000e+00,3.598116534560866220e-01
2.550000000000001776e+01,2.499652475783930572e-01,3.549614844734598762e-01,4.596968124951576584e+01,1.000000000000000000e+00,0.000000000000000000e+00,3.549695907582534615e-01
2.575000000000000000e+01,2.495810617516308338e-01,3.500704116032496427e-01,4.514026874399633726e+01,1.000000000000000000e+00,0.000000000000000000e+00,3.500640408481399679e-01
2.600000000000001066e+01,2.492027922478410040e-01,3.451797134759415076e-01,4.432182854284403817e+01,1.000000000000000000e+00,0.000000000000000000e+00,3.451734540687589892e-01
2.624999999999999645e+01,2.488303978357496171e-01,3.403037260197656622e-01,4.351401074534540214e+01,1.000000000000000000e+00,0.000000000000000000e+00,3.402975766867862295e-01
2.650000000000000711e+01,2.484638380678812764e-01,3.354421981150954579e-01,4.271648176102520011e+01,1.000000000000000000e+00,0.000000000000000000e+00,3.354361576097938946e-01
2.675000000000001421e+01,2.481030732692466600e-01,3.305948812274889237e-01,4.192892336915667073e+01,1.000000000000000000e+00,0.000000000000000000e+00,3.305889483301314158e-01
2.700000000000000000e+01,2.477480645262987446e-01,3.257861668752544682e-01,4.115103184412726733e+01,1.000000000000000000e+00,0.000000000000000000e+00,3.257557028698319646e-01
2.725000000000001066e+01,2.473987204095883241e-01,3.210114192241029785e-01,4.036984808737152264e+01,1.000000000000000000e+00,0.000000000000000000e+00,3.210260537596737462e-01
2.749999999999999289e+01,2.470550133537008086e-01,3.162253774008921270e-01,3.958846017570532183e+01,1.000000000000000000e+00,0.000000000000000000e+00,3.162197583353751895e-01
2.775000000000000355e+01,2.467169506047223460e-01,3.114322239328973230e-01,3.881729431798159879e+01,1.000000000000000000e+00,0.000000000000000000e+00,3.114267078748663709e-01
2.800000000000001421e+01,2.463844961772024278e-01,3.066520800888693499e-01,3.805603079766688523e+01,1.000000000000000000e+00,0.000000000000000000e+00,3.066466659447976695e-01
2.825000000000000000e+01,2.460576147959029902e-01,3.018847116811795295e-01,3.730436470643175539e+01,1.000000000000000000e+00,0.000000000000000000e+00,3.018793983814860860e-01
2.850000000000000711e+01,2.457362718862434459e-01,2.971298867427176749e-01,3.656200509958622291e+01,1.000000000000000000e+00,0.000000000000000000e+00,2.971246732414353775e-01
2.874999999999999289e+01,2.454204335649759761e-01,2.924134429357673759e-01,3.582867421041618883e+01,1.000000000000000000e+00,0.000000000000000000e+00,2.923822607527126194e-01
2.900000000000000355e+01,2.451100108024830138e-01,2.877348436329850156e-01,3.509334567115070058e+01,1.000000000000000000e+00,0.000000000000000000e+00,2.877557114824713658e-01
2.925000000000001421e+01,2.448049720839516330e-01,2.830419076009959567e-01,3.435693870512102421e+01,1.000000000000000000e+00,0.000000000000000000e+00,2.830369853328380536e-01
2.949999999999999645e+01,2.445053409046502313e-01,2.783347263681155148e-01,3.363014998747211592e+01,1.000000000000000000e+00,0.000000000000000000e+00,2.783298999629898463e-01
2.975000000000000711e+01,2.442110860443987563e-01,2.736389652507723036e-01,3.291268283943600892e+01,1.000000000000000000e+00,0.000000000000000000e+00,2.736342337741503594e-01
3.000000000000001776e+01,2.439221769311790411e-01,2.689544045702533248e-01,3.220425433581773689e+01,1.000000000000000000e+00,0.000000000000000000e+00,2.689497671089802755e-01
3.025000000000000000e+01,2.436385836330909049e-01,2.642808265458024275e-01,3.150459452660179593e+01,1.000000000000000000e+00,0.000000000000000000e+00,2.642762822075991891e-01
3.050000000000001066e+01,2.433602768505081781e-01,2.596519313694133912e-01,3.081344571324187598e+01,1.000000000000000000e+00,0.000000000000000000e+00,2.596135631643129438e-01
3.074999999999999645e+01,2.430871558801235011e-01,2.550592510979399208e-01,3.011947647301412800e+01,1.000000000000000000e+00,0.000000000000000000e+00,2.550806633076918573e-01
3.100000000000000711e+01,2.428192105760179631e-01,2.504428451794744603e-01,2.942620842348368271e+01,1.000000000000000000e+00,0.000000000000000000e+00,2.504385727473088519e-01
3.125000000000001421e+01,2.425564681534035372e-01,2.458107990688266631e-01,2.874204913264326322e+01,1.000000000000000000e+00,0.000000000000000000e+00,2.458066164142067300e-01
3.150000000000000000e+01,2.422989017525514210e-01,2.411886790273480297e-01,2.806672051245582011e+01,1.000000000000000000e+00,0.000000000000000000e+00,2.411845853573806042e-01
3.175000000000001066e+01,2.420464851097996750e-01,2.365762777338225042e-01,2.739995748040094270e+01,1.000000000000000000e+00,0.000000000000000000e+00,2.365722722746156081e-01
3.199999999999999289e+01,2.417991925508225504e-01,2.319733894765275972e-01,2.674150723054836476e+01,1.000000000000000000e+00,0.000000000000000000e+00,2.319694714730544394e-01
3.225000000000000711e+01,2.415569989840729570e-01,2.274329845890108448e-01,2.609112855718918311e+01,1.000000000000000000e+00,0.000000000000000000e+00,2.273759788303401363e-01
3.250000000000001421e+01,2.413197678035358118e-01,2.229174370708351116e-01,2.543507701940026422e+01,1.000000000000000000e+00,0.000000000000000000e+00,2.229294993555300253e-01
3.275000000000000000e+01,2.410875544227941425e-01,2.183574140993383983e-01,2.478380789262003958e+01,1.000000000000000000e+00,0.000000000000000000e+00,2.183537515579041244e-01
3.300000000000000711e+01,2.408603687395674542e-01,2.137902924885858591e-01,2.414120767265317369e+01,1.000000000000000000e+00,0.000000000000000000e+00,2.137867145852313799e-01
3.324999999999999289e+01,2.406381879151791858e-01,2.092316841084905787e-01,2.350701393457525157e+01,1.000000000000000000e+00,0.000000000000000000e+00,2.092281901774631081e-01
3.350000000000000000e+01,2.404209896636024246e-01,2.046813920672523046e-01,2.288097678301653914e+01,1.000000000000000000e+00,0.000000000000000000e+00,2.046779814600360459e-01
3.375000000000001421e+01,2.402087522458791757e-01,2.001487933879553816e-01,2.226285816628967851e+01,1.000000000000000000e+00,0.000000000000000000e+00,2.001358929081692994e-01
3.400000000000000000e+01,2.400014343985216736e-01,1.956948074435395368e-01,2.165050678024860886e+01,1.000000000000000000e+00,0.000000000000000000e+00,1.957624863016773631e-01
3.425000000000000711e+01,2.397988875499981465e-01,1.912389528591237342e-01,2.103214767257080808e+01,1.000000000000000000e+00,0.000000000000000000e+00,1.912357856201131190e-01
3.450000000000001421e+01,2.396012401037449224e-01,1.867197193803234456e-01,2.042233099004698005e+01,1.000000000000000000e+00,0.000000000000000000e+00,1.867166330592152090e-01
3.475000000000000000e+01,2.394084724383132301e-01,1.822078440726443149e-01,1.982079569974172628e+01,1.000000000000000000e+00,0.000000000000000000e+00,1.822048381031415032e-01
3.500000000000001421e+01,2.392205654538280823e-01,1.777031375835212146e-01,1.922729383281402704e+01,1.000000000000000000e+00,0.000000000000000000e+00,1.777002114153310164e-01
3.524999999999999289e+01,2.390375005672878694e-01,1.732054117069690424e-01,1.864158979469717892e+01,1.000000000000000000e+00,0.000000000000000000e+00,1.732025648054341394e-01
3.550000000000000711e+01,2.388592597080033963e-01,1.687728530337840038e-01,1.806345973778327263e+01,1.000000000000000000e+00,0.000000000000000000e+00,1.687117111966307259e-01
3.575000000000001421e+01,2.386857036367194262e-01,1.643827074994473336e-01,1.748401845213306771e+01,1.000000000000000000e+00,0.000000000000000000e+00,1.644159204023809828e-01
3.600000000000000000e+01,2.385168627414322728e-01,1.599404449035257969e-01,1.690744819676448074e+01,1.000000000000000000e+00,0.000000000000000000e+00,1.599378294884786778e-01
3.625000000000000711e+01,2.383527952317020249e-01,1.554685225338986454e-01,1.633906443403638775e+01,1.000000000000000000e+00,0.000000000000000000e+00,1.554659844203930830e-01
3.649999999999999289e+01,2.381934850229387446e-01,1.510026634864771733e-01,1.577862187350217127e+01,1.000000000000000000e+00,0.000000000000000000e+00,1.510002022152810153e-01
3.675000000000000711e+01,2.380389165222293879e-01,1.465426857206665878e-01,1.522588863920234914e+01,1.000000000000000000e+00,0.000000000000000000e+00,1.465403008472444257e-01
3.700000000000001421e+01,2.378890746245669041e-01,1.421187704623480819e-01,1.468064570595948126e+01,1.000000000000000000e+00,0.000000000000000000e+00,1.420860992167634895e-01
3.725000000000000000e+01,2.377438816777837360e-01,1.377795316465077469e-01,1.413932206820264703e+01,1.000000000000000000e+00,0.000000000000000000e+00,1.378566404208486362e-01
3.750000000000000711e+01,2.376032224994386599e-01,1.334152013029456796e-01,1.359711302256097731e+01,1.000000000000000000e+00,0.000000000000000000e+00,1.334130394042501166e-01
3.774999999999999289e+01,2.374672480231813654e-01,1.289766959821847525e-01,1.306301320049331594e+01,1.000000000000000000e+00,0.000000000000000000e+00,1.289746088659842749e-01
3.800000000000000000e+01,2.373359450375182866e-01,1.245431837808995412e-01,1.253678619747245904e+01,1.000000000000000000e+00,0.000000000000000000e+00,1.245411710733409921e-01
3.825000000000001421e+01,2.372093008020088878e-01,1.201144877319799825e-01,1.201821126582903254e+01,1.000000000000000000e+00,0.000000000000000000e+00,1.201125490730581280e-01
3.850000000000000000e+01,2.370873030442228746e-01,1.157016644960387336e-01,1.150708307256089213e+01,1.000000000000000000e+00,0.000000000000000000e+00,1.156885666624573733e-01
3.875000000000000711e+01,2.369699167162506170e-01,1.114041700698232135e-01,1.100232404197693370e+01,1.000000000000000000e+00,0.000000000000000000e+00,1.115134541248902350e-01
3.900000000000001421e+01,2.368569244969054299e-01,1.070997149552124772e-01,1.049652001667136858e+01,1.000000000000000000e+00,0.000000000000000000e+00,1.070979923853976196e-01
3.925000000000000000e+01,2.367485451831781440e-01,1.026883052712719291e-01,9.998760382832259097e+00,1.000000000000000000e+00,1.000000000000000000e+00,1.026866554628780154e-01
3.950000000000001421e+01,2.366447683216434394e-01,9.828084717874530085e-02,9.508840730976489297e+00,1.000000000000000000e+00,1.000000000000000000e+00,9.827926983868402744e-02
3.974999999999999289e+01,2.365455839135286176e-01,9.387716775720904294e-02,9.026578801693164067e+00,1.000000000000000000e+00,1.000000000000000000e+00,9.387566260553158182e-02
4.000000000000000711e+01,2.364509824123496584e-01,8.948454818772751118e-02,8.551815853101009779e+00,1.000000000000000000e+00,1.000000000000000000e+00,8.947566143997918997e-02
4.025000000000001421e+01,2.363609393418906468e-01,8.522194742201467943e-02,8.084026529400002659e+00,1.000000000000000000e+00,1.000000000000000000e+00,8.534735387157987851e-02
4.050000000000000000e+01,2.362752003589733418e-01,8.095515028726840701e-02,7.617390535313151467e+00,1.000000000000000000e+00,1.000000000000000000e+00,8.095385579882828642e-02
4.075000000000000711e+01,2.361940187194925544e-01,7.656468373733923971e-02,7.158954877570979036e+00,1.000000000000000000e+00,1.000000000000000000e+00,7.656346046138814976e-02
4.099999999999999289e+01,2.361173866378092900e-01,7.217714985096534974e-02,6.708629732231254472e+00,1.000000000000000000e+00,1.000000000000000000e+00,7.217599757146943296e-02
4.125000000000000711e+01,2.360452967704885774e-01,6.779237877811702950e-02,6.266377348639603717e+00,1.000000000000000000e+00,1.000000000000000000e+00,6.779129729186388065e-02
4.150000000000001421e+01,2.359777422145773462e-01,6.343304331429558407e-02,5.832223985554519707e+00,1.000000000000000000e+00,1.000000000000000000e+00,6.340919020944028872e-02
4.175000000000000000e+01,2.359146694671311884e-01,5.919945660299435336e-02,5.405569176707786916e+00,1.000000000000000000e+00,1.000000000000000000e+00,5.932196244498506160e-02
4.200000000000000711e+01,2.358558656963083144e-01,5.494526456708982015e-02,4.984050876635521377e+00,1.000000000000000000e+00,1.000000000000000000e+00,5.494438967925591166e-02
4.224999999999999289e+01,2.358015794363251261e-01,5.056972015546901122e-02,4.572205371451385503e+00,1.000000000000000000e+00,1.000000000000000000e+00,5.056891538345313630e-02
4.250000000000000000e+01,2.357518055021225467e-01,4.619610635546247263e-02,4.170540762332366036e+00,1.000000000000000000e+00,1.000000000000000000e+00,4.619537155778483117e-02
4.275000000000001421e+01,2.357065391421444556e-01,4.182425545000209577e-02,3.779854582882753000e+00,1.000000000000000000e+00,1.000000000000000000e+00,4.182359049762814779e-02
4.300000000000000000e+01,2.356657760372291854e-01,3.751407685982037499e-02,3.401366735356690985e+00,1.000000000000000000e+00,1.000000000000000000e+00,3.745340476771516491e-02
4.325000000000000711e+01,2.356293887472059312e-01,3.330304684336233417e-02,3.036127365655362897e+00,1.000000000000000000e+00,1.000000000000000000e+00,3.340029106573268181e-02
4.350000000000001421e+01,2.355972965031534749e-01,2.903317018911187944e-02,2.687027153036282368e+00,1.000000000000000000e+00,1.000000000000000000e+00,2.903270909966314955e-02
4.375000000000000000e+01,2.355696972964254343e-01,2.466662519526986383e-02,2.359936022815753986e+00,1.000000000000000000e+00,1.000000000000000000e+00,2.466623356308212528e-02
4.400000000000001421e+01,2.355465884974333735e-01,2.030102007398874864e-02,2.061508007847021151e+00,1.000000000000000000e+00,1.000000000000000000e+00,2.030069783043638235e-02
4.424999999999999289e+01,2.355279679049930852e-01,1.593618833087375591e-02,1.801888646283575257e+00,1.000000000000000000e+00,1.000000000000000000e+00,1.593593541945114225e-02
4.450000000000000711e+01,2.355138337458127507e-01,1.169493062171007326e-02,1.595701734356990142e+00,1.000000000000000000e+00,1.000000000000000000e+00,1.157177996571159308e-02
4.475000000000001421e+01,2.355039319465898895e-01,7.503630408257246434e-03,1.461108001973054904e+00,1.000000000000000000e+00,1.000000000000000000e+00,7.553029145937323156e-03
4.500000000000000000e+01,2.354984125884427293e-01,3.189623813388414719e-03,1.414417454265356033e+00,1.000000000000000000e+00,1.000000000000000000e+00,3.189573208015869521e-03
4.525000000000000711e+01,2.354973769145160545e-01,1.173779899732140582e-03,1.459659828772561729e+00,1.000000000000000000e+00,1.000000000000000000e+00,1.173761277184034784e-03
4.549999999999999289e+01,2.355008248262184523e-01,5.537228310246827302e-03,1.585108575513154427e+00,1.000000000000000000e+00,1.000000000000000000e+00,5.537140456528534017e-03
4.575000000000000711e+01,2.355087566517793940e-01,9.871201890737387949e-03,1.770549179219426561e+00,1.000000000000000000e+00,1.000000000000000000e+00,9.900730483694044834e-03
4.600000000000001421e+01,2.355211121362411342e-01,1.403226140621422272e-02,1.996480924181700534e+00,1.000000000000000000e+00,1.000000000000000000e+00,1.385879391608716912e-02
4.625000000000000000e+01,2.355375972910050408e-01,1.822353595004536780e-02,2.247351944295021831e+00,1.000000000000000000e+00,1.000000000000000000e+00,1.822324671072774599e-02
4.650000000000000711e+01,2.355585697632103237e-01,2.258875223396870219e-02,2.513954638845619538e+00,1.000000000000000000e+00,1.000000000000000000e+00,2.258839363441400225e-02
4.674999999999999289e+01,2.355840315503360816e-01,2.695482913277986656e-02,2.789983322211748717e+00,1.000000000000000000e+00,1.000000000000000000e+00,2.695440111015853096e-02
4.700000000000000000e+01,2.356139850780102629e-01,3.132193321287466553e-02,3.071361948204571757e+00,1.000000000000000000e+00,1.000000000000000000e+00,3.132143569215110890e-02
4.725000000000001421e+01,2.356484332005741034e-01,3.551655427571443618e-02,3.355423072106161975e+00,1.000000000000000000e+00,1.000000000000000000e+00,3.568966409119449928e-02
4.750000000000000000e+01,2.356870220489606649e-01,3.964174029305531088e-02,3.638090181147433988e+00,1.000000000000000000e+00,1.000000000000000000e+00,3.957037105277391026e-02
4.775000000000000711e+01,2.357299666380969771e-01,4.394200752782067426e-02,3.919047050963869960e+00,1.000000000000000000e+00,1.000000000000000000e+00,4.394130875396407010e-02
4.800000000000001421e+01,2.357774165601844718e-01,4.831469154826314311e-02,4.198370708067723278e+00,1.000000000000000000e+00,1.000000000000000000e+00,4.831392286810921866e-02
4.825000000000000000e+01,2.358293763437677992e-01,5.268921967926400163e-02,4.475534650948999271e+00,1.000000000000000000e+00,1.000000000000000000e+00,5.268838095774966424e-02
4.850000000000001421e+01,2.358858509503140577e-01,5.693409015613593027e-02,4.750181304780241476e+00,1.000000000000000000e+00,1.000000000000000000e+00,5.706485086727573763e-02
4.874999999999999289e+01,2.359465747344581255e-01,6.101515420923360467e-02,5.019673377659771951e+00,1.000000000000000000e+00,1.000000000000000000e+00,6.084837969451697276e-02
4.900000000000000711e+01,2.360114825131002514e-01,6.523008919912838544e-02,5.282884438981202635e+00,1.000000000000000000e+00,1.000000000000000000e+00,6.522904901216521056e-02
4.924999999999999289e+01,2.360809218904544315e-01,6.961332353487420521e-02,5.542635847426274687e+00,1.000000000000000000e+00,1.000000000000000000e+00,6.961221266763022164e-02
4.950000000000002842e+01,2.361548995128830986e-01,7.399922158168628639e-02,5.798908172962489616e+00,1.000000000000000000e+00,1.000000000000000000e+00,7.399803983833823373e-02
4.975000000000000711e+01,2.362334224662836213e-01,7.824946950488084751e-02,6.051708974587156398e+00,1.000000000000000000e+00,1.000000000000000000e+00,7.838670011035513141e-02
4.999999999999999289e+01,2.363162127906184018e-01,8.227497458478061354e-02,6.298082914892980888e+00,1.000000000000000000e+00,1.000000000000000000e+00,8.204624833603531286e-02
5.025000000000002842e+01,2.364030938676202620e-01,8.644192830935862326e-02,6.535889045953250154e+00,1.000000000000000000e+00,1.000000000000000000e+00,8.644054457477311215e-02
5.050000000000001421e+01,2.364945430224948131e-01,9.083961234094441173e-02,6.769990373764989577e+00,1.000000000000000000e+00,1.000000000000000000e+00,9.083815686135092438e-02
5.075000000000000000e+01,2.365905690428555253e-01,9.524078407681392522e-02,7.000476538638756629e+00,1.000000000000000000e+00,1.000000000000000000e+00,9.523925659439358427e-02
5.099999999999998579e+01,2.366911811648877983e-01,9.939938272158811705e-02,7.227438231743680497e+00,1.000000000000000000e+00,1.000000000000000000e+00,9.964401571029134208e-02
5.125000000000002132e+01,2.367958804768160452e-01,1.033616909217391494e-01,7.445180081983997056e+00,1.000000000000000000e+00,1.000000000000000000e+00,1.031602810543926912e-01
5.150000000000000000e+01,2.369047712653924720e-01,1.075737830942790907e-01,7.654685176649535627e+00,1.000000000000000000e+00,1.000000000000000000e+00,1.075720526912031932e-01
5.174999999999998579e+01,2.370182768094489245e-01,1.119897713246746085e-01,7.860710629682381878e+00,1.000000000000000000e+00,1.000000000000000000e+00,1.119879678199969669e-01
5.200000000000002132e+01,2.371364080704524147e-01,1.164100775964211076e-01,8.063368754362482349e+00,1.000000000000000000e+00,1.000000000000000000e+00,1.164082006688038073e-01
5.225000000000000711e+01,2.372591764699388817e-01,1.203463502415946934e-01,8.262766713902257365e+00,1.000000000000000000e+00,1.000000000000000000e+00,1.208329261356763801e-01
5.249999999999999289e+01,2.373855824092269140e-01,1.242786305367817729e-01,8.447140190267163007e+00,1.000000000000000000e+00,1.000000000000000000e+00,1.242679996861268954e-01
5.275000000000002842e+01,2.375166295959955653e-01,1.287032179824277311e-01,8.628160415088670376e+00,1.000000000000000000e+00,1.000000000000000000e+00,1.287011354643582683e-01
5.300000000000001421e+01,2.376523486074803571e-01,1.331414103335375465e-01,8.806147257243292614e+00,1.000000000000000000e+00,1.000000000000000000e+00,1.331392530564207421e-01
5.324999999999999289e+01,2.377927526292414329e-01,1.372491411566504338e-01,8.981205105370595021e+00,1.000000000000000000e+00,1.000000000000000000e+00,1.375825301461296168e-01
5.349999999999997868e+01,2.379371588618219291e-01,1.411697984146735863e-01,9.145305103355623189e+00,1.000000000000000000e+00,1.000000000000000000e+00,1.409755834525204254e-01
5.375000000000001421e+01,2.380858766694180229e-01,1.454307569259101485e-01,9.302058212773966162e+00,1.000000000000000000e+00,1.000000000000000000e+00,1.454283910471876606e-01
5.400000000000000000e+01,2.382393190693595231e-01,1.498892955014017037e-01,9.456225025249883842e+00,1.000000000000000000e+00,1.000000000000000000e+00,1.498868533335103170e-01
5.424999999999998579e+01,2.383975010508254389e-01,1.541016770549149262e-01,9.607894636306532732e+00,1.000000000000000000e+00,1.000000000000000000e+00,1.543511511845939710e-01
5.450000000000002132e+01,2.385599138411720332e-01,1.580259648976167774e-01,9.751187358148476036e+00,1.000000000000000000e+00,1.000000000000000000e+00,1.577300965164784852e-01
5.475000000000000711e+01,2.387264839261001859e-01,1.622077367703226580e-01,9.885316319959221332e+00,1.000000000000000000e+00,1.000000000000000000e+00,1.622050820240049651e-01
5.499999999999998579e+01,2.388978382310125437e-01,1.666891391964767377e-01,1.001735449286471891e+01,1.000000000000000000e+00,0.000000000000000000e+00,1.666864064286363023e-01
5.525000000000002132e+01,2.390739935973974772e-01,1.709519419943565932e-01,1.014736872885440988e+01,1.000000000000000000e+00,0.000000000000000000e+00,1.711742542132690392e-01
5.550000000000000711e+01,2.392544976903405174e-01,1.749009921664696765e-01,1.027029713702075675e+01,1.000000000000000000e+00,0.000000000000000000e+00,1.745786450986067662e-01
5.574999999999999289e+01,2.394391675192984459e-01,1.790813590556366297e-01,1.038421027893415172e+01,1.000000000000000000e+00,0.000000000000000000e+00,1.790784085163404926e-01
5.600000000000002842e+01,2.396286883540761914e-01,1.835882400080449672e-01,1.049651740860427473e+01,1.000000000000000000e+00,0.000000000000000000e+00,1.835852095006672569e-01
5.625000000000001421e+01,2.398230789480653435e-01,1.878589262235269841e-01,1.060726112782892905e+01,1.000000000000000000e+00,0.000000000000000000e+00,1.880992365893226215e-01
5.650000000000000000e+01,2.400218491285492639e-01,1.918294897635449969e-01,1.071121530071654071e+01,1.000000000000000000e+00,0.000000000000000000e+00,1.915198165713476175e-01
5.674999999999997868e+01,2.402248822679758367e-01,1.960502515006433966e-01,1.080725171466205126e+01,1.000000000000000000e+00,0.000000000000000000e+00,1.960469976236343115e-01
5.700000000000001421e+01,2.404328405574606697e-01,2.005852666203741530e-01,1.090212447040344479e+01,1.000000000000000000e+00,0.000000000000000000e+00,2.005819306060746543e-01
5.725000000000000000e+01,2.406457447279804207e-01,2.047867740225091382e-01,1.099585320072219474e+01,1.000000000000000000e+00,0.000000000000000000e+00,2.051248085733672899e-01
5.749999999999998579e+01,2.408628989855324531e-01,2.086760429071179423e-01,1.108150139498675024e+01,1.000000000000000000e+00,0.000000000000000000e+00,2.083533659327044818e-01
5.775000000000002132e+01,2.410843661855343878e-01,2.129138392153264725e-01,1.115982193827910862e+01,1.000000000000000000e+00,0.000000000000000000e+00,2.129102774958294697e-01
5.800000000000000711e+01,2.413108394657526024e-01,2.174793099222772641e-01,1.123742829413537159e+01,1.000000000000000000e+00,0.000000000000000000e+00,2.174756636939532972e-01
5.824999999999999289e+01,2.415423415834587195e-01,2.215037629255774965e-01,1.131431616406898755e+01,1.000000000000000000e+00,0.000000000000000000e+00,2.220497225181535805e-01
5.850000000000002842e+01,2.417777371851070889e-01,2.252494796736652649e-01,1.138004009624715351e+01,1.000000000000000000e+00,0.000000000000000000e+00,2.249592373167910442e-01
5.875000000000000711e+01,2.420175974396530372e-01,2.295517790888941534e-01,1.144002543101032288e+01,1.000000000000000000e+00,0.000000000000000000e+00,2.295479068704310288e-01
5.899999999999999289e+01,2.422625509928187648e-01,2.341497369287441066e-01,1.149978996062202263e+01,1.000000000000000000e+00,0.000000000000000000e+00,2.341457776449297479e-01
5.925000000000002842e+01,2.425126226672066898e-01,2.378020240167429411e-01,1.155930171332574474e+01,1.000000000000000000e+00,0.000000000000000000e+00,2.387530529505483279e-01
5.950000000000001421e+01,2.427658166173548848e-01,2.413568838414654472e-01,1.160179497295230355e+01,1.000000000000000000e+00,0.000000000000000000e+00,2.412462441078719599e-01
5.975000000000000000e+01,2.430239448055905027e-01,2.458725901871224861e-01,1.164278602968262177e+01,1.000000000000000000e+00,0.000000000000000000e+00,2.458684063388750229e-01
5.999999999999998579e+01,2.432872592724216465e-01,2.501275174237556631e-01,1.168411292580539751e+01,1.000000000000000000e+00,0.000000000000000000e+00,2.505004966255632848e-01
6.025000000000002132e+01,2.435549859983257015e-01,2.534020327728419009e-01,1.171954290138264376e+01,1.000000000000000000e+00,0.000000000000000000e+00,2.524115604945345037e-01
6.050000000000000000e+01,2.438258445667350338e-01,2.570624265900792182e-01,1.173964875461108903e+01,1.000000000000000000e+00,0.000000000000000000e+00,2.570580247901668169e-01
6.074999999999998579e+01,2.441019587753990028e-01,2.617194176393437544e-01,1.176085551015647113e+01,1.000000000000000000e+00,0.000000000000000000e+00,2.617149240578811042e-01
6.100000000000002132e+01,2.443833570313375392e-01,2.649723965521896818e-01,1.178304352461062976e+01,1.000000000000000000e+00,0.000000000000000000e+00,2.663824714149848338e-01
6.125000000000000711e+01,2.446670513907746036e-01,2.679231933904216989e-01,1.178529247922692313e+01,1.000000000000000000e+00,0.000000000000000000e+00,2.676070625310562057e-01
6.149999999999999289e+01,2.449554059525941851e-01,2.722930589193544582e-01,1.178488812490573956e+01,1.000000000000000000e+00,0.000000000000000000e+00,2.722883545236991498e-01
6.175000000000002842e+01,2.452491157012046119e-01,2.759097198871670042e-01,1.178635629978035482e+01,1.000000000000000000e+00,0.000000000000000000e+00,2.769807833366876304e-01
6.200000000000001421e+01,2.455459085637005101e-01,2.786496333752361831e-01,1.177507950033270667e+01,1.000000000000000000e+00,0.000000000000000000e+00,2.777610732358749002e-01
6.224999999999999289e+01,2.458462039857129133e-01,2.824716756385692862e-01,1.175461293842732502e+01,1.000000000000000000e+00,0.000000000000000000e+00,2.824667650212507319e-01
6.249999999999997868e+01,2.461519269282239353e-01,2.862389320794681558e-01,1.173694368510419039e+01,1.000000000000000000e+00,0.000000000000000000e+00,2.871840706659508635e-01
6.275000000000001421e+01,2.464610683377822520e-01,2.888346037477059758e-01,1.171029509197226304e+01,1.000000000000000000e+00,0.000000000000000000e+00,2.876521597409798514e-01
6.300000000000000000e+01,2.467731462014194910e-01,2.923876025308376758e-01,1.167282664803522430e+01,1.000000000000000000e+00,0.000000000000000000e+00,2.923824878004429584e-01
6.324999999999998579e+01,2.470907256109706740e-01,2.960350896601032789e-01,1.163899116555282554e+01,1.000000000000000000e+00,0.000000000000000000e+00,2.971249008739299535e-01
6.350000000000002132e+01,2.474114787778505520e-01,2.985305154039998854e-01,1.159656902180382154e+01,1.000000000000000000e+00,0.000000000000000000e+00,2.973670255114922445e-01
6.375000000000000711e+01,2.477352746240402415e-01,3.021277035793792365e-01,1.154578795227526911e+01,1.000000000000000000e+00,0.000000000000000000e+00,3.021223851587295228e-01
6.399999999999998579e+01,2.480646480885209670e-01,3.054101945192744250e-01,1.149930043472013175e+01,1.000000000000000000e+00,0.000000000000000000e+00,3.068902990132255648e-01
6.425000000000002842e+01,2.483964181940371552e-01,3.078683798671270067e-01,1.144238100566247240e+01,1.000000000000000000e+00,0.000000000000000000e+00,3.070304230347962182e-01
6.450000000000001421e+01,2.487320044233513050e-01,3.118170262372959578e-01,1.138228455548597395e+01,1.000000000000000000e+00,0.000000000000000000e+00,3.118115019400221621e-01
6.474999999999998579e+01,2.490732470513147001e-01,3.145224713881676903e-01,1.132690542350837148e+01,1.000000000000000000e+00,0.000000000000000000e+00,3.166056082962698248e-01
6.500000000000002842e+01,2.494156423272685386e-01,3.169715818762505188e-01,1.125800208366762334e+01,1.000000000000000000e+00,0.000000000000000000e+00,3.166979432794087557e-01
6.525000000000001421e+01,2.497631553775911950e-01,3.209812694648818132e-01,1.119212697629176567e+01,1.000000000000000000e+00,0.000000000000000000e+00,3.215055711488586931e-01
6.550000000000000000e+01,2.501152514028405771e-01,3.231622207332975893e-01,1.112701451249241380e+01,1.000000000000000000e+00,0.000000000000000000e+00,3.210581379361790444e-01
6.574999999999998579e+01,2.504685109968838308e-01,3.258838369326468309e-01,1.105085729813266582e+01,1.000000000000000000e+00,0.000000000000000000e+00,3.258780077676966536e-01
6.600000000000001421e+01,2.508275520302876149e-01,3.289627289864638371e-01,1.098026878155861219e+01,1.000000000000000000e+00,0.000000000000000000e+00,3.307116040564623827e-01
6.625000000000000000e+01,2.511885720268767774e-01,3.307798134255768296e-01,1.090268613947541709e+01,1.000000000000000000e+00,0.000000000000000000e+00,3.295055583736295479e-01
6.649999999999998579e+01,2.515526325658505868e-01,3.342953319347914953e-01,1.082227885151931268e+01,1.000000000000000000e+00,0.000000000000000000e+00,3.343496198080498916e-01
6.675000000000001421e+01,2.519224207633571910e-01,3.356560602287350648e-01,1.074719585920930953e+01,1.000000000000000000e+00,0.000000000000000000e+00,3.322328802004049786e-01
6.700000000000000000e+01,2.522905515535607268e-01,3.370909629687639519e-01,1.065672491246420428e+01,1.000000000000000000e+00,0.000000000000000000e+00,3.370848856572151719e-01
6.724999999999998579e+01,2.526645772161871251e-01,3.398822864524657650e-01,1.057268167765463396e+01,1.000000000000000000e+00,0.000000000000000000e+00,3.419511849873060338e-01
6.750000000000002842e+01,2.530399628971150561e-01,3.406996502416903549e-01,1.048315414458830475e+01,1.000000000000000000e+00,0.000000000000000000e+00,3.387169280368084734e-01
6.775000000000001421e+01,2.534169068606117459e-01,3.433249556835278327e-01,1.038954523325751467e+01,1.000000000000000000e+00,0.000000000000000000e+00,3.435880816970107721e-01
6.800000000000000000e+01,2.537992190679601578e-01,3.435039915143177081e-01,1.030113865367325410e+01,1.000000000000000000e+00,0.000000000000000000e+00,3.390869017041263089e-01
6.825000000000002842e+01,2.541777049990955328e-01,3.439653909635557172e-01,1.019789634512030396e+01,1.000000000000000000e+00,0.000000000000000000e+00,3.439591590565309609e-01
6.850000000000001421e+01,2.545621752090339585e-01,3.453689114649582392e-01,1.010197082649663081e+01,1.000000000000000000e+00,0.000000000000000000e+00,3.488460630996593204e-01
6.875000000000000000e+01,2.549449330750485077e-01,3.449255858641536165e-01,9.997873699171293538e+00,1.000000000000000000e+00,1.000000000000000000e+00,3.430689815677046561e-01
6.899999999999998579e+01,2.553295705665221127e-01,3.462095886897687547e-01,9.893613450244863827e+00,1.000000000000000000e+00,1.000000000000000000e+00,3.479531940753516905e-01
6.925000000000001421e+01,2.557163471858032722e-01,3.450891701582317617e-01,9.789980563655561241e+00,1.000000000000000000e+00,1.000000000000000000e+00,3.408390701796664146e-01
6.950000000000000000e+01,2.560996529599913751e-01,3.457228425614141121e-01,9.678136675040883929e+00,1.000000000000000000e+00,1.000000000000000000e+00,3.457165708354525413e-01
6.974999999999998579e+01,2.564890000823408234e-01,3.440410314632341149e-01,9.574274466075026524e+00,1.000000000000000000e+00,1.000000000000000000e+00,3.506088089730266533e-01
7.000000000000002842e+01,2.568697161382674787e-01,3.421640753910098476e-01,9.456323584222447565e+00,1.000000000000000000e+00,1.000000000000000000e+00,3.419493419977119308e-01
7.025000000000000000e+01,2.572559988880585569e-01,3.416530969315468846e-01,9.346305117282220465e+00,1.000000000000000000e+00,1.000000000000000000e+00,3.468301790327874001e-01
7.049999999999998579e+01,2.576367212254768724e-01,3.389423537849788892e-01,9.229089416842853666e+00,1.000000000000000000e+00,1.000000000000000000e+00,3.365277399523081692e-01
7.075000000000002842e+01,2.580180445173851367e-01,3.377692312560998111e-01,9.113772162255257214e+00,1.000000000000000000e+00,1.000000000000000000e+00,3.413923874595746755e-01
7.100000000000001421e+01,2.583972533038207953e-01,3.340712014602055802e-01,8.997433369511378842e+00,1.000000000000000000e+00,1.000000000000000000e+00,3.291462810259485616e-01
7.125000000000000000e+01,2.587713555081668781e-01,3.321415052756188646e-01,8.877542653405832596e+00,1.000000000000000000e+00,1.000000000000000000e+00,3.339893008329914981e-01
7.149999999999998579e+01,2.591472972710301970e-01,3.273487547756803173e-01,8.762220750448923567e+00,1.000000000000000000e+00,1.000000000000000000e+00,3.195913634685358939e-01
7.175000000000001421e+01,2.595116503936373276e-01,3.244128934401125375e-01,8.638529504204042198e+00,1.000000000000000000e+00,1.000000000000000000e+00,3.244070964940556911e-01
7.200000000000000000e+01,2.598819842418776394e-01,3.184674871014050446e-01,8.524075781427407961e+00,1.000000000000000000e+00,1.000000000000000000e+00,3.292364822041527472e-01
7.224999999999998579e+01,2.602339022171380467e-01,3.124678981571098468e-01,8.397514043835602848e+00,1.000000000000000000e+00,1.000000000000000000e+00,3.123951883756838077e-01
7.250000000000001421e+01,2.605915892175499349e-01,3.070195146516597196e-01,8.280463029970690059e+00,1.000000000000000000e+00,1.000000000000000000e+00,3.171908988757983217e-01
7.275000000000000000e+01,2.609320924147738863e-01,2.996444434515574406e-01,8.155088141941215341e+00,1.000000000000000000e+00,1.000000000000000000e+00,2.976430318848831136e-01
7.299999999999998579e+01,2.612738982137337018e-01,2.925618339341396479e-01,8.036171906963449629e+00,1.000000000000000000e+00,1.000000000000000000e+00,3.023991147764831799e-01
7.325000000000002842e+01,2.615991465282717088e-01,2.837605680474135084e-01,7.911787455423528570e+00,1.000000000000000000e+00,1.000000000000000000e+00,2.800471813354502570e-01
7.350000000000001421e+01,2.619216904512285393e-01,2.747116988633163670e-01,7.791892952224661606e+00,1.000000000000000000e+00,1.000000000000000000e+00,2.847584911138701380e-01
7.374999999999998579e+01,2.622270544925623392e-01,2.644471213131543985e-01,7.668279253126526029e+00,1.000000000000000000e+00,1.000000000000000000e+00,2.595299142374581924e-01
7.400000000000002842e+01,2.625268413914924048e-01,2.533311208472853737e-01,7.548392241331335129e+00,1.000000000000000000e+00,1.000000000000000000e+00,2.641924418801777641e-01
7.425000000000001421e+01,2.628074307397082476e-01,2.418799942812387138e-01,7.425643456582798230e+00,1.000000000000000000e+00,1.000000000000000000e+00,2.366399901545157280e-01
7.450000000000000000e+01,2.630815756178578324e-01,2.289557411016189536e-01,7.307083428421671023e+00,1.000000000000000000e+00,1.000000000000000000e+00,2.412524445693200181e-01
7.474999999999998579e+01,2.633330718744275600e-01,2.164994822034623234e-01,7.185824943231781781e+00,1.000000000000000000e+00,1.000000000000000000e+00,2.117367800582930504e-01
7.500000000000001421e+01,2.635790945816660069e-01,2.021506470108793141e-01,7.069879149278754937e+00,1.000000000000000000e+00,1.000000000000000000e+00,2.162999664928512145e-01
7.525000000000000000e+01,2.637980510139125156e-01,1.888134816769528601e-01,6.951075198561099455e+00,1.000000000000000000e+00,1.000000000000000000e+00,1.850672743345041504e-01
7.549999999999998579e+01,2.640137568630314124e-01,1.733311994191455152e-01,6.838818450912242497e+00,1.000000000000000000e+00,1.000000000000000000e+00,1.895837165549643100e-01
7.575000000000001421e+01,2.641973982392153419e-01,1.590385976076456875e-01,6.723445280620733655e+00,1.000000000000000000e+00,1.000000000000000000e+00,1.564828677798314194e-01
7.600000000000000000e+01,2.643804294527459797e-01,1.427612784540757129e-01,6.615568847067725855e+00,1.000000000000000000e+00,1.000000000000000000e+00,1.609561177717794833e-01
7.624999999999998579e+01,2.645267705632125543e-01,1.275056831267697977e-01,6.504533508250748497e+00,1.000000000000000000e+00,1.000000000000000000e+00,1.259700628883481943e-01
7.650000000000002842e+01,2.646747675948623590e-01,1.101704545313159089e-01,6.401462792607437891e+00,1.000000000000000000e+00,1.000000000000000000e+00,1.304050910730450430e-01
7.675000000000001421e+01,2.647812338037575097e-01,9.326759621923180754e-02,6.295195956717656749e+00,1.000000000000000000e+00,1.000000000000000000e+00,9.216245474288389805e-02
7.700000000000000000e+01,2.648902765678679549e-01,7.473215885997556984e-02,6.196813848780038825e+00,1.000000000000000000e+00,1.000000000000000000e+00,9.656463778916482554e-02
7.725000000000002842e+01,2.649539849417746895e-01,5.592491547308262034e-02,6.095512705889894356e+00,1.000000000000000000e+00,1.000000000000000000e+00,5.454705716776925978e-02
7.750000000000001421e+01,2.650195839037489676e-01,3.643354201212353066e-02,6.001602485409214260e+00,1.000000000000000000e+00,1.000000000000000000e+00,5.892443247165121689e-02
7.775000000000000000e+01,2.650382459661140833e-01,1.586351744145372833e-02,5.905469688152606977e+00,1.000000000000000000e+00,1.000000000000000000e+00,1.340695346867506327e-02
7.799999999999998579e+01,2.650562745542058285e-01,4.534309913593274205e-03,5.815914938524664457e+00,1.000000000000000000e+00,1.000000000000000000e+00,1.777134389951348648e-02
7.825000000000001421e+01,2.650277578699263281e-01,2.698324146380453106e-02,5.725040116645109478e+00,1.000000000000000000e+00,1.000000000000000000e+00,3.149214706221223348e-02
7.850000000000000000e+01,2.649938676191227471e-01,4.828120398531445673e-02,5.639684337081067866e+00,1.000000000000000000e+00,1.000000000000000000e+00,2.712506895091089040e-02
7.874999999999998579e+01,2.649161072118315641e-01,7.275657661540177457e-02,5.554053808845365481e+00,1.000000000000000000e+00,1.000000000000000000e+00,8.045002743720047755e-02
7.900000000000002842e+01,2.648256668439974981e-01,9.582688946431468235e-02,5.472708466835878305e+00,1.000000000000000000e+00,1.000000000000000000e+00,7.605997715392989744e-02
7.925000000000000000e+01,2.646946474453388265e-01,1.240236552883304949e-01,5.391990292737304458e+00,1.000000000000000000e+00,1.000000000000000000e+00,1.368667180728513622e-01
7.949999999999998579e+01,2.645391850298882130e-01,1.490466579442012718e-01,5.314066429926485924e+00,1.000000000000000000e+00,1.000000000000000000e+00,1.324242838000474209e-01
7.975000000000002842e+01,2.643505672900545722e-01,1.815517146190443187e-01,5.237961976650996831e+00,1.000000000000000000e+00,1.000000000000000000e+00,2.019343924605513929e-01
8.000000000000001421e+01,2.641203644888301394e-01,2.082756520286598301e-01,5.162951387479193244e+00,1.000000000000000000e+00,1.000000000000000000e+00,1.973971129517970990e-01
8.025000000000000000e+01,2.638705158657136396e-01,2.457178154830586270e-01,5.091289669628532799e+00,1.000000000000000000e+00,1.000000000000000000e+00,2.769426852491772562e-01
8.050000000000002842e+01,2.635545489324320756e-01,2.735988926362613594e-01,5.018757848489181050e+00,1.000000000000000000e+00,1.000000000000000000e+00,2.722503476275916490e-01
8.075000000000001421e+01,2.632412528261847129e-01,3.159477421202159242e-01,4.951498656725978442e+00,1.000000000000000000e+00,1.000000000000000000e+00,3.618800639122928264e-01
8.100000000000000000e+01,2.628287495788833583e-01,3.569596099531813227e-01,4.881197392686792647e+00,1.000000000000000000e+00,1.000000000000000000e+00,3.569530807240116066e-01
8.124999999999998579e+01,2.624225254370867177e-01,3.901652896270281778e-01,4.816309250451872970e+00,1.000000000000000000e+00,1.000000000000000000e+00,3.520414213348636578e-01
8.150000000000001421e+01,2.619352443197530689e-01,4.361390303678209235e-01,4.750393740777834495e+00,1.000000000000000000e+00,1.000000000000000000e+00,4.489785182189512946e-01
8.175000000000000000e+01,2.614255917672106411e-01,4.627045642717998453e-01,4.687676977148644397e+00,1.000000000000000000e+00,1.000000000000000000e+00,4.437458467484163283e-01
8.199999999999998579e+01,2.608796446267553915e-01,5.041905785399924955e-01,4.627120590961510516e+00,1.000000000000000000e+00,1.000000000000000000e+00,5.321719851893681463e-01
8.225000000000002842e+01,2.602777492902299539e-01,5.265970087429570068e-01,4.567583294047421916e+00,1.000000000000000000e+00,1.000000000000000000e+00,5.265858740241485814e-01
8.250000000000001421e+01,2.596835575381131189e-01,5.598495410535411221e-01,4.512520321149421143e+00,1.000000000000000000e+00,1.000000000000000000e+00,5.210253741918879911e-01
8.274999999999998579e+01,2.590090369894079703e-01,5.944741020586787883e-01,4.457132962986044333e+00,1.000000000000000000e+00,1.000000000000000000e+00,5.958185970286462574e-01
8.300000000000002842e+01,2.583398794696944445e-01,6.030044653945473287e-01,4.405715618369993258e+00,1.000000000000000000e+00,1.000000000000000000e+00,5.899215883768244018e-01
8.325000000000001421e+01,2.576495991544262010e-01,6.296656501357081881e-01,4.356710074007237310e+00,1.000000000000000000e+00,1.000000000000000000e+00,6.493226643380496377e-01
8.350000000000000000e+01,2.569241285737516312e-01,6.431524313799393822e-01,4.309373168435237211e+00,1.000000000000000000e+00,1.000000000000000000e+00,6.431371627854890471e-01
8.374999999999998579e+01,2.562075961013509651e-01,6.538435829302018387e-01,4.265381138092762647e+00,1.000000000000000000e+00,1.000000000000000000e+00,6.369862800025787308e-01
8.400000000000001421e+01,2.554622434747750859e-01,6.725709967315245397e-01,4.223006541968219452e+00,1.000000000000000000e+00,1.000000000000000000e+00,6.806493824576224094e-01
8.425000000000000000e+01,2.547082143215649852e-01,6.743000038539379570e-01,4.182888867236765229e+00,1.000000000000000000e+00,1.000000000000000000e+00,6.742834690427886857e-01
8.449999999999998579e+01,2.539634441621708705e-01,6.832725169998044024e-01,4.145457071032754293e+00,1.000000000000000000e+00,1.000000000000000000e+00,6.679549045000248153e-01
8.475000000000001421e+01,2.531939121932642034e-01,6.969601931792388516e-01,4.109379465481714178e+00,1.000000000000000000e+00,1.000000000000000000e+00,7.016767164405751656e-01
8.500000000000000000e+01,2.524234871229815158e-01,6.952023707400448727e-01,4.075322137024275371e+00,1.000000000000000000e+00,1.000000000000000000e+00,6.951849445171326414e-01
8.524999999999998579e+01,2.516625131253948378e-01,7.052325445639178181e-01,4.043428241703063364e+00,1.000000000000000000e+00,1.000000000000000000e+00,6.887324369400807944e-01
8.550000000000002842e+01,2.508746767567463509e-01,7.245543609285711728e-01,4.012502108746105023e+00,1.000000000000000000e+00,1.000000000000000000e+00,7.339043583367805823e-01
8.575000000000001421e+01,2.500762502048498592e-01,7.272311284284074251e-01,3.982945967926963426e+00,1.000000000000000000e+00,1.000000000000000000e+00,7.272122686240855005e-01
8.600000000000000000e+01,2.492876206491660973e-01,7.298777619694786223e-01,3.955194661025519753e+00,1.000000000000000000e+00,1.000000000000000000e+00,7.205625136818356591e-01
8.625000000000002842e+01,2.484884413627992394e-01,7.564839393963576075e-01,3.928605036980598708e+00,1.000000000000000000e+00,1.000000000000000000e+00,7.806973733667298410e-01
8.650000000000001421e+01,2.476472073707877974e-01,7.737195455956704659e-01,3.902365385392736474e+00,1.000000000000000000e+00,1.000000000000000000e+00,7.736984524046081058e-01
8.675000000000000000e+01,2.468163331692872497e-01,7.667673753424188998e-01,3.877685949154933809e+00,1.000000000000000000e+00,1.000000000000000000e+00,7.667466280117363198e-01
8.699999999999998579e+01,2.459956833529267362e-01,7.859501364786313227e-01,3.854444880163125475e+00,1.000000000000000000e+00,1.000000000000000000e+00,7.598411643473973465e-01
8.725000000000001421e+01,2.451291204064323381e-01,8.192052437682323385e-01,3.831359762789222412e+00,1.000000000000000000e+00,1.000000000000000000e+00,8.334068718063775139e-01
8.750000000000000000e+01,2.442432762599104634e-01,8.260635089193959502e-01,3.809001305953580996e+00,1.000000000000000000e+00,1.000000000000000000e+00,8.260396718640932168e-01
8.774999999999998579e+01,2.433684282618114314e-01,8.187488268615689124e-01,3.787926379375496477e+00,1.000000000000000000e+00,1.000000000000000000e+00,8.187253884053532493e-01
8.800000000000002842e+01,2.425044255380260916e-01,8.435332936338434395e-01,3.768039699697390610e+00,1.000000000000000000e+00,1.000000000000000000e+00,8.114631778112860738e-01
8.825000000000000000e+01,2.415833006439197239e-01,8.821313060897462144e-01,3.748030690557483613e+00,1.000000000000000000e+00,1.000000000000000000e+00,8.960753894839081912e-01
8.849999999999998579e+01,2.406447057267454559e-01,8.882665554692001919e-01,3.728641464315710419e+00,1.000000000000000000e+00,1.000000000000000000e+00,8.882391202668892261e-01
8.875000000000002842e+01,2.397179220273412681e-01,8.804903230596368147e-01,3.710337936328872210e+00,1.000000000000000000e+00,1.000000000000000000e+00,8.804633585807790652e-01
8.900000000000001421e+01,2.388027785167242956e-01,8.895406034679392837e-01,3.693042640920216169e+00,1.000000000000000000e+00,1.000000000000000000e+00,8.727471136290404496e-01
8.925000000000000000e+01,2.378641662226655962e-01,9.296443940791375704e-01,3.676136128595591579e+00,1.000000000000000000e+00,1.000000000000000000e+00,9.611121692739540423e-01
8.950000000000002842e+01,2.368730631820134824e-01,9.527848683616817471e-01,3.659168908207790061e+00,1.000000000000000000e+00,1.000000000000000000e+00,9.527532859876219895e-01
8.975000000000001421e+01,2.358946575412209923e-01,9.444946387914354702e-01,3.643133234935338471e+00,1.000000000000000000e+00,1.000000000000000000e+00,9.444636140224462739e-01
9.000000000000000000e+01,2.349287555797724414e-01,9.362724646217391866e-01,3.627964837841996637e+00,1.000000000000000000e+00,1.000000000000000000e+00,9.362419855570480731e-01
9.024999999999998579e+01,2.339751677736808810e-01,9.488744082766876753e-01,3.613605052842504772e+00,1.000000000000000000e+00,1.000000000000000000e+00,9.280872570031459823e-01
9.050000000000001421e+01,2.329913262371626770e-01,9.820361194231324031e-01,3.599433130186511232e+00,1.000000000000000000e+00,1.000000000000000000e+00,1.002846389174864017e+00
9.075000000000000000e+01,2.319784596407114263e-01,9.941674195703200656e-01,3.585468724961652587e+00,1.000000000000000000e+00,1.000000000000000000e+00,9.941329406448434769e-01
9.099999999999998579e+01,2.309787397205219084e-01,9.855286176282886945e-01,3.572244016966468205e+00,1.000000000000000000e+00,1.000000000000000000e+00,9.854947591614903191e-01
9.125000000000002842e+01,2.299919594133577327e-01,9.769638005981398088e-01,3.559710650506048957e+00,1.000000000000000000e+00,1.000000000000000000e+00,9.769305489835190537e-01
9.150000000000001421e+01,2.290179162472660568e-01,9.706544631257341127e-01,3.547824217587458584e+00,1.000000000000000000e+00,1.000000000000000000e+00,9.684390420524684462e-01
9.174999999999998579e+01,2.280520498386009454e-01,9.957574099804759049e-01,3.536493446080225755e+00,1.000000000000000000e+00,1.000000000000000000e+00,1.027610516447711175e+00
9.200000000000002842e+01,2.270362299833050823e-01,1.018715872997774996e+00,3.525033455140428984e+00,1.000000000000000000e+00,1.000000000000000000e+00,1.018679584445423725e+00
9.225000000000001421e+01,2.260337038697084466e-01,1.009863322510873740e+00,3.514159249108364858e+00,1.000000000000000000e+00,1.000000000000000000e+00,1.009827694532950737e+00
9.250000000000000000e+01,2.250442582435961958e-01,1.001088451501997323e+00,3.503834471381144233e+00,1.000000000000000000e+00,1.000000000000000000e+00,1.001053469381516070e+00
9.274999999999998579e+01,2.240676846452640258e-01,9.923899121599789597e-01,3.494025539947722692e+00,1.000000000000000000e+00,1.000000000000000000e+00,9.923555615890944370e-01
9.300000000000001421e+01,2.231037792783677753e-01,9.837663857866518757e-01,3.484701384858440498e+00,1.000000000000000000e+00,1.000000000000000000e+00,9.837326528534985348e-01
9.325000000000000000e+01,2.221523428830849411e-01,1.000425904438235536e+00,3.475833215189096936e+00,1.000000000000000000e+00,1.000000000000000000e+00,9.751834531725541710e-01
9.349999999999998579e+01,2.211643086887309095e-01,1.018345122164457273e+00,3.466923955095686072e+00,1.000000000000000000e+00,1.000000000000000000e+00,1.019513437932765942e+00
9.375000000000001421e+01,2.201869136938492955e-01,1.010689886447365460e+00,3.458427932784480241e+00,1.000000000000000000e+00,1.000000000000000000e+00,1.010654197175251845e+00
9.400000000000000000e+01,2.192222748365898477e-01,1.001907791065153708e+00,3.450342624489639132e+00,1.000000000000000000e+00,1.000000000000000000e+00,1.001872749012563846e+00
9.424999999999998579e+01,2.182701887011850861e-01,9.932021524514509370e-01,3.442644354562313325e+00,1.000000000000000000e+00,1.000000000000000000e+00,9.931677432727373800e-01
9.450000000000002842e+01,2.173304564245155113e-01,9.845716492132239317e-01,3.435311075046687090e+00,1.000000000000000000e+00,1.000000000000000000e+00,9.845378589600001229e-01
9.475000000000001421e+01,2.164028835722157651e-01,9.779183753651110589e-01,3.428322226843036891e+00,1.000000000000000000e+00,1.000000000000000000e+00,9.759818034524507802e-01
9.500000000000000000e+01,2.154836855268532636e-01,9.897296214871448283e-01,3.421628506206511933e+00,1.000000000000000000e+00,1.000000000000000000e+00,1.008406268379222315e+00
9.525000000000002842e+01,2.145417466060588474e-01,9.996793308906591902e-01,3.414960378440633271e+00,1.000000000000000000e+00,1.000000000000000000e+00,9.996444516632481125e-01
9.550000000000001421e+01,2.136120559625300508e-01,9.909929875268388422e-01,3.408601044296478033e+00,1.000000000000000000e+00,1.000000000000000000e+00,9.909587375773315499e-01
9.575000000000000000e+01,2.126944198805212072e-01,9.823814469614929878e-01,3.402533543848833109e+00,1.000000000000000000e+00,1.000000000000000000e+00,9.823478124404898537e-01
9.599999999999998579e+01,2.117886489529862415e-01,9.738434233063292256e-01,3.396741992481001393e+00,1.000000000000000000e+00,1.000000000000000000e+00,9.738103907451201025e-01
9.625000000000001421e+01,2.108945579651535507e-01,9.653776580888496772e-01,3.391211496283188520e+00,1.000000000000000000e+00,1.000000000000000000e+00,9.653452143873252345e-01
9.650000000000000000e+01,2.100119657818846353e-01,9.569829195075564288e-01,3.385928075371626544e+00,1.000000000000000000e+00,1.000000000000000000e+00,9.569510519221539058e-01
9.674999999999998579e+01,2.091406952386714035e-01,9.549983087001507887e-01,3.380878594271925941e+00,1.000000000000000000e+00,1.000000000000000000e+00,9.486266978427931873e-01
9.700000000000002842e+01,2.082690013617243263e-01,9.618340415617055994e-01,3.375968398842851048e+00,1.000000000000000000e+00,1.000000000000000000e+00,9.707001888368675946e-01
9.725000000000000000e+01,2.073925715809242509e-01,9.622934066831131394e-01,3.371161572622086933e+00,1.000000000000000000e+00,1.000000000000000000e+00,9.622611755477832318e-01
9.749999999999998579e+01,2.065274027141152935e-01,9.539243910479097144e-01,3.366563772441999447e+00,1.000000000000000000e+00,1.000000000000000000e+00,9.538927314458336415e-01
9.775000000000002842e+01,2.056733216768036054e-01,9.456247606965525465e-01,3.362164058346146511e+00,1.000000000000000000e+00,1.000000000000000000e+00,9.455936603528104500e-01
9.800000000000001421e+01,2.048301591540736266e-01,9.373933441111472753e-01,3.357952113270843419e+00,1.000000000000000000e+00,1.000000000000000000e+00,9.373627910808637331e-01
9.825000000000000000e+01,2.039977495011914832e-01,9.292289941072057191e-01,3.353918199044045423e+00,1.000000000000000000e+00,1.000000000000000000e+00,9.291989767649061482e-01
9.850000000000002842e+01,2.031759306473662208e-01,9.211305871861724670e-01,3.350053116088270944e+00,1.000000000000000000e+00,1.000000000000000000e+00,9.211010942161276249e-01
9.875000000000001421e+01,2.023645440025511055e-01,9.130970229095355384e-01,3.346348166467127960e+00,1.000000000000000000e+00,1.000000000000000000e+00,9.130680432958285797e-01
9.900000000000000000e+01,2.015634343671734996e-01,9.153193243182939920e-01,3.342795119954673932e+00,1.000000000000000000e+00,1.000000000000000000e+00,9.050987463088145946e-01
9.924999999999998579e+01,2.007545222163032161e-01,9.189533149738660089e-01,3.339277591071556639e+00,1.000000000000000000e+00,1.000000000000000000e+00,9.202932963245069597e-01
9.950000000000001421e+01,1.999535074645772681e-01,9.122956103907374770e-01,3.335887961766824006e+00,1.000000000000000000e+00,1.000000000000000000e+00,9.122666816181552729e-01
9.975000000000000000e+01,1.991626361411646950e-01,9.043321412775271462e-01,3.332633683119905044e+00,1.000000000000000000e+00,1.000000000000000000e+00,9.043037140767136162e-01
9.999999999999998579e+01,1.983817584218498520e-01,8.964312760646030442e-01,3.329507806499210520e+00,1.000000000000000000e+00,1.000000000000000000e+00,8.964033400189731493e-01
1.002500000000000284e+02,1.976107276553971392e-01,8.885919820287799809e-01,3.326503737366172331e+00,1.000000000000000000e+00,1.000000000000000000e+00,8.885645269938549085e-01
1.005000000000000142e+02,1.968494002826489953e-01,8.808132471352112525e-01,3.323615212921700035e+00,1.000000000000000000e+00,1.000000000000000000e+00,8.807862632301033390e-01
1.007499999999999858e+02,1.960976357581135920e-01,8.730940795037717139e-01,3.320836281437582027e+00,1.000000000000000000e+00,1.000000000000000000e+00,8.730675571027992632e-01
1.010000000000000284e+02,1.953552964739556919e-01,8.654335068907759165e-01,3.318161283125954597e+00,1.000000000000000000e+00,1.000000000000000000e+00,8.654074366161229603e-01
1.012500000000000142e+02,1.946222476863050943e-01,8.614069190760756944e-01,3.315584832414394167e+00,1.000000000000000000e+00,1.000000000000000000e+00,8.578049489017705032e-01
1.015000000000000000e+02,1.938922833847905314e-01,8.630058588506919204e-01,3.313069865121615720e+00,1.000000000000000000e+00,1.000000000000000000e+00,8.686324951024823049e-01
1.017499999999999858e+02,1.931620164269607087e-01,8.610316176893685336e-01,3.310596021012891299e+00,1.000000000000000000e+00,1.000000000000000000e+00,8.610058045862896137e-01
1.020000000000000142e+02,1.924408797657659320e-01,8.534615798536310249e-01,3.308209514673182028e+00,1.000000000000000000e+00,1.000000000000000000e+00,8.534362045639670713e-01
1.022500000000000000e+02,1.917287442150361620e-01,8.459477176170226986e-01,3.305905738767526358e+00,1.000000000000000000e+00,1.000000000000000000e+00,8.459227713676509275e-01
1.024999999999999858e+02,1.910254832483553045e-01,8.384891249924381063e-01,3.303680298643093316e+00,1.000000000000000000e+00,1.000000000000000000e+00,8.384645992322526942e-01
1.027500000000000142e+02,1.903309729336139511e-01,8.310849134520217341e-01,3.301529000211354425e+00,1.000000000000000000e+00,1.000000000000000000e+00,8.310607998455271650e-01
1.030000000000000000e+02,1.896450918695133936e-01,8.237342114906237578e-01,3.299447838656873078e+00,1.000000000000000000e+00,1.000000000000000000e+00,8.237105019114379090e-01
1.032499999999999858e+02,1.889677211239537691e-01,8.164361642017905485e-01,3.297432987907458202e+00,1.000000000000000000e+00,1.000000000000000000e+00,8.164128507263551660e-01
1.035000000000000284e+02,1.882987441742423329e-01,8.091899328656126933e-01,3.295480790806276872e+00,1.000000000000000000e+00,1.000000000000000000e+00,8.091670077676643702e-01
1.037500000000000142e+02,1.876380468490602416e-01,8.019946945498144242e-01,3.293587749931769615e+00,1.000000000000000000e+00,1.000000000000000000e+00,8.019721502943518709e-01
1.040000000000000000e+02,1.869855172721257841e-01,8.006527376793759476e-01,3.291750519015954168e+00,1.000000000000000000e+00,1.000000000000000000e+00,7.948274709591476306e-01
1.042500000000000284e+02,1.863315765681546610e-01,8.005147391160220005e-01,3.289923215207969598e+00,1.000000000000000000e+00,1.000000000000000000e+00,8.016623733154040199e-01
1.045000000000000142e+02,1.856838404760934036e-01,7.945419991640796376e-01,3.288138801969333613e+00,1.000000000000000000e+00,1.000000000000000000e+00,7.945198443787071518e-01
1.047500000000000000e+02,1.850441029437609741e-01,7.874484561105100644e-01,3.286402944406229487e+00,1.000000000000000000e+00,1.000000000000000000e+00,7.874266673435338371e-01
1.049999999999999858e+02,1.844122573471637383e-01,7.804034948907467850e-01,3.284712743312732997e+00,1.000000000000000000e+00,1.000000000000000000e+00,7.803820651559363331e-01
1.052500000000000142e+02,1.837881991812372606e-01,7.734063525612613343e-01,3.283065419613666602e+00,1.000000000000000000e+00,1.000000000000000000e+00,7.733852750426057909e-01
1.055000000000000000e+02,1.831718260101565521e-01,7.664562801193377517e-01,3.281458308278060620e+00,1.000000000000000000e+00,1.000000000000000000e+00,7.664355481659610447e-01
1.057499999999999858e+02,1.825630374190663208e-01,7.595525421675972666e-01,3.279888852603737970e+00,1.000000000000000000e+00,1.000000000000000000e+00,7.595321492889635095e-01
1.060000000000000284e+02,1.819617349671869000e-01,7.526944165874994708e-01,3.278354598846842549e+00,1.000000000000000000e+00,1.000000000000000000e+00,7.526743564493614258e-01
1.062500000000000000e+02,1.813678221422490855e-01,7.458811942232577152e-01,3.276853191172226065e+00,1.000000000000000000e+00,1.000000000000000000e+00,7.458614606430432614e-01
1.064999999999999858e+02,1.807812043162142224e-01,7.391121785738445915e-01,3.275382366902497289e+00,1.000000000000000000e+00,1.000000000000000000e+00,7.390927655161849685e-01
1.067500000000000284e+02,1.802017887022393239e-01,7.329536186298428735e-01,3.273939952045308743e+00,1.000000000000000000e+00,1.000000000000000000e+00,7.323675870659324127e-01
1.070000000000000142e+02,1.796285927780230107e-01,7.315034081724692827e-01,3.272520361831809499e+00,1.000000000000000000e+00,1.000000000000000000e+00,7.362095214494094320e-01
1.072500000000000000e+02,1.790551167401941424e-01,7.295217249784391456e-01,3.271096884529238746e+00,1.000000000000000000e+00,1.000000000000000000e+00,7.295027594283688410e-01
1.075000000000000284e+02,1.784886781216503127e-01,7.228572172974782051e-01,3.269696940175619737e+00,1.000000000000000000e+00,1.000000000000000000e+00,7.228385582057296199e-01
1.077500000000000142e+02,1.779291888770723751e-01,7.162346207637638740e-01,3.268318626883420119e+00,1.000000000000000000e+00,1.000000000000000000e+00,7.162162625704807661e-01
1.080000000000000000e+02,1.773765626551954411e-01,7.096532914219800814e-01,3.266960114705430573e+00,1.000000000000000000e+00,1.000000000000000000e+00,7.096352286974733081e-01
1.082499999999999858e+02,1.768307147610108654e-01,7.031125964412385798e-01,3.265619642366964559e+00,1.000000000000000000e+00,1.000000000000000000e+00,7.030948238826433272e-01
1.085000000000000142e+02,1.762915621190059845e-01,6.966119138573317882e-01,3.264295514178209956e+00,1.000000000000000000e+00,1.000000000000000000e+00,6.965944262853654978e-01
1.087500000000000000e+02,1.757590232374093842e-01,6.901506323223310924e-01,3.262986097115228024e+00,1.000000000000000000e+00,1.000000000000000000e+00,6.901334246777192094e-01
1.089999999999999858e+02,1.752330181734091108e-01,6.837281508602365276e-01,3.261689818058961965e+00,1.000000000000000000e+00,1.000000000000000000e+00,6.837112182004355665e-01
1.092500000000000284e+02,1.747134684993155718e-01,6.773438786288775715e-01,3.260405161182360789e+00,1.000000000000000000e+00,1.000000000000000000e+00,6.773272161253355295e-01
1.095000000000000142e+02,1.742002972696380936e-01,6.709972346892253414e-01,3.259130665476419608e+00,1.000000000000000000e+00,1.000000000000000000e+00,6.709808376240438132e-01
1.097499999999999858e+02,1.736934289890469385e-01,6.646876477797722949e-01,3.257864922406618291e+00,1.000000000000000000e+00,1.000000000000000000e+00,6.646715115427744847e-01
1.100000000000000284e+02,1.731927895811950779e-01,6.589381617039012928e-01,3.256606573691790629e+00,1.000000000000000000e+00,1.000000000000000000e+00,6.583986761830205037e-01
1.102500000000000142e+02,1.726975149849365176e-01,6.569405881527328184e-01,3.255351647086859757e+00,1.000000000000000000e+00,1.000000000000000000e+00,6.606833915715764061e-01
1.105000000000000000e+02,1.722027340480400126e-01,6.544491637377087834e-01,3.254083007010059259e+00,1.000000000000000000e+00,1.000000000000000000e+00,6.544334443245092281e-01
1.107499999999999858e+02,1.717140399694220276e-01,6.482345594130496380e-01,3.252818685337263815e+00,1.000000000000000000e+00,1.000000000000000000e+00,6.482190891759521678e-01
1.110000000000000142e+02,1.712313625439731424e-01,6.420550136365368310e-01,3.251557481719358211e+00,1.000000000000000000e+00,1.000000000000000000e+00,6.420397883344046708e-01
1.112500000000000000e+02,1.707546328739301955e-01,6.359099972260912059e-01,3.250298237545957480e+00,1.000000000000000000e+00,1.000000000000000000e+00,6.358950127132401153e-01
1.114999999999999858e+02,1.702837833414560520e-01,6.297989895127841242e-01,3.249039834270074145e+00,1.000000000000000000e+00,1.000000000000000000e+00,6.297842417364130085e-01
1.117500000000000142e+02,1.698187475819395720e-01,6.237214781510245221e-01,3.247781191815760859e+00,1.000000000000000000e+00,1.000000000000000000e+00,6.237069631491247712e-01
1.120000000000000000e+02,1.693594604579932439e-01,6.176769589343765743e-01,3.246521267063970928e+00,1.000000000000000000e+00,1.000000000000000000e+00,6.176626728332816896e-01
1.122499999999999858e+02,1.689058580341276372e-01,6.116649356155737793e-01,3.245259052412209133e+00,1.000000000000000000e+00,1.000000000000000000e+00,6.116508746275962638e-01
1.125000000000000284e+02,1.684578775520834959e-01,6.056849197306957144e-01,3.243993574403817970e+00,1.000000000000000000e+00,1.000000000000000000e+00,6.056710801522084964e-01
1.127500000000000142e+02,1.680154574068018491e-01,5.997364304284262815e-01,3.242723892423022392e+00,1.000000000000000000e+00,1.000000000000000000e+00,5.997228086376836798e-01
1.130000000000000000e+02,1.675785371230127385e-01,5.938189943033154172e-01,3.241449097452087980e+00,1.000000000000000000e+00,1.000000000000000000e+00,5.938055867582476832e-01
1.132500000000000284e+02,1.671470573324256303e-01,5.879321452326549124e-01,3.240168310887181935e+00,1.000000000000000000e+00,1.000000000000000000e+00,5.879189484691510481e-01
1.135000000000000142e+02,1.667209597515037223e-01,5.820754242180919968e-01,3.238880683409753214e+00,1.000000000000000000e+00,1.000000000000000000e+00,5.820624348480329946e-01
1.137500000000000000e+02,1.663001871598045744e-01,5.799742005004594469e-01,3.237585393910409781e+00,1.000000000000000000e+00,1.000000000000000000e+00,5.762355939401559990e-01
1.139999999999999858e+02,1.658792763071842147e-01,5.788258302927284937e-01,3.236266295466152076e+00,1.000000000000000000e+00,1.000000000000000000e+00,5.797456380359711225e-01
1.142500000000000142e+02,1.654622963879813224e-01,5.739431586268741725e-01,3.234934715127691263e+00,1.000000000000000000e+00,1.000000000000000000e+00,5.739304534529813262e-01
1.145000000000000000e+02,1.650505420284151259e-01,5.681568271856516361e-01,3.233593770416580249e+00,1.000000000000000000e+00,1.000000000000000000e+00,5.681443215817514325e-01
1.147499999999999858e+02,1.646439586929445975e-01,5.623991157390575424e-01,3.232242726855048431e+00,1.000000000000000000e+00,1.000000000000000000e+00,5.623868065611399292e-01
1.150000000000000284e+02,1.642424928355461500e-01,5.566695948270116157e-01,3.230880874124760549e+00,1.000000000000000000e+00,1.000000000000000000e+00,5.566574789993994354e-01
1.152500000000000000e+02,1.638460918804399702e-01,5.509678413216902992e-01,3.229507525223679565e+00,1.000000000000000000e+00,1.000000000000000000e+00,5.509559158351871044e-01
1.154999999999999858e+02,1.634547042032983843e-01,5.452934382917187239e-01,3.228122015660429334e+00,1.000000000000000000e+00,1.000000000000000000e+00,5.452817002018678361e-01
1.157500000000000284e+02,1.630682791129252074e-01,5.396459748691324609e-01,3.226723702684259454e+00,1.000000000000000000e+00,1.000000000000000000e+00,5.396344212950482389e-01
1.160000000000000142e+02,1.626867668333911165e-01,5.340250461206027532e-01,3.225311964548779553e+00,1.000000000000000000e+00,1.000000000000000000e+00,5.340136742432288752e-01
1.162500000000000000e+02,1.623101184866126145e-01,5.284302529209332633e-01,3.223886199807789232e+00,1.000000000000000000e+00,1.000000000000000000e+00,5.284190599814795331e-01
1.165000000000000284e+02,1.619382860753631748e-01,5.228612018291586283e-01,3.222445826641572975e+00,1.000000000000000000e+00,1.000000000000000000e+00,5.228501851280721313e-01
1.167500000000000142e+02,1.615712224667043284e-01,5.173175049686720151e-01,3.220990282212177647e+00,1.000000000000000000e+00,1.000000000000000000e+00,5.173066618639746705e-01
1.170000000000000000e+02,1.612088813758239259e-01,5.117987799093085544e-01,3.219519022046219536e+00,1.000000000000000000e+00,1.000000000000000000e+00,5.117881078151187424e-01
1.172499999999999858e+02,1.608512173502729126e-01,5.063046495517800061e-01,3.218031519443888211e+00,1.000000000000000000e+00,1.000000000000000000e+00,5.062941459373796471e-01
1.175000000000000142e+02,1.604981857545878798e-01,5.010406660132602497e-01,3.216527264912875772e+00,1.000000000000000000e+00,1.000000000000000000e+00,5.008244044041789689e-01
1.177500000000000000e+02,1.601494543358955858e-01,5.007963189820598959e-01,3.215005075134899748e+00,1.000000000000000000e+00,1.000000000000000000e+00,5.058254549788727683e-01
1.179999999999999858e+02,1.597982890265916278e-01,5.003680911034186218e-01,3.213448663907882974e+00,1.000000000000000000e+00,1.000000000000000000e+00,5.003577675744783626e-01
1.182500000000000284e+02,1.594516894610537028e-01,4.949240628246116547e-01,3.211874615446818737e+00,1.000000000000000000e+00,1.000000000000000000e+00,4.949139026690931309e-01
1.185000000000000142e+02,1.591096128392444076e-01,4.895034981177124322e-01,3.210282471281197925e+00,1.000000000000000000e+00,1.000000000000000000e+00,4.894934989668938141e-01
1.187499999999999858e+02,1.587720171297681004e-01,4.841060405235808051e-01,3.208671788096439492e+00,1.000000000000000000e+00,1.000000000000000000e+00,4.840962000585869451e-01
1.190000000000000284e+02,1.584388610560255040e-01,4.787313383679361323e-01,3.207042137276141069e+00,1.000000000000000000e+00,1.000000000000000000e+00,4.787216543190079276e-01
1.192500000000000142e+02,1.581101040827039284e-01,4.733790446617043290e-01,3.205393104462940457e+00,1.000000000000000000e+00,1.000000000000000000e+00,4.733695148069969050e-01
1.195000000000000000e+02,1.577857064025929290e-01,4.680488170032036099e-01,3.203724289137129588e+00,1.000000000000000000e+00,1.000000000000000000e+00,4.680394391674776444e-01
1.197499999999999858e+02,1.574656289237187368e-01,4.627403174818642828e-01,3.202035304212215827e+00,1.000000000000000000e+00,1.000000000000000000e+00,4.627310895356989695e-01
1.200000000000000142e+02,1.571498332567881351e-01,4.574532125847083353e-01,3.200325775646641002e+00,1.000000000000000000e+00,1.000000000000000000e+00,4.574441324435627454e-01
1.202500000000000000e+02,1.568382817029338738e-01,4.521871731049343923e-01,3.198595342070949865e+00,1.000000000000000000e+00,1.000000000000000000e+00,4.521782387279933979e-01
1.204999999999999858e+02,1.565309372417536260e-01,4.469418740521198252e-01,3.196843654429690762e+00,1.000000000000000000e+00,1.000000000000000000e+00,4.469330834412763021e-01
1.207500000000000142e+02,1.562277635196356596e-01,4.417169945641175044e-01,3.195070375637410809e+00,1.000000000000000000e+00,1.000000000000000000e+00,4.417083457633331212e-01
1.210000000000000000e+02,1.559287248383635083e-01,4.365122178216026549e-01,3.193275180248106082e+00,1.000000000000000000e+00,1.000000000000000000e+00,4.365037089158695371e-01
1.212499999999999858e+02,1.556337861439918979e-01,4.313272309641020819e-01,3.191457754137541514e+00,1.000000000000000000e+00,1.000000000000000000e+00,4.313188600783356419e-01
1.215000000000000284e+02,1.553429130159881821e-01,4.261617250071282337e-01,3.189617794197882716e+00,1.000000000000000000e+00,1.000000000000000000e+00,4.261534903056710122e-01
1.217500000000000142e+02,1.550560716566324049e-01,4.210153947619985626e-01,3.187755008044089955e+00,1.000000000000000000e+00,1.000000000000000000e+00,4.210072944477732948e-01
1.220000000000000000e+02,1.547732288806684398e-01,4.199740194249859115e-01,3.185869113731587987e+00,1.000000000000000000e+00,1.000000000000000000e+00,4.158799710706382324e-01
1.222500000000000284e+02,1.544888332353665239e-01,4.204899108063412938e-01,3.183949223087647606e+00,1.000000000000000000e+00,1.000000000000000000e+00,4.220315703957659981e-01
1.225000000000000142e+02,1.542063372504316743e-01,4.169085030293175342e-01,3.182002099850242072e+00,1.000000000000000000e+00,1.000000000000000000e+00,4.169005090446501471e-01
1.227500000000000000e+02,1.539277977300721745e-01,4.117959441912125151e-01,3.180031553712217907e+00,1.000000000000000000e+00,1.000000000000000000e+00,4.117880814519590538e-01
1.229999999999999858e+02,1.536531826957488467e-01,4.067017258691217885e-01,3.178037333003218556e+00,1.000000000000000000e+00,1.000000000000000000e+00,4.066939926815160700e-01
1.232500000000000142e+02,1.533824607513390725e-01,4.016255565950725970e-01,3.176019195517703952e+00,1.000000000000000000e+00,1.000000000000000000e+00,4.016179513009551783e-01
1.235000000000000000e+02,1.531156010737280415e-01,3.965671483328360170e-01,3.173976908280370157e+00,1.000000000000000000e+00,1.000000000000000000e+00,3.965596693088498381e-01
1.237499999999999858e+02,1.528525734036225436e-01,3.915262164065821948e-01,3.171910247320336218e+00,1.000000000000000000e+00,1.000000000000000000e+00,3.915188620633076044e-01
1.240000000000000284e+02,1.525933480365818662e-01,3.865024794304552924e-01,3.169818997453762499e+00,1.000000000000000000e+00,1.000000000000000000e+00,3.864952482120046495e-01
1.242500000000000000e+02,1.523378958142612982e-01,3.814956592404307179e-01,3.167702952074538114e+00,1.000000000000000000e+00,1.000000000000000000e+00,3.814885496236212203e-01
1.244999999999999858e+02,1.520861881158612483e-01,3.765054808270322240e-01,3.165561912952716384e+00,1.000000000000000000e+00,1.000000000000000000e+00,3.764984913206227413e-01
1.247500000000000284e+02,1.518381968497796441e-01,3.715316722690204521e-01,3.163395690040382124e+00,1.000000000000000000e+00,1.000000000000000000e+00,3.715248014133750165e-01
1.250000000000000142e+02,1.515938944454607029e-01,3.665739646693075282e-01,3.161204101284660783e+00,1.000000000000000000e+00,1.000000000000000000e+00,3.665672110355479019e-01
1.252500000000000000e+02,1.513532538454363252e-01,3.616320920913492221e-01,3.158986972447575425e+00,1.000000000000000000e+00,1.000000000000000000e+00,3.616254542807617600e-01
1.255000000000000284e+02,1.511162484975557552e-01,3.567057914969122279e-01,3.156744136932489564e+00,1.000000000000000000e+00,1.000000000000000000e+00,3.566992681404645982e-01
1.257500000000000142e+02,1.508828523473987882e-01,3.517948026852188992e-01,3.154475435616871160e+00,1.000000000000000000e+00,1.000000000000000000e+00,3.517883924429975884e-01
1.260000000000000000e+02,1.506530398308683905e-01,3.468988682332715401e-01,3.152180716691134865e+00,1.000000000000000000e+00,1.000000000000000000e+00,3.468925697938077812e-01
1.262499999999999858e+02,1.504267858669584845e-01,3.420177334370698152e-01,3.149859835503329375e+00,1.000000000000000000e+00,1.000000000000000000e+00,3.420115455167967999e-01
1.265000000000000142e+02,1.502040658506933468e-01,3.371511462538283044e-01,3.147512654409434951e+00,1.000000000000000000e+00,1.000000000000000000e+00,3.371450675967616051e-01
1.267500000000000000e+02,1.499848556462344273e-01,3.368339746964768011e-01,3.145139042629076620e+00,1.000000000000000000e+00,1.000000000000000000e+00,3.322928866229058475e-01
1.269999999999999858e+02,1.497631957246479961e-01,3.379374959527255973e-01,3.142730130488397666e+00,1.000000000000000000e+00,1.000000000000000000e+00,3.393460994375857576e-01
1.272500000000000284e+02,1.495431948487099816e-01,3.344934970384698669e-01,3.140292199789956662e+00,1.000000000000000000e+00,1.000000000000000000e+00,3.344874776642756675e-01
1.275000000000000142e+02,1.493266781780822061e-01,3.296489294069641640e-01,3.137827899533446541e+00,1.000000000000000000e+00,1.000000000000000000e+00,3.296430174053888718e-01
1.277499999999999858e+02,1.491136223739863986e-01,3.248182789885428745e-01,3.135337118821755364e+00,1.000000000000000000e+00,1.000000000000000000e+00,3.248124731711277136e-01
1.280000000000000284e+02,1.489040045483237817e-01,3.200013027328170168e-01,3.132819753154020948e+00,1.000000000000000000e+00,1.000000000000000000e+00,3.199956019368285220e-01
1.282500000000000000e+02,1.486978022573692826e-01,3.151977600020107184e-01,3.130275704303596918e+00,1.000000000000000000e+00,1.000000000000000000e+00,3.151921630900378357e-01
1.285000000000000000e+02,1.484949934956157624e-01,3.104074125192610722e-01,3.127704880200388171e+00,1.000000000000000000e+00,1.000000000000000000e+00,3.104019183785244884e-01
1.287499999999999716e+02,1.482955566897658783e-01,3.056300243171191089e-01,3.125107194817417167e+00,1.000000000000000000e+00,1.000000000000000000e+00,3.056246318592216182e-01
1.290000000000000284e+02,1.480994706928684401e-01,3.008653616875053283e-01,3.122482568061445640e+00,1.000000000000000000e+00,1.000000000000000000e+00,3.008600698480589641e-01
1.292500000000000000e+02,1.479067147785954051e-01,2.961131931326864697e-01,3.119830925667530064e+00,1.000000000000000000e+00,1.000000000000000000e+00,2.961080008706715727e-01
1.294999999999999716e+02,1.477172686356570952e-01,2.913732893164825977e-01,3.117152199097349641e+00,1.000000000000000000e+00,1.000000000000000000e+00,2.913681956139488327e-01
1.297500000000000284e+02,1.475311123623529452e-01,2.866454230166092243e-01,3.114446325441188268e+00,1.000000000000000000e+00,1.000000000000000000e+00,2.866404268784176756e-01
1.300000000000000000e+02,1.473482264612543391e-01,2.819293690782008754e-01,3.111713247323442566e+00,1.000000000000000000e+00,1.000000000000000000e+00,2.819244695314295779e-01
1.302500000000000000e+02,1.471685918340169263e-01,2.772249043675229507e-01,3.108952912811521418e+00,1.000000000000000000e+00,1.000000000000000000e+00,2.772201004611219433e-01
1.305000000000000284e+02,1.469921897763203922e-01,2.725318077265524996e-01,3.106165275328037545e+00,1.000000000000000000e+00,1.000000000000000000e+00,2.725270985311499250e-01
1.307500000000000000e+02,1.468190019729323226e-01,2.678498599287679194e-01,3.103350293566169427e+00,1.000000000000000000e+00,1.000000000000000000e+00,2.678452445361579892e-01
1.310000000000000000e+02,1.466490104928938332e-01,2.631788436351849558e-01,3.100507931408078566e+00,1.000000000000000000e+00,1.000000000000000000e+00,2.631743211579666841e-01
1.312500000000000284e+02,1.464821977848249634e-01,2.585185433510773234e-01,3.097638157846305251e+00,1.000000000000000000e+00,1.000000000000000000e+00,2.585141129224667877e-01
1.315000000000000000e+02,1.463185466723470607e-01,2.538687453837775720e-01,3.094740946908018930e+00,1.000000000000000000e+00,1.000000000000000000e+00,2.538644061571984079e-01
1.317500000000000000e+02,1.461580403496197667e-01,2.497608185472219577e-01,3.091816277582037031e+00,1.000000000000000000e+00,1.000000000000000000e+00,2.492249889495848358e-01
1.319999999999999716e+02,1.459999843619534665e-01,2.510702728499261127e-01,3.088863434645309436e+00,1.000000000000000000e+00,1.000000000000000000e+00,2.564969067185231544e-01
1.322500000000000284e+02,1.458381541710795926e-01,2.518559869616570634e-01,3.085876182132150536e+00,1.000000000000000000e+00,1.000000000000000000e+00,2.518516870185453782e-01
1.325000000000000000e+02,1.456794527925467098e-01,2.472208754559899468e-01,3.082861792918976995e+00,1.000000000000000000e+00,1.000000000000000000e+00,2.472166655358299658e-01
1.327500000000000000e+02,1.455238639898359665e-01,2.425957535051826985e-01,3.079820260946489530e+00,1.000000000000000000e+00,1.000000000000000000e+00,2.425916328091442531e-01
1.330000000000000284e+02,1.453713718855617620e-01,2.379804132896666535e-01,3.076751584898832270e+00,1.000000000000000000e+00,1.000000000000000000e+00,2.379763810381791966e-01
1.332500000000000000e+02,1.452219609573978387e-01,2.333746486116175523e-01,3.073655768141868361e+00,1.000000000000000000e+00,1.000000000000000000e+00,2.333707040439347569e-01
1.335000000000000000e+02,1.450756160341086509e-01,2.287782548557666384e-01,3.070532818663768371e+00,1.000000000000000000e+00,1.000000000000000000e+00,2.287743972296874262e-01
1.337500000000000284e+02,1.449323222916839848e-01,2.241910289508788068e-01,3.067382749017871557e+00,1.000000000000000000e+00,1.000000000000000000e+00,2.241872575425325476e-01
1.340000000000000000e+02,1.447920652495749139e-01,2.196127693318849217e-01,3.064205576267728048e+00,1.000000000000000000e+00,1.000000000000000000e+00,2.196090834354852694e-01
1.342500000000000000e+02,1.446548307670291744e-01,2.150432759026337515e-01,3.061001321934257113e+00,1.000000000000000000e+00,1.000000000000000000e+00,2.150396748301079963e-01
1.345000000000000284e+02,1.445206050395241859e-01,2.104823499988723312e-01,3.057770011944971333e+00,1.000000000000000000e+00,1.000000000000000000e+00,2.104788330796723839e-01
1.347500000000000284e+02,1.443893745952963825e-01,2.059297943518100249e-01,3.054511676585194735e+00,1.000000000000000000e+00,1.000000000000000000e+00,2.059263609328281230e-01
1.350000000000000000e+02,1.442611262919647197e-01,2.013854130526870068e-01,3.051226350451218039e+00,1.000000000000000000e+00,1.000000000000000000e+00,2.013820624977575302e-01
1.352499999999999716e+02,1.441358473132465789e-01,1.968490115170939969e-01,3.047914072405345287e+00,1.000000000000000000e+00,1.000000000000000000e+00,1.968457432068192181e-01
1.355000000000000284e+02,1.440135251657655990e-01,1.923203964499633489e-01,3.044574885532758124e+00,1.000000000000000000e+00,1.000000000000000000e+00,1.923172097816507886e-01
1.357500000000000000e+02,1.438941476759485749e-01,1.877993758113419009e-01,3.041208837100170648e+00,1.000000000000000000e+00,1.000000000000000000e+00,1.877962701987281879e-01
1.360000000000000000e+02,1.437777029870108969e-01,1.832857587824113232e-01,3.037815978516204218e+00,1.000000000000000000e+00,1.000000000000000000e+00,1.832827336553550790e-01
1.362500000000000284e+02,1.436641795560284207e-01,1.787793557317494120e-01,3.034396365293452469e+00,1.000000000000000000e+00,1.000000000000000000e+00,1.787764105360837852e-01
1.365000000000000000e+02,1.435535661510953243e-01,1.742799781821774696e-01,3.030950057012176124e+00,1.000000000000000000e+00,1.000000000000000000e+00,1.742771123795480437e-01
1.367500000000000000e+02,1.434458518485654810e-01,1.697874387780767269e-01,3.027477117285596098e+00,1.000000000000000000e+00,1.000000000000000000e+00,1.697846518456872789e-01
1.370000000000000284e+02,1.433410260303771278e-01,1.653015512528290265e-01,3.023977613726732905e+00,1.000000000000000000e+00,1.000000000000000000e+00,1.652988426833643942e-01
1.372500000000000000e+02,1.432390783814588564e-01,1.608221303969930849e-01,3.020451617916767084e+00,1.000000000000000000e+00,1.000000000000000000e+00,1.608194996983580705e-01
1.375000000000000000e+02,1.431399988872160134e-01,1.603143974583902120e-01,3.016899205374861559e+00,1.000000000000000000e+00,1.000000000000000000e+00,1.563464387217095852e-01
1.377499999999999716e+02,1.430388245157394878e-01,1.612707366342218951e-01,3.013317726138699193e+00,1.000000000000000000e+00,1.000000000000000000e+00,1.627299926895918458e-01
1.380000000000000284e+02,1.429386928155211567e-01,1.582568600011843019e-01,3.009709234588734628e+00,1.000000000000000000e+00,1.000000000000000000e+00,1.582542737308731129e-01
1.382500000000000000e+02,1.428414188002583574e-01,1.537872407874197322e-01,3.006074857827065294e+00,1.000000000000000000e+00,1.000000000000000000e+00,1.537847316441083856e-01
1.384999999999999716e+02,1.427469929394208914e-01,1.493236162801952482e-01,3.002414684283929436e+00,1.000000000000000000e+00,1.000000000000000000e+00,1.493211838101758115e-01
1.387500000000000284e+02,1.426554059963486831e-01,1.448658047911160207e-01,2.998728806250108292e+00,1.000000000000000000e+00,1.000000000000000000e+00,1.448634485553594586e-01
1.390000000000000000e+02,1.425666490260202035e-01,1.404136255469061456e-01,2.995017319852906201e+00,1.000000000000000000e+00,1.000000000000000000e+00,1.404113451209011987e-01
1.392500000000000000e+02,1.424807133728959729e-01,1.359668986593124407e-01,2.991280325033408349e+00,1.000000000000000000e+00,1.000000000000000000e+00,1.359646936328547939e-01
1.395000000000000284e+02,1.423975906688365323e-01,1.315254450951022225e-01,2.987517925525013940e+00,1.000000000000000000e+00,1.000000000000000000e+00,1.315233150722464606e-01
1.397500000000000000e+02,1.423172728310938273e-01,1.270890866467153935e-01,2.983730228833201270e+00,1.000000000000000000e+00,1.000000000000000000e+00,1.270870312455233686e-01
1.400000000000000000e+02,1.422397520603747578e-01,1.226576459027686888e-01,2.979917346216493179e+00,1.000000000000000000e+00,1.000000000000000000e+00,1.226556647552711765e-01
1.402500000000000284e+02,1.421650208389768910e-01,1.182309462191269978e-01,2.976079392668606882e+00,1.000000000000000000e+00,1.000000000000000000e+00,1.182290389712058742e-01
1.405000000000000000e+02,1.420930719289942579e-01,1.138088116902298552e-01,2.972216486901762433e+00,1.000000000000000000e+00,1.000000000000000000e+00,1.138069780014227955e-01
1.407500000000000000e+02,1.420238983705936764e-01,1.093910671204026547e-01,2.968328751331119619e+00,1.000000000000000000e+00,1.000000000000000000e+00,1.093893066638832734e-01
1.409999999999999716e+02,1.419574934803599087e-01,1.049775379958228089e-01,2.964416312060324188e+00,1.000000000000000000e+00,1.000000000000000000e+00,1.049758504581471963e-01
1.412500000000000284e+02,1.418938508497093187e-01,1.005680504562203315e-01,2.960479298868143871e+00,1.000000000000000000e+00,1.000000000000000000e+00,1.005664355373254853e-01
1.415000000000000000e+02,1.418329643433715315e-01,9.616243126707044175e-02,2.956517845196171557e+00,1.000000000000000000e+00,1.000000000000000000e+00,9.616088868025562952e-02
1.417500000000000000e+02,1.417748280979378717e-01,9.176050779227572229e-02,2.952532088137569399e+00,1.000000000000000000e+00,1.000000000000000000e+00,9.175903726387504844e-02
1.420000000000000284e+02,1.417194365204761386e-01,8.736210796636868781e-02,2.948522168426846335e+00,1.000000000000000000e+00,1.000000000000000000e+00,8.736070923579984659e-02
1.422500000000000000e+02,1.416667842872117444e-01,8.296706026730527039e-02,2.944488230430645448e+00,1.000000000000000000e+00,1.000000000000000000e+00,8.296573308709191685e-02
1.425000000000000000e+02,1.416168663422734952e-01,7.857519368971048468e-02,2.940430422139514555e+00,1.000000000000000000e+00,1.000000000000000000e+00,7.857393782519692116e-02
1.427500000000000284e+02,1.415696778965042646e-01,7.418633771776138308e-02,2.936348895160660444e+00,1.000000000000000000e+00,1.000000000000000000e+00,7.418515294706010121e-02
1.430000000000000000e+02,1.415252144263358935e-01,6.980032229830621104e-02,2.932243804711659685e+00,1.000000000000000000e+00,1.000000000000000000e+00,6.979920841240223883e-02
1.432500000000000000e+02,1.414834716727278729e-01,6.541697781470726114e-02,2.928115309615111794e+00,1.000000000000000000e+00,1.000000000000000000e+00,6.541593461714041713e-02
1.435000000000000284e+02,1.414444456401685868e-01,6.554374624899020341e-02,2.923963572294218327e+00,1.000000000000000000e+00,1.000000000000000000e+00,6.103516236695802344e-02
1.437500000000000284e+02,1.414025686905871770e-01,6.598291161905296687e-02,2.919788306585059612e+00,1.000000000000000000e+00,1.000000000000000000e+00,6.629210184351644330e-02
1.440000000000000000e+02,1.413630246937052637e-01,6.191182973411329254e-02,2.915590319663376562e+00,1.000000000000000000e+00,1.000000000000000000e+00,6.191084295878415689e-02
1.442499999999999716e+02,1.413261927027752163e-01,5.753286693895751092e-02,2.911369821375136890e+00,1.000000000000000000e+00,1.000000000000000000e+00,5.753195053017974570e-02
1.445000000000000284e+02,1.412920691965564579e-01,5.315610223826180980e-02,2.907126986849201344e+00,1.000000000000000000e+00,1.000000000000000000e+00,5.315525603480288075e-02
1.447500000000000000e+02,1.412606509147107670e-01,4.878136743317754848e-02,2.902861994824627700e+00,1.000000000000000000e+00,1.000000000000000000e+00,4.878059128619605805e-02
1.450000000000000000e+02,1.412319348570406918e-01,4.440849463525131657e-02,2.898575027650277747e+00,1.000000000000000000e+00,1.000000000000000000e+00,4.440778840837053543e-02
1.452500000000000284e+02,1.412059182827898329e-01,4.003731624074334527e-02,2.894266271285297343e+00,1.000000000000000000e+00,1.000000000000000000e+00,4.003667980994056463e-02
1.455000000000000000e+02,1.411825987100033541e-01,3.566766490481421137e-02,2.889935915300437141e+00,1.000000000000000000e+00,1.000000000000000000e+00,3.566709815835069491e-02
1.457500000000000000e+02,1.411619739149500563e-01,3.129937351572668891e-02,2.885584152880197983e+00,1.000000000000000000e+00,1.000000000000000000e+00,3.129887635417886310e-02
1.460000000000000284e+02,1.411440419316042361e-01,2.693227516936837554e-02,2.881211180825818285e+00,1.000000000000000000e+00,1.000000000000000000e+00,2.693184750552364212e-02
1.462500000000000000e+02,1.411288010511883295e-01,2.256620314358818644e-02,2.876817199559066118e+00,1.000000000000000000e+00,1.000000000000000000e+00,2.256584490245834226e-02
1.465000000000000000e+02,1.411162498217752304e-01,1.820099087276452060e-02,2.872402413126837306e+00,1.000000000000000000e+00,1.000000000000000000e+00,1.820070199153560331e-02
1.467500000000000284e+02,1.411063870479508098e-01,1.383647192227819255e-02,2.867967029206562657e+00,1.000000000000000000e+00,1.000000000000000000e+00,1.383625235035311311e-02
1.470000000000000284e+02,1.410992117905359722e-01,9.472479963239823636e-03,2.863511259112392793e+00,1.000000000000000000e+00,1.000000000000000000e+00,9.472329662158218699e-03
1.472500000000000000e+02,1.410947233663683853e-01,5.108848747054582293e-03,2.859035317802174347e+00,1.000000000000000000e+00,1.000000000000000000e+00,5.108767690481856756e-03
1.474999999999999716e+02,1.410929213481437738e-01,7.454120800833812085e-04,2.854539423885198435e+00,1.000000000000000000e+00,1.000000000000000000e+00,7.454002538057862958e-04
1.477500000000000284e+02,1.410938055643166378e-01,3.617996201701132418e-03,2.850023799630717392e+00,1.000000000000000000e+00,1.000000000000000000e+00,3.617938799757396823e-03
1.480000000000000000e+02,1.410973760990604509e-01,7.981542257985110161e-03,2.845488670977233348e+00,1.000000000000000000e+00,1.000000000000000000e+00,7.981415617769256274e-03
1.482500000000000000e+02,1.411036332922871450e-01,1.234539226945740101e-02,2.840934267542522651e+00,1.000000000000000000e+00,1.000000000000000000e+00,1.234519636877792065e-02
1.485000000000000284e+02,1.411125777397261583e-01,1.670971246312562275e-02,2.836360822634434342e+00,1.000000000000000000e+00,1.000000000000000000e+00,1.670944726762981294e-02
1.487500000000000000e+02,1.411242102930627684e-01,2.107466913754841437e-02,2.831768573262420041e+00,1.000000000000000000e+00,1.000000000000000000e+00,2.107433460079545517e-02
1.490000000000000000e+02,1.411385320601359628e-01,2.544042868835589416e-02,2.827157760149810350e+00,1.000000000000000000e+00,1.000000000000000000e+00,2.544002475172682520e-02
1.492500000000000284e+02,1.411555444051960650e-01,2.980715763357396145e-02,2.822528627746819119e+00,1.000000000000000000e+00,1.000000000000000000e+00,2.980668422623906216e-02
1.495000000000000000e+02,1.411752489492218154e-01,3.357528813339382551e-02,2.817881424244295108e+00,1.000000000000000000e+00,1.000000000000000000e+00,3.417447967792999752e-02
1.497500000000000000e+02,1.411969087055080230e-01,3.345864288551587268e-02,2.813216658126142633e+00,1.000000000000000000e+00,1.000000000000000000e+00,2.957438617097372241e-02
1.499999999999999716e+02,1.412164758684213151e-01,3.394265625770785666e-02,2.808536095978697578e+00,1.000000000000000000e+00,1.000000000000000000e+00,3.394211699860823217e-02
1.502500000000000284e+02,1.412387378100167790e-01,3.831175065435539484e-02,2.803838414817569902e+00,1.000000000000000000e+00,1.000000000000000000e+00,3.831114175166259322e-02
1.505000000000000000e+02,1.412636966528464377e-01,4.268230609774886081e-02,2.799123876546985468e+00,1.000000000000000000e+00,1.000000000000000000e+00,4.268162744455861191e-02
1.507500000000000000e+02,1.412913547775515311e-01,4.705448983760802256e-02,2.794392746885762335e+00,1.000000000000000000e+00,1.000000000000000000e+00,4.705374131473356175e-02
1.510000000000000284e+02,1.413217148234169607e-01,5.142846937233099686e-02,2.789645295384196810e+00,1.000000000000000000e+00,1.000000000000000000e+00,5.142765084829838129e-02
1.512500000000000000e+02,1.413547796889866037e-01,5.580441247485080219e-02,2.784881795441646712e+00,1.000000000000000000e+00,1.000000000000000000e+00,5.580352380577623117e-02
1.515000000000000000e+02,1.413905525327394663e-01,6.018248721835116333e-02,2.780102524324808311e+00,1.000000000000000000e+00,1.000000000000000000e+00,6.018152824793816108e-02
1.517500000000000284e+02,1.414290367738269827e-01,6.456286200236924233e-02,2.775307763186690035e+00,1.000000000000000000e+00,1.000000000000000000e+00,6.456183256172905172e-02
1.520000000000000000e+02,1.414702360928721259e-01,6.894570557848486714e-02,2.770497797086278080e+00,1.000000000000000000e+00,1.000000000000000000e+00,6.894460548629907648e-02
1.522500000000000000e+02,1.415141544328296919e-01,7.333118707679836534e-02,2.765672915008885457e+00,1.000000000000000000e+00,1.000000000000000000e+00,7.333001613915877959e-02
1.525000000000000284e+02,1.415607959999099497e-01,7.771947603217022049e-02,2.760833409887192058e+00,1.000000000000000000e+00,1.000000000000000000e+00,7.771823404244905531e-02
1.527500000000000284e+02,1.416101652645637976e-01,8.211074241050247968e-02,2.755979578622967274e+00,1.000000000000000000e+00,1.000000000000000000e+00,8.210942914934329928e-02
1.530000000000000000e+02,1.416622669625320075e-01,8.650515663533878130e-02,2.751111722109469415e+00,1.000000000000000000e+00,1.000000000000000000e+00,8.650377187059940520e-02
1.532499999999999716e+02,1.417171060959570850e-01,9.090288961458964367e-02,2.746230145254532129e+00,1.000000000000000000e+00,1.000000000000000000e+00,9.090143310125166354e-02
1.535000000000000284e+02,1.417746879345601341e-01,9.530411276745615057e-02,2.741335157004321843e+00,1.000000000000000000e+00,1.000000000000000000e+00,9.530258424746820833e-02
1.537500000000000000e+02,1.418350180168813923e-01,9.970899805122404591e-02,2.736427070367779546e+00,1.000000000000000000e+00,1.000000000000000000e+00,9.970739725356950189e-02
1.540000000000000000e+02,1.418981021515864638e-01,1.041177179887635557e-01,2.731506202441727815e+00,1.000000000000000000e+00,1.000000000000000000e+00,1.041160446292342667e-01
1.542500000000000284e+02,1.419639464188379996e-01,1.085304456957316421e-01,2.726572874436658189e+00,1.000000000000000000e+00,1.000000000000000000e+00,1.085286994768831920e-01
1.545000000000000000e+02,1.420325571717336588e-01,1.129473549081998485e-01,2.721627411703189114e+00,1.000000000000000000e+00,1.000000000000000000e+00,1.129455355192578447e-01
1.547500000000000000e+02,1.421039410378110435e-01,1.173686200105101274e-01,2.716670143759194467e+00,1.000000000000000000e+00,1.000000000000000000e+00,1.173667271272138685e-01
1.550000000000000284e+02,1.421781049206202463e-01,1.217944160631613537e-01,2.711701404317599096e+00,1.000000000000000000e+00,1.000000000000000000e+00,1.217924493477201831e-01
1.552500000000000000e+02,1.422550560013645105e-01,1.262249188311106163e-01,2.706721531314854712e+00,1.000000000000000000e+00,1.000000000000000000e+00,1.262228779320826444e-01
1.555000000000000000e+02,1.423348017406101673e-01,1.306603048123123612e-01,2.701730866940066367e+00,1.000000000000000000e+00,1.000000000000000000e+00,1.306581893644106207e-01
1.557500000000000284e+02,1.424173498800661852e-01,1.351007512662739940e-01,2.696729757664803717e+00,1.000000000000000000e+00,1.000000000000000000e+00,1.350985608903196578e-01
1.560000000000000284e+02,1.425027084444342729e-01,1.358291675300428714e-01,2.691718554273570874e+00,1.000000000000000000e+00,1.000000000000000000e+00,1.395441705458878856e-01
1.562500000000000000e+02,1.425862630567720224e-01,1.361117415330426184e-01,2.686701045823975509e+00,1.000000000000000000e+00,1.000000000000000000e+00,1.356595022968109798e-01
1.564999999999999716e+02,1.426720722679853115e-01,1.401080611702348877e-01,2.681674714552734429e+00,1.000000000000000000e+00,1.000000000000000000e+00,1.401057859354767343e-01
1.567500000000000284e+02,1.427607044170125516e-01,1.445598602147638301e-01,2.676639514402999076e+00,1.000000000000000000e+00,1.000000000000000000e+00,1.445575091988962058e-01
1.570000000000000000e+02,1.428521681463385540e-01,1.490172791218696835e-01,2.671595812137311565e+00,1.000000000000000000e+00,1.000000000000000000e+00,1.490148519013443085e-01
1.572500000000000000e+02,1.429464723880108923e-01,1.534804986031022833e-01,2.666543978961573913e+00,1.000000000000000000e+00,1.000000000000000000e+00,1.534779947398539068e-01
1.575000000000000284e+02,1.430436263657930696e-01,1.579497002829431118e-01,2.661484390558027435e+00,1.000000000000000000e+00,1.000000000000000000e+00,1.579471193243340288e-01
1.577500000000000000e+02,1.431436395973923748e-01,1.624250667293662964e-01,2.656417427118866748e+00,1.000000000000000000e+00,1.000000000000000000e+00,1.624224082079943343e-01
1.580000000000000000e+02,1.432465218967647891e-01,1.669067814847544906e-01,2.651343473380477267e+00,1.000000000000000000e+00,1.000000000000000000e+00,1.669040449181001529e-01
1.582500000000000284e+02,1.433522833764966919e-01,1.713950290964989520e-01,2.646262918658314867e+00,1.000000000000000000e+00,1.000000000000000000e+00,1.713922139870487082e-01
1.585000000000000000e+02,1.434609344502649486e-01,1.758899951488548941e-01,2.641176156882415693e+00,1.000000000000000000e+00,1.000000000000000000e+00,1.758871009837886801e-01
1.587500000000000000e+02,1.435724858353771560e-01,1.803918662946432383e-01,2.636083586633523712e+00,1.000000000000000000e+00,1.000000000000000000e+00,1.803888925456026138e-01
1.589999999999999716e+02,1.436869485553919357e-01,1.849008302872592324e-01,2.630985611179859518e+00,1.000000000000000000e+00,1.000000000000000000e+00,1.848977764102459342e-01
1.592500000000000284e+02,1.438043339428216882e-01,1.894170760133085940e-01,2.625882638514506873e+00,1.000000000000000000e+00,1.000000000000000000e+00,1.894139414484703743e-01
1.595000000000000000e+02,1.439246536419181710e-01,1.939407935254400250e-01,2.620775081393431183e+00,1.000000000000000000e+00,1.000000000000000000e+00,1.939375776969323451e-01
1.597500000000000000e+02,1.440479196115428406e-01,1.984721740759140263e-01,2.615663357374112152e+00,1.000000000000000000e+00,1.000000000000000000e+00,1.984688763915142262e-01
1.600000000000000284e+02,1.441741441281230718e-01,2.030114101499662649e-01,2.610547888854807930e+00,1.000000000000000000e+00,1.000000000000000000e+00,2.030080300010529692e-01
1.602500000000000000e+02,1.443033397886950842e-01,2.075586955001886558e-01,2.605429103114438316e+00,1.000000000000000000e+00,1.000000000000000000e+00,2.075552322614996892e-01
1.605000000000000000e+02,1.444355195140362980e-01,2.121142251813125656e-01,2.600307432353082149e+00,1.000000000000000000e+00,1.000000000000000000e+00,2.121106782105273703e-01
1.607500000000000284e+02,1.445706965518872567e-01,2.166781955848054442e-01,2.595183313733099517e+00,1.000000000000000000e+00,1.000000000000000000e+00,2.166745642225899882e-01
1.610000000000000000e+02,1.447088844802651708e-01,2.212508044748041913e-01,2.590057189420872152e+00,1.000000000000000000e+00,1.000000000000000000e+00,2.212470880444492027e-01
1.612500000000000000e+02,1.448500972108712204e-01,2.258322510241488890e-01,2.584929506629149998e+00,1.000000000000000000e+00,1.000000000000000000e+00,2.258284488311949056e-01
1.615000000000000284e+02,1.449943489925921980e-01,2.304227358504996048e-01,2.579800717660021725e+00,1.000000000000000000e+00,1.000000000000000000e+00,2.304188471827564588e-01
1.617500000000000284e+02,1.451416544150986865e-01,2.350224610538275138e-01,2.574671279948497205e+00,1.000000000000000000e+00,1.000000000000000000e+00,2.350184851809271336e-01
1.620000000000000000e+02,1.452920284125420736e-01,2.396316302538253895e-01,2.569541656106694383e+00,1.000000000000000000e+00,1.000000000000000000e+00,2.396275664269264249e-01
1.622499999999999716e+02,1.454454862673508486e-01,2.408127595516135755e-01,2.564412313968645218e+00,1.000000000000000000e+00,1.000000000000000000e+00,2.442462960794964666e-01
1.625000000000000284e+02,1.455976803227702066e-01,2.413934284676386433e-01,2.559288194829793195e+00,1.000000000000000000e+00,1.000000000000000000e+00,2.407817460109544783e-01
1.627500000000000000e+02,1.457521957975181082e-01,2.454070957364065664e-01,2.554166204519083383e+00,1.000000000000000000e+00,1.000000000000000000e+00,2.454029208775871940e-01
1.630000000000000000e+02,1.459098204434897961e-01,2.500382674333205268e-01,2.549046040812327441e+00,1.000000000000000000e+00,1.000000000000000000e+00,2.500340028668990300e-01
1.632500000000000284e+02,1.460705703707872172e-01,2.546795558689813332e-01,2.543928190529643807e+00,1.000000000000000000e+00,1.000000000000000000e+00,2.546752007844421684e-01
1.635000000000000000e+02,1.462344620515079463e-01,2.593311715539015072e-01,2.538813145878987765e+00,1.000000000000000000e+00,1.000000000000000000e+00,2.593267251210732427e-01
1.637500000000000000e+02,1.464015123239961191e-01,2.639933267248326665e-01,2.533701404502280763e+00,1.000000000000000000e+00,1.000000000000000000e+00,2.639887880935531395e-01
1.640000000000000284e+02,1.465717383972039989e-01,2.686662353858636498e-01,2.528593469522101511e+00,1.000000000000000000e+00,1.000000000000000000e+00,2.686616036857703005e-01
1.642500000000000000e+02,1.467451578551660640e-01,2.733501133504867564e-01,2.523489849588910428e+00,1.000000000000000000e+00,1.000000000000000000e+00,2.733453876906123958e-01
1.645000000000000000e+02,1.469217886615885316e-01,2.780451782840849817e-01,2.518391058928809212e+00,1.000000000000000000e+00,1.000000000000000000e+00,2.780403577525153436e-01
1.647500000000000284e+02,1.471016491645556201e-01,2.827516497470595747e-01,2.513297617391843097e+00,1.000000000000000000e+00,1.000000000000000000e+00,2.827467334106881780e-01
1.650000000000000284e+02,1.472847581013558560e-01,2.874697492390008713e-01,2.508210050500833788e+00,1.000000000000000000e+00,1.000000000000000000e+00,2.874647361430437420e-01
1.652500000000000000e+02,1.474711346034303650e-01,2.921997002432246693e-01,2.503128889500742638e+00,1.000000000000000000e+00,1.000000000000000000e+00,2.921945894108630148e-01
1.654999999999999716e+02,1.476607982014457032e-01,2.969417282721191764e-01,2.498054671408565852e+00,1.000000000000000000e+00,1.000000000000000000e+00,2.969365187041931864e-01
1.657500000000000284e+02,1.478537688304938646e-01,3.016960609133748084e-01,2.492987939063752378e+00,1.000000000000000000e+00,1.000000000000000000e+00,3.016907515880192792e-01
1.660000000000000000e+02,1.480500668354222393e-01,3.064629278770584775e-01,2.487929241179158257e+00,1.000000000000000000e+00,1.000000000000000000e+00,3.064575177492127600e-01
1.662500000000000000e+02,1.482497129762962440e-01,3.112425610432544842e-01,2.482879132392507682e+00,1.000000000000000000e+00,1.000000000000000000e+00,3.112370490443007176e-01
1.665000000000000284e+02,1.484527284339971775e-01,3.160351945107041094e-01,2.477838173318393178e+00,1.000000000000000000e+00,1.000000000000000000e+00,3.160295795480549952e-01
1.667500000000000000e+02,1.486591348159587156e-01,3.208410646462859228e-01,2.472806930600793152e+00,1.000000000000000000e+00,1.000000000000000000e+00,3.208353456029341966e-01
1.670000000000000000e+02,1.488689541620445422e-01,3.256604101353328118e-01,2.467785976966104577e+00,1.000000000000000000e+00,1.000000000000000000e+00,3.256545858694099849e-01
1.672500000000000284e+02,1.490822089505706716e-01,3.304934720328362996e-01,2.462775891276708151e+00,1.000000000000000000e+00,1.000000000000000000e+00,3.304875413771852788e-01
1.675000000000000000e+02,1.492989221044751791e-01,3.353404938156336335e-01,2.457777258585048585e+00,1.000000000000000000e+00,1.000000000000000000e+00,3.353344555773359326e-01
1.677500000000000000e+02,1.495191169976391732e-01,3.402017214355561037e-01,2.452790670188239375e+00,1.000000000000000000e+00,1.000000000000000000e+00,3.401955743954111488e-01
1.679999999999999716e+02,1.497428174613618657e-01,3.450774033734771429e-01,2.447816723683192031e+00,1.000000000000000000e+00,1.000000000000000000e+00,3.450711462854991751e-01
1.682500000000000284e+02,1.499700477909936547e-01,3.475239264866707978e-01,2.442856023022273337e+00,1.000000000000000000e+00,1.000000000000000000e+00,3.499614222853008050e-01
1.685000000000000000e+02,1.501976343807461256e-01,3.485372657094254478e-01,2.437912900332075861e+00,1.000000000000000000e+00,1.000000000000000000e+00,3.470917292242683416e-01
1.687500000000000000e+02,1.504268831220422209e-01,3.519945749477909613e-01,2.432986502098720027e+00,1.000000000000000000e+00,1.000000000000000000e+00,3.519881601231901191e-01
1.690000000000000284e+02,1.506597054725023199e-01,3.569061824956545892e-01,2.428075257992059033e+00,1.000000000000000000e+00,1.000000000000000000e+00,3.568996545028428891e-01
1.692500000000000000e+02,1.508961269371458525e-01,3.618331123718738773e-01,2.423179794210225335e+00,1.000000000000000000e+00,1.000000000000000000e+00,3.618264698697591375e-01
1.695000000000000000e+02,1.511361735101006409e-01,3.667756248917359296e-01,2.418300743475791048e+00,1.000000000000000000e+00,1.000000000000000000e+00,3.667688665099969048e-01
1.697500000000000284e+02,1.513798716819944323e-01,3.717339832101887453e-01,2.413438745091028181e+00,1.000000000000000000e+00,1.000000000000000000e+00,3.717271075489632648e-01
1.700000000000000000e+02,1.516272484475255367e-01,3.767084533831854820e-01,2.408594444993636952e+00,1.000000000000000000e+00,1.000000000000000000e+00,3.767014590123983764e-01
1.702500000000000000e+02,1.518783313132171242e-01,3.816993044299747950e-01,2.403768495812935058e+00,1.000000000000000000e+00,1.000000000000000000e+00,3.816921898885549114e-01
1.705000000000000284e+02,1.521331483053589007e-01,3.867068083960291669e-01,2.398961556926528349e+00,1.000000000000000000e+00,1.000000000000000000e+00,3.866995721915939543e-01
1.707500000000000284e+02,1.523917279781405176e-01,3.917312404181828578e-01,2.394174294517483759e+00,1.000000000000000000e+00,1.000000000000000000e+00,3.917238810262321791e-01
1.710000000000000000e+02,1.526540994219827418e-01,3.967728787904977183e-01,2.389407381631976079e+00,1.000000000000000000e+00,1.000000000000000000e+00,3.967653946536906506e-01
1.712499999999999716e+02,1.529202922720690194e-01,4.018320050313556324e-01,2.384661498237472088e+00,1.000000000000000000e+00,1.000000000000000000e+00,4.018243945589554111e-01
1.715000000000000284e+02,1.531903367170843466e-01,4.069089039521681106e-01,2.379937331281422264e+00,1.000000000000000000e+00,1.000000000000000000e+00,4.069011655194068044e-01
1.717500000000000000e+02,1.534642635081648609e-01,4.120038637275358906e-01,2.375235574750511169e+00,1.000000000000000000e+00,1.000000000000000000e+00,4.119959956748383001e-01
1.720000000000000000e+02,1.537421039680650914e-01,4.171171759668405032e-01,2.370556929730455398e+00,1.000000000000000000e+00,1.000000000000000000e+00,4.171091765989236033e-01
1.722500000000000284e+02,1.540238900005465317e-01,4.222491357866985928e-01,2.365902104466389044e+00,1.000000000000000000e+00,1.000000000000000000e+00,4.222410033721479827e-01
1.725000000000000000e+02,1.543096540999939759e-01,4.274000418859077999e-01,2.361271814423860693e+00,1.000000000000000000e+00,1.000000000000000000e+00,4.273917746562567732e-01
1.727500000000000000e+02,1.545994293612657500e-01,4.325701966214626770e-01,2.356666782350449907e+00,1.000000000000000000e+00,1.000000000000000000e+00,4.325617927702701815e-01
1.730000000000000284e+02,1.548932494897826695e-01,4.377599060858144431e-01,2.352087738338048961e+00,1.000000000000000000e+00,1.000000000000000000e+00,4.377513637680884306e-01
1.732500000000000000e+02,1.551911488118623839e-01,4.429694801864403897e-01,2.347535419885841801e+00,1.000000000000000000e+00,1.000000000000000000e+00,4.429607975177435319e-01
1.735000000000000000e+02,1.554931622853056861e-01,4.481992327269622156e-01,2.343010571963993982e+00,1.000000000000000000e+00,1.000000000000000000e+00,4.481904077823476995e-01
1.737500000000000284e+02,1.557993255102407548e-01,4.534494814893476611e-01,2.338513947078119326e+00,1.000000000000000000e+00,1.000000000000000000e+00,4.534405123027717144e-01
1.740000000000000284e+02,1.561096747402316021e-01,4.556002166251393870e-01,2.334046305334549043e+00,1.000000000000000000e+00,1.000000000000000000e+00,4.587114328821062514e-01
1.742500000000000000e+02,1.564199960223915664e-01,4.569435213562635933e-01,2.329613239708721029e+00,1.000000000000000000e+00,1.000000000000000000e+00,4.561126784356250852e-01
1.744999999999999716e+02,1.567334126874279088e-01,4.614034772020142450e-01,2.325211969321998140e+00,1.000000000000000000e+00,1.000000000000000000e+00,4.613942867671492754e-01
1.747500000000000284e+02,1.570510838810636467e-01,4.667065439259197590e-01,2.320841992255828767e+00,1.000000000000000000e+00,1.000000000000000000e+00,4.666972041318993569e-01
1.750000000000000000e+02,1.573730476588066918e-01,4.720312541735866008e-01,2.316504093402262487e+00,1.000000000000000000e+00,1.000000000000000000e+00,4.720217629025151296e-01
1.752500000000000000e+02,1.576993427728249908e-01,4.773779447367093032e-01,2.312199065392605668e+00,1.000000000000000000e+00,1.000000000000000000e+00,4.773682998249680898e-01
1.755000000000000284e+02,1.580300086843743068e-01,4.827469568740838102e-01,2.307927708662492972e+00,1.000000000000000000e+00,1.000000000000000000e+00,4.827371561117103638e-01
1.757500000000000000e+02,1.583650855765313947e-01,4.881386364074638551e-01,2.303690831518007798e+00,1.000000000000000000e+00,1.000000000000000000e+00,4.881286775368988695e-01
1.760000000000000000e+02,1.587046143672433962e-01,4.935533338189549424e-01,2.299489250202897850e+00,1.000000000000000000e+00,1.000000000000000000e+00,4.935432145337691479e-01
1.762500000000000284e+02,1.590486367226984499e-01,4.989914043499610319e-01,2.295323788967004397e+00,1.000000000000000000e+00,1.000000000000000000e+00,4.989811222941942792e-01
1.765000000000000000e+02,1.593971950710287855e-01,5.044532081038077820e-01,2.291195280135959855e+00,1.000000000000000000e+00,1.000000000000000000e+00,5.044427608705045474e-01
1.767500000000000000e+02,1.597503326163547122e-01,5.099391101496446588e-01,2.287104564182267374e+00,1.000000000000000000e+00,1.000000000000000000e+00,5.099284952796405701e-01
1.769999999999999716e+02,1.601080933531779382e-01,5.154494806288578701e-01,2.283052489797861018e+00,1.000000000000000000e+00,1.000000000000000000e+00,5.154386956096858041e-01
1.772500000000000284e+02,1.604705220811348254e-01,5.209846948641346787e-01,2.279039913968252673e+00,1.000000000000000000e+00,1.000000000000000000e+00,5.209737371288649666e-01
1.775000000000000000e+02,1.608376644201187367e-01,5.265451334712912823e-01,2.275067702048388707e+00,1.000000000000000000e+00,1.000000000000000000e+00,5.265340003970633287e-01
1.777500000000000000e+02,1.612095668257827741e-01,5.321311824732656293e-01,2.271136727840337155e+00,1.000000000000000000e+00,1.000000000000000000e+00,5.321198713799618618e-01
1.780000000000000284e+02,1.615862766054317889e-01,5.377432334167246974e-01,2.267247873672949776e+00,1.000000000000000000e+00,1.000000000000000000e+00,5.377317415658372513e-01
1.782500000000000000e+02,1.619678419343161535e-01,5.433816834920778271e-01,2.263402030483642413e+00,1.000000000000000000e+00,1.000000000000000000e+00,5.433700080851180392e-01
1.785000000000000000e+02,1.623543118723378975e-01,5.490469356557458047e-01,2.259600097902448645e+00,1.000000000000000000e+00,1.000000000000000000e+00,5.490350738327862690e-01
1.787500000000000284e+02,1.627457363811807001e-01,5.547393987553576045e-01,2.255842984338512824e+00,1.000000000000000000e+00,1.000000000000000000e+00,5.547273475936858045e-01
1.790000000000000000e+02,1.631421663418759216e-01,5.604594876583418595e-01,2.252131607069216113e+00,1.000000000000000000e+00,1.000000000000000000e+00,5.604472441708351349e-01
1.792500000000000000e+02,1.635436535728174989e-01,5.633025838769878391e-01,2.248466892332103395e+00,1.000000000000000000e+00,1.000000000000000000e+00,5.661951845168398112e-01
1.795000000000000284e+02,1.639461048118396325e-01,5.650961815306434488e-01,2.244853632917979791e+00,1.000000000000000000e+00,1.000000000000000000e+00,5.640166397359075434e-01
1.797500000000000284e+02,1.643521364889530545e-01,5.697947878965909929e-01,2.241290243956805206e+00,1.000000000000000000e+00,1.000000000000000000e+00,5.697822260210013701e-01
