theta_degrees,alpha,central_lhs,beta_c1,is_spectral,beta_less_10,exact_polygon_lhs
-1.800000000000000000e+02,1.647633289734350970e-01,5.756276042853287755e-01,2.237776227211484059e+00,1.000000000000000000e+00,1.000000000000000000e+00,5.755765520948408209e-01
-1.795000000000000000e+02,1.656014155718476821e-01,5.873058763569992680e-01,2.230900131704747213e+00,1.000000000000000000e+00,1.000000000000000000e+00,5.872531811475586450e-01
-1.790000000000000000e+02,1.664608132440902610e-01,5.991045017033772568e-01,2.224233081141298030e+00,1.000000000000000000e+00,1.000000000000000000e+00,5.990501093850207903e-01
-1.785000000000000000e+02,1.673419874502522497e-01,6.110271765045781622e-01,2.217782959989634151e+00,1.000000000000000000e+00,1.000000000000000000e+00,6.109710305332374247e-01
-1.780000000000000000e+02,1.682454211675943889e-01,6.230777133041666138e-01,2.211557806111811075e+00,1.000000000000000000e+00,1.000000000000000000e+00,6.230197545554267968e-01
-1.775000000000000000e+02,1.691716156215744560e-01,6.352600462742804543e-01,2.205565814764091748e+00,1.000000000000000000e+00,1.000000000000000000e+00,6.352002129094201921e-01
-1.770000000000000000e+02,1.701210910560460865e-01,6.475782367524488548e-01,2.199815342977686772e+00,1.000000000000000000e+00,1.000000000000000000e+00,6.475164640761008616e-01
-1.765000000000000000e+02,1.710943875450338936e-01,6.600364790669926984e-01,2.194314914373580283e+00,1.000000000000000000e+00,1.000000000000000000e+00,6.599726993758092686e-01
-1.760000000000000000e+02,1.720920658486582155e-01,6.692552320083744455e-01,2.189073224472146695e+00,1.000000000000000000e+00,1.000000000000000000e+00,6.725732490908206129e-01
-1.755000000000000000e+02,1.731045446008436794e-01,6.779097749108810023e-01,2.184104640675760489e+00,1.000000000000000000e+00,1.000000000000000000e+00,6.771479572355989518e-01
-1.750000000000000000e+02,1.741401968604653627e-01,6.900208178200740727e-01,2.179412867016313982e+00,1.000000000000000000e+00,1.000000000000000000e+00,6.899520141409769547e-01
-1.745000000000000000e+02,1.752017385316038123e-01,7.029822570034720552e-01,2.175005789557962643e+00,1.000000000000000000e+00,1.000000000000000000e+00,7.029111945902977165e-01
-1.740000000000000000e+02,1.762898091814873169e-01,7.161037490663325622e-01,2.170892722706061484e+00,1.000000000000000000e+00,1.000000000000000000e+00,7.160303450779356149e-01
-1.735000000000000000e+02,1.774050734779104022e-01,7.293903142503318504e-01,2.167083180244141261e+00,1.000000000000000000e+00,1.000000000000000000e+00,7.293144818435487453e-01
-1.730000000000000000e+02,1.785482223385002343e-01,7.428471508999736628e-01,2.163586884689160161e+00,1.000000000000000000e+00,1.000000000000000000e+00,7.427687990035383159e-01
-1.725000000000000000e+02,1.797199741458055944e-01,7.564796440658340115e-01,2.160413777762292042e+00,1.000000000000000000e+00,1.000000000000000000e+00,7.563986771391477681e-01
-1.720000000000000000e+02,1.809210760325894729e-01,7.690401177769909946e-01,2.157574032115682883e+00,1.000000000000000000e+00,1.000000000000000000e+00,7.702096923718430022e-01
-1.715000000000000000e+02,1.821483478725069438e-01,7.789052362921943251e-01,2.155078334244722171e+00,1.000000000000000000e+00,1.000000000000000000e+00,7.760158527366922687e-01
-1.710000000000000000e+02,1.833972846319937844e-01,7.901810909114981296e-01,2.152936516894867758e+00,1.000000000000000000e+00,1.000000000000000000e+00,7.900933812455674943e-01
-1.705000000000000000e+02,1.846776278242288072e-01,8.044570763214399234e-01,2.151158142032423726e+00,1.000000000000000000e+00,1.000000000000000000e+00,8.043663878416343893e-01
-1.700000000000000000e+02,1.859902369542069112e-01,8.189349784552409917e-01,2.149754262653483128e+00,1.000000000000000000e+00,1.000000000000000000e+00,8.188411925486851484e-01
-1.695000000000000000e+02,1.873360070624098817e-01,8.336213657838966729e-01,2.148736232303515514e+00,1.000000000000000000e+00,1.000000000000000000e+00,8.335243577418617322e-01
-1.690000000000000000e+02,1.887158704894345840e-01,8.485230618600635433e-01,2.148115727146540532e+00,1.000000000000000000e+00,1.000000000000000000e+00,8.484227005062329185e-01
-1.685000000000000000e+02,1.901307987488153328e-01,8.636471584531504320e-01,2.147904770715189482e+00,1.000000000000000000e+00,1.000000000000000000e+00,8.635433057451384897e-01
-1.680000000000000000e+02,1.915818045158029503e-01,8.757026142200111662e-01,2.148115761661904433e+00,1.000000000000000000e+00,1.000000000000000000e+00,8.788935400922960328e-01
-1.675000000000000000e+02,1.930589147196115629e-01,8.869203118657046359e-01,2.148755245336364528e+00,1.000000000000000000e+00,1.000000000000000000e+00,8.857703827131243601e-01
-1.670000000000000000e+02,1.945702946682490997e-01,9.015785898009663901e-01,2.149838080237884697e+00,1.000000000000000000e+00,1.000000000000000000e+00,9.014655803621982599e-01
-1.665000000000000000e+02,1.961205784821947185e-01,9.175267182803648058e-01,2.151379391844113531e+00,1.000000000000000000e+00,1.000000000000000000e+00,9.174096834708236337e-01
-1.660000000000000000e+02,1.977109425884144567e-01,9.337323819834483229e-01,2.153393129614098456e+00,1.000000000000000000e+00,1.000000000000000000e+00,9.336111476239618012e-01
-1.654999999999999716e+02,1.993426152698279386e-01,9.502044010044340405e-01,2.155893791609822863e+00,1.000000000000000000e+00,1.000000000000000000e+00,9.500787833023887075e-01
-1.650000000000000000e+02,2.010168794645132428e-01,9.666054424567902537e-01,2.158896477074487397e+00,1.000000000000000000e+00,1.000000000000000000e+00,9.668217753335728304e-01
-1.645000000000000000e+02,2.027338599892005711e-01,9.793227242746123107e-01,2.162415527852414421e+00,1.000000000000000000e+00,1.000000000000000000e+00,9.753548278446345643e-01
-1.640000000000000000e+02,2.044820889049747126e-01,9.926673697085508508e-01,2.166450590675967458e+00,1.000000000000000000e+00,1.000000000000000000e+00,9.925299043620625650e-01
-1.635000000000000000e+02,2.062765763824641330e-01,1.010147688487870843e+00,2.171032946795929952e+00,1.000000000000000000e+00,1.000000000000000000e+00,1.010005110444118337e+00
-1.630000000000000000e+02,2.081188280957620707e-01,1.027939041678709531e+00,2.176180366188713577e+00,1.000000000000000000e+00,1.000000000000000000e+00,1.027791115223342322e+00
-1.625000000000000000e+02,2.100104197916319304e-01,1.046052591530359344e+00,2.181911559507798692e+00,1.000000000000000000e+00,1.000000000000000000e+00,1.045899067156648377e+00
-1.620000000000000000e+02,2.119530013234996457e-01,1.063711690985094105e+00,2.188246278927981958e+00,1.000000000000000000e+00,1.000000000000000000e+00,1.064340621893444583e+00
-1.615000000000000000e+02,2.139453847639770090e-01,1.077891634086593164e+00,2.195199931553543315e+00,1.000000000000000000e+00,1.000000000000000000e+00,1.074045634405521810e+00
-1.610000000000000000e+02,2.159779040711073128e-01,1.093186245781994748e+00,2.202770359231285724e+00,1.000000000000000000e+00,1.000000000000000000e+00,1.093017413714167496e+00
-1.605000000000000000e+02,2.180661782348023436e-01,1.112530040302346146e+00,2.211004784617847552e+00,1.000000000000000000e+00,1.000000000000000000e+00,1.112354607702786380e+00
-1.600000000000000000e+02,2.202121631408307523e-01,1.132253266797596636e+00,2.219927802185167387e+00,1.000000000000000000e+00,1.000000000000000000e+00,1.132070908477264881e+00
-1.595000000000000000e+02,2.224179113506392635e-01,1.152370297659526921e+00,2.229565715075322974e+00,1.000000000000000000e+00,1.000000000000000000e+00,1.152180668153516496e+00
-1.590000000000000000e+02,2.246855780570101158e-01,1.168645215830541595e+00,2.239946734344798518e+00,1.000000000000000000e+00,1.000000000000000000e+00,1.172698939773946458e+00
-1.585000000000000000e+02,2.270007572093379888e-01,1.185008208519982231e+00,2.251055274148189955e+00,1.000000000000000000e+00,1.000000000000000000e+00,1.184486721834978384e+00
-1.580000000000000000e+02,2.293804746605530853e-01,1.205886516851545354e+00,2.262958670624229285e+00,1.000000000000000000e+00,1.000000000000000000e+00,1.205676497606870123e+00
-1.575000000000000000e+02,2.318284569801214723e-01,1.227535634871145032e+00,2.275694793839489360e+00,1.000000000000000000e+00,1.000000000000000000e+00,1.227316923310042052e+00
-1.570000000000000000e+02,2.343472923657788920e-01,1.248388476022464610e+00,2.289301139016599151e+00,1.000000000000000000e+00,1.000000000000000000e+00,1.249425933140481337e+00
-1.564999999999999716e+02,2.369345304407278752e-01,1.266071057667311095e+00,2.303800674359619993e+00,1.000000000000000000e+00,1.000000000000000000e+00,1.262338740875857068e+00
-1.560000000000000000e+02,2.395828603971817405e-01,1.285467250458061539e+00,2.319198005876322188e+00,1.000000000000000000e+00,1.000000000000000000e+00,1.285223974366132671e+00
-1.555000000000000000e+02,2.423097242757523695e-01,1.308882150106980058e+00,2.335587795302213276e+00,1.000000000000000000e+00,1.000000000000000000e+00,1.308628391639967692e+00
-1.550000000000000000e+02,2.451182571680636246e-01,1.332375383276119596e+00,2.353022116585273160e+00,1.000000000000000000e+00,1.000000000000000000e+00,1.332573551835008363e+00
-1.545000000000000000e+02,2.480097869089468998e-01,1.351807818317300347e+00,2.371549848168899910e+00,1.000000000000000000e+00,1.000000000000000000e+00,1.347124797799363005e+00
-1.540000000000000000e+02,2.509696754018651554e-01,1.372264713952397353e+00,2.391151945032898851e+00,1.000000000000000000e+00,1.000000000000000000e+00,1.371980920256262504e+00
-1.535000000000000000e+02,2.540206455228423699e-01,1.397736031158513192e+00,2.411973611425256792e+00,1.000000000000000000e+00,1.000000000000000000e+00,1.397439465059633790e+00
-1.530000000000000000e+02,2.571665333890115201e-01,1.421723653337572113e+00,2.434090614374716743e+00,1.000000000000000000e+00,1.000000000000000000e+00,1.423526623604698615e+00
-1.525000000000000000e+02,2.604019138548754886e-01,1.442914408538182647e+00,2.457538037200464487e+00,1.000000000000000000e+00,1.000000000000000000e+00,1.439313828911420678e+00
-1.520000000000000000e+02,2.637243929155814737e-01,1.466793767316449726e+00,2.482365857515439256e+00,1.000000000000000000e+00,1.000000000000000000e+00,1.466460468905320669e+00
-1.515000000000000000e+02,2.671533587100687890e-01,1.494138759111863113e+00,2.508750719759616832e+00,1.000000000000000000e+00,1.000000000000000000e+00,1.494310940296654344e+00
-1.510000000000000000e+02,2.706911222500604230e-01,1.516942234608853690e+00,2.536793691244314086e+00,1.000000000000000000e+00,1.000000000000000000e+00,1.511577562754608195e+00
-1.505000000000000000e+02,2.743200784818283777e-01,1.541003699977861574e+00,2.566478888893479304e+00,1.000000000000000000e+00,1.000000000000000000e+00,1.540627366164487810e+00
-1.500000000000000000e+02,2.780691221570552041e-01,1.569816692930338764e+00,2.598086620735167607e+00,1.000000000000000000e+00,1.000000000000000000e+00,1.570468955596290739e+00
-1.495000000000000000e+02,2.819387469677150371e-01,1.594524676857062229e+00,2.631745048197991821e+00,1.000000000000000000e+00,1.000000000000000000e+00,1.589450873744862713e+00
-1.490000000000000000e+02,2.859153944867567909e-01,1.621084891872523359e+00,2.667490173600913117e+00,1.000000000000000000e+00,1.000000000000000000e+00,1.620657768158981993e+00
-1.485000000000000000e+02,2.900282280829937775e-01,1.649387444520919788e+00,2.705685778702541455e+00,1.000000000000000000e+00,1.000000000000000000e+00,1.652760061257191770e+00
-1.480000000000000000e+02,2.942645071443045213e-01,1.676072673349226827e+00,2.746412194615302393e+00,1.000000000000000000e+00,1.000000000000000000e+00,1.673201839356635245e+00
-1.474999999999999716e+02,2.986363437828339906e-01,1.705010216734997197e+00,2.789965491719126778e+00,1.000000000000000000e+00,1.000000000000000000e+00,1.706851835462302347e+00
-1.470000000000000000e+02,3.031513400238861067e-01,1.732600777342573783e+00,2.836647003724991123e+00,1.000000000000000000e+00,1.000000000000000000e+00,1.727607780400324033e+00
-1.465000000000000000e+02,3.078035154635666015e-01,1.761014795933986798e+00,2.886669412827184811e+00,1.000000000000000000e+00,1.000000000000000000e+00,1.762913396580805703e+00
-1.460000000000000000e+02,3.126118369327041679e-01,1.789794871962814282e+00,2.940530342047705137e+00,1.000000000000000000e+00,1.000000000000000000e+00,1.784339555743632344e+00
-1.455000000000000000e+02,3.175688257082640575e-01,1.817452950036918091e+00,2.998523067066377390e+00,1.000000000000000000e+00,1.000000000000000000e+00,1.821429163657709571e+00
-1.450000000000000000e+02,3.226852909292844962e-01,1.847188593123908262e+00,3.061195267815947307e+00,1.000000000000000000e+00,1.000000000000000000e+00,1.842821945557881591e+00
-1.445000000000000000e+02,3.279720455202459473e-01,1.873926556322315751e+00,3.129197528612607915e+00,1.000000000000000000e+00,1.000000000000000000e+00,1.881812237206323957e+00
-1.440000000000000000e+02,3.334120064230742253e-01,1.900167924616945836e+00,3.202919648740005787e+00,1.000000000000000000e+00,1.000000000000000000e+00,1.904071974128525913e+00
-1.435000000000000000e+02,3.390293835243942122e-01,1.928786352323689890e+00,3.283411210405225766e+00,1.000000000000000000e+00,1.000000000000000000e+00,1.925912626885267986e+00
-1.430000000000000000e+02,3.448249805292953885e-01,1.956243328440871343e+00,3.371589069696242724e+00,1.000000000000000000e+00,1.000000000000000000e+00,1.949881970776306872e+00
-1.425000000000000000e+02,3.508027038871299186e-01,1.983599571687737040e+00,3.468616030171935538e+00,1.000000000000000000e+00,1.000000000000000000e+00,1.976407166433527207e+00
-1.420000000000000000e+02,3.569698906621355805e-01,2.011622741118275215e+00,3.575988578970100029e+00,1.000000000000000000e+00,1.000000000000000000e+00,2.005193797496347408e+00
-1.415000000000000000e+02,3.633357168952956462e-01,2.040884105202481535e+00,3.695621703568599425e+00,1.000000000000000000e+00,1.000000000000000000e+00,2.036707123479514436e+00
-1.410000000000000000e+02,3.699119624127196748e-01,2.069810694385494809e+00,3.830022465945477350e+00,1.000000000000000000e+00,1.000000000000000000e+00,2.069659979718889709e+00
-1.405000000000000000e+02,3.766987907951481196e-01,2.089831892442649774e+00,3.982149444794670590e+00,1.000000000000000000e+00,1.000000000000000000e+00,2.099121562688595066e+00
-1.400000000000000000e+02,3.836518426192283004e-01,2.094353235290076665e+00,4.154525629128491993e+00,1.000000000000000000e+00,1.000000000000000000e+00,2.095000361894701957e+00
-1.395000000000000000e+02,3.907225545809452361e-01,2.085786908217152291e+00,4.350066555829730675e+00,1.000000000000000000e+00,1.000000000000000000e+00,2.073813959177539967e+00
-1.390000000000000000e+02,3.978756475140376447e-01,2.088525002026119459e+00,4.572812292498266373e+00,1.000000000000000000e+00,1.000000000000000000e+00,2.077208338242414243e+00
-1.384999999999999716e+02,4.052257735718076126e-01,2.127156586650883696e+00,4.834976011342691393e+00,1.000000000000000000e+00,1.000000000000000000e+00,2.122451880558970050e+00
-1.380000000000000000e+02,4.129200134456880722e-01,2.137560409142860163e+00,5.157618577572621987e+00,1.000000000000000000e+00,1.000000000000000000e+00,2.173690563739420600e+00
-1.375000000000000000e+02,4.206307733882898581e-01,2.022615690476555095e+00,5.543008987623581518e+00,1.000000000000000000e+00,1.000000000000000000e+00,2.026914183185455354e+00
-1.370000000000000000e+02,4.277688279549345385e-01,1.841436015820617333e+00,5.963996635118479439e+00,1.000000000000000000e+00,1.000000000000000000e+00,1.871708326051773730e+00
-1.365000000000000000e+02,4.343788876985547609e-01,1.654932949832917277e+00,6.426412451429665218e+00,1.000000000000000000e+00,1.000000000000000000e+00,1.611992663912478196e+00
-1.360000000000000000e+02,4.403154402896174435e-01,1.180617857734731491e+00,6.922138026731798455e+00,1.000000000000000000e+00,1.000000000000000000e+00,1.317824959053522482e+00
-1.355000000000000000e+02,4.434518818398345275e-01,1.549647588897904160e-01,7.171132939024440489e+00,1.000000000000000000e+00,1.000000000000000000e+00,3.823718823869425298e-01
-1.350000000000000000e+02,4.391160602561746118e-01,1.113660459213953402e+00,6.618107685165435683e+00,0.000000000000000000e+00,1.000000000000000000e+00,1.110804809286930483e+00
-1.345000000000000000e+02,4.349167646380264207e-01,1.091665456680028345e+00,6.252474792258599479e+00,0.000000000000000000e+00,1.000000000000000000e+00,1.091497135577313760e+00
-1.340000000000000000e+02,4.308295230535877374e-01,1.072715866462220058e+00,5.983257488622627740e+00,0.000000000000000000e+00,1.000000000000000000e+00,1.072553816012240535e+00
-1.335000000000000000e+02,4.268505917183542109e-01,1.054117895436432528e+00,5.771164939350935441e+00,0.000000000000000000e+00,1.000000000000000000e+00,1.053961828250647992e+00
-1.330000000000000000e+02,4.229763992941804607e-01,1.035859088661094773e+00,5.595943550295395141e+00,0.000000000000000000e+00,1.000000000000000000e+00,1.035708733654478797e+00
-1.325000000000000000e+02,4.192035372368285717e-01,1.017927543063420481e+00,5.446053255474400778e+00,0.000000000000000000e+00,1.000000000000000000e+00,1.017782644365415878e+00
-1.319999999999999716e+02,4.155287507879663611e-01,1.000311876624135676e+00,5.314417870047868142e+00,0.000000000000000000e+00,1.000000000000000000e+00,1.000172192573713037e+00
-1.315000000000000000e+02,4.119489305620544495e-01,9.830011995933686242e-01,5.196446573277733627e+00,0.000000000000000000e+00,1.000000000000000000e+00,9.828665018104041362e-01
-1.310000000000000000e+02,4.084611046828768299e-01,9.659850875817788118e-01,5.089024333532907285e+00,0.000000000000000000e+00,1.000000000000000000e+00,9.658551601088302130e-01
-1.305000000000000000e+02,4.050624314283661209e-01,9.492535563866588699e-01,4.989958694236139358e+00,0.000000000000000000e+00,1.000000000000000000e+00,9.491281948947285496e-01
-1.300000000000000000e+02,4.017501923458833279e-01,9.327970384232617818e-01,4.897658783866392085e+00,0.000000000000000000e+00,1.000000000000000000e+00,9.326760494760220066e-01
-1.294999999999999716e+02,3.985217858033135996e-01,9.166063606421727128e-01,4.810940098696309342e+00,0.000000000000000000e+00,1.000000000000000000e+00,9.164895610143819482e-01
-1.290000000000000000e+02,3.953747209442177168e-01,9.006727238255057832e-01,4.728901001821491867e+00,0.000000000000000000e+00,1.000000000000000000e+00,9.005599398704109415e-01
-1.285000000000000000e+02,3.923066120178994587e-01,8.849876831610100636e-01,4.650841923900907560e+00,0.000000000000000000e+00,1.000000000000000000e+00,8.848787502232171587e-01
-1.280000000000000000e+02,3.893151730576374647e-01,8.695431300032352429e-01,4.576210946709152516e+00,0.000000000000000000e+00,1.000000000000000000e+00,8.694378918732774686e-01
-1.275000000000000142e+02,3.863982128824798301e-01,8.543312747377465044e-01,4.504566216310306181e+00,0.000000000000000000e+00,1.000000000000000000e+00,8.542295831448072363e-01
-1.269999999999999858e+02,3.835536303999814711e-01,8.393446306704369642e-01,4.435549395954215157e+00,0.000000000000000000e+00,1.000000000000000000e+00,8.392463448105922375e-01
-1.265000000000000000e+02,3.807794101890480953e-01,8.245759988715622990e-01,4.368866541376508650e+00,0.000000000000000000e+00,1.000000000000000000e+00,8.244809849683114589e-01
-1.260000000000000000e+02,3.780736183436891329e-01,8.100184539081702884e-01,4.304274077045467273e+00,0.000000000000000000e+00,1.000000000000000000e+00,8.099265848029519876e-01
-1.255000000000000000e+02,3.754343985599751798e-01,7.956653304044593034e-01,4.241568347486751378e+00,0.000000000000000000e+00,1.000000000000000000e+00,7.955764851750068978e-01
-1.250000000000000142e+02,3.728599684498568045e-01,7.815102103746760509e-01,4.180577719014015869e+00,0.000000000000000000e+00,1.000000000000000000e+00,7.814242739787634617e-01
-1.244999999999999858e+02,3.703486160667461835e-01,7.675469112762932644e-01,4.121156530323225375e+00,0.000000000000000000e+00,1.000000000000000000e+00,7.674637742192400580e-01
-1.240000000000000000e+02,3.678986966289092275e-01,7.537694747362423398e-01,4.063180403134892593e+00,0.000000000000000000e+00,1.000000000000000000e+00,7.536890327602162598e-01
-1.235000000000000000e+02,3.655086294277511971e-01,7.401721559058993538e-01,4.006542566795547877e+00,0.000000000000000000e+00,1.000000000000000000e+00,7.400943096993312098e-01
-1.229999999999999858e+02,3.631768949090464771e-01,7.267494134034023778e-01,3.951150948184062095e+00,0.000000000000000000e+00,1.000000000000000000e+00,7.266740683295146441e-01
-1.225000000000000142e+02,3.609020319160347601e-01,7.134958998066432967e-01,3.896925845846098913e+00,0.000000000000000000e+00,1.000000000000000000e+00,7.134229656489765592e-01
-1.220000000000000000e+02,3.586826350841115230e-01,7.004064526604822927e-01,3.843798054839349998e+00,0.000000000000000000e+00,1.000000000000000000e+00,7.003358433847245434e-01
-1.215000000000000000e+02,3.565173523775913567e-01,6.874760859662103485e-01,3.791707342696864380e+00,0.000000000000000000e+00,1.000000000000000000e+00,6.874077194971365268e-01
-1.210000000000000000e+02,3.544048827596908424e-01,6.746999821232979588e-01,3.740601201418149113e+00,0.000000000000000000e+00,1.000000000000000000e+00,6.746337801353693431e-01
-1.204999999999999858e+02,3.523439739875168231e-01,6.620734842944225873e-01,3.690433818301349422e+00,0.000000000000000000e+00,1.000000000000000000e+00,6.620093720155815209e-01
-1.200000000000000142e+02,3.503334205244175714e-01,6.495920891686033372e-01,3.641165221653119843e+00,0.000000000000000000e+00,1.000000000000000000e+00,6.495299951958781737e-01
-1.195000000000000000e+02,3.483720615625872097e-01,6.372514400972058013e-01,3.592760567278248551e+00,0.000000000000000000e+00,1.000000000000000000e+00,6.371912962236887523e-01
-1.190000000000000000e+02,3.464587791493106694e-01,6.250473205806361676e-01,3.545189539080976004e+00,0.000000000000000000e+00,1.000000000000000000e+00,6.249890616330054938e-01
-1.185000000000000142e+02,3.445924964106815702e-01,6.129756480849158917e-01,3.498425842754500970e+00,0.000000000000000000e+00,1.000000000000000000e+00,6.129192117703843312e-01
-1.179999999999999858e+02,3.427721758670513319e-01,6.010324681674843461e-01,3.452446775859461692e+00,0.000000000000000000e+00,1.000000000000000000e+00,6.009777949300953992e-01
-1.175000000000000000e+02,3.409968178348543044e-01,5.892139488947413239e-01,3.407232860930129448e+00,0.000000000000000000e+00,1.000000000000000000e+00,5.891609817800931292e-01
-1.170000000000000000e+02,3.392654589098077489e-01,5.775163755339104421e-01,3.362767530842583064e+00,0.000000000000000000e+00,1.000000000000000000e+00,5.774650600616922924e-01
-1.164999999999999858e+02,3.375771705268234557e-01,5.659361455028569798e-01,3.319036857711127997e+00,0.000000000000000000e+00,1.000000000000000000e+00,5.658864295469836492e-01
-1.160000000000000142e+02,3.359310575922710984e-01,5.544697635635903454e-01,3.276029318179772609e+00,0.000000000000000000e+00,1.000000000000000000e+00,5.544215972390478253e-01
-1.154999999999999858e+02,3.343262571845183051e-01,5.431138372446704388e-01,3.233735589244151054e+00,0.000000000000000000e+00,1.000000000000000000e+00,5.430671728009884847e-01
-1.150000000000000000e+02,3.327619373189414920e-01,5.318650724799253160e-01,3.192148369749984838e+00,0.000000000000000000e+00,1.000000000000000000e+00,5.318198642007344601e-01
-1.145000000000000000e+02,3.312372957738390356e-01,5.207202694512753638e-01,3.151262223523505490e+00,0.000000000000000000e+00,1.000000000000000000e+00,5.206764735593412130e-01
-1.140000000000000000e+02,3.297515589739137831e-01,5.096763186235103715e-01,3.111073440740722340e+00,0.000000000000000000e+00,1.000000000000000000e+00,5.096338931913440007e-01
-1.135000000000000000e+02,3.283039809281999566e-01,4.987301969610869468e-01,3.071579914668721489e+00,0.000000000000000000e+00,1.000000000000000000e+00,4.986891018263999720e-01
-1.130000000000000000e+02,3.268938422195052929e-01,4.878789643162428358e-01,3.032781031339348399e+00,0.000000000000000000e+00,1.000000000000000000e+00,4.878391610021307057e-01
-1.125000000000000000e+02,3.255204490426272246e-01,4.771197599791396349e-01,2.994677570063819072e+00,0.000000000000000000e+00,1.000000000000000000e+00,4.770812116187071461e-01
-1.119999999999999858e+02,3.241831322887667177e-01,4.664497993812728449e-01,2.957271612981368758e+00,0.000000000000000000e+00,1.000000000000000000e+00,4.664124706462771108e-01
-1.115000000000000000e+02,3.228812466737274178e-01,4.558663709433591338e-01,2.920566462069105196e+00,0.000000000000000000e+00,1.000000000000000000e+00,4.558302279768892129e-01
-1.110000000000000000e+02,3.216141699076333627e-01,4.453668330603409720e-01,2.884566562233135567e+00,0.000000000000000000e+00,1.000000000000000000e+00,4.453318434130533743e-01
-1.105000000000000000e+02,3.203813019040365195e-01,4.349486112157807116e-01,2.849277429261380945e+00,0.000000000000000000e+00,1.000000000000000000e+00,4.349147437855551135e-01
-1.100000000000000000e+02,3.191820640264166342e-01,4.246091952185895302e-01,2.814705581552428448e+00,0.000000000000000000e+00,1.000000000000000000e+00,4.245764201935674498e-01
-1.095000000000000000e+02,3.180158983701947273e-01,4.143461365560044962e-01,2.780858474647932344e+00,0.000000000000000000e+00,1.000000000000000000e+00,4.143144253605088867e-01
-1.090000000000000000e+02,3.168822670784932627e-01,4.041570458560705403e-01,2.747744437692900998e+00,0.000000000000000000e+00,1.000000000000000000e+00,4.041263710994831837e-01
-1.085000000000000000e+02,3.157806516899854810e-01,3.940395904540787142e-01,2.715372611032336181e+00,0.000000000000000000e+00,1.000000000000000000e+00,3.940099258824749651e-01
-1.080000000000000000e+02,3.147105525172692042e-01,3.839914920575851487e-01,2.683752884227652125e+00,0.000000000000000000e+00,1.000000000000000000e+00,3.839628125078202725e-01
-1.074999999999999858e+02,3.136714880542977868e-01,3.740105245044577642e-01,2.652895833844530760e+00,0.000000000000000000e+00,1.000000000000000000e+00,3.739828058607625461e-01
-1.070000000000000000e+02,3.126629944114842075e-01,3.640945116094065903e-01,2.622812660428100795e+00,0.000000000000000000e+00,1.000000000000000000e+00,3.640677307622106618e-01
-1.065000000000000000e+02,3.116846247771764555e-01,3.542413250940961711e-01,2.593515124143461748e+00,0.000000000000000000e+00,1.000000000000000000e+00,3.542154599010645111e-01
-1.060000000000000000e+02,3.107359489042786915e-01,3.444488825966641188e-01,2.565015478621636813e+00,0.000000000000000000e+00,1.000000000000000000e+00,3.444239118457445570e-01
-1.055000000000000000e+02,3.098165526208624954e-01,3.347151457564049859e-01,2.537326402614489496e+00,0.000000000000000000e+00,1.000000000000000000e+00,3.346910491307826252e-01
-1.050000000000000000e+02,3.089260373636815160e-01,3.250381183695970622e-01,2.510460929128495167e+00,0.000000000000000000e+00,1.000000000000000000e+00,3.250148764145573965e-01
-1.045000000000000000e+02,3.080640197335642316e-01,3.154158446130190807e-01,2.484432371777570037e+00,0.000000000000000000e+00,1.000000000000000000e+00,3.153934387044671217e-01
-1.040000000000000000e+02,3.072301310717188150e-01,3.058464073313543197e-01,2.459254248170271051e+00,0.000000000000000000e+00,1.000000000000000000e+00,3.058248196460173207e-01
-1.035000000000000000e+02,3.064240170560411647e-01,2.963279263852620637e-01,2.434940200227262874e+00,0.000000000000000000e+00,1.000000000000000000e+00,2.963071398724917427e-01
-1.029999999999999858e+02,3.056453373165675114e-01,2.868585570570597598e-01,2.411503911411107648e+00,0.000000000000000000e+00,1.000000000000000000e+00,2.868385554120331249e-01
-1.025000000000000000e+02,3.048937650692638557e-01,2.774364885107488132e-01,2.388959020942245104e+00,0.000000000000000000e+00,1.000000000000000000e+00,2.774172561491314304e-01
-1.020000000000000000e+02,3.041689867673909586e-01,2.680599423036885698e-01,2.367319035171798980e+00,0.000000000000000000e+00,1.000000000000000000e+00,2.680414643376530792e-01
-1.015000000000000000e+02,3.034707017697267362e-01,2.587271709471941628e-01,2.346597236382920393e+00,0.000000000000000000e+00,1.000000000000000000e+00,2.587094331626965116e-01
-1.010000000000000000e+02,3.027986220249702098e-01,2.494364565134100931e-01,2.326806589396151814e+00,0.000000000000000000e+00,1.000000000000000000e+00,2.494194453486798801e-01
-1.005000000000000000e+02,3.021524717716898567e-01,2.401861092860131386e-01,2.307959646459275760e+00,0.000000000000000000e+00,1.000000000000000000e+00,2.401698118111925961e-01
-1.000000000000000000e+02,3.015319872532166712e-01,2.309744664523624702e-01,2.290068451005949246e+00,0.000000000000000000e+00,1.000000000000000000e+00,2.309588703502618856e-01
-9.950000000000000000e+01,3.009369164469171132e-01,2.217998908348330078e-01,2.273144440967630686e+00,0.000000000000000000e+00,1.000000000000000000e+00,2.217849843827822409e-01
-9.900000000000000000e+01,3.003670188073147007e-01,2.126607696593362240e-01,2.257198352417040255e+00,0.000000000000000000e+00,1.000000000000000000e+00,2.126465417119685342e-01
-9.849999999999998579e+01,2.998220650225594253e-01,2.035555133587306498e-01,2.242240124405515012e+00,0.000000000000000000e+00,1.000000000000000000e+00,2.035419533317754659e-01
-9.800000000000000000e+01,2.993018367837765314e-01,1.944825544092704250e-01,2.228278805927973227e+00,0.000000000000000000e+00,1.000000000000000000e+00,1.944696522643269698e-01
-9.750000000000000000e+01,2.988061265668516264e-01,1.854403461984049928e-01,2.215322466004544744e+00,0.000000000000000000e+00,1.000000000000000000e+00,1.854280924284668619e-01
-9.700000000000000000e+01,2.983347374262381724e-01,1.764273619216796818e-01,2.203378107904367944e+00,0.000000000000000000e+00,1.000000000000000000e+00,1.764157475376345041e-01
-9.650000000000000000e+01,2.978874828003995057e-01,1.674420935074290295e-01,2.192451588551792785e+00,0.000000000000000000e+00,1.000000000000000000e+00,1.674311100253297602e-01
-9.600000000000000000e+01,2.974641863285195642e-01,1.584830505673510137e-01,2.182547544146274721e+00,0.000000000000000000e+00,1.000000000000000000e+00,1.584726899965011870e-01
-9.550000000000000000e+01,2.970646816781438160e-01,1.495487593715054964e-01,2.173669322993059261e+00,0.000000000000000000e+00,1.000000000000000000e+00,1.495390142032617387e-01
-9.500000000000000000e+01,2.966888123834297009e-01,1.406377618461214229e-01,2.165818926481675621e+00,0.000000000000000000e+00,1.000000000000000000e+00,1.406286250433793072e-01
-9.450000000000000000e+01,2.963364316937123766e-01,1.317486145925151897e-01,2.158996959063658405e+00,0.000000000000000000e+00,1.000000000000000000e+00,1.317400795800627578e-01
-9.399999999999998579e+01,2.960074024321082131e-01,1.228798879261342458e-01,2.153202587970905135e+00,0.000000000000000000e+00,1.000000000000000000e+00,1.228719485815949752e-01
-9.350000000000000000e+01,2.957015968638998515e-01,1.140301649340206558e-01,2.148433513284046636e+00,0.000000000000000000e+00,1.000000000000000000e+00,1.140228155794283937e-01
-9.300000000000000000e+01,2.954188965744656836e-01,1.051980405493642828e-01,2.144685948809253340e+00,0.000000000000000000e+00,1.000000000000000000e+00,1.051912759433872996e-01
-9.250000000000000000e+01,2.951591923565348163e-01,9.638212064181125860e-02,2.141954614056099437e+00,0.000000000000000000e+00,1.000000000000000000e+00,9.637593597267195278e-02
-9.200000000000000000e+01,2.949223841065665153e-01,8.758102112244688098e-02,2.140232737433168886e+00,0.000000000000000000e+00,1.000000000000000000e+00,8.757541200139012938e-02
-9.150000000000000000e+01,2.947083807300689973e-01,7.879336706200763818e-02,2.139512070597224813e+00,0.000000000000000000e+00,1.000000000000000000e+00,7.878832951737323176e-02
-9.100000000000000000e+01,2.945171000556913166e-01,7.001779182118406109e-02,2.139782913711394841e+00,0.000000000000000000e+00,1.000000000000000000e+00,7.001332229307370703e-02
-9.050000000000000000e+01,2.943484687579355219e-01,6.125293619183647120e-02,2.141034151193431434e+00,0.000000000000000000e+00,1.000000000000000000e+00,6.124903152735501621e-02
-9.000000000000000000e+01,2.942024222883545814e-01,5.249744754801507346e-02,2.143253297371825017e+00,0.000000000000000000e+00,1.000000000000000000e+00,5.249410499702365090e-02
-8.949999999999998579e+01,2.940789048151139506e-01,4.374997900554808417e-02,2.146426551320085530e+00,0.000000000000000000e+00,1.000000000000000000e+00,4.374719621696129129e-02
-8.900000000000000000e+01,2.939778691708130332e-01,3.500918858900558400e-02,2.150538860011824926e+00,0.000000000000000000e+00,1.000000000000000000e+00,3.500696360774822880e-02
-8.850000000000000000e+01,2.938992768084743856e-01,2.627373840533143642e-02,2.155573988834488919e+00,0.000000000000000000e+00,1.000000000000000000e+00,2.627206966967226762e-02
-8.800000000000000000e+01,2.938430977656239507e-01,1.754229382255701949e-02,2.161514598419843836e+00,0.000000000000000000e+00,1.000000000000000000e+00,1.754118016204362154e-02
-8.750000000000000000e+01,2.938093106364013107e-01,8.813522652801364030e-03,2.168342326695702038e+00,0.000000000000000000e+00,1.000000000000000000e+00,8.812963286741215888e-03
-8.700000000000000000e+01,2.937979025516500031e-01,8.609433854969972798e-05,2.176037875036061386e+00,0.000000000000000000e+00,1.000000000000000000e+00,8.608887492434054379e-05
-8.650000000000000000e+01,2.938088691669544783e-01,8.641320859128148041e-03,2.184581097384900250e+00,0.000000000000000000e+00,1.000000000000000000e+00,8.640772424141020605e-03
-8.600000000000000000e+01,2.938422146586028294e-01,1.737005267114445292e-02,2.193951091250742724e+00,0.000000000000000000e+00,1.000000000000000000e+00,1.736894995319968743e-02
-8.550000000000000000e+01,2.938979517274676878e-01,2.610143163103512479e-02,2.204126289512298165e+00,0.000000000000000000e+00,1.000000000000000000e+00,2.609977385711096179e-02
-8.499999999999998579e+01,2.939761016108130565e-01,3.483678988665199483e-02,2.215084552037217769e+00,0.000000000000000000e+00,1.000000000000000000e+00,3.483457589399473198e-02
-8.450000000000000000e+01,2.940766941020465097e-01,4.357746201383691509e-02,2.226803256192928515e+00,0.000000000000000000e+00,1.000000000000000000e+00,4.357469024846461619e-02
-8.399999999999998579e+01,2.941997675784513988e-01,5.232478583340588463e-02,2.239259385417242232e+00,0.000000000000000000e+00,1.000000000000000000e+00,5.232145434801145634e-02
-8.350000000000000000e+01,2.943453690369475240e-01,6.108010323223579674e-02,2.252429615113455963e+00,0.000000000000000000e+00,1.000000000000000000e+00,6.107620968359333408e-02
-8.300000000000000000e+01,2.945135541379413913e-01,6.984476098962898172e-02,2.266290395236758126e+00,0.000000000000000000e+00,1.000000000000000000e+00,6.984030263551169182e-02
-8.250000000000000000e+01,2.947043872573432144e-01,7.862011161016425886e-02,2.280818029042614103e+00,0.000000000000000000e+00,1.000000000000000000e+00,7.861508530565233799e-02
-8.200000000000000000e+01,2.949179415468409782e-01,8.740751416392848749e-02,2.295988747570917532e+00,0.000000000000000000e+00,1.000000000000000000e+00,8.740191635719248009e-02
-8.150000000000000000e+01,2.951542990025367019e-01,9.620833513534329806e-02,2.311778779539400031e+00,0.000000000000000000e+00,1.000000000000000000e+00,9.620216186289115567e-02
-8.100000000000000000e+01,2.954135505420653063e-01,1.050239492817295478e-01,2.328164416414364002e+00,0.000000000000000000e+00,1.000000000000000000e+00,1.050171961630926853e-01
-8.049999999999998579e+01,2.956957960903314753e-01,1.138557405027842001e-01,2.345122072514513434e+00,0.000000000000000000e+00,1.000000000000000000e+00,1.138484027346064603e-01
-8.000000000000000000e+01,2.960011446740159480e-01,1.227051027221402052e-01,2.362628340083530620e+00,0.000000000000000000e+00,1.000000000000000000e+00,1.226971750716373266e-01
-7.949999999999998579e+01,2.963297145250183284e-01,1.315734407820859098e-01,2.380660039338249767e+00,0.000000000000000000e+00,1.000000000000000000e+00,1.315649175799828707e-01
-7.900000000000000000e+01,2.966816331930198225e-01,1.404621713530001814e-01,2.399194263561522433e+00,0.000000000000000000e+00,1.000000000000000000e+00,1.404530464857288996e-01
-7.850000000000000000e+01,2.970570376673682955e-01,1.493727238583520966e-01,2.418208419362035677e+00,0.000000000000000000e+00,1.000000000000000000e+00,1.493629907597235074e-01
-7.800000000000000000e+01,2.974560745085016444e-01,1.583065414169576024e-01,2.437680262267629683e+00,0.000000000000000000e+00,1.000000000000000000e+00,1.582961930591314514e-01
-7.750000000000000000e+01,2.978788999891498479e-01,1.672650818037196563e-01,2.457587927854494314e+00,0.000000000000000000e+00,1.000000000000000000e+00,1.672541106874214922e-01
-7.700000000000000000e+01,2.983256802455683809e-01,1.762498184300591575e-01,2.477909958642534605e+00,0.000000000000000000e+00,1.000000000000000000e+00,1.762382165741784579e-01
-7.650000000000000000e+01,2.987965914390811606e-01,1.852622413457148953e-01,2.498625327007792940e+00,0.000000000000000000e+00,1.000000000000000000e+00,1.852500002761744147e-01
-7.599999999999998579e+01,2.992918199282272873e-01,1.943038582634089018e-01,2.519713454376979911e+00,0.000000000000000000e+00,1.000000000000000000e+00,1.942909690011926094e-01
-7.550000000000000000e+01,2.998115624518318256e-01,2.033761956077126121e-01,2.541154226977440089e+00,0.000000000000000000e+00,1.000000000000000000e+00,2.033626486561408708e-01
-7.499999999999998579e+01,3.003560263233376881e-01,2.124807995897482760e-01,2.562928008419285142e+00,0.000000000000000000e+00,1.000000000000000000e+00,2.124665849210611857e-01
-7.450000000000000000e+01,3.009254296367648851e-01,2.216192373098458956e-01,2.585015649385479009e+00,0.000000000000000000e+00,1.000000000000000000e+00,2.216043443506927335e-01
-7.400000000000000000e+01,3.015200014846846077e-01,2.307930978891095941e-01,2.607398494701276714e+00,0.000000000000000000e+00,1.000000000000000000e+00,2.307775155053249094e-01
-7.350000000000000000e+01,3.021399821886206483e-01,2.400039936322704293e-01,2.630058388047109119e+00,0.000000000000000000e+00,1.000000000000000000e+00,2.399877101127374512e-01
-7.300000000000000000e+01,3.027856235423214137e-01,2.492535612236579656e-01,2.652977674569497069e+00,0.000000000000000000e+00,1.000000000000000000e+00,2.492365642631082789e-01
-7.250000000000000000e+01,3.034571890683702700e-01,2.585434629580140031e-01,2.676139201633380260e+00,0.000000000000000000e+00,1.000000000000000000e+00,2.585257396388545570e-01
-7.200000000000000000e+01,3.041549542886345381e-01,2.678753880083298844e-01,2.699526317946776555e+00,0.000000000000000000e+00,1.000000000000000000e+00,2.678569247814484022e-01
-7.149999999999998579e+01,3.048792070090829975e-01,2.772510537329472835e-01,2.723122871275537094e+00,0.000000000000000000e+00,1.000000000000000000e+00,2.772318363973602096e-01
-7.100000000000000000e+01,3.056302476195374429e-01,2.866722070239752784e-01,2.746913204952300624e+00,0.000000000000000000e+00,1.000000000000000000e+00,2.866522207053643911e-01
-7.049999999999998579e+01,3.064083894089554283e-01,2.961406256995360864e-01,2.770882153370046286e+00,0.000000000000000000e+00,1.000000000000000000e+00,2.961198548275661424e-01
-7.000000000000000000e+01,3.072139588968826884e-01,3.056581199423165640e-01,2.795015036637019445e+00,0.000000000000000000e+00,1.000000000000000000e+00,3.056365482266090727e-01
-6.950000000000000000e+01,3.080472961817486421e-01,3.152265337868003781e-01,2.819297654556616628e+00,0.000000000000000000e+00,1.000000000000000000e+00,3.152041441916568210e-01
-6.900000000000000000e+01,3.089087553067229042e-01,3.248477466581677908e-01,2.843716280083046222e+00,0.000000000000000000e+00,1.000000000000000000e+00,3.248245213758608751e-01
-6.850000000000000000e+01,3.097987046438929748e-01,3.345236749656889663e-01,2.868257652391545953e+00,0.000000000000000000e+00,1.000000000000000000e+00,3.344995953881760853e-01
-6.800000000000000000e+01,3.107175272975712388e-01,3.442562737532849915e-01,2.892908969690608956e+00,0.000000000000000000e+00,1.000000000000000000e+00,3.442313204425300199e-01
-6.750000000000000000e+01,3.116656215275854791e-01,3.540475384109554868e-01,2.917657881893138239e+00,0.000000000000000000e+00,1.000000000000000000e+00,3.540216910675042516e-01
-6.699999999999998579e+01,3.126434011934655643e-01,3.638995064500997745e-01,2.942492483253855706e+00,0.000000000000000000e+00,1.000000000000000000e+00,3.638727438798718405e-01
-6.650000000000000000e+01,3.136512962204868193e-01,3.738142593461201701e-01,2.967401305071517559e+00,0.000000000000000000e+00,1.000000000000000000e+00,3.737865594254917712e-01
-6.599999999999998579e+01,3.146897530885967020e-01,3.837939244524193882e-01,2.992373308546700361e+00,0.000000000000000000e+00,1.000000000000000000e+00,3.837652640912799229e-01
-6.550000000000000000e+01,3.157592353453094192e-01,3.938406769893333381e-01,3.017397877879020918e+00,0.000000000000000000e+00,1.000000000000000000e+00,3.938110320921586194e-01
-6.500000000000000000e+01,3.168602241437227796e-01,4.039567421124053426e-01,3.042464813681717395e+00,0.000000000000000000e+00,1.000000000000000000e+00,4.039260875371258885e-01
-6.450000000000001421e+01,3.179932188068814725e-01,4.141443970641936478e-01,3.067564326786470286e+00,0.000000000000000000e+00,1.000000000000000000e+00,4.141127065788071659e-01
-6.399999999999998579e+01,3.191587374197871751e-01,4.244059734142930917e-01,3.092687032507264622e+00,0.000000000000000000e+00,1.000000000000000000e+00,4.243732196511101340e-01
-6.349999999999999289e+01,3.203573174504367738e-01,4.347438593926619688e-01,3.117823945428880084e+00,0.000000000000000000e+00,1.000000000000000000e+00,4.347100137998688996e-01
-6.300000000000000000e+01,3.215895164013574115e-01,4.451605023210454259e-01,3.142966474783377429e+00,0.000000000000000000e+00,1.000000000000000000e+00,4.451255351116587544e-01
-6.250000000000000711e+01,3.228559124931959512e-01,4.556584111483205080e-01,3.168106420476512586e+00,0.000000000000000000e+00,1.000000000000000000e+00,4.556222912462535302e-01
-6.199999999999998579e+01,3.241571053820239690e-01,4.662401590954989850e-01,3.193235969825662490e+00,0.000000000000000000e+00,1.000000000000000000e+00,4.662028540785471131e-01
-6.149999999999999289e+01,3.254937169121190355e-01,4.769083864164788689e-01,3.218347695071278824e+00,0.000000000000000000e+00,1.000000000000000000e+00,4.768698624560933075e-01
-6.100000000000000000e+01,3.268663919061006173e-01,4.876658032811934107e-01,3.243434551725393966e+00,0.000000000000000000e+00,1.000000000000000000e+00,4.876260250788179151e-01
-6.050000000000000000e+01,3.282757989944147803e-01,4.985151927880618339e-01,3.268489877823100187e+00,0.000000000000000000e+00,1.000000000000000000e+00,4.984741235078332111e-01
-6.000000000000000711e+01,3.297226314862949925e-01,5.094594141132825493e-01,3.293507394146435008e+00,0.000000000000000000e+00,1.000000000000000000e+00,5.094170153107470123e-01
-5.949999999999998579e+01,3.312076082844610525e-01,5.205014058043999636e-01,3.318481205494657527e+00,0.000000000000000000e+00,1.000000000000000000e+00,5.204576373513033483e-01
-5.899999999999999289e+01,3.327314748459671012e-01,5.316441892272010250e-01,3.343405803080626626e+00,0.000000000000000000e+00,1.000000000000000000e+00,5.315990092316974502e-01
-5.850000000000000000e+01,3.342950041917715498e-01,5.428908721742571331e-01,3.368276068140001023e+00,0.000000000000000000e+00,1.000000000000000000e+00,5.428442368964543352e-01
-5.800000000000000711e+01,3.358989979677657889e-01,5.542446526446695998e-01,3.393087276848306022e+00,0.000000000000000000e+00,1.000000000000000000e+00,5.541965164073119343e-01
-5.749999999999998579e+01,3.375442875601883941e-01,5.657088228054498735e-01,3.417835106650809252e+00,0.000000000000000000e+00,1.000000000000000000e+00,5.656591378991920882e-01
-5.699999999999999289e+01,3.392317352685433884e-01,5.772867731450205264e-01,3.442515644121675766e+00,0.000000000000000000e+00,1.000000000000000000e+00,5.772354897279935448e-01
-5.650000000000000000e+01,3.409622355393558402e-01,5.889819968302952846e-01,3.467125394482315492e+00,0.000000000000000000e+00,1.000000000000000000e+00,5.889290628216709012e-01
-5.600000000000000000e+01,3.427367162643222831e-01,6.007980942797404023e-01,3.491661292924328031e+00,0.000000000000000000e+00,1.000000000000000000e+00,6.007434552468108313e-01
-5.550000000000000711e+01,3.445561401466626372e-01,6.127387779654308586e-01,3.516120717900445669e+00,0.000000000000000000e+00,1.000000000000000000e+00,6.126823770037759243e-01
-5.499999999999998579e+01,3.464215061397396545e-01,6.248078774580554384e-01,3.540501506567515388e+00,0.000000000000000000e+00,1.000000000000000000e+00,6.247496550643583113e-01
-5.449999999999999289e+01,3.483338509623008505e-01,6.370093447299958189e-01,3.564801972589374923e+00,0.000000000000000000e+00,1.000000000000000000e+00,6.369492386668624828e-01
-5.400000000000000000e+01,3.502942506950014745e-01,6.493472597322792472e-01,3.589020926534970624e+00,0.000000000000000000e+00,1.000000000000000000e+00,6.492852048845788593e-01
-5.350000000000000711e+01,3.523038224632005777e-01,6.618258362624678259e-01,3.613157699138611623e+00,0.000000000000000000e+00,1.000000000000000000e+00,6.617617644847216818e-01
-5.299999999999998579e+01,3.543637262113775721e-01,6.744494281421467008e-01,3.637212167725803358e+00,0.000000000000000000e+00,1.000000000000000000e+00,6.743832680961370230e-01
-5.249999999999999289e+01,3.564751665749080201e-01,6.872225357235401955e-01,3.661184786150237791e+00,0.000000000000000000e+00,1.000000000000000000e+00,6.871542127053884563e-01
-5.200000000000000000e+01,3.586393948553506239e-01,7.001498127461129872e-01,3.685076618636304868e+00,0.000000000000000000e+00,1.000000000000000000e+00,7.000792485022547806e-01
-5.150000000000000000e+01,3.608577111058541287e-01,7.132360735660798756e-01,3.708889377978023649e+00,0.000000000000000000e+00,1.000000000000000000e+00,7.131631860972129644e-01
-5.100000000000000711e+01,3.631314663337815163e-01,7.264863007830757446e-01,3.732625468611034059e+00,0.000000000000000000e+00,1.000000000000000000e+00,7.264110041351428126e-01
-5.049999999999998579e+01,3.654620648281824424e-01,7.399056532899782601e-01,3.756288035150795679e+00,0.000000000000000000e+00,1.000000000000000000e+00,7.398278573313041839e-01
-4.999999999999999289e+01,3.678509666203193529e-01,7.534994747741958765e-01,3.779881017079434358e+00,0.000000000000000000e+00,1.000000000000000000e+00,7.534190849575934656e-01
-4.950000000000000000e+01,3.702996900860830443e-01,7.672733027005081974e-01,3.803409210368282167e+00,0.000000000000000000e+00,1.000000000000000000e+00,7.671902198092240832e-01
-4.900000000000000711e+01,3.728098146998092277e-01,7.812328778077635150e-01,3.826878336945735981e+00,0.000000000000000000e+00,1.000000000000000000e+00,7.811469976842752017e-01
-4.849999999999998579e+01,3.753829839497507814e-01,7.953841541551684990e-01,3.850295123064547465e+00,0.000000000000000000e+00,1.000000000000000000e+00,7.952953674110843085e-01
-4.799999999999999289e+01,3.780209084262667329e-01,8.097333097555020620e-01,3.873667387793018335e+00,0.000000000000000000e+00,1.000000000000000000e+00,8.096415014611905159e-01
-4.750000000000000000e+01,3.807253690946617031e-01,8.242867578359773795e-01,3.897004143056443048e+00,0.000000000000000000e+00,1.000000000000000000e+00,8.241918071885260266e-01
-4.700000000000000000e+01,3.834982207655689423e-01,8.390511587712414787e-01,3.920315706894868857e+00,0.000000000000000000e+00,1.000000000000000000e+00,8.389529387387839598e-01
-4.650000000000000711e+01,3.863413957768118134e-01,8.540334327360590283e-01,3.943613831889091870e+00,0.000000000000000000e+00,1.000000000000000000e+00,8.539318096764697552e-01
-4.599999999999998579e+01,3.892569079018173284e-01,8.692407731288515071e-01,3.966911851048672943e+00,0.000000000000000000e+00,1.000000000000000000e+00,8.691356063809884125e-01
-4.549999999999999289e+01,3.922468565008964680e-01,8.846806608224564439e-01,3.990224843866334137e+00,0.000000000000000000e+00,1.000000000000000000e+00,8.845718022673620951e-01
-4.500000000000000000e+01,3.953134309330732510e-01,9.003608793022190859e-01,4.013569825737871355e+00,0.000000000000000000e+00,1.000000000000000000e+00,9.002481728918149129e-01
-4.450000000000000711e+01,3.984589152476251117e-01,9.162895307568416081e-01,4.036965964545568220e+00,0.000000000000000000e+00,1.000000000000000000e+00,9.161728120075008919e-01
-4.399999999999998579e+01,4.016856931761371152e-01,9.324750531933267972e-01,4.060434828930806539e+00,0.000000000000000000e+00,1.000000000000000000e+00,9.323541486412353363e-01
-4.349999999999999289e+01,4.049962534476559406e-01,9.489262386532913984e-01,4.084000673669863524e+00,0.000000000000000000e+00,1.000000000000000000e+00,9.488009652681510531e-01
-4.300000000000000000e+01,4.083931954515012119e-01,9.656522526145121521e-01,4.107690768656095948e+00,0.000000000000000000e+00,1.000000000000000000e+00,9.655224171679219758e-01
-4.250000000000000000e+01,4.118792352744436447e-01,9.826626546687712294e-01,4.131535779333786351e+00,0.000000000000000000e+00,1.000000000000000000e+00,9.825280530535048795e-01
-4.200000000000000711e+01,4.154572121413398489e-01,9.999674205759344625e-01,4.155570208090963114e+00,0.000000000000000000e+00,1.000000000000000000e+00,9.998278370714636099e-01
-4.149999999999998579e+01,4.191300952909268185e-01,1.017576965802384992e+00,4.179832908187576024e+00,0.000000000000000000e+00,1.000000000000000000e+00,1.017432172281828029e+00
-4.099999999999999289e+01,4.229009913213617189e-01,1.035502170662173427e+00,4.204367684385786674e+00,0.000000000000000000e+00,1.000000000000000000e+00,1.035351925735244150e+00
-4.050000000000000000e+01,4.267731520432739289e-01,1.053754407190030440e+00,4.229223997711112126e+00,0.000000000000000000e+00,1.000000000000000000e+00,1.053598455276016255e+00
-4.000000000000000711e+01,4.307499828816091503e-01,1.072345567887317941e+00,4.254457795906343875e+00,0.000000000000000000e+00,1.000000000000000000e+00,1.072183638211574808e+00
-3.949999999999998579e+01,4.348350518714307889e-01,1.091288096495408144e+00,4.280132496411710008e+00,0.000000000000000000e+00,1.000000000000000000e+00,1.091119902002143371e+00
-3.899999999999999289e+01,4.390320992971455949e-01,1.110595020965970292e+00,4.306320155474649525e+00,0.000000000000000000e+00,1.000000000000000000e+00,1.110420257139017597e+00
-3.850000000000000000e+01,4.433450480293906759e-01,1.130279988813446712e+00,4.333102865750682930e+00,0.000000000000000000e+00,1.000000000000000000e+00,1.130098332396096472e+00
-3.800000000000000000e+01,4.477780146191064348e-01,1.150357305053177237e+00,4.360574436175516766e+00,0.000000000000000000e+00,1.000000000000000000e+00,1.150168412657303962e+00
-3.750000000000000711e+01,4.523353212142015023e-01,1.170841972949396181e+00,4.388842422899456253e+00,0.000000000000000000e+00,1.000000000000000000e+00,1.170645479542566925e+00
-3.699999999999998579e+01,4.570215083707571679e-01,1.191749737818911470e+00,4.418030599983182150e+00,0.000000000000000000e+00,1.000000000000000000e+00,1.191545255077265608e+00
-3.649999999999999289e+01,4.618413488380004317e-01,1.213097134161907675e+00,4.448281985205944977e+00,0.000000000000000000e+00,1.000000000000000000e+00,1.212884248674861221e+00
-3.600000000000000000e+01,4.667998624044067957e-01,1.234901536418670398e+00,4.479762572379057950e+00,0.000000000000000000e+00,1.000000000000000000e+00,1.234679807730093337e+00
-3.550000000000000711e+01,4.719023319013621043e-01,1.257181213682152521e+00,4.512665970826644113e+00,0.000000000000000000e+00,1.000000000000000000e+00,1.256950172150984146e+00
-3.499999999999998579e+01,4.771543204709687847e-01,1.279955388731582655e+00,4.547219220833807363e+00,0.000000000000000000e+00,1.000000000000000000e+00,1.279714533192473747e+00
-3.449999999999999289e+01,4.825616902159465815e-01,1.303244301791152138e+00,4.583690149285666315e+00,0.000000000000000000e+00,1.000000000000000000e+00,1.302993096993176669e+00
-3.400000000000000000e+01,4.881306223623331220e-01,1.327069279460526108e+00,4.622396765181577827e+00,0.000000000000000000e+00,1.000000000000000000e+00,1.326807153260178396e+00
-3.350000000000000000e+01,4.938676390800001981e-01,1.351452809314487746e+00,4.663719389863085318e+00,0.000000000000000000e+00,1.000000000000000000e+00,1.351179149595485240e+00
-3.300000000000000711e+01,4.997796271221301989e-01,1.376418620724056741e+00,4.708116502502941003e+00,0.000000000000000000e+00,1.000000000000000000e+00,1.376132772012641725e+00
-3.249999999999998579e+01,5.058738634629385000e-01,1.401991772511965273e+00,4.756145707111137710e+00,0.000000000000000000e+00,1.000000000000000000e+00,1.401693032253783722e+00
-3.199999999999999289e+01,5.121580431334167294e-01,1.428198748128634898e+00,4.808491874017291501e+00,0.000000000000000000e+00,1.000000000000000000e+00,1.427886362587123870e+00
-3.150000000000000000e+01,5.186403094780440703e-01,1.455067559111756337e+00,4.866005512447284076e+00,0.000000000000000000e+00,1.000000000000000000e+00,1.454740718843739344e+00
-3.100000000000000711e+01,5.253292870816184124e-01,1.482627857683554540e+00,4.929756025913429873e+00,0.000000000000000000e+00,1.000000000000000000e+00,1.482285692541728261e+00
-3.049999999999998579e+01,5.322341176451257372e-01,1.510911059442240356e+00,5.001107105492724969e+00,0.000000000000000000e+00,1.000000000000000000e+00,1.510552633047109294e+00
-2.999999999999999289e+01,5.393644991233516039e-01,1.539950477220204617e+00,5.081825894094174956e+00,0.000000000000000000e+00,1.000000000000000000e+00,1.539574780835844203e+00
-2.949999999999999645e+01,5.467307284754399088e-01,1.569781467313172474e+00,5.174245171806735932e+00,0.000000000000000000e+00,1.000000000000000000e+00,1.569387413052399483e+00
-2.900000000000000355e+01,5.543437484234752244e-01,1.600441589435518841e+00,5.281511590989321547e+00,0.000000000000000000e+00,1.000000000000000000e+00,1.600028002709591668e+00
-2.850000000000000711e+01,5.622151986643468824e-01,1.631970781930493608e+00,5.407979064748367648e+00,0.000000000000000000e+00,1.000000000000000000e+00,1.631536393045265099e+00
-2.799999999999998934e+01,5.703574720375848006e-01,1.664411553959778356e+00,5.559858441814832908e+00,0.000000000000000000e+00,1.000000000000000000e+00,1.663954988746827013e+00
-2.749999999999999289e+01,5.787837762177754364e-01,1.697809196625476025e+00,5.746345187244467745e+00,0.000000000000000000e+00,1.000000000000000000e+00,1.697328965979036930e+00
-2.700000000000000000e+01,5.875082015759758303e-01,1.732212015237102332e+00,5.981700593844412772e+00,0.000000000000000000e+00,1.000000000000000000e+00,1.731706503408478204e+00
-2.650000000000000711e+01,5.965457959418962730e-01,1.767671585237147625e+00,6.289403053699894386e+00,0.000000000000000000e+00,1.000000000000000000e+00,1.767139036715444478e+00
-2.599999999999998579e+01,6.059126470995487290e-01,1.804243034647001309e+00,6.711317257905346167e+00,0.000000000000000000e+00,1.000000000000000000e+00,1.803681539427539171e+00
-2.549999999999999289e+01,6.156259739659036834e-01,1.841985356297391130e+00,7.331009234873334890e+00,0.000000000000000000e+00,1.000000000000000000e+00,1.841392833306936483e+00
-2.499999999999999645e+01,6.257042275377308060e-01,1.880961753573840989e+00,8.346899323281602889e+00,0.000000000000000000e+00,1.000000000000000000e+00,1.880335931984954190e+00
-2.450000000000000355e+01,6.361672028495984899e-01,1.921240023952849763e+00,1.040167554562580499e+01,0.000000000000000000e+00,0.000000000000000000e+00,1.920578422074663782e+00
-2.400000000000000711e+01,6.470361633701372517e-01,6.151927159551607849e-01,1.828386638617923410e+01,0.000000000000000000e+00,0.000000000000000000e+00,1.962192886618993493e+00
-2.349999999999998934e+01,6.431145197034340288e-01,1.589092912289490567e+00,inf,1.000000000000000000e+00,0.000000000000000000e+00,2.538647895664666532e+00
-2.299999999999999289e+01,6.291994442655853836e-01,2.476399297307557035e+00,inf,1.000000000000000000e+00,0.000000000000000000e+00,2.475086853416151200e+00
-2.250000000000000000e+01,6.159196883408581957e-01,2.415438951648426702e+00,inf,1.000000000000000000e+00,0.000000000000000000e+00,2.414213562372972799e+00
-2.200000000000000711e+01,6.032338946396137436e-01,2.356998138593439318e+00,inf,1.000000000000000000e+00,0.000000000000000000e+00,2.355852365823802863e+00
-2.149999999999998579e+01,5.911042276056150957e-01,2.300915365483616082e+00,inf,1.000000000000000000e+00,0.000000000000000000e+00,2.299842547236255363e+00
-2.099999999999999289e+01,5.794960065881991085e-01,2.247042618600391339e+00,inf,1.000000000000000000e+00,0.000000000000000000e+00,2.246036773904113826e+00
-2.049999999999999645e+01,5.683773839326863309e-01,2.195243984061058029e+00,inf,1.000000000000000000e+00,0.000000000000000000e+00,2.194299731165037404e+00
-2.000000000000000355e+01,5.577190617004923467e-01,2.145394434696412223e+00,inf,1.000000000000000000e+00,0.000000000000000000e+00,2.144506920509583026e+00
-1.950000000000000711e+01,5.474940417168231432e-01,2.097378760053516977e+00,inf,1.000000000000000000e+00,0.000000000000000000e+00,2.096543599088087184e+00
-1.899999999999998934e+01,5.376774044595689084e-01,2.051090620195152425e+00,inf,1.000000000000000000e+00,0.000000000000000000e+00,2.050303841579213859e+00
-1.849999999999999289e+01,5.282461129801857558e-01,2.006431706897204403e+00,inf,1.000000000000000000e+00,0.000000000000000000e+00,2.005689708259037918e+00
-1.800000000000000000e+01,5.191788386116840126e-01,1.963310998279889308e+00,inf,1.000000000000000000e+00,0.000000000000000000e+00,1.962610505505199887e+00
-1.750000000000000711e+01,5.104558056908371499e-01,1.921644094947976500e+00,inf,1.000000000000000000e+00,0.000000000000000000e+00,1.920982126971110482e+00
-1.699999999999998579e+01,5.020586529178365787e-01,1.881352627424219826e+00,inf,1.000000000000000000e+00,0.000000000000000000e+00,1.880726465346356235e+00
-1.649999999999999289e+01,4.939703093102116305e-01,1.842363726097578480e+00,inf,1.000000000000000000e+00,0.000000000000000000e+00,1.841770886033457177e+00
-1.599999999999999645e+01,4.861748829896425095e-01,1.804609546122009300e+00,inf,1.000000000000000000e+00,0.000000000000000000e+00,1.804047755271445563e+00
-1.550000000000000355e+01,4.786575612791366119e-01,1.768026840730149374e+00,inf,1.000000000000000000e+00,0.000000000000000000e+00,1.767494016242859844e+00
-1.500000000000000888e+01,4.714045207910320667e-01,1.732556577301031409e+00,inf,1.000000000000000000e+00,0.000000000000000000e+00,1.732050807568867867e+00
-1.449999999999998934e+01,4.644028463593499190e-01,1.698143591263262753e+00,inf,1.000000000000000000e+00,0.000000000000000000e+00,1.697663119326107584e+00
-1.399999999999999467e+01,4.576404578179559812e-01,1.665200156523439556e+00,inf,1.000000000000000000e+00,0.000000000000000000e+00,1.664279482350545569e+00
-1.350000000000000000e+01,4.511023385651254380e-01,1.634531746067247049e+00,7.287479648688471343e+02,1.000000000000000000e+00,0.000000000000000000e+00,1.636073050180192334e+00
-1.300000000000000533e+01,4.447714280329346237e-01,1.602659865962729802e+00,3.304859903284783513e+02,1.000000000000000000e+00,0.000000000000000000e+00,1.600525323920449550e+00
-1.249999999999998579e+01,4.386613294141362696e-01,1.570270557665864208e+00,3.220412207232653827e+02,1.000000000000000000e+00,0.000000000000000000e+00,1.569881323407706919e+00
-1.199999999999999112e+01,4.327493039564429544e-01,1.540435716208166772e+00,3.138771360202243841e+02,1.000000000000000000e+00,0.000000000000000000e+00,1.540055469669236121e+00
-1.149999999999999645e+01,4.270265722008843023e-01,1.511391869534044918e+00,3.060185739117525827e+02,1.000000000000000000e+00,0.000000000000000000e+00,1.511030956874979347e+00
-1.100000000000000355e+01,4.214848706110157495e-01,1.483103997710745858e+00,2.984642591609257352e+02,1.000000000000000000e+00,0.000000000000000000e+00,1.482762321868068112e+00
-1.050000000000000888e+01,4.161164161319706456e-01,1.455539311945702297e+00,2.912079793455248478e+02,1.000000000000000000e+00,0.000000000000000000e+00,1.455216311014452479e+00
-9.999999999999989342e+00,4.109138685725890472e-01,1.428667788043878062e+00,2.842168889459812817e+02,1.000000000000000000e+00,0.000000000000000000e+00,1.428350138699814087e+00
-9.499999999999994671e+00,4.058702965629697457e-01,1.402457705972945723e+00,2.774203974876464827e+02,1.000000000000000000e+00,0.000000000000000000e+00,1.402156631699633005e+00
-9.000000000000000000e+00,4.009791765258512442e-01,1.376879800635533391e+00,2.708945284140601188e+02,1.000000000000000000e+00,0.000000000000000000e+00,1.376597013427441230e+00
-8.500000000000005329e+00,3.962343315176237168e-01,1.351911990066289038e+00,2.646205305138699941e+02,1.000000000000000000e+00,0.000000000000000000e+00,1.351632470957110144e+00
-7.999999999999985789e+00,3.916299024919362992e-01,1.327526105520705491e+00,2.584792313377225810e+02,1.000000000000000000e+00,0.000000000000000000e+00,1.327262101152659302e+00
-7.499999999999991118e+00,3.871603835989665399e-01,1.303697516967441628e+00,2.525907925950772608e+02,1.000000000000000000e+00,0.000000000000000000e+00,1.303450522017701507e+00
-6.999999999999997335e+00,3.828205270884497691e-01,1.280406977687494896e+00,2.468717685499963750e+02,1.000000000000000000e+00,0.000000000000000000e+00,1.280161762488970956e+00
-6.500000000000002665e+00,3.786053717245904116e-01,1.257629545799692883e+00,2.413161052068517733e+02,1.000000000000000000e+00,0.000000000000000000e+00,1.257400798099305828e+00
-6.000000000000008882e+00,3.745102238562439401e-01,1.235348520777463044e+00,2.359730903598593557e+02,1.000000000000000000e+00,0.000000000000000000e+00,1.235120739811621293e+00
-5.499999999999988454e+00,3.705305945771530385e-01,1.213541746987564229e+00,2.307195488526551514e+02,1.000000000000000000e+00,0.000000000000000000e+00,1.213329811630444066e+00
-4.999999999999994671e+00,3.666622750391267949e-01,1.192193456506913440e+00,2.256961804428245273e+02,1.000000000000000000e+00,0.000000000000000000e+00,1.191981564967891538e+00
-4.500000000000000000e+00,3.629011955400079925e-01,1.171284403524231355e+00,2.207131732826275083e+02,1.000000000000000000e+00,0.000000000000000000e+00,1.171088137535947427e+00
-4.000000000000005329e+00,3.592435696132017520e-01,1.150799389720509103e+00,2.159579731212087381e+02,1.000000000000000000e+00,0.000000000000000000e+00,1.150602194310930804e+00
-3.499999999999985789e+00,3.556857028076420013e-01,1.130722037126661306e+00,2.112168343309486147e+02,1.000000000000000000e+00,0.000000000000000000e+00,1.130540607173074807e+00
-2.999999999999991562e+00,3.522241754122090729e-01,1.111037159728526458e+00,2.066843426957725569e+02,1.000000000000000000e+00,0.000000000000000000e+00,1.110853967040454249e+00
-2.499999999999997335e+00,3.488556334593691521e-01,1.091731497437501641e+00,2.021641852589218047e+02,1.000000000000000000e+00,0.000000000000000000e+00,1.091564440457556184e+00
-2.000000000000002665e+00,3.455769723137828708e-01,1.072789415050015460e+00,1.978170893115551507e+02,1.000000000000000000e+00,0.000000000000000000e+00,1.072619861768607574e+00
-1.500000000000008438e+00,3.423851513203032271e-01,1.054200954441879334e+00,1.935021602225372988e+02,1.000000000000000000e+00,0.000000000000000000e+00,1.054048220780849032e+00
-9.999999999999886757e-01,3.392773328573343017e-01,1.035949335843176833e+00,1.893081276233061772e+02,1.000000000000000000e+00,0.000000000000000000e+00,1.035793565001885908e+00
-4.999999999999943379e-01,3.362507705574069305e-01,1.018028231429464858e+00,1.851885247087651578e+02,1.000000000000000000e+00,0.000000000000000000e+00,1.017890093604977508e+00
0.000000000000000000e+00,3.333028478223730162e-01,1.000419253372673900e+00,1.811227983270527488e+02,1.000000000000000000e+00,0.000000000000000000e+00,1.000277766147265490e+00
4.999999999999943379e-01,3.304310995624550329e-01,9.831194042908342201e-01,1.771931884015805565e+02,1.000000000000000000e+00,0.000000000000000000e+00,9.829959163082025997e-01
1.000000000000014211e+00,3.276330894471189970e-01,9.661123550018935191e-01,1.732455374667154615e+02,1.000000000000000000e+00,0.000000000000000000e+00,9.659823923275666635e-01
1.500000000000008438e+00,3.249066023252714652e-01,9.493888016055994639e-01,1.694568410471450477e+02,1.000000000000000000e+00,0.000000000000000000e+00,9.492533184678502156e-01
2.000000000000002665e+00,3.222493998902833945e-01,9.329434148435824525e-01,1.656682760366527418e+02,1.000000000000000000e+00,0.000000000000000000e+00,9.328255657279591606e-01
2.499999999999997335e+00,3.196594365109676206e-01,9.167579328960281382e-01,1.619855534111284783e+02,1.000000000000000000e+00,0.000000000000000000e+00,9.166366837488830743e-01
2.999999999999991562e+00,3.171347068581449324e-01,9.008356723865901250e-01,1.583849419491717185e+02,1.000000000000000000e+00,0.000000000000000000e+00,9.007324201110276096e-01
3.500000000000011102e+00,3.146732707005443497e-01,8.851575378073778255e-01,1.548030300667842312e+02,1.000000000000000000e+00,0.000000000000000000e+00,8.850485637022877938e-01
4.000000000000005329e+00,3.122733467392291851e-01,8.697217302753630364e-01,1.513557368650285184e+02,1.000000000000000000e+00,0.000000000000000000e+00,8.696051252371147511e-01
4.500000000000000000e+00,3.099331150075249619e-01,8.545215154850958061e-01,1.479042325465086378e+02,1.000000000000000000e+00,0.000000000000000000e+00,8.544226703890943631e-01
4.999999999999994671e+00,3.076509379442711745e-01,8.395378505905352062e-01,1.445491613506419242e+02,1.000000000000000000e+00,0.000000000000000000e+00,8.394365992657404352e-01
5.500000000000014211e+00,3.054251982051203185e-01,8.247812971002889126e-01,1.412833788914558397e+02,1.000000000000000000e+00,0.000000000000000000e+00,8.246984815271050095e-01
6.000000000000008882e+00,3.032542966334532686e-01,8.102329157712981900e-01,1.380143223902671821e+02,1.000000000000000000e+00,0.000000000000000000e+00,8.101410009093445996e-01
6.500000000000002665e+00,3.011368088146697541e-01,7.958850290524243087e-01,1.348608395386795280e+02,1.000000000000000000e+00,0.000000000000000000e+00,7.957879177866165055e-01
6.999999999999997335e+00,2.990712611661114906e-01,7.817433094420817019e-01,1.317408998264194793e+02,1.000000000000000000e+00,0.000000000000000000e+00,7.816656138019103528e-01
7.499999999999991118e+00,2.970562821257950459e-01,7.677850576872730093e-01,1.286583928074734047e+02,1.000000000000000000e+00,0.000000000000000000e+00,7.677018734634732944e-01
8.000000000000010658e+00,2.950905949347314983e-01,7.540177974679189710e-01,1.256799731057236471e+02,1.000000000000000000e+00,0.000000000000000000e+00,7.539239918043759703e-01
8.500000000000005329e+00,2.931728623985989102e-01,7.404357057410093645e-01,1.226955965146315748e+02,1.000000000000000000e+00,0.000000000000000000e+00,7.403628869515919142e-01
9.000000000000000000e+00,2.913019100242721926e-01,7.270146230673009136e-01,1.197742670116928991e+02,1.000000000000000000e+00,0.000000000000000000e+00,7.269392291582402743e-01
9.499999999999994671e+00,2.894765910481633120e-01,7.137759770691326500e-01,1.169480609831298636e+02,1.000000000000000000e+00,0.000000000000000000e+00,7.136848144568778141e-01
1.000000000000001421e+01,2.876956856501563520e-01,7.007039137719496269e-01,1.140894630704972599e+02,1.000000000000000000e+00,0.000000000000000000e+00,7.006357199818551429e-01
1.050000000000000888e+01,2.859581906594516054e-01,6.877724029574500131e-01,1.113094416159394200e+02,1.000000000000000000e+00,0.000000000000000000e+00,6.877039856829419984e-01
1.100000000000000355e+01,2.842630741453192611e-01,6.750157358538818597e-01,1.086175381532141415e+02,1.000000000000000000e+00,0.000000000000000000e+00,6.749265450427315294e-01
1.149999999999999645e+01,2.826092171434096967e-01,6.624092296431128846e-01,1.058762296394432667e+02,1.000000000000000000e+00,0.000000000000000000e+00,6.623455138631593186e-01
1.200000000000001776e+01,2.809957662317361105e-01,6.499255259793909056e-01,1.032217331030273328e+02,1.000000000000000000e+00,0.000000000000000000e+00,6.498623108183105845e-01
1.250000000000001066e+01,2.794217865382558896e-01,6.376073907737979107e-01,1.006444041236071030e+02,1.000000000000000000e+00,0.000000000000000000e+00,6.375729121986734027e-01
1.300000000000000533e+01,2.778862632673976818e-01,6.254248127578809768e-01,9.802067254669687202e+01,1.000000000000000000e+00,0.000000000000000000e+00,6.253664961481982809e-01
1.350000000000000000e+01,2.763884572834838793e-01,6.133511116573869826e-01,9.548156748670304239e+01,1.000000000000000000e+00,0.000000000000000000e+00,6.132925897325679498e-01
1.399999999999999467e+01,2.749275258356922991e-01,6.014314468609427422e-01,9.301172880817522071e+01,1.000000000000000000e+00,0.000000000000000000e+00,6.014026728723774751e-01
1.450000000000001421e+01,2.735025543243050916e-01,5.896344955094968698e-01,9.050830348060274844e+01,1.000000000000000000e+00,0.000000000000000000e+00,5.895814683341996654e-01
1.500000000000000888e+01,2.721128937282305538e-01,5.779346289768050315e-01,8.808458864902695495e+01,1.000000000000000000e+00,0.000000000000000000e+00,5.778812860244838534e-01
1.550000000000000355e+01,2.707577890795854203e-01,5.663781024092789940e-01,8.572719361630996104e+01,1.000000000000000000e+00,0.000000000000000000e+00,5.663547080324762284e-01
1.599999999999999645e+01,2.694364089313632249e-01,5.549335464332189050e-01,8.334586241371512472e+01,1.000000000000000000e+00,0.000000000000000000e+00,5.548853180812871599e-01
1.650000000000001776e+01,2.681481849653352123e-01,5.435735280789547597e-01,8.103902095955618279e+01,1.000000000000000000e+00,0.000000000000000000e+00,5.435264718278662865e-01
1.700000000000001066e+01,2.668924474705318128e-01,5.323483707170124646e-01,7.880015298021891113e+01,1.000000000000000000e+00,0.000000000000000000e+00,5.323311812906231788e-01
1.750000000000000711e+01,2.656684253604384427e-01,5.212269731103035264e-01,7.654078352803594498e+01,1.000000000000000000e+00,0.000000000000000000e+00,5.211831136494026184e-01
1.800000000000000000e+01,2.644756281100414941e-01,5.101784834078300079e-01,7.435051729372815998e+01,1.000000000000000000e+00,0.000000000000000000e+00,5.101359962822070715e-01
1.849999999999999289e+01,2.633134565303746899e-01,4.992520618376153352e-01,7.222440377202093487e+01,1.000000000000000000e+00,0.000000000000000000e+00,4.991868040524323202e-01
1.900000000000001421e+01,2.621812220089365653e-01,4.884240506705056495e-01,7.009487247038488533e+01,1.000000000000000000e+00,0.000000000000000000e+00,4.883876234345321254e-01
1.950000000000000711e+01,2.610784644323247972e-01,4.776636837758273524e-01,6.801956757288624544e+01,1.000000000000000000e+00,0.000000000000000000e+00,4.776250725824226495e-01
2.000000000000000355e+01,2.600046620225800464e-01,4.670068889235472476e-01,6.600345475966132369e+01,1.000000000000000000e+00,0.000000000000000000e+00,4.669518696147892944e-01
2.049999999999999645e+01,2.589592163943596481e-01,4.564466648662577897e-01,6.400327886601068883e+01,1.000000000000000000e+00,0.000000000000000000e+00,4.564205136944199381e-01
2.100000000000001776e+01,2.579416641601878224e-01,4.459525557121380435e-01,6.203813474864548994e+01,1.000000000000000000e+00,0.000000000000000000e+00,4.459175023218538980e-01
2.150000000000001066e+01,2.569515686176047642e-01,4.355384753618954385e-01,6.012746915384679625e+01,1.000000000000000000e+00,0.000000000000000000e+00,4.354959182401373918e-01
2.200000000000000711e+01,2.559884261487910817e-01,4.252249995985337705e-01,5.825138403575702739e+01,1.000000000000000000e+00,0.000000000000000000e+00,4.252141394614483150e-01
2.250000000000000000e+01,2.550517309797994403e-01,4.149792659217152457e-01,5.638603195931465706e+01,1.000000000000000000e+00,0.000000000000000000e+00,4.149474896805265822e-01
2.299999999999999289e+01,2.541411490719534538e-01,4.047856647752522963e-01,5.457131472126022942e+01,1.000000000000000000e+00,0.000000000000000000e+00,4.047549266350154440e-01
2.350000000000001421e+01,2.532562637595594524e-01,3.946924442895564100e-01,5.280394800316688020e+01,1.000000000000000000e+00,0.000000000000000000e+00,3.946341153583239891e-01
2.400000000000000711e+01,2.523965470327739768e-01,3.846745357227777107e-01,5.103776919490303499e+01,1.000000000000000000e+00,0.000000000000000000e+00,3.846516768620956150e-01
2.450000000000000355e+01,2.515617144337108368e-01,3.746949088278301865e-01,4.930992018454695369e+01,1.000000000000000000e+00,0.000000000000000000e+00,3.746671248445490598e-01
2.499999999999999645e+01,2.507514189892190437e-01,3.647868207922849160e-01,4.762669536528253644e+01,1.000000000000000000e+00,0.000000000000000000e+00,3.647476524278110976e-01
2.550000000000001776e+01,2.499652475783930572e-01,3.549684493410719122e-01,4.596968124951576584e+01,1.000000000000000000e+00,0.000000000000000000e+00,3.549695907582534615e-01
2.600000000000001066e+01,2.492027922478410040e-01,3.451984927503280454e-01,4.432182854284403817e+01,1.000000000000000000e+00,0.000000000000000000e+00,3.451734540687589892e-01
2.650000000000000711e+01,2.484638380678812764e-01,3.354603206374138225e-01,4.271648176102520011e+01,1.000000000000000000e+00,0.000000000000000000e+00,3.354361576097938946e-01
2.700000000000000000e+01,2.477480645262987446e-01,3.258136863777469361e-01,4.115103184412726733e+01,1.000000000000000000e+00,0.000000000000000000e+00,3.257557028698319646e-01
2.749999999999999289e+01,2.470550133537008086e-01,3.162320424924496276e-01,3.958846017570532183e+01,1.000000000000000000e+00,0.000000000000000000e+00,3.162197583353751895e-01
2.800000000000001421e+01,2.463844961772024278e-01,3.066683233991042701e-01,3.805603079766688523e+01,1.000000000000000000e+00,0.000000000000000000e+00,3.066466659447976695e-01
2.850000000000000711e+01,2.457362718862434459e-01,2.971585450615747415e-01,3.656200509958622291e+01,1.000000000000000000e+00,0.000000000000000000e+00,2.971246732414353775e-01
2.900000000000000355e+01,2.451100108024830138e-01,2.877367182445261795e-01,3.509334567115070058e+01,1.000000000000000000e+00,0.000000000000000000e+00,2.877557114824713658e-01
2.949999999999999645e+01,2.445053409046502313e-01,2.783492063469646394e-01,3.363014998747211592e+01,1.000000000000000000e+00,0.000000000000000000e+00,2.783298999629898463e-01
3.000000000000001776e+01,2.439221769311790411e-01,2.689683176818723487e-01,3.220425433581773689e+01,1.000000000000000000e+00,0.000000000000000000e+00,2.689497671089802755e-01
3.050000000000001066e+01,2.433602768505081781e-01,2.596780292721186933e-01,3.081344571324187598e+01,1.000000000000000000e+00,0.000000000000000000e+00,2.596135631643129438e-01
3.100000000000000711e+01,2.428192105760179631e-01,2.504427612994333252e-01,2.942620842348368271e+01,1.000000000000000000e+00,0.000000000000000000e+00,2.504385727473088519e-01
3.150000000000000000e+01,2.422989017525514210e-01,2.412009606657270211e-01,2.806672051245582011e+01,1.000000000000000000e+00,0.000000000000000000e+00,2.411845853573806042e-01
3.199999999999999289e+01,2.417991925508225504e-01,2.320117046907859415e-01,2.674150723054836476e+01,1.000000000000000000e+00,0.000000000000000000e+00,2.319694714730544394e-01
3.250000000000001421e+01,2.413197678035358118e-01,2.229019304174693628e-01,2.543507701940026422e+01,1.000000000000000000e+00,0.000000000000000000e+00,2.229294993555300253e-01
3.300000000000000711e+01,2.408603687395674542e-01,2.138010267371231454e-01,2.414120767265317369e+01,1.000000000000000000e+00,0.000000000000000000e+00,2.137867145852313799e-01
3.350000000000000000e+01,2.404209896636024246e-01,2.046964064561628827e-01,2.288097678301653914e+01,1.000000000000000000e+00,0.000000000000000000e+00,2.046779814600360459e-01
3.400000000000000000e+01,2.400014343985216736e-01,1.956996221928873347e-01,2.165050678024860886e+01,1.000000000000000000e+00,0.000000000000000000e+00,1.957624863016773631e-01
3.450000000000001421e+01,2.396012401037449224e-01,1.867289787999640294e-01,2.042233099004698005e+01,1.000000000000000000e+00,0.000000000000000000e+00,1.867166330592152090e-01
3.500000000000001421e+01,2.392205654538280823e-01,1.777119165184873895e-01,1.922729383281402704e+01,1.000000000000000000e+00,0.000000000000000000e+00,1.777002114153310164e-01
3.550000000000000711e+01,2.388592597080033963e-01,1.687989634627395652e-01,1.806345973778327263e+01,1.000000000000000000e+00,0.000000000000000000e+00,1.687117111966307259e-01
3.600000000000000000e+01,2.385168627414322728e-01,1.599303257741106765e-01,1.690744819676448074e+01,1.000000000000000000e+00,0.000000000000000000e+00,1.599378294884786778e-01
3.649999999999999289e+01,2.381934850229387446e-01,1.510100476567918792e-01,1.577862187350217127e+01,1.000000000000000000e+00,0.000000000000000000e+00,1.510002022152810153e-01
3.700000000000001421e+01,2.378890746245669041e-01,1.421652148366626400e-01,1.468064570595948126e+01,1.000000000000000000e+00,0.000000000000000000e+00,1.420860992167634895e-01
3.750000000000000711e+01,2.376032224994386599e-01,1.333819909019741401e-01,1.359711302256097731e+01,1.000000000000000000e+00,0.000000000000000000e+00,1.334130394042501166e-01
3.800000000000000000e+01,2.373359450375182866e-01,1.245492221916925102e-01,1.253678619747245904e+01,1.000000000000000000e+00,0.000000000000000000e+00,1.245411710733409921e-01
3.850000000000000000e+01,2.370873030442228746e-01,1.157626533550485948e-01,1.150708307256089213e+01,1.000000000000000000e+00,0.000000000000000000e+00,1.156885666624573733e-01
3.900000000000001421e+01,2.368569244969054299e-01,1.070493165680095754e-01,1.049652001667136858e+01,1.000000000000000000e+00,0.000000000000000000e+00,1.070979923853976196e-01
3.950000000000001421e+01,2.366447683216434394e-01,9.828557942246833601e-02,9.508840730976489297e+00,1.000000000000000000e+00,1.000000000000000000e+00,9.827926983868402744e-02
4.000000000000000711e+01,2.364509824123496584e-01,8.955211049754985275e-02,8.551815853101009779e+00,1.000000000000000000e+00,1.000000000000000000e+00,8.947566143997918997e-02
4.050000000000000000e+01,2.362752003589733418e-01,8.089562474403362569e-02,7.617390535313151467e+00,1.000000000000000000e+00,1.000000000000000000e+00,8.095385579882828642e-02
4.099999999999999289e+01,2.361173866378092900e-01,7.218060685139934818e-02,6.708629732231254472e+00,1.000000000000000000e+00,1.000000000000000000e+00,7.217599757146943296e-02
4.150000000000001421e+01,2.359777422145773462e-01,6.349770983344873998e-02,5.832223985554519707e+00,1.000000000000000000e+00,1.000000000000000000e+00,6.340919020944028872e-02
4.200000000000000711e+01,2.358558656963083144e-01,5.488614846403414016e-02,4.984050876635521377e+00,1.000000000000000000e+00,1.000000000000000000e+00,5.494438967925591166e-02
4.250000000000000000e+01,2.357518055021225467e-01,4.619831085118329683e-02,4.170540762332366036e+00,1.000000000000000000e+00,1.000000000000000000e+00,4.619537155778483117e-02
4.300000000000000000e+01,2.356657760372291854e-01,3.756469728689199733e-02,3.401366735356690985e+00,1.000000000000000000e+00,1.000000000000000000e+00,3.745340476771516491e-02
4.350000000000001421e+01,2.355972965031534749e-01,2.898565943754860541e-02,2.687027153036282368e+00,1.000000000000000000e+00,1.000000000000000000e+00,2.903270909966314955e-02
4.400000000000001421e+01,2.355465884974333735e-01,2.030198684962121469e-02,2.061508007847021151e+00,1.000000000000000000e+00,1.000000000000000000e+00,2.030069783043638235e-02
4.450000000000000711e+01,2.355138337458127507e-01,1.172022982883205722e-02,1.595701734356990142e+00,1.000000000000000000e+00,1.000000000000000000e+00,1.157177996571159308e-02
4.500000000000000000e+01,2.354984125884427293e-01,3.165015766288507663e-03,1.414417454265356033e+00,1.000000000000000000e+00,1.000000000000000000e+00,3.189573208015869521e-03
4.549999999999999289e+01,2.355008248262184523e-01,5.522648537064843779e-03,1.585108575513154427e+00,1.000000000000000000e+00,1.000000000000000000e+00,5.537140456528534017e-03
4.600000000000001421e+01,2.355211121362411342e-01,1.404774777035366559e-02,1.996480924181700534e+00,1.000000000000000000e+00,1.000000000000000000e+00,1.385879391608716912e-02
4.650000000000000711e+01,2.355585697632103237e-01,2.258982808260540792e-02,2.513954638845619538e+00,1.000000000000000000e+00,1.000000000000000000e+00,2.258839363441400225e-02
4.700000000000000000e+01,2.356139850780102629e-01,3.123657468747545463e-02,3.071361948204571757e+00,1.000000000000000000e+00,1.000000000000000000e+00,3.132143569215110890e-02
4.750000000000000000e+01,2.356870220489606649e-01,3.973037669509223158e-02,3.638090181147433988e+00,1.000000000000000000e+00,1.000000000000000000e+00,3.957037105277391026e-02
4.800000000000001421e+01,2.357774165601844718e-01,4.831699769627621766e-02,4.198370708067723278e+00,1.000000000000000000e+00,1.000000000000000000e+00,4.831392286810921866e-02
4.850000000000001421e+01,2.358858509503140577e-01,5.685373317540290405e-02,4.750181304780241476e+00,1.000000000000000000e+00,1.000000000000000000e+00,5.706485086727573763e-02
4.900000000000000711e+01,2.360114825131002514e-01,6.531608951870314372e-02,5.282884438981202635e+00,1.000000000000000000e+00,1.000000000000000000e+00,6.522904901216521056e-02
4.950000000000002842e+01,2.361548995128830986e-01,7.393350223795734644e-02,5.798908172962489616e+00,1.000000000000000000e+00,1.000000000000000000e+00,7.399803983833823373e-02
4.999999999999999289e+01,2.363162127906184018e-01,8.234788214469392076e-02,6.298082914892980888e+00,1.000000000000000000e+00,1.000000000000000000e+00,8.204624833603531286e-02
5.050000000000001421e+01,2.364945430224948131e-01,9.084397898548871031e-02,6.769990373764989577e+00,1.000000000000000000e+00,1.000000000000000000e+00,9.083815686135092438e-02
5.099999999999998579e+01,2.366911811648877983e-01,9.930385593339639827e-02,7.227438231743680497e+00,1.000000000000000000e+00,1.000000000000000000e+00,9.964401571029134208e-02
5.150000000000000000e+01,2.369047712653924720e-01,1.076788047714962865e-01,7.654685176649535627e+00,1.000000000000000000e+00,1.000000000000000000e+00,1.075720526912031932e-01
5.200000000000002132e+01,2.371364080704524147e-01,1.161713188992326701e-01,8.063368754362482349e+00,1.000000000000000000e+00,1.000000000000000000e+00,1.164082006688038073e-01
5.249999999999999289e+01,2.373855824092269140e-01,1.245282672662653689e-01,8.447140190267163007e+00,1.000000000000000000e+00,1.000000000000000000e+00,1.242679996861268954e-01
5.300000000000001421e+01,2.376523486074803571e-01,1.329799726266931992e-01,8.806147257243292614e+00,1.000000000000000000e+00,1.000000000000000000e+00,1.331392530564207421e-01
5.349999999999997868e+01,2.379371588618219291e-01,1.413437494395375083e-01,9.145305103355623189e+00,1.000000000000000000e+00,1.000000000000000000e+00,1.409755834525204254e-01
5.400000000000000000e+01,2.382393190693595231e-01,1.497705421879991505e-01,9.456225025249883842e+00,1.000000000000000000e+00,1.000000000000000000e+00,1.498868533335103170e-01
5.450000000000002132e+01,2.385599138411720332e-01,1.581588796025946708e-01,9.751187358148476036e+00,1.000000000000000000e+00,1.000000000000000000e+00,1.577300965164784852e-01
5.499999999999998579e+01,2.388978382310125437e-01,1.665846931474630477e-01,1.001735449286471891e+01,1.000000000000000000e+00,0.000000000000000000e+00,1.666864064286363023e-01
5.550000000000000711e+01,2.392544976903405174e-01,1.750212761406928219e-01,1.027029713702075675e+01,1.000000000000000000e+00,0.000000000000000000e+00,1.745786450986067662e-01
5.600000000000002842e+01,2.396286883540761914e-01,1.834755225454918481e-01,1.049651740860427473e+01,1.000000000000000000e+00,0.000000000000000000e+00,1.835852095006672569e-01
5.650000000000000000e+01,2.400218491285492639e-01,1.919597216143440199e-01,1.071121530071654071e+01,1.000000000000000000e+00,0.000000000000000000e+00,1.915198165713476175e-01
5.700000000000001421e+01,2.404328405574606697e-01,2.004243973223022168e-01,1.090212447040344479e+01,1.000000000000000000e+00,0.000000000000000000e+00,2.005819306060746543e-01
5.749999999999998579e+01,2.408628989855324531e-01,2.088558764097711296e-01,1.108150139498675024e+01,1.000000000000000000e+00,0.000000000000000000e+00,2.083533659327044818e-01
5.800000000000000711e+01,2.413108394657526024e-01,2.172151399788760373e-01,1.123742829413537159e+01,1.000000000000000000e+00,0.000000000000000000e+00,2.174756636939532972e-01
5.850000000000002842e+01,2.417777371851070889e-01,2.255338082393161525e-01,1.138004009624715351e+01,1.000000000000000000e+00,0.000000000000000000e+00,2.249592373167910442e-01
5.899999999999999289e+01,2.422625509928187648e-01,2.336835844395918071e-01,1.149978996062202263e+01,1.000000000000000000e+00,0.000000000000000000e+00,2.341457776449297479e-01
5.950000000000001421e+01,2.427658166173548848e-01,2.418440144145048709e-01,1.160179497295230355e+01,1.000000000000000000e+00,0.000000000000000000e+00,2.412462441078719599e-01
5.999999999999998579e+01,2.432872592724216465e-01,2.496436839603732305e-01,1.168411292580539751e+01,1.000000000000000000e+00,0.000000000000000000e+00,2.505004966255632848e-01
6.050000000000000000e+01,2.438258445667350338e-01,2.575681656356975102e-01,1.173964875461108903e+01,1.000000000000000000e+00,0.000000000000000000e+00,2.570580247901668169e-01
6.100000000000002132e+01,2.443833570313375392e-01,2.648261358582558733e-01,1.178304352461062976e+01,1.000000000000000000e+00,0.000000000000000000e+00,2.663824714149848338e-01
6.149999999999999289e+01,2.449554059525941851e-01,2.719241733483340751e-01,1.178488812490573956e+01,1.000000000000000000e+00,0.000000000000000000e+00,2.722883545236991498e-01
6.200000000000001421e+01,2.455459085637005101e-01,2.791966781424718436e-01,1.177507950033270667e+01,1.000000000000000000e+00,0.000000000000000000e+00,2.777610732358749002e-01
6.249999999999997868e+01,2.461519269282239353e-01,2.856590967147139559e-01,1.173694368510419039e+01,1.000000000000000000e+00,0.000000000000000000e+00,2.871840706659508635e-01
6.300000000000000000e+01,2.467731462014194910e-01,2.924426995901652782e-01,1.167282664803522430e+01,1.000000000000000000e+00,0.000000000000000000e+00,2.923824878004429584e-01
6.350000000000002132e+01,2.474114787778505520e-01,2.990872037531369654e-01,1.159656902180382154e+01,1.000000000000000000e+00,0.000000000000000000e+00,2.973670255114922445e-01
6.399999999999998579e+01,2.480646480885209670e-01,3.050033400929529348e-01,1.149930043472013175e+01,1.000000000000000000e+00,0.000000000000000000e+00,3.068902990132255648e-01
6.450000000000001421e+01,2.487320044233513050e-01,3.112034907055102884e-01,1.138228455548597395e+01,1.000000000000000000e+00,0.000000000000000000e+00,3.118115019400221621e-01
6.500000000000002842e+01,2.494156423272685386e-01,3.177595968297838858e-01,1.125800208366762334e+01,1.000000000000000000e+00,0.000000000000000000e+00,3.166979432794087557e-01
6.550000000000000000e+01,2.501152514028405771e-01,3.234367619840546326e-01,1.112701451249241380e+01,1.000000000000000000e+00,0.000000000000000000e+00,3.210581379361790444e-01
6.600000000000001421e+01,2.508275520302876149e-01,3.283366341753988227e-01,1.098026878155861219e+01,1.000000000000000000e+00,0.000000000000000000e+00,3.307116040564623827e-01
6.649999999999998579e+01,2.515526325658505868e-01,3.332252867250661277e-01,1.082227885151931268e+01,1.000000000000000000e+00,0.000000000000000000e+00,3.343496198080498916e-01
6.700000000000000000e+01,2.522905515535607268e-01,3.377762274428940947e-01,1.065672491246420428e+01,1.000000000000000000e+00,0.000000000000000000e+00,3.370848856572151719e-01
6.750000000000002842e+01,2.530399628971150561e-01,3.416072318139170561e-01,1.048315414458830475e+01,1.000000000000000000e+00,0.000000000000000000e+00,3.387169280368084734e-01
6.800000000000000000e+01,2.537992190679601578e-01,3.436430628750307137e-01,1.030113865367325410e+01,1.000000000000000000e+00,0.000000000000000000e+00,3.390869017041263089e-01
6.850000000000001421e+01,2.545621752090339585e-01,3.444450534220968585e-01,1.010197082649663081e+01,1.000000000000000000e+00,0.000000000000000000e+00,3.488460630996593204e-01
6.899999999999998579e+01,2.553295705665221127e-01,3.450089467885393280e-01,9.893613450244863827e+00,1.000000000000000000e+00,1.000000000000000000e+00,3.479531940753516905e-01
6.950000000000000000e+01,2.560996529599913751e-01,3.445683743685443723e-01,9.678136675040883929e+00,1.000000000000000000e+00,1.000000000000000000e+00,3.457165708354525413e-01
7.000000000000002842e+01,2.568697161382674787e-01,3.428489966034301561e-01,9.456323584222447565e+00,1.000000000000000000e+00,1.000000000000000000e+00,3.419493419977119308e-01
7.049999999999998579e+01,2.576367212254768724e-01,3.397086883394432877e-01,9.229089416842853666e+00,1.000000000000000000e+00,1.000000000000000000e+00,3.365277399523081692e-01
7.100000000000001421e+01,2.583972533038207953e-01,3.349479568267814678e-01,8.997433369511378842e+00,1.000000000000000000e+00,1.000000000000000000e+00,3.291462810259485616e-01
7.149999999999998579e+01,2.591472972710301970e-01,3.282643398522009925e-01,8.762220750448923567e+00,1.000000000000000000e+00,1.000000000000000000e+00,3.195913634685358939e-01
7.200000000000000000e+01,2.598819842418776394e-01,3.184208138233103336e-01,8.524075781427407961e+00,1.000000000000000000e+00,1.000000000000000000e+00,3.292364822041527472e-01
7.250000000000001421e+01,2.605915892175499349e-01,3.060374905886359409e-01,8.280463029970690059e+00,1.000000000000000000e+00,1.000000000000000000e+00,3.171908988757983217e-01
7.299999999999998579e+01,2.612738982137337018e-01,2.916831246287970303e-01,8.036171906963449629e+00,1.000000000000000000e+00,1.000000000000000000e+00,3.023991147764831799e-01
7.350000000000001421e+01,2.619216904512285393e-01,2.740832801270072783e-01,7.791892952224661606e+00,1.000000000000000000e+00,1.000000000000000000e+00,2.847584911138701380e-01
7.400000000000002842e+01,2.625268413914924048e-01,2.531418289095385687e-01,7.548392241331335129e+00,1.000000000000000000e+00,1.000000000000000000e+00,2.641924418801777641e-01
7.450000000000000000e+01,2.630815756178578324e-01,2.291671951353166370e-01,7.307083428421671023e+00,1.000000000000000000e+00,1.000000000000000000e+00,2.412524445693200181e-01
7.500000000000001421e+01,2.635790945816660069e-01,2.026338665988082766e-01,7.069879149278754937e+00,1.000000000000000000e+00,1.000000000000000000e+00,2.162999664928512145e-01
7.549999999999998579e+01,2.640137568630314124e-01,1.739042186099483689e-01,6.838818450912242497e+00,1.000000000000000000e+00,1.000000000000000000e+00,1.895837165549643100e-01
7.600000000000000000e+01,2.643804294527459797e-01,1.432523777390124486e-01,6.615568847067725855e+00,1.000000000000000000e+00,1.000000000000000000e+00,1.609561177717794833e-01
7.650000000000002842e+01,2.646747675948623590e-01,1.103697498589088499e-01,6.401462792607437891e+00,1.000000000000000000e+00,1.000000000000000000e+00,1.304050910730450430e-01
7.700000000000000000e+01,2.648902765678679549e-01,7.458378413305087606e-02,6.196813848780038825e+00,1.000000000000000000e+00,1.000000000000000000e+00,9.656463778916482554e-02
7.750000000000001421e+01,2.650195839037489676e-01,3.588785358701905570e-02,6.001602485409214260e+00,1.000000000000000000e+00,1.000000000000000000e+00,5.892443247165121689e-02
7.799999999999998579e+01,2.650562745542058285e-01,5.558949986442473373e-03,5.815914938524664457e+00,1.000000000000000000e+00,1.000000000000000000e+00,1.777134389951348648e-02
7.850000000000000000e+01,2.649938676191227471e-01,4.986095956418200997e-02,5.639684337081067866e+00,1.000000000000000000e+00,1.000000000000000000e+00,2.712506895091089040e-02
7.900000000000002842e+01,2.648256668439974981e-01,9.837185984153680451e-02,5.472708466835878305e+00,1.000000000000000000e+00,1.000000000000000000e+00,7.605997715392989744e-02
7.949999999999998579e+01,2.645391850298882130e-01,1.527594039694382400e-01,5.314066429926485924e+00,1.000000000000000000e+00,1.000000000000000000e+00,1.324242838000474209e-01
8.000000000000001421e+01,2.641203644888301394e-01,2.135976635109275990e-01,5.162951387479193244e+00,1.000000000000000000e+00,1.000000000000000000e+00,1.973971129517970990e-01
8.050000000000002842e+01,2.635545489324320756e-01,2.807922815063723099e-01,5.018757848489181050e+00,1.000000000000000000e+00,1.000000000000000000e+00,2.722503476275916490e-01
8.100000000000000000e+01,2.628287495788833583e-01,3.530029351858536835e-01,4.881197392686792647e+00,1.000000000000000000e+00,1.000000000000000000e+00,3.569530807240116066e-01
8.150000000000001421e+01,2.619352443197530689e-01,4.263476947327289879e-01,4.750393740777834495e+00,1.000000000000000000e+00,1.000000000000000000e+00,4.489785182189512946e-01
8.199999999999998579e+01,2.608796446267553915e-01,4.945274651763046370e-01,4.627120590961510516e+00,1.000000000000000000e+00,1.000000000000000000e+00,5.321719851893681463e-01
8.250000000000001421e+01,2.596835575381131189e-01,5.603659539846514992e-01,4.512520321149421143e+00,1.000000000000000000e+00,1.000000000000000000e+00,5.210253741918879911e-01
8.300000000000002842e+01,2.583398794696944445e-01,6.119985572828133824e-01,4.405715618369993258e+00,1.000000000000000000e+00,1.000000000000000000e+00,5.899215883768244018e-01
8.350000000000000000e+01,2.569241285737516312e-01,6.417318544547678805e-01,4.309373168435237211e+00,1.000000000000000000e+00,1.000000000000000000e+00,6.431371627854890471e-01
8.400000000000001421e+01,2.554622434747750859e-01,6.640304999533178654e-01,4.223006541968219452e+00,1.000000000000000000e+00,1.000000000000000000e+00,6.806493824576224094e-01
8.449999999999998579e+01,2.539634441621708705e-01,6.855628946942634583e-01,4.145457071032754293e+00,1.000000000000000000e+00,1.000000000000000000e+00,6.679549045000248153e-01
8.500000000000000000e+01,2.524234871229815158e-01,7.010969472194030772e-01,4.075322137024275371e+00,1.000000000000000000e+00,1.000000000000000000e+00,6.951849445171326414e-01
8.550000000000002842e+01,2.508746767567463509e-01,7.161819454596010104e-01,4.012502108746105023e+00,1.000000000000000000e+00,1.000000000000000000e+00,7.339043583367805823e-01
8.600000000000000000e+01,2.492876206491660973e-01,7.417952557834847083e-01,3.955194661025519753e+00,1.000000000000000000e+00,1.000000000000000000e+00,7.205625136818356591e-01
8.650000000000001421e+01,2.476472073707877974e-01,7.616242294782747946e-01,3.902365385392736474e+00,1.000000000000000000e+00,1.000000000000000000e+00,7.736984524046081058e-01
8.699999999999998579e+01,2.459956833529267362e-01,7.928223932561486720e-01,3.854444880163125475e+00,1.000000000000000000e+00,1.000000000000000000e+00,7.598411643473973465e-01
8.750000000000000000e+01,2.442432762599104634e-01,8.189962935684140799e-01,3.809001305953580996e+00,1.000000000000000000e+00,1.000000000000000000e+00,8.260396718640932168e-01
8.800000000000002842e+01,2.425044255380260916e-01,8.502232624128613914e-01,3.768039699697390610e+00,1.000000000000000000e+00,1.000000000000000000e+00,8.114631778112860738e-01
8.849999999999998579e+01,2.406447057267454559e-01,8.813356226859802023e-01,3.728641464315710419e+00,1.000000000000000000e+00,1.000000000000000000e+00,8.882391202668892261e-01
8.900000000000001421e+01,2.388027785167242956e-01,9.049274928348021163e-01,3.693042640920216169e+00,1.000000000000000000e+00,1.000000000000000000e+00,8.727471136290404496e-01
8.950000000000002842e+01,2.368730631820134824e-01,9.370637633611333950e-01,3.659168908207790061e+00,1.000000000000000000e+00,1.000000000000000000e+00,9.527532859876219895e-01
9.000000000000000000e+01,2.349287555797724414e-01,9.467003882563747030e-01,3.627964837841996637e+00,1.000000000000000000e+00,1.000000000000000000e+00,9.362419855570480731e-01
9.050000000000001421e+01,2.329913262371626770e-01,9.713633610309845290e-01,3.599433130186511232e+00,1.000000000000000000e+00,1.000000000000000000e+00,1.002846389174864017e+00
9.099999999999998579e+01,2.309787397205219084e-01,9.856302054970836890e-01,3.572244016966468205e+00,1.000000000000000000e+00,1.000000000000000000e+00,9.854947591614903191e-01
9.150000000000001421e+01,2.290179162472660568e-01,9.863384154970102902e-01,3.547824217587458584e+00,1.000000000000000000e+00,1.000000000000000000e+00,9.684390420524684462e-01
9.200000000000002842e+01,2.270362299833050823e-01,1.002808374925028723e+00,3.525033455140428984e+00,1.000000000000000000e+00,1.000000000000000000e+00,1.018679584445423725e+00
9.250000000000000000e+01,2.250442582435961958e-01,1.001193410996810140e+00,3.503834471381144233e+00,1.000000000000000000e+00,1.000000000000000000e+00,1.001053469381516070e+00
9.300000000000001421e+01,2.231037792783677753e-01,9.964185050405288679e-01,3.484701384858440498e+00,1.000000000000000000e+00,1.000000000000000000e+00,9.837326528534985348e-01
9.349999999999998579e+01,2.211643086887309095e-01,1.005559278500751885e+00,3.466923955095686072e+00,1.000000000000000000e+00,1.000000000000000000e+00,1.019513437932765942e+00
9.400000000000000000e+01,2.192222748365898477e-01,1.002012930392023327e+00,3.450342624489639132e+00,1.000000000000000000e+00,1.000000000000000000e+00,1.001872749012563846e+00
9.450000000000002842e+01,2.173304564245155113e-01,9.856206640555832399e-01,3.435311075046687090e+00,1.000000000000000000e+00,1.000000000000000000e+00,9.845378589600001229e-01
9.500000000000000000e+01,2.154836855268532636e-01,9.886996896788855516e-01,3.421628506206511933e+00,1.000000000000000000e+00,1.000000000000000000e+00,1.008406268379222315e+00
9.550000000000001421e+01,2.136120559625300508e-01,9.910957500741265358e-01,3.408601044296478033e+00,1.000000000000000000e+00,1.000000000000000000e+00,9.909587375773315499e-01
9.599999999999998579e+01,2.117886489529862415e-01,9.739425329790035724e-01,3.396741992481001393e+00,1.000000000000000000e+00,1.000000000000000000e+00,9.738103907451201025e-01
9.650000000000000000e+01,2.100119657818846353e-01,9.602355351605826872e-01,3.385928075371626544e+00,1.000000000000000000e+00,1.000000000000000000e+00,9.569510519221539058e-01
9.700000000000002842e+01,2.082690013617243263e-01,9.586196501878159193e-01,3.375968398842851048e+00,1.000000000000000000e+00,1.000000000000000000e+00,9.707001888368675946e-01
9.749999999999998579e+01,2.065274027141152935e-01,9.540193810628379012e-01,3.366563772441999447e+00,1.000000000000000000e+00,1.000000000000000000e+00,9.538927314458336415e-01
9.800000000000001421e+01,2.048301591540736266e-01,9.374850137975407893e-01,3.357952113270843419e+00,1.000000000000000000e+00,1.000000000000000000e+00,9.373627910808637331e-01
9.850000000000002842e+01,2.031759306473662208e-01,9.212190761168628228e-01,3.350053116088270944e+00,1.000000000000000000e+00,1.000000000000000000e+00,9.211010942161276249e-01
9.900000000000000000e+01,2.015634343671734996e-01,9.159957447569158084e-01,3.342795119954673932e+00,1.000000000000000000e+00,1.000000000000000000e+00,9.050987463088145946e-01
9.950000000000001421e+01,1.999535074645772681e-01,9.116949522760244840e-01,3.335887961766824006e+00,1.000000000000000000e+00,1.000000000000000000e+00,9.122666816181552729e-01
9.999999999999998579e+01,1.983817584218498520e-01,8.965150934015962969e-01,3.329507806499210520e+00,1.000000000000000000e+00,1.000000000000000000e+00,8.964033400189731493e-01
1.005000000000000142e+02,1.968494002826489953e-01,8.808942075632111290e-01,3.323615212921700035e+00,1.000000000000000000e+00,1.000000000000000000e+00,8.807862632301033390e-01
1.010000000000000284e+02,1.953552964739556919e-01,8.672931875010442271e-01,3.318161283125954597e+00,1.000000000000000000e+00,1.000000000000000000e+00,8.654074366161229603e-01
1.015000000000000000e+02,1.938922833847905314e-01,8.612193028347323587e-01,3.313069865121615720e+00,1.000000000000000000e+00,1.000000000000000000e+00,8.686324951024823049e-01
1.020000000000000142e+02,1.924408797657659320e-01,8.535377136354536098e-01,3.308209514673182028e+00,1.000000000000000000e+00,1.000000000000000000e+00,8.534362045639670713e-01
1.024999999999999858e+02,1.910254832483553045e-01,8.385627097760993687e-01,3.303680298643093316e+00,1.000000000000000000e+00,1.000000000000000000e+00,8.384645992322526942e-01
1.030000000000000000e+02,1.896450918695133936e-01,8.238053473462872978e-01,3.299447838656873078e+00,1.000000000000000000e+00,1.000000000000000000e+00,8.237105019114379090e-01
1.035000000000000284e+02,1.882987441742423329e-01,8.092587149147847381e-01,3.295480790806276872e+00,1.000000000000000000e+00,1.000000000000000000e+00,8.091670077676643702e-01
1.040000000000000000e+02,1.869855172721257841e-01,8.012542785281208113e-01,3.291750519015954168e+00,1.000000000000000000e+00,1.000000000000000000e+00,7.948274709591476306e-01
1.045000000000000142e+02,1.856838404760934036e-01,7.940213478590695262e-01,3.288138801969333613e+00,1.000000000000000000e+00,1.000000000000000000e+00,7.945198443787071518e-01
1.049999999999999858e+02,1.844122573471637383e-01,7.804677901807848261e-01,3.284712743312732997e+00,1.000000000000000000e+00,1.000000000000000000e+00,7.803820651559363331e-01
1.055000000000000000e+02,1.831718260101565521e-01,7.665184817628092340e-01,3.281458308278060620e+00,1.000000000000000000e+00,1.000000000000000000e+00,7.664355481659610447e-01
1.060000000000000284e+02,1.819617349671869000e-01,7.527546024993183593e-01,3.278354598846842549e+00,1.000000000000000000e+00,1.000000000000000000e+00,7.526743564493614258e-01
1.064999999999999858e+02,1.807812043162142224e-01,7.394529810144359061e-01,3.275382366902497289e+00,1.000000000000000000e+00,1.000000000000000000e+00,7.390927655161849685e-01
1.070000000000000142e+02,1.796285927780230107e-01,7.312425785911402798e-01,3.272520361831809499e+00,1.000000000000000000e+00,1.000000000000000000e+00,7.362095214494094320e-01
1.075000000000000284e+02,1.784886781216503127e-01,7.229131994938384764e-01,3.269696940175619737e+00,1.000000000000000000e+00,1.000000000000000000e+00,7.228385582057296199e-01
1.080000000000000000e+02,1.773765626551954411e-01,7.097074842795583205e-01,3.266960114705430573e+00,1.000000000000000000e+00,1.000000000000000000e+00,7.096352286974733081e-01
1.085000000000000142e+02,1.762915621190059845e-01,6.966643810326365038e-01,3.264295514178209956e+00,1.000000000000000000e+00,1.000000000000000000e+00,6.965944262853654978e-01
1.089999999999999858e+02,1.752330181734091108e-01,6.837789530867321997e-01,3.261689818058961965e+00,1.000000000000000000e+00,1.000000000000000000e+00,6.837112182004355665e-01
1.095000000000000142e+02,1.742002972696380936e-01,6.710464299314132797e-01,3.259130665476419608e+00,1.000000000000000000e+00,1.000000000000000000e+00,6.709808376240438132e-01
1.100000000000000284e+02,1.731927895811950779e-01,6.608354896580117543e-01,3.256606573691790629e+00,1.000000000000000000e+00,1.000000000000000000e+00,6.583986761830205037e-01
1.105000000000000000e+02,1.722027340480400126e-01,6.526115376560447379e-01,3.254083007010059259e+00,1.000000000000000000e+00,1.000000000000000000e+00,6.544334443245092281e-01
1.110000000000000142e+02,1.712313625439731424e-01,6.421006931640397264e-01,3.251557481719358211e+00,1.000000000000000000e+00,1.000000000000000000e+00,6.420397883344046708e-01
1.114999999999999858e+02,1.702837833414560520e-01,6.298432362952575136e-01,3.249039834270074145e+00,1.000000000000000000e+00,1.000000000000000000e+00,6.297842417364130085e-01
1.120000000000000000e+02,1.693594604579932439e-01,6.177198205322513846e-01,3.246521267063970928e+00,1.000000000000000000e+00,1.000000000000000000e+00,6.176626728332816896e-01
1.125000000000000284e+02,1.684578775520834959e-01,6.057264416097011273e-01,3.243993574403817970e+00,1.000000000000000000e+00,1.000000000000000000e+00,6.056710801522084964e-01
1.130000000000000000e+02,1.675785371230127385e-01,5.938592199388538218e-01,3.241449097452087980e+00,1.000000000000000000e+00,1.000000000000000000e+00,5.938055867582476832e-01
1.135000000000000142e+02,1.667209597515037223e-01,5.839726041887385311e-01,3.238880683409753214e+00,1.000000000000000000e+00,1.000000000000000000e+00,5.820624348480329946e-01
1.139999999999999858e+02,1.658792763071842147e-01,5.769731318310804546e-01,3.236266295466152076e+00,1.000000000000000000e+00,1.000000000000000000e+00,5.797456380359711225e-01
1.145000000000000000e+02,1.650505420284151259e-01,5.681943467079718646e-01,3.233593770416580249e+00,1.000000000000000000e+00,1.000000000000000000e+00,5.681443215817514325e-01
1.150000000000000284e+02,1.642424928355461500e-01,5.567059448986693138e-01,3.230880874124760549e+00,1.000000000000000000e+00,1.000000000000000000e+00,5.566574789993994354e-01
1.154999999999999858e+02,1.634547042032983843e-01,5.453286550344821348e-01,3.228122015660429334e+00,1.000000000000000000e+00,1.000000000000000000e+00,5.452817002018678361e-01
1.160000000000000142e+02,1.626867668333911165e-01,5.340591641162543146e-01,3.225311964548779553e+00,1.000000000000000000e+00,1.000000000000000000e+00,5.340136742432288752e-01
1.165000000000000284e+02,1.619382860753631748e-01,5.228942541910909236e-01,3.222445826641572975e+00,1.000000000000000000e+00,1.000000000000000000e+00,5.228501851280721313e-01
1.170000000000000000e+02,1.612088813758239259e-01,5.118307983510049786e-01,3.219519022046219536e+00,1.000000000000000000e+00,1.000000000000000000e+00,5.117881078151187424e-01
1.175000000000000142e+02,1.604981857545878798e-01,5.035632511636928266e-01,3.216527264912875772e+00,1.000000000000000000e+00,1.000000000000000000e+00,5.008244044041789689e-01
1.179999999999999858e+02,1.597982890265916278e-01,4.978737136673487274e-01,3.213448663907882974e+00,1.000000000000000000e+00,1.000000000000000000e+00,5.003577675744783626e-01
1.185000000000000142e+02,1.591096128392444076e-01,4.895334975402702016e-01,3.210282471281197925e+00,1.000000000000000000e+00,1.000000000000000000e+00,4.894934989668938141e-01
1.190000000000000284e+02,1.584388610560255040e-01,4.787603923983700382e-01,3.207042137276141069e+00,1.000000000000000000e+00,1.000000000000000000e+00,4.787216543190079276e-01
1.195000000000000000e+02,1.577857064025929290e-01,4.680769523121033893e-01,3.203724289137129588e+00,1.000000000000000000e+00,1.000000000000000000e+00,4.680394391674776444e-01
1.200000000000000142e+02,1.571498332567881351e-01,4.574804547313039982e-01,3.200325775646641002e+00,1.000000000000000000e+00,1.000000000000000000e+00,4.574441324435627454e-01
1.204999999999999858e+02,1.565309372417536260e-01,4.469682475328815574e-01,3.196843654429690762e+00,1.000000000000000000e+00,1.000000000000000000e+00,4.469330834412763021e-01
1.210000000000000000e+02,1.559287248383635083e-01,4.365377461158464478e-01,3.193275180248106082e+00,1.000000000000000000e+00,1.000000000000000000e+00,4.365037089158695371e-01
1.215000000000000284e+02,1.553429130159881821e-01,4.261864306197258312e-01,3.189617794197882716e+00,1.000000000000000000e+00,1.000000000000000000e+00,4.261534903056710122e-01
1.220000000000000000e+02,1.547732288806684398e-01,4.207510235083826156e-01,3.185869113731587987e+00,1.000000000000000000e+00,1.000000000000000000e+00,4.158799710706382324e-01
1.225000000000000142e+02,1.542063372504316743e-01,4.161561736039638415e-01,3.182002099850242072e+00,1.000000000000000000e+00,1.000000000000000000e+00,4.169005090446501471e-01
1.229999999999999858e+02,1.536531826957488467e-01,4.067249268184718325e-01,3.178037333003218556e+00,1.000000000000000000e+00,1.000000000000000000e+00,4.066939926815160700e-01
1.235000000000000000e+02,1.531156010737280415e-01,3.965895867313631307e-01,3.173976908280370157e+00,1.000000000000000000e+00,1.000000000000000000e+00,3.965596693088498381e-01
1.240000000000000284e+02,1.525933480365818662e-01,3.865241743546115605e-01,3.169818997453762499e+00,1.000000000000000000e+00,1.000000000000000000e+00,3.864952482120046495e-01
1.244999999999999858e+02,1.520861881158612483e-01,3.765264505598081013e-01,3.165561912952716384e+00,1.000000000000000000e+00,1.000000000000000000e+00,3.764984913206227413e-01
1.250000000000000142e+02,1.515938944454607029e-01,3.665942267313974656e-01,3.161204101284660783e+00,1.000000000000000000e+00,1.000000000000000000e+00,3.665672110355479019e-01
1.255000000000000284e+02,1.511162484975557552e-01,3.567253626761327512e-01,3.156744136932489564e+00,1.000000000000000000e+00,1.000000000000000000e+00,3.566992681404645982e-01
1.260000000000000000e+02,1.506530398308683905e-01,3.469177646130681691e-01,3.152180716691134865e+00,1.000000000000000000e+00,1.000000000000000000e+00,3.468925697938077812e-01
1.265000000000000142e+02,1.502040658506933468e-01,3.394336326534543868e-01,3.147512654409434951e+00,1.000000000000000000e+00,1.000000000000000000e+00,3.371450675967616051e-01
1.269999999999999858e+02,1.497631957246479961e-01,3.356673206269653043e-01,3.142730130488397666e+00,1.000000000000000000e+00,1.000000000000000000e+00,3.393460994375857576e-01
1.275000000000000142e+02,1.493266781780822061e-01,3.296666663913213058e-01,3.137827899533446541e+00,1.000000000000000000e+00,1.000000000000000000e+00,3.296430174053888718e-01
1.280000000000000284e+02,1.489040045483237817e-01,3.200184060566399480e-01,3.132819753154020948e+00,1.000000000000000000e+00,1.000000000000000000e+00,3.199956019368285220e-01
1.285000000000000000e+02,1.484949934956157624e-01,3.104238958355203248e-01,3.127704880200388171e+00,1.000000000000000000e+00,1.000000000000000000e+00,3.104019183785244884e-01
1.290000000000000284e+02,1.480994706928684401e-01,3.008812380595521918e-01,3.122482568061445640e+00,1.000000000000000000e+00,1.000000000000000000e+00,3.008600698480589641e-01
1.294999999999999716e+02,1.477172686356570952e-01,2.913885712387618288e-01,3.117152199097349641e+00,1.000000000000000000e+00,1.000000000000000000e+00,2.913681956139488327e-01
1.300000000000000000e+02,1.473482264612543391e-01,2.819440684959793608e-01,3.111713247323442566e+00,1.000000000000000000e+00,1.000000000000000000e+00,2.819244695314295779e-01
1.305000000000000284e+02,1.469921897763203922e-01,2.725459360539689846e-01,3.106165275328037545e+00,1.000000000000000000e+00,1.000000000000000000e+00,2.725270985311499250e-01
1.310000000000000000e+02,1.466490104928938332e-01,2.631924117731069268e-01,3.100507931408078566e+00,1.000000000000000000e+00,1.000000000000000000e+00,2.631743211579666841e-01
1.315000000000000000e+02,1.463185466723470607e-01,2.541472625466971169e-01,3.094740946908018930e+00,1.000000000000000000e+00,1.000000000000000000e+00,2.538644061571984079e-01
1.319999999999999716e+02,1.459999843619534665e-01,2.508040133375758485e-01,3.088863434645309436e+00,1.000000000000000000e+00,1.000000000000000000e+00,2.564969067185231544e-01
1.325000000000000000e+02,1.456794527925467098e-01,2.472335058657940399e-01,3.082861792918976995e+00,1.000000000000000000e+00,1.000000000000000000e+00,2.472166655358299658e-01
1.330000000000000284e+02,1.453713718855617620e-01,2.379925106615683184e-01,3.076751584898832270e+00,1.000000000000000000e+00,1.000000000000000000e+00,2.379763810381791966e-01
1.335000000000000000e+02,1.450756160341086509e-01,2.287898283207301930e-01,3.070532818663768371e+00,1.000000000000000000e+00,1.000000000000000000e+00,2.287743972296874262e-01
1.340000000000000000e+02,1.447920652495749139e-01,2.196238275780888483e-01,3.064205576267728048e+00,1.000000000000000000e+00,1.000000000000000000e+00,2.196090834354852694e-01
1.345000000000000284e+02,1.445206050395241859e-01,2.104929012843523850e-01,3.057770011944971333e+00,1.000000000000000000e+00,1.000000000000000000e+00,2.104788330796723839e-01
1.350000000000000000e+02,1.442611262919647197e-01,2.013954652176584426e-01,3.051226350451218039e+00,1.000000000000000000e+00,1.000000000000000000e+00,2.013820624977575302e-01
1.355000000000000284e+02,1.440135251657655990e-01,1.923299569275739584e-01,3.044574885532758124e+00,1.000000000000000000e+00,1.000000000000000000e+00,1.923172097816507886e-01
1.360000000000000000e+02,1.437777029870108969e-01,1.832948346099498860e-01,3.037815978516204218e+00,1.000000000000000000e+00,1.000000000000000000e+00,1.832827336553550790e-01
1.365000000000000000e+02,1.435535661510953243e-01,1.742885760107001358e-01,3.030950057012176124e+00,1.000000000000000000e+00,1.000000000000000000e+00,1.742771123795480437e-01
1.370000000000000284e+02,1.433410260303771278e-01,1.653096773566843092e-01,3.023977613726732905e+00,1.000000000000000000e+00,1.000000000000000000e+00,1.652988426833643942e-01
1.375000000000000000e+02,1.431399988872160134e-01,1.610450981443740381e-01,3.016899205374861559e+00,1.000000000000000000e+00,1.000000000000000000e+00,1.563464387217095852e-01
1.380000000000000284e+02,1.429386928155211567e-01,1.575331471742279499e-01,3.009709234588734628e+00,1.000000000000000000e+00,1.000000000000000000e+00,1.582542737308731129e-01
1.384999999999999716e+02,1.427469929394208914e-01,1.493309140424734505e-01,3.002414684283929436e+00,1.000000000000000000e+00,1.000000000000000000e+00,1.493211838101758115e-01
1.390000000000000000e+02,1.425666490260202035e-01,1.404204671537029603e-01,2.995017319852906201e+00,1.000000000000000000e+00,1.000000000000000000e+00,1.404113451209011987e-01
1.395000000000000284e+02,1.423975906688365323e-01,1.315318354695736436e-01,2.987517925525013940e+00,1.000000000000000000e+00,1.000000000000000000e+00,1.315233150722464606e-01
1.400000000000000000e+02,1.422397520603747578e-01,1.226635896285789840e-01,2.979917346216493179e+00,1.000000000000000000e+00,1.000000000000000000e+00,1.226556647552711765e-01
1.405000000000000000e+02,1.420930719289942579e-01,1.138143130179349871e-01,2.972216486901762433e+00,1.000000000000000000e+00,1.000000000000000000e+00,1.138069780014227955e-01
1.409999999999999716e+02,1.419574934803599087e-01,1.049826008486250267e-01,2.964416312060324188e+00,1.000000000000000000e+00,1.000000000000000000e+00,1.049758504581471963e-01
1.415000000000000000e+02,1.418329643433715315e-01,9.616705924607302225e-02,2.956517845196171557e+00,1.000000000000000000e+00,1.000000000000000000e+00,9.616088868025562952e-02
1.420000000000000284e+02,1.417194365204761386e-01,8.736630435545078566e-02,2.948522168426846335e+00,1.000000000000000000e+00,1.000000000000000000e+00,8.736070923579984659e-02
1.425000000000000000e+02,1.416168663422734952e-01,7.857896146023385375e-02,2.940430422139514555e+00,1.000000000000000000e+00,1.000000000000000000e+00,7.857393782519692116e-02
1.430000000000000000e+02,1.415252144263358935e-01,6.980366411269921245e-02,2.932243804711659685e+00,1.000000000000000000e+00,1.000000000000000000e+00,6.979920841240223883e-02
1.435000000000000284e+02,1.414444456401685868e-01,6.569920167619008877e-02,2.923963572294218327e+00,1.000000000000000000e+00,1.000000000000000000e+00,6.103516236695802344e-02
1.440000000000000000e+02,1.413630246937052637e-01,6.175962303512396584e-02,2.915590319663376562e+00,1.000000000000000000e+00,1.000000000000000000e+00,6.191084295878415689e-02
1.445000000000000284e+02,1.412920691965564579e-01,5.315864096724784438e-02,2.907126986849201344e+00,1.000000000000000000e+00,1.000000000000000000e+00,5.315525603480288075e-02
1.450000000000000000e+02,1.412319348570406918e-01,4.441061341463166390e-02,2.898575027650277747e+00,1.000000000000000000e+00,1.000000000000000000e+00,4.440778840837053543e-02
1.455000000000000000e+02,1.411825987100033541e-01,3.566936522333712806e-02,2.889935915300437141e+00,1.000000000000000000e+00,1.000000000000000000e+00,3.566709815835069491e-02
1.460000000000000284e+02,1.411440419316042361e-01,2.693355822060746613e-02,2.881211180825818285e+00,1.000000000000000000e+00,1.000000000000000000e+00,2.693184750552364212e-02
1.465000000000000000e+02,1.411162498217752304e-01,1.820185755667150934e-02,2.872402413126837306e+00,1.000000000000000000e+00,1.000000000000000000e+00,1.820070199153560331e-02
1.470000000000000284e+02,1.410992117905359722e-01,9.472930887444826892e-03,2.863511259112392793e+00,1.000000000000000000e+00,1.000000000000000000e+00,9.472329662158218699e-03
1.474999999999999716e+02,1.410929213481437738e-01,7.454475605901674873e-04,2.854539423885198435e+00,1.000000000000000000e+00,1.000000000000000000e+00,7.454002538057862958e-04
1.480000000000000000e+02,1.410973760990604509e-01,7.981922196316477633e-03,2.845488670977233348e+00,1.000000000000000000e+00,1.000000000000000000e+00,7.981415617769256274e-03
1.485000000000000284e+02,1.411125777397261583e-01,1.671050808653524664e-02,2.836360822634434342e+00,1.000000000000000000e+00,1.000000000000000000e+00,1.670944726762981294e-02
1.490000000000000000e+02,1.411385320601359628e-01,2.544164055462478161e-02,2.827157760149810350e+00,1.000000000000000000e+00,1.000000000000000000e+00,2.544002475172682520e-02
1.495000000000000000e+02,1.411752489492218154e-01,3.163338678109071239e-02,2.817881424244295108e+00,1.000000000000000000e+00,1.000000000000000000e+00,3.417447967792999752e-02
1.499999999999999716e+02,1.412164758684213151e-01,3.588589854088010400e-02,2.808536095978697578e+00,1.000000000000000000e+00,1.000000000000000000e+00,3.394211699860823217e-02
1.505000000000000000e+02,1.412636966528464377e-01,4.268434215222136063e-02,2.799123876546985468e+00,1.000000000000000000e+00,1.000000000000000000e+00,4.268162744455861191e-02
1.510000000000000284e+02,1.413217148234169607e-01,5.143092505897518124e-02,2.789645295384196810e+00,1.000000000000000000e+00,1.000000000000000000e+00,5.142765084829838129e-02
1.515000000000000000e+02,1.413905525327394663e-01,6.018536426424811459e-02,2.780102524324808311e+00,1.000000000000000000e+00,1.000000000000000000e+00,6.018152824793816108e-02
1.520000000000000000e+02,1.414702360928721259e-01,6.894900600956968550e-02,2.770497797086278080e+00,1.000000000000000000e+00,1.000000000000000000e+00,6.894460548629907648e-02
1.525000000000000284e+02,1.415607959999099497e-01,7.772320217629338779e-02,2.760833409887192058e+00,1.000000000000000000e+00,1.000000000000000000e+00,7.771823404244905531e-02
1.530000000000000000e+02,1.416622669625320075e-01,8.650931112506415888e-02,2.751111722109469415e+00,1.000000000000000000e+00,1.000000000000000000e+00,8.650377187059940520e-02
1.535000000000000284e+02,1.417746879345601341e-01,9.530869854375699501e-02,2.741335157004321843e+00,1.000000000000000000e+00,1.000000000000000000e+00,9.530258424746820833e-02
1.540000000000000000e+02,1.418981021515864638e-01,1.041227383049662392e-01,2.731506202441727815e+00,1.000000000000000000e+00,1.000000000000000000e+00,1.041160446292342667e-01
1.545000000000000000e+02,1.420325571717336588e-01,1.129528133342999480e-01,2.721627411703189114e+00,1.000000000000000000e+00,1.000000000000000000e+00,1.129455355192578447e-01
1.550000000000000284e+02,1.421781049206202463e-01,1.218003164906687752e-01,2.711701404317599096e+00,1.000000000000000000e+00,1.000000000000000000e+00,1.217924493477201831e-01
1.555000000000000000e+02,1.423348017406101673e-01,1.306666514596453721e-01,2.701730866940066367e+00,1.000000000000000000e+00,1.000000000000000000e+00,1.306581893644106207e-01
1.560000000000000284e+02,1.425027084444342729e-01,1.356056876651034748e-01,2.691718554273570874e+00,1.000000000000000000e+00,1.000000000000000000e+00,1.395441705458878856e-01
1.564999999999999716e+02,1.426720722679853115e-01,1.403397715525303846e-01,2.681674714552734429e+00,1.000000000000000000e+00,1.000000000000000000e+00,1.401057859354767343e-01
1.570000000000000000e+02,1.428521681463385540e-01,1.490245611348894050e-01,2.671595812137311565e+00,1.000000000000000000e+00,1.000000000000000000e+00,1.490148519013443085e-01
1.575000000000000284e+02,1.430436263657930696e-01,1.579574435340371230e-01,2.661484390558027435e+00,1.000000000000000000e+00,1.000000000000000000e+00,1.579471193243340288e-01
1.580000000000000000e+02,1.432465218967647891e-01,1.669149915846404875e-01,2.651343473380477267e+00,1.000000000000000000e+00,1.000000000000000000e+00,1.669040449181001529e-01
1.585000000000000000e+02,1.434609344502649486e-01,1.758986780692753382e-01,2.641176156882415693e+00,1.000000000000000000e+00,1.000000000000000000e+00,1.758871009837886801e-01
1.589999999999999716e+02,1.436869485553919357e-01,1.849099923693157954e-01,2.630985611179859518e+00,1.000000000000000000e+00,1.000000000000000000e+00,1.848977764102459342e-01
1.595000000000000000e+02,1.439246536419181710e-01,1.939504414886636940e-01,2.620775081393431183e+00,1.000000000000000000e+00,1.000000000000000000e+00,1.939375776969323451e-01
1.600000000000000284e+02,1.441741441281230718e-01,2.030215511016106311e-01,2.610547888854807930e+00,1.000000000000000000e+00,1.000000000000000000e+00,2.030080300010529692e-01
1.605000000000000000e+02,1.444355195140362980e-01,2.121248666267597505e-01,2.600307432353082149e+00,1.000000000000000000e+00,1.000000000000000000e+00,2.121106782105273703e-01
1.610000000000000000e+02,1.447088844802651708e-01,2.212619543281475476e-01,2.590057189420872152e+00,1.000000000000000000e+00,1.000000000000000000e+00,2.212470880444492027e-01
1.615000000000000284e+02,1.449943489925921980e-01,2.304344024458238882e-01,2.579800717660021725e+00,1.000000000000000000e+00,1.000000000000000000e+00,2.304188471827564588e-01
1.620000000000000000e+02,1.452920284125420736e-01,2.379231623710320598e-01,2.569541656106694383e+00,1.000000000000000000e+00,1.000000000000000000e+00,2.396275664269264249e-01
1.625000000000000284e+02,1.455976803227702066e-01,2.431142852801637388e-01,2.559288194829793195e+00,1.000000000000000000e+00,1.000000000000000000e+00,2.407817460109544783e-01
1.630000000000000000e+02,1.459098204434897961e-01,2.500510617916041345e-01,2.549046040812327441e+00,1.000000000000000000e+00,1.000000000000000000e+00,2.500340028668990300e-01
1.635000000000000000e+02,1.462344620515079463e-01,2.593445115447635674e-01,2.538813145878987765e+00,1.000000000000000000e+00,1.000000000000000000e+00,2.593267251210732427e-01
1.640000000000000284e+02,1.465717383972039989e-01,2.686801312128174191e-01,2.528593469522101511e+00,1.000000000000000000e+00,1.000000000000000000e+00,2.686616036857703005e-01
1.645000000000000000e+02,1.469217886615885316e-01,2.780596406409573396e-01,2.518391058928809212e+00,1.000000000000000000e+00,1.000000000000000000e+00,2.780403577525153436e-01
1.650000000000000284e+02,1.472847581013558560e-01,2.874847893261477938e-01,2.508210050500833788e+00,1.000000000000000000e+00,1.000000000000000000e+00,2.874647361430437420e-01
1.654999999999999716e+02,1.476607982014457032e-01,2.969573578132962965e-01,2.498054671408565852e+00,1.000000000000000000e+00,1.000000000000000000e+00,2.969365187041931864e-01
1.660000000000000000e+02,1.480500668354222393e-01,3.064791591377863389e-01,2.487929241179158257e+00,1.000000000000000000e+00,1.000000000000000000e+00,3.064575177492127600e-01
1.665000000000000284e+02,1.484527284339971775e-01,3.160520403171250825e-01,2.477838173318393178e+00,1.000000000000000000e+00,1.000000000000000000e+00,3.160295795480549952e-01
1.670000000000000000e+02,1.488689541620445422e-01,3.256778838944424659e-01,2.467785976966104577e+00,1.000000000000000000e+00,1.000000000000000000e+00,3.256545858694099849e-01
1.675000000000000000e+02,1.492989221044751791e-01,3.353586095365335140e-01,2.457777258585048585e+00,1.000000000000000000e+00,1.000000000000000000e+00,3.353344555773359326e-01
1.679999999999999716e+02,1.497428174613618657e-01,3.438723893398564213e-01,2.447816723683192031e+00,1.000000000000000000e+00,1.000000000000000000e+00,3.450711462854991751e-01
1.685000000000000000e+02,1.501976343807461256e-01,3.497645854482669958e-01,2.437912900332075861e+00,1.000000000000000000e+00,1.000000000000000000e+00,3.470917292242683416e-01
1.690000000000000284e+02,1.506597054725023199e-01,3.569257675849578093e-01,2.428075257992059033e+00,1.000000000000000000e+00,1.000000000000000000e+00,3.568996545028428891e-01
1.695000000000000000e+02,1.511361735101006409e-01,3.667959011987098061e-01,2.418300743475791048e+00,1.000000000000000000e+00,1.000000000000000000e+00,3.667688665099969048e-01
1.700000000000000000e+02,1.516272484475255367e-01,3.767294377104410397e-01,2.408594444993636952e+00,1.000000000000000000e+00,1.000000000000000000e+00,3.767014590123983764e-01
1.705000000000000284e+02,1.521331483053589007e-01,3.867285182792823406e-01,2.398961556926528349e+00,1.000000000000000000e+00,1.000000000000000000e+00,3.866995721915939543e-01
1.710000000000000000e+02,1.526540994219827418e-01,3.967953325286474042e-01,2.389407381631976079e+00,1.000000000000000000e+00,1.000000000000000000e+00,3.967653946536906506e-01
1.715000000000000284e+02,1.531903367170843466e-01,4.069321206382160994e-01,2.379937331281422264e+00,1.000000000000000000e+00,1.000000000000000000e+00,4.069011655194068044e-01
1.720000000000000000e+02,1.537421039680650914e-01,4.171411755212600658e-01,2.370556929730455398e+00,1.000000000000000000e+00,1.000000000000000000e+00,4.171091765989236033e-01
1.725000000000000000e+02,1.543096540999939759e-01,4.274248450914326369e-01,2.361271814423860693e+00,1.000000000000000000e+00,1.000000000000000000e+00,4.273917746562567732e-01
1.730000000000000284e+02,1.548932494897826695e-01,4.377855346240955292e-01,2.352087738338048961e+00,1.000000000000000000e+00,1.000000000000000000e+00,4.377513637680884306e-01
1.735000000000000000e+02,1.554931622853056861e-01,4.482257092179181557e-01,2.343010571963993982e+00,1.000000000000000000e+00,1.000000000000000000e+00,4.481904077823476995e-01
1.740000000000000284e+02,1.561096747402316021e-01,4.551999336316158162e-01,2.334046305334549043e+00,1.000000000000000000e+00,1.000000000000000000e+00,4.587114328821062514e-01
1.744999999999999716e+02,1.567334126874279088e-01,4.618411284761360647e-01,2.325211969321998140e+00,1.000000000000000000e+00,1.000000000000000000e+00,4.613942867671492754e-01
1.750000000000000000e+02,1.573730476588066918e-01,4.720597298188543567e-01,2.316504093402262487e+00,1.000000000000000000e+00,1.000000000000000000e+00,4.720217629025151296e-01
1.755000000000000284e+02,1.580300086843743068e-01,4.827763610766283020e-01,2.307927708662492972e+00,1.000000000000000000e+00,1.000000000000000000e+00,4.827371561117103638e-01
1.760000000000000000e+02,1.587046143672433962e-01,4.935836936774716244e-01,2.299489250202897850e+00,1.000000000000000000e+00,1.000000000000000000e+00,4.935432145337691479e-01
1.765000000000000000e+02,1.593971950710287855e-01,5.044845518989024002e-01,2.291195280135959855e+00,1.000000000000000000e+00,1.000000000000000000e+00,5.044427608705045474e-01
1.769999999999999716e+02,1.601080933531779382e-01,5.154818378778281973e-01,2.283052489797861018e+00,1.000000000000000000e+00,1.000000000000000000e+00,5.154386956096858041e-01
1.775000000000000000e+02,1.608376644201187367e-01,5.265785349869422927e-01,2.275067702048388707e+00,1.000000000000000000e+00,1.000000000000000000e+00,5.265340003970633287e-01
1.780000000000000284e+02,1.615862766054317889e-01,5.377777113685037191e-01,2.267247873672949776e+00,1.000000000000000000e+00,1.000000000000000000e+00,5.377317415658372513e-01
1.785000000000000000e+02,1.623543118723378975e-01,5.490825236355152406e-01,2.259600097902448645e+00,1.000000000000000000e+00,1.000000000000000000e+00,5.490350738327862690e-01
1.790000000000000000e+02,1.631421663418759216e-01,5.590401263953442834e-01,2.252131607069216113e+00,1.000000000000000000e+00,1.000000000000000000e+00,5.604472441708351349e-01
1.795000000000000284e+02,1.639461048118396325e-01,5.665628762529459905e-01,2.244853632917979791e+00,1.000000000000000000e+00,1.000000000000000000e+00,5.640166397359075434e-01
