theta_degrees,alpha,central_lhs,beta_c1,is_spectral,beta_less_10,exact_polygon_lhs
-1.800000000000000000e+02,1.647633289734350970e-01,5.755785940395499178e-01,2.237776227211484059e+00,1.000000000000000000e+00,1.000000000000000000e+00,5.755765520948408209e-01
-1.799000000000000057e+02,1.649292631786240804e-01,5.779044824118211299e-01,2.236384657910361451e+00,1.000000000000000000e+00,1.000000000000000000e+00,5.779024274928687976e-01
-1.798000000000000114e+02,1.650960353657097424e-01,5.802350675051234363e-01,2.235001201952406813e+00,1.000000000000000000e+00,1.000000000000000000e+00,5.802329995282943242e-01
-1.796999999999999886e+02,1.652636490968866223e-01,5.825703778020071555e-01,2.233625920976133550e+00,1.000000000000000000e+00,1.000000000000000000e+00,5.825682966831752241e-01
-1.795999999999999943e+02,1.654321079606181633e-01,5.849104419586702575e-01,2.232258876856252350e+00,1.000000000000000000e+00,1.000000000000000000e+00,5.849083476128692505e-01
-1.795000000000000000e+02,1.656014155718476821e-01,5.872552888061953746e-01,2.230900131704747213e+00,1.000000000000000000e+00,1.000000000000000000e+00,5.872531811475586450e-01
-1.794000000000000057e+02,1.657715755722112827e-01,5.896049473518130135e-01,2.229549747871976351e+00,1.000000000000000000e+00,1.000000000000000000e+00,5.896028262937872411e-01
-1.792999999999999829e+02,1.659425916302530446e-01,5.919594467806675864e-01,2.228207787947781071e+00,1.000000000000000000e+00,1.000000000000000000e+00,5.919573122360135553e-01
-1.791999999999999886e+02,1.661144674416424882e-01,5.943188164574610965e-01,2.226874314762624874e+00,1.000000000000000000e+00,1.000000000000000000e+00,5.943166683381777560e-01
-1.790999999999999943e+02,1.662872067293942879e-01,5.966830859280212174e-01,2.225549391388739195e+00,1.000000000000000000e+00,1.000000000000000000e+00,5.966809241452886159e-01
-1.790000000000000000e+02,1.664608132440902610e-01,5.990522849209840572e-01,2.224233081141298030e+00,1.000000000000000000e+00,1.000000000000000000e+00,5.990501093850207903e-01
-1.788999999999999773e+02,1.666352907641037162e-01,6.014264433488759609e-01,2.222925447579608971e+00,1.000000000000000000e+00,1.000000000000000000e+00,6.014242539693327450e-01
-1.788000000000000114e+02,1.668106430958257724e-01,6.038055913103597128e-01,2.221626554508324247e+00,1.000000000000000000e+00,1.000000000000000000e+00,6.038033879960940098e-01
-1.787000000000000171e+02,1.669868740738947588e-01,6.061897590919211876e-01,2.220336465978673512e+00,1.000000000000000000e+00,1.000000000000000000e+00,6.061875417507399666e-01
-1.786000000000000227e+02,1.671639875614273074e-01,6.085789771690014449e-01,2.219055246289719285e+00,1.000000000000000000e+00,1.000000000000000000e+00,6.085767457079309661e-01
-1.785000000000000000e+02,1.673419874502522497e-01,6.109732762078112778e-01,2.217782959989634151e+00,1.000000000000000000e+00,1.000000000000000000e+00,6.109710305332374247e-01
-1.784000000000000057e+02,1.675208776611466499e-01,6.133726870673481546e-01,2.216519671877002384e+00,1.000000000000000000e+00,1.000000000000000000e+00,6.133704270848339135e-01
-1.783000000000000114e+02,1.677006621440748080e-01,6.157772408012328613e-01,2.215265447002138899e+00,1.000000000000000000e+00,1.000000000000000000e+00,6.157749664152186719e-01
-1.782000000000000171e+02,1.678813448784293449e-01,6.181869686588929991e-01,2.214020350668442383e+00,1.000000000000000000e+00,1.000000000000000000e+00,6.181846797729450005e-01
-1.780999999999999943e+02,1.680629298732749244e-01,6.206019020872338698e-01,2.212784448433763984e+00,1.000000000000000000e+00,1.000000000000000000e+00,6.205995986043713053e-01
-1.780000000000000000e+02,1.682454211675943889e-01,6.230220727331210462e-01,2.211557806111811075e+00,1.000000000000000000e+00,1.000000000000000000e+00,6.230197545554267968e-01
-1.779000000000000057e+02,1.684288228305380608e-01,6.254475124449210277e-01,2.210340489773564787e+00,1.000000000000000000e+00,1.000000000000000000e+00,6.254451794734023906e-01
-1.778000000000000114e+02,1.686131389616749576e-01,6.278782532740025957e-01,2.209132565748737953e+00,1.000000000000000000e+00,1.000000000000000000e+00,6.278759054087509339e-01
-1.776999999999999886e+02,1.687983736912471999e-01,6.303143274764805293e-01,2.207934100627249929e+00,1.000000000000000000e+00,1.000000000000000000e+00,6.303119646169121904e-01
-1.775999999999999943e+02,1.689845311804265282e-01,6.327557675156229022e-01,2.206745161260738275e+00,1.000000000000000000e+00,1.000000000000000000e+00,6.327533895601505920e-01
-1.775000000000000000e+02,1.691716156215744560e-01,6.352026060634078375e-01,2.205565814764091748e+00,1.000000000000000000e+00,1.000000000000000000e+00,6.352002129094201921e-01
-1.774000000000000057e+02,1.693596312385040881e-01,6.376548760023229567e-01,2.204396128517018383e+00,1.000000000000000000e+00,1.000000000000000000e+00,6.376524675462401648e-01
-1.772999999999999829e+02,1.695485822867457693e-01,6.401126104270653538e-01,2.203236170165645103e+00,1.000000000000000000e+00,1.000000000000000000e+00,6.401101865645953959e-01
-1.771999999999999886e+02,1.697384730538143982e-01,6.425758426469962981e-01,2.202086007624144415e+00,1.000000000000000000e+00,1.000000000000000000e+00,6.425734032728519507e-01
-1.770999999999999943e+02,1.699293078594810713e-01,6.450446061879757664e-01,2.200945709076397083e+00,1.000000000000000000e+00,1.000000000000000000e+00,6.450421511956981879e-01
-1.770000000000000000e+02,1.701210910560460865e-01,6.475189347937769790e-01,2.199815342977686772e+00,1.000000000000000000e+00,1.000000000000000000e+00,6.475164640761008616e-01
-1.768999999999999773e+02,1.703138270286160827e-01,6.499988624286627825e-01,2.198694978056426663e+00,1.000000000000000000e+00,1.000000000000000000e+00,6.499963758772846489e-01
-1.767999999999999829e+02,1.705075201953832886e-01,6.524844232790668608e-01,2.197584683315928267e+00,1.000000000000000000e+00,1.000000000000000000e+00,6.524819207847274427e-01
-1.766999999999999886e+02,1.707021750079084355e-01,6.549756517557789870e-01,2.196484528036195538e+00,1.000000000000000000e+00,1.000000000000000000e+00,6.549731332081852875e-01
-1.765999999999999943e+02,1.708977959514061395e-01,6.574725824959348763e-01,2.195394581775765630e+00,1.000000000000000000e+00,1.000000000000000000e+00,6.574700477837290835e-01
-1.765000000000000000e+02,1.710943875450338936e-01,6.599752503648529389e-01,2.194314914373580283e+00,1.000000000000000000e+00,1.000000000000000000e+00,6.599726993758092686e-01
-1.764000000000000057e+02,1.712919543421835000e-01,6.624836904584667785e-01,2.193245595950901627e+00,1.000000000000000000e+00,1.000000000000000000e+00,6.624811230793352657e-01
-1.763000000000000114e+02,1.714905009307765293e-01,6.649979381055965977e-01,2.192186696913262178e+00,1.000000000000000000e+00,1.000000000000000000e+00,6.649953542217862390e-01
-1.762000000000000171e+02,1.716900319335621927e-01,6.675180288693274289e-01,2.191138287952460573e+00,1.000000000000000000e+00,1.000000000000000000e+00,6.675154283653356169e-01
-1.760999999999999943e+02,1.718905520084187677e-01,6.700439985495768580e-01,2.190100440048595942e+00,1.000000000000000000e+00,1.000000000000000000e+00,6.700413813090022597e-01
-1.760000000000000000e+02,1.720920658486582155e-01,6.720274587814168976e-01,2.189073224472146695e+00,1.000000000000000000e+00,1.000000000000000000e+00,6.725732490908206129e-01
-1.759000000000000057e+02,1.722942487367696285e-01,6.705081604350627833e-01,2.188056903725386526e+00,1.000000000000000000e+00,1.000000000000000000e+00,6.670132474547585399e-01
-1.758000000000000114e+02,1.724953231243451790e-01,6.695406410408992759e-01,2.187052556000336878e+00,1.000000000000000000e+00,1.000000000000000000e+00,6.695380271417253892e-01
-1.756999999999999886e+02,1.726973940651087280e-01,6.720713452029054569e-01,2.186059015193862809e+00,1.000000000000000000e+00,1.000000000000000000e+00,6.720687144729897700e-01
-1.755999999999999943e+02,1.729004662986897145e-01,6.746079933585438226e-01,2.185076352818491774e+00,1.000000000000000000e+00,1.000000000000000000e+00,6.746053456796008430e-01
-1.755000000000000000e+02,1.731045446008436794e-01,6.771506219832964524e-01,2.184104640675760489e+00,1.000000000000000000e+00,1.000000000000000000e+00,6.771479572355989518e-01
-1.754000000000000057e+02,1.733096337837671530e-01,6.796992677974537100e-01,2.183143950858407845e+00,1.000000000000000000e+00,1.000000000000000000e+00,6.796965858602502797e-01
-1.752999999999999829e+02,1.735157386964163717e-01,6.822539677687762261e-01,2.182194355752611781e+00,1.000000000000000000e+00,1.000000000000000000e+00,6.822512685203100391e-01
-1.751999999999999886e+02,1.737228642248293264e-01,6.848147591148987523e-01,2.181255928040275904e+00,1.000000000000000000e+00,1.000000000000000000e+00,6.848120424323056454e-01
-1.750999999999999943e+02,1.739310152924515573e-01,6.873816793057491159e-01,2.180328740701368506e+00,1.000000000000000000e+00,1.000000000000000000e+00,6.873789450648504218e-01
-1.750000000000000000e+02,1.741401968604653627e-01,6.899547660655244163e-01,2.179412867016313982e+00,1.000000000000000000e+00,1.000000000000000000e+00,6.899520141409769547e-01
-1.749000000000000057e+02,1.743504139281225607e-01,6.925340573750485840e-01,2.178508380568432212e+00,1.000000000000000000e+00,1.000000000000000000e+00,6.925312876404963180e-01
-1.747999999999999829e+02,1.745616715330809698e-01,6.951195914745056381e-01,2.177615355246441453e+00,1.000000000000000000e+00,1.000000000000000000e+00,6.951168038023847195e-01
-1.746999999999999886e+02,1.747739747517447484e-01,6.977114068656778967e-01,2.176733865247009625e+00,1.000000000000000000e+00,1.000000000000000000e+00,6.977086011271923516e-01
-1.745999999999999943e+02,1.749873286996082300e-01,7.003095423143766984e-01,2.175863985077363338e+00,1.000000000000000000e+00,1.000000000000000000e+00,7.003067183794834394e-01
-1.745000000000000000e+02,1.752017385316038123e-01,7.029140368530583105e-01,2.175005789557962643e+00,1.000000000000000000e+00,1.000000000000000000e+00,7.029111945902977165e-01
-1.743999999999999773e+02,1.754172094424535366e-01,7.055249297826279298e-01,2.174159353825226848e+00,1.000000000000000000e+00,1.000000000000000000e+00,7.055220690596409883e-01
-1.743000000000000114e+02,1.756337466670243042e-01,7.081422606758355220e-01,2.173324753334327841e+00,1.000000000000000000e+00,1.000000000000000000e+00,7.081393813590005637e-01
-1.742000000000000171e+02,1.758513554806878376e-01,7.107660693797127616e-01,2.172502063862045141e+00,1.000000000000000000e+00,1.000000000000000000e+00,7.107631713338926627e-01
-1.741000000000000227e+02,1.760700411996837800e-01,7.133963960175142560e-01,2.171691361509683560e+00,1.000000000000000000e+00,1.000000000000000000e+00,7.133934791064323599e-01
-1.740000000000000000e+02,1.762898091814873169e-01,7.160332809918308339e-01,2.170892722706061484e+00,1.000000000000000000e+00,1.000000000000000000e+00,7.160303450779356149e-01
-1.739000000000000057e+02,1.765106648251807409e-01,7.186767649871518282e-01,2.170106224210562207e+00,1.000000000000000000e+00,1.000000000000000000e+00,7.186738099315441719e-01
-1.738000000000000114e+02,1.767326135718292890e-01,7.213268889724648858e-01,2.169331943116256767e+00,1.000000000000000000e+00,1.000000000000000000e+00,7.213239146348885411e-01
-1.737000000000000171e+02,1.769556609048610341e-01,7.239836942038453405e-01,2.168569956853100056e+00,1.000000000000000000e+00,1.000000000000000000e+00,7.239807004427708526e-01
-1.735999999999999943e+02,1.771798123504511324e-01,7.266472222273473447e-01,2.167820343191196653e+00,1.000000000000000000e+00,1.000000000000000000e+00,7.266442088998825710e-01
-1.735000000000000000e+02,1.774050734779104022e-01,7.293175148817003794e-01,2.167083180244141261e+00,1.000000000000000000e+00,1.000000000000000000e+00,7.293144818435487453e-01
-1.734000000000000057e+02,1.776314499000782310e-01,7.319946143009424810e-01,2.166358546472439528e+00,1.000000000000000000e+00,1.000000000000000000e+00,7.319915614065082288e-01
-1.733000000000000114e+02,1.778589472737198696e-01,7.346785629176185717e-01,2.165646520687002585e+00,1.000000000000000000e+00,1.000000000000000000e+00,7.346754900197179916e-01
-1.731999999999999886e+02,1.780875712999284988e-01,7.373694034649244111e-01,2.164947182052722852e+00,1.000000000000000000e+00,1.000000000000000000e+00,7.373663104151935155e-01
-1.730999999999999943e+02,1.783173277245311272e-01,7.400671789802624190e-01,2.164260610092136439e+00,1.000000000000000000e+00,1.000000000000000000e+00,7.400640656288761665e-01
-1.730000000000000000e+02,1.785482223385002343e-01,7.427719328080480965e-01,2.163586884689160161e+00,1.000000000000000000e+00,1.000000000000000000e+00,7.427687990035383159e-01
-1.729000000000000057e+02,1.787802609783688823e-01,7.454837086021380843e-01,2.162926086092925360e+00,1.000000000000000000e+00,1.000000000000000000e+00,7.454805541917159939e-01
-1.727999999999999829e+02,1.790134495266514358e-01,7.482025503292928370e-01,2.162278294921689881e+00,1.000000000000000000e+00,1.000000000000000000e+00,7.481993751586775154e-01
-1.726999999999999886e+02,1.792477939122684993e-01,7.509285022718501512e-01,2.161643592166848649e+00,1.000000000000000000e+00,1.000000000000000000e+00,7.509253061854206379e-01
-1.725999999999999943e+02,1.794833001109770731e-01,7.536616090312937555e-01,2.161022059197030387e+00,1.000000000000000000e+00,1.000000000000000000e+00,7.536583918717109087e-01
-1.725000000000000000e+02,1.797199741458055944e-01,7.564019155308948639e-01,2.160413777762292042e+00,1.000000000000000000e+00,1.000000000000000000e+00,7.563986771391477681e-01
-1.723999999999999773e+02,1.799578220874937240e-01,7.591494670184041338e-01,2.159818829998409129e+00,1.000000000000000000e+00,1.000000000000000000e+00,7.591462072342688439e-01
-1.722999999999999829e+02,1.801968500549371577e-01,7.619043090700273746e-01,2.159237298431261998e+00,1.000000000000000000e+00,1.000000000000000000e+00,7.619010277316838886e-01
-1.721999999999999886e+02,1.804370642156380988e-01,7.646664875934209293e-01,2.158669265981330021e+00,1.000000000000000000e+00,1.000000000000000000e+00,7.646631845372546810e-01
-1.720999999999999943e+02,1.806784707861602557e-01,7.674360488304651229e-01,2.158114815968283473e+00,1.000000000000000000e+00,1.000000000000000000e+00,7.674327238912997950e-01
-1.720000000000000000e+02,1.809210760325894729e-01,7.702130393606910763e-01,2.157574032115682883e+00,1.000000000000000000e+00,1.000000000000000000e+00,7.702096923718430022e-01
-1.719000000000000057e+02,1.811648862709994146e-01,7.729975061046088225e-01,2.157046998555788520e+00,1.000000000000000000e+00,1.000000000000000000e+00,7.729941368978932026e-01
-1.718000000000000114e+02,1.814099078679229371e-01,7.757894963274586386e-01,2.156533799834479570e+00,1.000000000000000000e+00,1.000000000000000000e+00,7.757861047327688775e-01
-1.717000000000000171e+02,1.816561472408289024e-01,7.764524847831577592e-01,2.156034520916287445e+00,1.000000000000000000e+00,1.000000000000000000e+00,7.785856434874542931e-01
-1.715999999999999943e+02,1.819022560586620874e-01,7.751695740301947080e-01,2.155549358127373694e+00,1.000000000000000000e+00,1.000000000000000000e+00,7.732232646101285800e-01
-1.715000000000000000e+02,1.821483478725069438e-01,7.760192461785768714e-01,2.155078334244722171e+00,1.000000000000000000e+00,1.000000000000000000e+00,7.760158527366922687e-01
-1.714000000000000057e+02,1.823956628150058823e-01,7.788194317265266786e-01,2.154621416334830286e+00,1.000000000000000000e+00,1.000000000000000000e+00,7.788160157107545389e-01
-1.713000000000000114e+02,1.826442073849184333e-01,7.816272402866949465e-01,2.154178689700003702e+00,1.000000000000000000e+00,1.000000000000000000e+00,7.816238015233616387e-01
-1.711999999999999886e+02,1.828939881331561601e-01,7.844427202062868032e-01,2.153750240068743160e+00,1.000000000000000000e+00,1.000000000000000000e+00,7.844392585203427970e-01
-1.710999999999999943e+02,1.831450116632782066e-01,7.872659201912834970e-01,2.153336153601219660e+00,1.000000000000000000e+00,1.000000000000000000e+00,7.872624354057873308e-01
-1.710000000000000000e+02,1.833972846319937844e-01,7.900968893094195700e-01,2.152936516894867758e+00,1.000000000000000000e+00,1.000000000000000000e+00,7.900933812455674943e-01
-1.709000000000000057e+02,1.836508137496690451e-01,7.929356769934847726e-01,2.152551416990115207e+00,1.000000000000000000e+00,1.000000000000000000e+00,7.929321454708946337e-01
-1.708000000000000114e+02,1.839056057808412248e-01,7.957823330457537425e-01,2.152180941376241385e+00,1.000000000000000000e+00,1.000000000000000000e+00,7.957787778819216395e-01
-1.706999999999999886e+02,1.841616675447380336e-01,7.986369076404732370e-01,2.151825177997378269e+00,1.000000000000000000e+00,1.000000000000000000e+00,7.986333286513853658e-01
-1.705999999999999943e+02,1.844190059158032080e-01,8.014994513284718902e-01,2.151484215258643751e+00,1.000000000000000000e+00,1.000000000000000000e+00,8.014958483282889068e-01
-1.705000000000000000e+02,1.846776278242288072e-01,8.043700150409831551e-01,2.151158142032423726e+00,1.000000000000000000e+00,1.000000000000000000e+00,8.043663878416343893e-01
-1.703999999999999773e+02,1.849375402564933102e-01,8.072486500922160246e-01,2.150847047664794953e+00,1.000000000000000000e+00,1.000000000000000000e+00,8.072449985041911802e-01
-1.702999999999999829e+02,1.851987502559057919e-01,8.101354081845033583e-01,2.150551021982102462e+00,1.000000000000000000e+00,1.000000000000000000e+00,8.101317320163091695e-01
-1.701999999999999886e+02,1.854612649231577037e-01,8.130303414118343897e-01,2.150270155297686614e+00,1.000000000000000000e+00,1.000000000000000000e+00,8.130266404697846783e-01
-1.700999999999999943e+02,1.857250914168798450e-01,8.159335022631238887e-01,2.150004538418765598e+00,1.000000000000000000e+00,1.000000000000000000e+00,8.159297763517616708e-01
-1.700000000000000000e+02,1.859902369542069112e-01,8.188449436269132908e-01,2.149754262653483128e+00,1.000000000000000000e+00,1.000000000000000000e+00,8.188411925486851484e-01
-1.698999999999999773e+02,1.862567088113483149e-01,8.217647187946369725e-01,2.149519419818109789e+00,1.000000000000000000e+00,1.000000000000000000e+00,8.217609423502989507e-01
-1.698000000000000114e+02,1.865245143241658077e-01,8.246928814655709594e-01,2.149300102244423361e+00,1.000000000000000000e+00,1.000000000000000000e+00,8.246890794536890779e-01
-1.697000000000000171e+02,1.867936608887586225e-01,8.276294857505053226e-01,2.149096402787251225e+00,1.000000000000000000e+00,1.000000000000000000e+00,8.276256579673814118e-01
-1.696000000000000227e+02,1.870641559620547512e-01,8.305745861753887072e-01,2.148908414832192193e+00,1.000000000000000000e+00,1.000000000000000000e+00,8.305707324154805171e-01
-1.695000000000000000e+02,1.873360070624098817e-01,8.335282376861239406e-01,2.148736232303515514e+00,1.000000000000000000e+00,1.000000000000000000e+00,8.335243577418617322e-01
-1.694000000000000057e+02,1.876092217702133857e-01,8.364904956527218216e-01,2.148579949672243750e+00,1.000000000000000000e+00,1.000000000000000000e+00,8.364865893144109998e-01
-1.693000000000000114e+02,1.878838077285017172e-01,8.394614158737470078e-01,2.148439661964423930e+00,1.000000000000000000e+00,1.000000000000000000e+00,8.394574829293192098e-01
-1.692000000000000171e+02,1.881597726435792206e-01,8.424410545802033523e-01,2.148315464769585237e+00,1.000000000000000000e+00,1.000000000000000000e+00,8.424370948154242811e-01
-1.690999999999999943e+02,1.884371242856461570e-01,8.454294684398336868e-01,2.148207454249400516e+00,1.000000000000000000e+00,1.000000000000000000e+00,8.454254816386059801e-01
-1.690000000000000000e+02,1.887158704894345840e-01,8.484267145623267670e-01,2.148115727146540532e+00,1.000000000000000000e+00,1.000000000000000000e+00,8.484227005062329185e-01
-1.689000000000000057e+02,1.889960191548522295e-01,8.514328505035295702e-01,2.148040380793737825e+00,1.000000000000000000e+00,1.000000000000000000e+00,8.514288089716681718e-01
-1.688000000000000114e+02,1.892775782476337487e-01,8.544479342695923130e-01,2.147981513123059738e+00,1.000000000000000000e+00,1.000000000000000000e+00,8.544438650388213041e-01
-1.686999999999999886e+02,1.895605558000001134e-01,8.574720243216321647e-01,2.147939222675391946e+00,1.000000000000000000e+00,1.000000000000000000e+00,8.574679271667625668e-01
-1.685999999999999943e+02,1.898449599113259112e-01,8.605051795809485204e-01,2.147913608610146241e+00,1.000000000000000000e+00,1.000000000000000000e+00,8.605010542743862789e-01
-1.685000000000000000e+02,1.901307987488153328e-01,8.635474594335192933e-01,2.147904770715189482e+00,1.000000000000000000e+00,1.000000000000000000e+00,8.635433057451384897e-01
-1.684000000000000057e+02,1.904180805481857919e-01,8.665989237345421703e-01,2.147912809417003022e+00,1.000000000000000000e+00,1.000000000000000000e+00,8.665947414317962672e-01
-1.682999999999999829e+02,1.907068136143604542e-01,8.696596328132184528e-01,2.147937825791076172e+00,1.000000000000000000e+00,1.000000000000000000e+00,8.696554216613081589e-01
-1.681999999999999886e+02,1.909970063221687608e-01,8.727296474778993840e-01,2.147979921572540363e+00,1.000000000000000000e+00,1.000000000000000000e+00,8.727254072396898321e-01
-1.680999999999999943e+02,1.912886671170563047e-01,8.758090290212945384e-01,2.148039199167047997e+00,1.000000000000000000e+00,1.000000000000000000e+00,8.758047594569878802e-01
-1.680000000000000000e+02,1.915818045158029503e-01,8.788978392251560745e-01,2.148115761661904433e+00,1.000000000000000000e+00,1.000000000000000000e+00,8.788935400922960328e-01
-1.678999999999999773e+02,1.918764271072501693e-01,8.786310783701205551e-01,2.148209712837451324e+00,1.000000000000000000e+00,1.000000000000000000e+00,8.819918114188373126e-01
-1.677999999999999829e+02,1.921702897183633074e-01,8.774208033960222419e-01,2.148319999358657029e+00,1.000000000000000000e+00,1.000000000000000000e+00,8.764693477776810404e-01
-1.676999999999999886e+02,1.924650017332574237e-01,8.795644731589805643e-01,2.148447456681377599e+00,1.000000000000000000e+00,1.000000000000000000e+00,8.795601676245620171e-01
-1.675999999999999943e+02,1.927612071621600254e-01,8.826648270436603383e-01,2.148592503814751531e+00,1.000000000000000000e+00,1.000000000000000000e+00,8.826604916427995828e-01
-1.675000000000000000e+02,1.930589147196115629e-01,8.857747482281994600e-01,2.148755245336364528e+00,1.000000000000000000e+00,1.000000000000000000e+00,8.857703827131243601e-01
-1.674000000000000057e+02,1.933581331941723047e-01,8.888943001015956469e-01,2.148935786545911775e+00,1.000000000000000000e+00,1.000000000000000000e+00,8.888899042218745272e-01
-1.673000000000000114e+02,1.936588714491830343e-01,8.920235465641240813e-01,2.149134233477671518e+00,1.000000000000000000e+00,1.000000000000000000e+00,8.920191200662888065e-01
-1.672000000000000171e+02,1.939611384235339631e-01,8.951625520317677553e-01,2.149350692913270411e+00,1.000000000000000000e+00,1.000000000000000000e+00,8.951580946598530764e-01
-1.670999999999999943e+02,1.942649431324439402e-01,8.983113814421087584e-01,2.149585272394741509e+00,1.000000000000000000e+00,1.000000000000000000e+00,8.983068929377215905e-01
-1.670000000000000000e+02,1.945702946682490997e-01,9.014701002602765190e-01,2.149838080237884697e+00,1.000000000000000000e+00,1.000000000000000000e+00,9.014655803621982599e-01
-1.669000000000000057e+02,1.948772022012020821e-01,9.046387744843288337e-01,2.150109225545931313e+00,1.000000000000000000e+00,1.000000000000000000e+00,9.046342229282965386e-01
-1.668000000000000114e+02,1.951856749802805546e-01,9.078174706504019698e-01,2.150398818223531627e+00,1.000000000000000000e+00,1.000000000000000000e+00,9.078128871693599278e-01
-1.666999999999999886e+02,1.954957223340063888e-01,9.110062558384300901e-01,2.150706968991055845e+00,1.000000000000000000e+00,1.000000000000000000e+00,9.110016401627579752e-01
-1.665999999999999943e+02,1.958073536712747753e-01,9.142051976785533496e-01,2.151033789399231289e+00,1.000000000000000000e+00,1.000000000000000000e+00,9.142005495356492206e-01
-1.665000000000000000e+02,1.961205784821947185e-01,9.174143643566096129e-01,2.151379391844113531e+00,1.000000000000000000e+00,1.000000000000000000e+00,9.174096834708236337e-01
-1.664000000000000057e+02,1.964354063389391059e-01,9.206338246199013975e-01,2.151743889582404812e+00,1.000000000000000000e+00,1.000000000000000000e+00,9.206291107126133300e-01
-1.662999999999999829e+02,1.967518468966066025e-01,9.238636477831343452e-01,2.152127396747125498e+00,1.000000000000000000e+00,1.000000000000000000e+00,9.238589005728807813e-01
-1.661999999999999886e+02,1.970699098940935090e-01,9.271039037346942013e-01,2.152530028363644377e+00,1.000000000000000000e+00,1.000000000000000000e+00,9.270991229370777464e-01
-1.660999999999999943e+02,1.973896051549779429e-01,9.303546629431986847e-01,2.152951900366084192e+00,1.000000000000000000e+00,1.000000000000000000e+00,9.303498482703921324e-01
-1.660000000000000000e+02,1.977109425884144567e-01,9.336159964627589458e-01,2.153393129614098456e+00,1.000000000000000000e+00,1.000000000000000000e+00,9.336111476239618012e-01
-1.659000000000000057e+02,1.980339321900403682e-01,9.368879759398827112e-01,2.153853833910043036e+00,1.000000000000000000e+00,1.000000000000000000e+00,9.368830926411736426e-01
-1.657999999999999829e+02,1.983585840428939429e-01,9.401706736197096292e-01,2.154334132016539449e+00,1.000000000000000000e+00,1.000000000000000000e+00,9.401657555640425823e-01
-1.656999999999999886e+02,1.986849083183441222e-01,9.434641623525452658e-01,2.154834143674444036e+00,1.000000000000000000e+00,1.000000000000000000e+00,9.434592092396694163e-01
-1.655999999999999943e+02,1.990129152770326038e-01,9.467685156006362401e-01,2.155353989621235478e+00,1.000000000000000000e+00,1.000000000000000000e+00,9.467635271267874630e-01
-1.654999999999999716e+02,1.993426152698279386e-01,9.500838074439879044e-01,2.155893791609822863e+00,1.000000000000000000e+00,1.000000000000000000e+00,9.500787833023887075e-01
-1.653999999999999773e+02,1.996740187387916199e-01,9.534101125880533045e-01,2.156453672427793844e+00,1.000000000000000000e+00,1.000000000000000000e+00,9.534050524684335448e-01
-1.653000000000000114e+02,2.000071362181577994e-01,9.567475063701187388e-01,2.157033755917102447e+00,1.000000000000000000e+00,1.000000000000000000e+00,9.567424099586568920e-01
-1.652000000000000171e+02,2.003419783353244110e-01,9.600960647658350888e-01,2.157634166994219171e+00,1.000000000000000000e+00,1.000000000000000000e+00,9.600909317454505709e-01
-1.651000000000000227e+02,2.006785558118583390e-01,9.634558643970617675e-01,2.158255031670742063e+00,1.000000000000000000e+00,1.000000000000000000e+00,9.634506944468441691e-01
-1.650000000000000000e+02,2.010168794645132428e-01,9.668269825375668258e-01,2.158896477074487397e+00,1.000000000000000000e+00,1.000000000000000000e+00,9.668217753335728304e-01
-1.649000000000000057e+02,2.013569602062602604e-01,9.702094971216176367e-01,2.159558631471072854e+00,1.000000000000000000e+00,1.000000000000000000e+00,9.702042523362338633e-01
-1.648000000000000114e+02,2.016988090473337270e-01,9.736034867509149038e-01,2.160241624285997197e+00,1.000000000000000000e+00,1.000000000000000000e+00,9.735982040525484882e-01
-1.647000000000000171e+02,2.020424370962889682e-01,9.770090307012371245e-01,2.160945586127234641e+00,1.000000000000000000e+00,1.000000000000000000e+00,9.770037097547048521e-01
-1.645999999999999943e+02,2.023878555610752472e-01,9.787053060257805415e-01,2.161670648808355022e+00,1.000000000000000000e+00,1.000000000000000000e+00,9.804208493968080695e-01
-1.645000000000000000e+02,2.027338599892005711e-01,9.778780685710303233e-01,2.162415527852414421e+00,1.000000000000000000e+00,1.000000000000000000e+00,9.753548278446345643e-01
-1.644000000000000057e+02,2.030798751029157523e-01,9.787716702943973779e-01,2.163179580649913447e+00,1.000000000000000000e+00,1.000000000000000000e+00,9.787663294702748651e-01
-1.643000000000000114e+02,2.034276940909332254e-01,9.821948861685766419e-01,2.163964978692784147e+00,1.000000000000000000e+00,1.000000000000000000e+00,9.821895065810367642e-01
-1.641999999999999886e+02,2.037773283622629217e-01,9.856298588748614309e-01,2.164771855976419523e+00,1.000000000000000000e+00,1.000000000000000000e+00,9.856244401793986532e-01
-1.640999999999999943e+02,2.041287894285042370e-01,9.890766701205065958e-01,2.165600347776790446e+00,1.000000000000000000e+00,1.000000000000000000e+00,9.890712119689234472e-01
-1.640000000000000000e+02,2.044820889049747126e-01,9.925354023222764388e-01,2.166450590675967458e+00,1.000000000000000000e+00,1.000000000000000000e+00,9.925299043620625650e-01
-1.639000000000000057e+02,2.048372385118530647e-01,9.960061386134210215e-01,2.167322722588238548e+00,1.000000000000000000e+00,1.000000000000000000e+00,9.960006004880528341e-01
-1.637999999999999829e+02,2.051942500753375087e-01,9.994889628514653790e-01,2.168216882786835331e+00,1.000000000000000000e+00,1.000000000000000000e+00,9.994833842009240854e-01
-1.636999999999999886e+02,2.055531355288194029e-01,1.002983959627643751e+00,2.169133211931285832e+00,1.000000000000000000e+00,1.000000000000000000e+00,1.002978340087608222e+00
-1.635999999999999943e+02,2.059139069140737688e-01,1.006491214274354729e+00,2.170071852095401876e+00,1.000000000000000000e+00,1.000000000000000000e+00,1.006485553476167194e+00
-1.635000000000000000e+02,2.062765763824641330e-01,1.010010812873284758e+00,2.171032946795929952e+00,1.000000000000000000e+00,1.000000000000000000e+00,1.010005110444118337e+00
-1.633999999999999773e+02,2.066411561961651322e-01,1.013542842263783550e+00,2.172016641021868200e+00,1.000000000000000000e+00,1.000000000000000000e+00,1.013537097826881173e+00
-1.632999999999999829e+02,2.070076587294000514e-01,1.017087390051993223e+00,2.173023081264469525e+00,1.000000000000000000e+00,1.000000000000000000e+00,1.017081603226329234e+00
-1.631999999999999886e+02,2.073760964696970965e-01,1.020644544619657701e+00,2.174052415547960582e+00,1.000000000000000000e+00,1.000000000000000000e+00,1.020638715019468457e+00
-1.630999999999999943e+02,2.077464820191608219e-01,1.024214395132017286e+00,2.175104793460970853e+00,1.000000000000000000e+00,1.000000000000000000e+00,1.024208522367222152e+00
-1.630000000000000000e+02,2.081188280957620707e-01,1.027797031547062145e+00,2.176180366188713577e+00,1.000000000000000000e+00,1.000000000000000000e+00,1.027791115223342322e+00
-1.629000000000000057e+02,2.084931475346445129e-01,1.031392544624947893e+00,2.177279286545919845e+00,1.000000000000000000e+00,1.000000000000000000e+00,1.031386584343433110e+00
-1.628000000000000114e+02,2.088694532894502798e-01,1.035001025937057895e+00,2.178401709010556520e+00,1.000000000000000000e+00,1.000000000000000000e+00,1.034995021294110584e+00
-1.627000000000000171e+02,2.092477584336624175e-01,1.038622567874902813e+00,2.179547789758339515e+00,1.000000000000000000e+00,1.000000000000000000e+00,1.038616518462275540e+00
-1.625999999999999943e+02,2.096280761619667976e-01,1.042257263659829292e+00,2.180717686698068203e+00,1.000000000000000000e+00,1.000000000000000000e+00,1.042251169064517979e+00
-1.625000000000000000e+02,2.100104197916319304e-01,1.045905207352234800e+00,2.181911559507798692e+00,1.000000000000000000e+00,1.000000000000000000e+00,1.045899067156648377e+00
-1.624000000000000057e+02,2.103948027639083729e-01,1.049566493861713523e+00,2.183129569671879988e+00,1.000000000000000000e+00,1.000000000000000000e+00,1.049560307643364387e+00
-1.623000000000000114e+02,2.107812386454472331e-01,1.053241218956833647e+00,2.184371880518873432e+00,1.000000000000000000e+00,1.000000000000000000e+00,1.053234986288045683e+00
-1.621999999999999886e+02,2.111697411297385196e-01,1.056929479274268502e+00,2.185638657260376760e+00,1.000000000000000000e+00,1.000000000000000000e+00,1.056923199722686890e+00
-1.620999999999999943e+02,2.115603240385686423e-01,1.060631372329770894e+00,2.186930067030781633e+00,1.000000000000000000e+00,1.000000000000000000e+00,1.060625045457962878e+00
-1.620000000000000000e+02,2.119530013234996457e-01,1.064346996528384715e+00,2.188246278927981958e+00,1.000000000000000000e+00,1.000000000000000000e+00,1.064340621893444583e+00
-1.619000000000000057e+02,2.123477870673675938e-01,1.068076451173686658e+00,2.189587464055066324e+00,1.000000000000000000e+00,1.000000000000000000e+00,1.068070028327943843e+00
-1.618000000000000114e+02,2.127446954858025208e-01,1.071819836479785071e+00,2.190953795563006956e+00,1.000000000000000000e+00,1.000000000000000000e+00,1.071813364970010785e+00
-1.616999999999999886e+02,2.131437409287701423e-01,1.075577253580762838e+00,2.192345448694387855e+00,1.000000000000000000e+00,1.000000000000000000e+00,1.075570732948575747e+00
-1.615999999999999943e+02,2.135449378821338284e-01,1.075436600969343681e+00,2.193762600828188081e+00,1.000000000000000000e+00,1.000000000000000000e+00,1.079342234323735994e+00
-1.615000000000000000e+02,2.139453847639770090e-01,1.074678747119047095e+00,2.195199931553543315e+00,1.000000000000000000e+00,1.000000000000000000e+00,1.074045634405521810e+00
-1.613999999999999773e+02,2.143475190146500731e-01,1.077817943181839544e+00,2.196662025001114849e+00,1.000000000000000000e+00,1.000000000000000000e+00,1.077811393123989436e+00
-1.612999999999999829e+02,2.147518232278005090e-01,1.081597946287852663e+00,2.198149931288439163e+00,1.000000000000000000e+00,1.000000000000000000e+00,1.081591346365415429e+00
-1.611999999999999886e+02,2.151583121758172956e-01,1.085392247957147616e+00,2.199663832467809499e+00,1.000000000000000000e+00,1.000000000000000000e+00,1.085385597697398730e+00
-1.610999999999999943e+02,2.155670007717794823e-01,1.089200952722853888e+00,2.201203912885453029e+00,1.000000000000000000e+00,1.000000000000000000e+00,1.089194251647416012e+00
-1.610000000000000000e+02,2.159779040711073128e-01,1.093024166089500815e+00,2.202770359231285724e+00,1.000000000000000000e+00,1.000000000000000000e+00,1.093017413714167496e+00
-1.608999999999999773e+02,2.163910372732365528e-01,1.096861994543817609e+00,2.204363360589893350e+00,1.000000000000000000e+00,1.000000000000000000e+00,1.096855190379085965e+00
-1.608000000000000114e+02,2.168064157233162981e-01,1.100714545567678115e+00,2.205983108492749256e+00,1.000000000000000000e+00,1.000000000000000000e+00,1.100707689117999877e+00
-1.607000000000000171e+02,2.172240549139322630e-01,1.104581927649552764e+00,2.207629796971727121e+00,1.000000000000000000e+00,1.000000000000000000e+00,1.104575018412979004e+00
-1.605999999999999943e+02,2.176439704868531055e-01,1.108464250295217557e+00,2.209303622613925544e+00,1.000000000000000000e+00,1.000000000000000000e+00,1.108457287764333277e+00
-1.605000000000000000e+02,2.180661782348023436e-01,1.112361624041569463e+00,2.211004784617847552e+00,1.000000000000000000e+00,1.000000000000000000e+00,1.112354607702786380e+00
-1.604000000000000057e+02,2.184906941032563610e-01,1.116274160468649246e+00,2.212733484850976318e+00,1.000000000000000000e+00,1.000000000000000000e+00,1.116267089801832313e+00
-1.603000000000000114e+02,2.189175341922673657e-01,1.120201972211414709e+00,2.214489927908776856e+00,1.000000000000000000e+00,1.000000000000000000e+00,1.120194846690258705e+00
-1.602000000000000171e+02,2.193467147583129662e-01,1.124145172972983886e+00,2.216274321175170314e+00,1.000000000000000000e+00,1.000000000000000000e+00,1.124137992064855318e+00
-1.600999999999999943e+02,2.197782522161725594e-01,1.128103877537432131e+00,2.218086874884519943e+00,1.000000000000000000e+00,1.000000000000000000e+00,1.128096640703306397e+00
-1.600000000000000000e+02,2.202121631408307523e-01,1.132078201783001559e+00,2.219927802185167387e+00,1.000000000000000000e+00,1.000000000000000000e+00,1.132070908477264881e+00
-1.599000000000000057e+02,2.206484642694086784e-01,1.136068262695406617e+00,2.221797319204572574e+00,1.000000000000000000e+00,1.000000000000000000e+00,1.136060912365624231e+00
-1.598000000000000114e+02,2.210871725031232082e-01,1.140074178380970027e+00,2.223695645116088748e+00,1.000000000000000000e+00,1.000000000000000000e+00,1.140066770467974999e+00
-1.596999999999999886e+02,2.215283049092747203e-01,1.144096068080433959e+00,2.225623002207435253e+00,1.000000000000000000e+00,1.000000000000000000e+00,1.144088602018261236e+00
-1.595999999999999943e+02,2.219718787232640989e-01,1.148134052182949061e+00,2.227579615950896041e+00,1.000000000000000000e+00,1.000000000000000000e+00,1.148126527398634966e+00
-1.595000000000000000e+02,2.224179113506392635e-01,1.152188252239976896e+00,2.229565715075322974e+00,1.000000000000000000e+00,1.000000000000000000e+00,1.152180668153516496e+00
-1.594000000000000057e+02,2.228664203691717027e-01,1.156258790979795226e+00,2.231581531639956761e+00,1.000000000000000000e+00,1.000000000000000000e+00,1.156251147003855673e+00
-1.592999999999999829e+02,2.233174235309638711e-01,1.160345792321442859e+00,2.233627301110161945e+00,1.000000000000000000e+00,1.000000000000000000e+00,1.160338087861610079e+00
-1.591999999999999886e+02,2.237709387645870351e-01,1.164449381389903282e+00,2.235703262435090100e+00,1.000000000000000000e+00,1.000000000000000000e+00,1.164441615844425515e+00
-1.590999999999999943e+02,2.242269841772518424e-01,1.168569684531104880e+00,2.237809658127360546e+00,1.000000000000000000e+00,1.000000000000000000e+00,1.168561857290548289e+00
-1.590000000000000000e+02,2.246855780570101158e-01,1.169822678995617871e+00,2.239946734344798518e+00,1.000000000000000000e+00,1.000000000000000000e+00,1.172698939773946458e+00
-1.588999999999999773e+02,2.251444768340864211e-01,1.169467516664240758e+00,2.242108793652784371e+00,1.000000000000000000e+00,1.000000000000000000e+00,1.167847876575116572e+00
-1.587999999999999829e+02,2.256046654817783215e-01,1.171989915198115018e+00,2.244298448871056006e+00,1.000000000000000000e+00,1.000000000000000000e+00,1.171982036469548571e+00
-1.586999999999999886e+02,2.260674292575050315e-01,1.176141085406843922e+00,2.246519242971127817e+00,1.000000000000000000e+00,1.000000000000000000e+00,1.176133143850089047e+00
-1.585999999999999943e+02,2.265327868683155166e-01,1.180309333604400601e+00,2.248771431546581212e+00,1.000000000000000000e+00,1.000000000000000000e+00,1.180301328588180043e+00
-1.585000000000000000e+02,2.270007572093379888e-01,1.184494790949786047e+00,2.251055274148189955e+00,1.000000000000000000e+00,1.000000000000000000e+00,1.184486721834978384e+00
-1.584000000000000057e+02,2.274713593661195632e-01,1.188697589897567797e+00,2.253371034375894588e+00,1.000000000000000000e+00,1.000000000000000000e+00,1.188689456037353098e+00
-1.583000000000000114e+02,2.279446126170037168e-01,1.192917864215403689e+00,2.255718979973202920e+00,1.000000000000000000e+00,1.000000000000000000e+00,1.192909664954141080e+00
-1.582000000000000171e+02,2.284205364355419154e-01,1.197155748998778302e+00,2.258099382924083631e+00,1.000000000000000000e+00,1.000000000000000000e+00,1.197147483672634349e+00
-1.580999999999999943e+02,2.288991504929418774e-01,1.201411380688272468e+00,2.260512519552439592e+00,1.000000000000000000e+00,1.000000000000000000e+00,1.201403048625319769e+00
-1.580000000000000000e+02,2.293804746605530853e-01,1.205684897087052176e+00,2.262958670624229285e+00,1.000000000000000000e+00,1.000000000000000000e+00,1.205676497606870123e+00
-1.579000000000000057e+02,2.298645290123902118e-01,1.209976437378270653e+00,2.265438121452329590e+00,1.000000000000000000e+00,1.000000000000000000e+00,1.209967969791397868e+00
-1.578000000000000114e+02,2.303513338276948486e-01,1.214286142141743019e+00,2.267951162004209653e+00,1.000000000000000000e+00,1.000000000000000000e+00,1.214277605749965350e+00
-1.577000000000000171e+02,2.308409095935357036e-01,1.218614153372256537e+00,2.270498087012517541e+00,1.000000000000000000e+00,1.000000000000000000e+00,1.218605547468363692e+00
-1.575999999999999943e+02,2.313332770074495726e-01,1.222960614497255349e+00,2.273079196088663601e+00,1.000000000000000000e+00,1.000000000000000000e+00,1.222951938365164581e+00
-1.575000000000000000e+02,2.318284569801214723e-01,1.227325670395512658e+00,2.275694793839489360e+00,1.000000000000000000e+00,1.000000000000000000e+00,1.227316923310042052e+00
-1.574000000000000057e+02,2.323264706381075462e-01,1.231709467416315595e+00,2.278345189987136976e+00,1.000000000000000000e+00,1.000000000000000000e+00,1.231700648642386264e+00
-1.572999999999999829e+02,2.328273393265987978e-01,1.236112153396824676e+00,2.281030699492195168e+00,1.000000000000000000e+00,1.000000000000000000e+00,1.236103262190196173e+00
-1.571999999999999886e+02,2.333310846122273741e-01,1.240533877682437724e+00,2.283751642680249994e+00,1.000000000000000000e+00,1.000000000000000000e+00,1.240524913289260622e+00
-1.570999999999999943e+02,2.338377282859173956e-01,1.244974791146201909e+00,2.286508345371935036e+00,1.000000000000000000e+00,1.000000000000000000e+00,1.244965752802647208e+00
-1.570000000000000000e+02,2.343472923657788920e-01,1.249435046208255518e+00,2.289301139016599151e+00,1.000000000000000000e+00,1.000000000000000000e+00,1.249425933140481337e+00
-1.569000000000000057e+02,2.348597991000476448e-01,1.253914796856034020e+00,2.292130360829705449e+00,1.000000000000000000e+00,1.000000000000000000e+00,1.253905608280042383e+00
-1.567999999999999829e+02,2.353752709700701329e-01,1.258414198664365991e+00,2.294996353934089406e+00,1.000000000000000000e+00,1.000000000000000000e+00,1.258404933786165358e+00
-1.566999999999999886e+02,2.358937306933356903e-01,1.261503954779531478e+00,2.297899467505189808e+00,1.000000000000000000e+00,1.000000000000000000e+00,1.262924066831965009e+00
-1.565999999999999943e+02,2.364140241791416464e-01,1.261207600752725089e+00,2.300836049667994487e+00,1.000000000000000000e+00,1.000000000000000000e+00,1.257822177329293911e+00
-1.564999999999999716e+02,2.369345304407278752e-01,1.262348072847420344e+00,2.303800674359619993e+00,1.000000000000000000e+00,1.000000000000000000e+00,1.262338740875857068e+00
-1.563999999999999773e+02,2.374580586627795531e-01,1.266884659930439971e+00,2.306803084935496795e+00,1.000000000000000000e+00,1.000000000000000000e+00,1.266875250143094433e+00
-1.563000000000000114e+02,2.379846321217009009e-01,1.271441353797662099e+00,2.309843647366077501e+00,1.000000000000000000e+00,1.000000000000000000e+00,1.271431865369553327e+00
-1.562000000000000171e+02,2.385142743401620913e-01,1.276018316367689476e+00,2.312922734247669698e+00,1.000000000000000000e+00,1.000000000000000000e+00,1.276008748463379083e+00
-1.561000000000000227e+02,2.390470090903350497e-01,1.280615711251483102e+00,2.316040724967959097e+00,1.000000000000000000e+00,1.000000000000000000e+00,1.280606063024327446e+00
-1.560000000000000000e+02,2.395828603971817405e-01,1.285233703774015135e+00,2.319198005876322188e+00,1.000000000000000000e+00,1.000000000000000000e+00,1.285223974366132671e+00
-1.559000000000000057e+02,2.401218525417928851e-01,1.289872460996950521e+00,2.322394970459065178e+00,1.000000000000000000e+00,1.000000000000000000e+00,1.289862649539218697e+00
-1.558000000000000114e+02,2.406640100647816360e-01,1.294532151742622483e+00,2.325632019519790816e+00,1.000000000000000000e+00,1.000000000000000000e+00,1.294522257353784900e+00
-1.556999999999999886e+02,2.412093577697304314e-01,1.299212946615953657e+00,2.328909561365035241e+00,1.000000000000000000e+00,1.000000000000000000e+00,1.299202968403250669e+00
-1.555999999999999943e+02,2.417579207266927765e-01,1.303915018029287332e+00,2.332228011995379546e+00,1.000000000000000000e+00,1.000000000000000000e+00,1.303904955088075246e+00
-1.555000000000000000e+02,2.423097242757523695e-01,1.308638540226786162e+00,2.335587795302213276e+00,1.000000000000000000e+00,1.000000000000000000e+00,1.308628391639967692e+00
-1.554000000000000057e+02,2.428647940306385700e-01,1.313383689308371460e+00,2.338989343270353682e+00,1.000000000000000000e+00,1.000000000000000000e+00,1.313373454146478103e+00
-1.553000000000000114e+02,2.434231558824006270e-01,1.318150643255227461e+00,2.342433096186715691e+00,1.000000000000000000e+00,1.000000000000000000e+00,1.318140320575988733e+00
-1.551999999999999886e+02,2.439848360031414143e-01,1.322939581954391430e+00,2.345919502855259520e+00,1.000000000000000000e+00,1.000000000000000000e+00,1.322929170803109900e+00
-1.550999999999999943e+02,2.445498608498110349e-01,1.327750687225427884e+00,2.349449020818420664e+00,1.000000000000000000e+00,1.000000000000000000e+00,1.327740186634481789e+00
-1.550000000000000000e+02,2.451182571680636246e-01,1.332584142846895858e+00,2.353022116585273160e+00,1.000000000000000000e+00,1.000000000000000000e+00,1.332573551835008363e+00
-1.549000000000000057e+02,2.456900519961758289e-01,1.337440134582159823e+00,2.356639265866644184e+00,1.000000000000000000e+00,1.000000000000000000e+00,1.337429452154507148e+00
-1.547999999999999829e+02,2.462652726690299221e-01,1.342318850206244418e+00,2.360300953817453529e+00,1.000000000000000000e+00,1.000000000000000000e+00,1.342308075354798902e+00
-1.546999999999999886e+02,2.468439468221615418e-01,1.347220479534354309e+00,2.364007675286512455e+00,1.000000000000000000e+00,1.000000000000000000e+00,1.347209611237239590e+00
-1.545999999999999943e+02,2.474261023958755912e-01,1.349851853000779034e+00,2.367759935074084776e+00,1.000000000000000000e+00,1.000000000000000000e+00,1.352134251670711107e+00
-1.545000000000000000e+02,2.480097869089468998e-01,1.349808397057323583e+00,2.371549848168899910e+00,1.000000000000000000e+00,1.000000000000000000e+00,1.347124797799363005e+00
-1.543999999999999773e+02,2.485946551087177547e-01,1.352059998866022461e+00,2.375376079266870555e+00,1.000000000000000000e+00,1.000000000000000000e+00,1.352049037726538838e+00
-1.542999999999999829e+02,2.491830492049163515e-01,1.357007629456951303e+00,2.379248864627006022e+00,1.000000000000000000e+00,1.000000000000000000e+00,1.356996572803130796e+00
-1.541999999999999886e+02,2.497749978905982604e-01,1.361978752315301522e+00,2.383168738588905100e+00,1.000000000000000000e+00,1.000000000000000000e+00,1.361967599081949087e+00
-1.540999999999999943e+02,2.503705301777824910e-01,1.366973565662483070e+00,2.387136246503748005e+00,1.000000000000000000e+00,1.000000000000000000e+00,1.366962314769580633e+00
-1.540000000000000000e+02,2.509696754018651554e-01,1.371992269903115735e+00,2.391151945032898851e+00,1.000000000000000000e+00,1.000000000000000000e+00,1.371980920256262504e+00
-1.539000000000000057e+02,2.515724632261070459e-01,1.377035067657326639e+00,2.395216402456043614e+00,1.000000000000000000e+00,1.000000000000000000e+00,1.377023618146256512e+00
-1.538000000000000114e+02,2.521789236461976502e-01,1.382102163790066340e+00,2.399330198989242380e+00,1.000000000000000000e+00,1.000000000000000000e+00,1.382090613288739389e+00
-1.537000000000000171e+02,2.527890869948929420e-01,1.387193765442583882e+00,2.403493927113251605e+00,1.000000000000000000e+00,1.000000000000000000e+00,1.387182112809195678e+00
-1.535999999999999943e+02,2.534029839467339951e-01,1.392310082064369237e+00,2.407708191912517837e+00,1.000000000000000000e+00,1.000000000000000000e+00,1.392298326141351739e+00
-1.535000000000000000e+02,2.540206455228423699e-01,1.397451325446408044e+00,2.411973611425256792e+00,1.000000000000000000e+00,1.000000000000000000e+00,1.397439465059633790e+00
-1.534000000000000057e+02,2.546421030958000986e-01,1.402617709753756881e+00,2.416290817005049441e+00,1.000000000000000000e+00,1.000000000000000000e+00,1.402605743712194153e+00
-1.533000000000000114e+02,2.552673883946085520e-01,1.407809451558737379e+00,2.420660453694385872e+00,1.000000000000000000e+00,1.000000000000000000e+00,1.407797378654477294e+00
-1.531999999999999886e+02,2.558965335097351801e-01,1.413026769875447508e+00,2.425083180610647648e+00,1.000000000000000000e+00,1.000000000000000000e+00,1.413014588883372280e+00
-1.530999999999999943e+02,2.565295708982431311e-01,1.418269886194174489e+00,2.429559671344998506e+00,1.000000000000000000e+00,1.000000000000000000e+00,1.418257595871930787e+00
-1.530000000000000000e+02,2.571665333890115201e-01,1.423539024517778806e+00,2.434090614374716743e+00,1.000000000000000000e+00,1.000000000000000000e+00,1.423526623604698615e+00
-1.529000000000000057e+02,2.578074541880432946e-01,1.428834411396272763e+00,2.438676713489484893e+00,1.000000000000000000e+00,1.000000000000000000e+00,1.428821898613636510e+00
-1.528000000000000114e+02,2.584523668838651367e-01,1.434156275964099336e+00,2.443318688232206881e+00,1.000000000000000000e+00,1.000000000000000000e+00,1.434143650014666704e+00
-1.526999999999999886e+02,2.591013054530204585e-01,1.434522917551344978e+00,2.448017274354944206e+00,1.000000000000000000e+00,1.000000000000000000e+00,1.439492109544847409e+00
-1.525999999999999943e+02,2.597497984357125533e-01,1.434445236807210478e+00,2.452750052171232653e+00,1.000000000000000000e+00,1.000000000000000000e+00,1.433966261242169082e+00
-1.525000000000000000e+02,2.604019138548754886e-01,1.439326565515259393e+00,2.457538037200464487e+00,1.000000000000000000e+00,1.000000000000000000e+00,1.439313828911420678e+00
-1.523999999999999773e+02,2.610581090844463215e-01,1.444701183645276110e+00,2.462384149819578205e+00,1.000000000000000000e+00,1.000000000000000000e+00,1.444688331268472625e+00
-1.522999999999999829e+02,2.617184190578752401e-01,1.450102974819607926e+00,2.467289175339069551e+00,1.000000000000000000e+00,1.000000000000000000e+00,1.450090005316436503e+00
-1.521999999999999886e+02,2.623828791155591866e-01,1.455532178797207976e+00,2.472253917193742989e+00,1.000000000000000000e+00,1.000000000000000000e+00,1.455519090793685466e+00
-1.520999999999999943e+02,2.630515250107524627e-01,1.460989038111303984e+00,2.477279197480533934e+00,1.000000000000000000e+00,1.000000000000000000e+00,1.460975830213651294e+00
-1.520000000000000000e+02,2.637243929155814737e-01,1.466473798111443072e+00,2.482365857515439256e+00,1.000000000000000000e+00,1.000000000000000000e+00,1.466460468905320669e+00
-1.518999999999999773e+02,2.644015194271657765e-01,1.471986707003984485e+00,2.487514758410334981e+00,1.000000000000000000e+00,1.000000000000000000e+00,1.471973255054451313e+00
-1.518000000000000114e+02,2.650829415738454875e-01,1.477528015894412183e+00,2.492726781670536074e+00,1.000000000000000000e+00,1.000000000000000000e+00,1.477514439745495123e+00
-1.517000000000000171e+02,2.657686968215203782e-01,1.483097978830799635e+00,2.498002829813992243e+00,1.000000000000000000e+00,1.000000000000000000e+00,1.483084277004284912e+00
-1.515999999999999943e+02,2.664588230801002156e-01,1.488696852845231566e+00,2.503343827013027934e+00,1.000000000000000000e+00,1.000000000000000000e+00,1.488683023841458564e+00
-1.515000000000000000e+02,2.671533587100687890e-01,1.494324897999794510e+00,2.508750719759616832e+00,1.000000000000000000e+00,1.000000000000000000e+00,1.494310940296654344e+00
-1.514000000000000057e+02,2.678523425291673976e-01,1.499982377431192004e+00,2.514224477555220272e+00,1.000000000000000000e+00,1.000000000000000000e+00,1.499968289483510686e+00
-1.513000000000000114e+02,2.685558138191948552e-01,1.505669557395599600e+00,2.519766093626247372e+00,1.000000000000000000e+00,1.000000000000000000e+00,1.505655337635446234e+00
-1.512000000000000171e+02,2.692638123329313404e-01,1.511386707316769940e+00,2.525376585666289309e+00,1.000000000000000000e+00,1.000000000000000000e+00,1.511372354152276998e+00
-1.510999999999999943e+02,2.699763783011860929e-01,1.514555362644192327e+00,2.531056996606297904e+00,1.000000000000000000e+00,1.000000000000000000e+00,1.517119611647664845e+00
-1.510000000000000000e+02,2.706911222500604230e-01,1.514656875339681852e+00,2.536793691244314086e+00,1.000000000000000000e+00,1.000000000000000000e+00,1.511577562754608195e+00
-1.509000000000000057e+02,2.714075628418060604e-01,1.517340400916322052e+00,2.542584115768017572e+00,1.000000000000000000e+00,1.000000000000000000e+00,1.517325907868265489e+00
-1.507999999999999829e+02,2.721286370677795108e-01,1.523119409540126812e+00,2.548446710074677490e+00,1.000000000000000000e+00,1.000000000000000000e+00,1.523104779772790129e+00
-1.506999999999999886e+02,2.728543863688862592e-01,1.528929225927217361e+00,2.554382597500642227e+00,1.000000000000000000e+00,1.000000000000000000e+00,1.528914457774770197e+00
-1.505999999999999943e+02,2.735848526888500776e-01,1.534770132773105367e+00,2.560392929964403486e+00,1.000000000000000000e+00,1.000000000000000000e+00,1.534755224544000374e+00
-1.505000000000000000e+02,2.743200784818283777e-01,1.540642416187370856e+00,2.566478888893479304e+00,1.000000000000000000e+00,1.000000000000000000e+00,1.540627366164487810e+00
-1.504000000000000057e+02,2.750601067201682293e-01,1.546546365746615637e+00,2.572641686187623122e+00,1.000000000000000000e+00,1.000000000000000000e+00,1.546531172186396130e+00
-1.502999999999999829e+02,2.758049809023035981e-01,1.552482274546494345e+00,2.578882565220032230e+00,1.000000000000000000e+00,1.000000000000000000e+00,1.552466935678937787e+00
-1.501999999999999886e+02,2.765547450607974689e-01,1.558450439256526154e+00,2.585202801878347501e+00,1.000000000000000000e+00,1.000000000000000000e+00,1.558434953284233870e+00
-1.500999999999999943e+02,2.773094437705330706e-01,1.564451160174922473e+00,2.591603705647327782e+00,1.000000000000000000e+00,1.000000000000000000e+00,1.564435525272176664e+00
-1.499999999999999716e+02,2.780691221570553706e-01,1.570484741282927699e+00,2.598086620735169827e+00,1.000000000000000000e+00,1.000000000000000000e+00,1.570468955596292071e+00
-1.498999999999999773e+02,2.788338259050666679e-01,1.576551490303227387e+00,2.604652927245568961e+00,1.000000000000000000e+00,1.000000000000000000e+00,1.576535551950639658e+00
-1.497999999999999829e+02,2.796036012670820026e-01,1.582651718758401049e+00,2.611304042397753378e+00,1.000000000000000000e+00,1.000000000000000000e+00,1.582635625827778503e+00
-1.496999999999999886e+02,2.803784950722444935e-01,1.588785742028114401e+00,2.618041421796781343e+00,1.000000000000000000e+00,1.000000000000000000e+00,1.588769492577805753e+00
-1.495999999999999943e+02,2.811585547353051551e-01,1.589776428320136992e+00,2.624866560756606404e+00,1.000000000000000000e+00,1.000000000000000000e+00,1.594937471468495627e+00
-1.495000000000000000e+02,2.819387469677150371e-01,1.590130507455401521e+00,2.631745048197991821e+00,1.000000000000000000e+00,1.000000000000000000e+00,1.589450873744862713e+00
-1.494000000000000057e+02,2.827234846711471072e-01,1.595639075775552751e+00,2.638708513427574509e+00,1.000000000000000000e+00,1.000000000000000000e+00,1.595622650158603051e+00
-1.493000000000000114e+02,2.835134690279244030e-01,1.601845484340241654e+00,2.645763108881819203e+00,1.000000000000000000e+00,1.000000000000000000e+00,1.601828898004785451e+00
-1.492000000000000171e+02,2.843087489749805963e-01,1.608086694115869353e+00,2.652910461273125797e+00,1.000000000000000000e+00,1.000000000000000000e+00,1.608069945022966740e+00
-1.490999999999999943e+02,2.851093740671184484e-01,1.614363036985613897e+00,2.660152242964906932e+00,1.000000000000000000e+00,1.000000000000000000e+00,1.614346123064802851e+00
-1.490000000000000000e+02,2.859153944867567909e-01,1.620674849011069840e+00,2.667490173600913117e+00,1.000000000000000000e+00,1.000000000000000000e+00,1.620657768158981993e+00
-1.489000000000000057e+02,2.867268610538657447e-01,1.627022470498153961e+00,2.674926021805329679e+00,1.000000000000000000e+00,1.000000000000000000e+00,1.627005220577413924e+00
-1.488000000000000114e+02,2.875438252360880687e-01,1.633406246063393352e+00,2.682461606957264433e+00,1.000000000000000000e+00,1.000000000000000000e+00,1.633388824902660019e+00
-1.487000000000000171e+02,2.883663391590561842e-01,1.639826524703648980e+00,2.690098801043524279e+00,1.000000000000000000e+00,1.000000000000000000e+00,1.639808930096659623e+00
-1.485999999999999943e+02,2.891944556169060432e-01,1.646283659865496407e+00,2.697839530593791224e+00,1.000000000000000000e+00,1.000000000000000000e+00,1.646265889570777574e+00
-1.485000000000000000e+02,2.900282280829937775e-01,1.652778009517485325e+00,2.705685778702541455e+00,1.000000000000000000e+00,1.000000000000000000e+00,1.652760061257191770e+00
-1.484000000000000057e+02,2.908677107208197388e-01,1.659213763413312837e+00,2.713639587142370857e+00,1.000000000000000000e+00,1.000000000000000000e+00,1.659291807681672504e+00
-1.482999999999999829e+02,2.917128607490012682e-01,1.659557284510736697e+00,2.721702271568652076e+00,1.000000000000000000e+00,1.000000000000000000e+00,1.653479759500851909e+00
-1.481999999999999886e+02,2.925575880805681428e-01,1.660033827779554771e+00,2.729825882734961517e+00,1.000000000000000000e+00,1.000000000000000000e+00,1.660015679179835058e+00
-1.480999999999999943e+02,2.934081182249081987e-01,1.666607913138069552e+00,2.738061776924315627e+00,1.000000000000000000e+00,1.000000000000000000e+00,1.666589581643221907e+00
-1.480000000000000000e+02,2.942645071443045213e-01,1.673220356141895016e+00,2.746412194615302393e+00,1.000000000000000000e+00,1.000000000000000000e+00,1.673201839356635245e+00
-1.479000000000000057e+02,2.951268115305171746e-01,1.679871534124692145e+00,2.754879444671856525e+00,1.000000000000000000e+00,1.000000000000000000e+00,1.679852829614792098e+00
-1.477999999999999829e+02,2.959950888166732463e-01,1.686561829328902862e+00,2.763465907000569821e+00,1.000000000000000000e+00,1.000000000000000000e+00,1.686542934620275380e+00
-1.476999999999999886e+02,2.968693971893894279e-01,1.693291628986067110e+00,2.772174035334161957e+00,1.000000000000000000e+00,1.000000000000000000e+00,1.693272541563850986e+00
-1.475999999999999943e+02,2.977497956011342373e-01,1.700061325399041090e+00,2.781006360148269518e+00,1.000000000000000000e+00,1.000000000000000000e+00,1.700042042706374046e+00
-1.474999999999999716e+02,2.986363437828339906e-01,1.706871316024137109e+00,2.789965491719126778e+00,1.000000000000000000e+00,1.000000000000000000e+00,1.706851835462302347e+00
-1.473999999999999773e+02,2.995291022567277972e-01,1.713722003557906381e+00,2.799054123330248611e+00,1.000000000000000000e+00,1.000000000000000000e+00,1.713702322484868201e+00
-1.473000000000000114e+02,3.004281323494808476e-01,1.720613796023733766e+00,2.808275034636802392e+00,1.000000000000000000e+00,1.000000000000000000e+00,1.720593911752952954e+00
-1.472000000000000171e+02,3.013334962055565502e-01,1.722998117723067768e+00,2.817631095196846847e+00,1.000000000000000000e+00,1.000000000000000000e+00,1.727527016659683889e+00
-1.471000000000000227e+02,3.022404719360311520e-01,1.723044864525525632e+00,2.827081011623842510e+00,1.000000000000000000e+00,1.000000000000000000e+00,1.720674190898111355e+00
-1.470000000000000000e+02,3.031513400238861067e-01,1.727627873007916204e+00,2.836647003724991123e+00,1.000000000000000000e+00,1.000000000000000000e+00,1.727607780400324033e+00
-1.469000000000000057e+02,3.040686439557359622e-01,1.734603610682382779e+00,2.846354815782652814e+00,1.000000000000000000e+00,1.000000000000000000e+00,1.734583309336532375e+00
-1.468000000000000114e+02,3.049924479455629056e-01,1.741621715175808216e+00,2.856207624155928215e+00,1.000000000000000000e+00,1.000000000000000000e+00,1.741601202266847448e+00
-1.466999999999999886e+02,3.059228170722229634e-01,1.748682616787659461e+00,2.866208711509437013e+00,1.000000000000000000e+00,1.000000000000000000e+00,1.748661889443346773e+00
-1.465999999999999943e+02,3.068598172940181779e-01,1.755786751606305041e+00,2.876361471354335286e+00,1.000000000000000000e+00,1.000000000000000000e+00,1.755765806906041782e+00
-1.465000000000000000e+02,3.078035154635666015e-01,1.762934561607906847e+00,2.886669412827184811e+00,1.000000000000000000e+00,1.000000000000000000e+00,1.762913396580805703e+00
-1.464000000000000057e+02,3.087539793429741053e-01,1.770126494754894031e+00,2.897136165721480250e+00,1.000000000000000000e+00,1.000000000000000000e+00,1.770105106379289417e+00
-1.463000000000000114e+02,3.097112776193156614e-01,1.777363005098226534e+00,2.907765485787789039e+00,1.000000000000000000e+00,1.000000000000000000e+00,1.777341390300872792e+00
-1.461999999999999886e+02,3.106754799204349271e-01,1.780146211477674933e+00,2.918561260319592066e+00,1.000000000000000000e+00,1.000000000000000000e+00,1.784622708536714786e+00
-1.460999999999999943e+02,3.116417785507257787e-01,1.780009807246219156e+00,2.929476524293631368e+00,1.000000000000000000e+00,1.000000000000000000e+00,1.777059992209366612e+00
-1.460000000000000000e+02,3.126118369327041679e-01,1.784361391129957619e+00,2.940530342047705137e+00,1.000000000000000000e+00,1.000000000000000000e+00,1.784339555743632344e+00
-1.458999999999999773e+02,3.135889114703697689e-01,1.791686669865798498e+00,2.951759783917986102e+00,1.000000000000000000e+00,1.000000000000000000e+00,1.791664601876106655e+00
-1.457999999999999829e+02,3.145730741382156137e-01,1.799057907077795448e+00,2.963169192942255670e+00,1.000000000000000000e+00,1.000000000000000000e+00,1.799035603251821769e+00
-1.456999999999999886e+02,3.155643979065143601e-01,1.806475581980303113e+00,2.974763070106003493e+00,1.000000000000000000e+00,1.000000000000000000e+00,1.806453039028455887e+00
-1.455999999999999943e+02,3.165629567585586113e-01,1.813940180413069925e+00,2.986546081694645416e+00,1.000000000000000000e+00,1.000000000000000000e+00,1.813917394989151610e+00
-1.455000000000000000e+02,3.175688257082640575e-01,1.821452194958927961e+00,2.998523067066377390e+00,1.000000000000000000e+00,1.000000000000000000e+00,1.821429163657709571e+00
-1.453999999999999773e+02,3.185820808181406005e-01,1.829012125059459093e+00,3.010699046874332652e+00,1.000000000000000000e+00,1.000000000000000000e+00,1.828988844416186144e+00
-1.452999999999999829e+02,3.196027992176392329e-01,1.830989995069781884e+00,3.023079231769035591e+00,1.000000000000000000e+00,1.000000000000000000e+00,1.836596943624954292e+00
-1.451999999999999886e+02,3.206247776196743948e-01,1.830290044521693860e+00,3.035595172937438857e+00,1.000000000000000000e+00,1.000000000000000000e+00,1.827575052361397612e+00
-1.450999999999999943e+02,3.216512444730887377e-01,1.835197567237601524e+00,3.048286985754998568e+00,1.000000000000000000e+00,1.000000000000000000e+00,1.835174081164942850e+00
-1.450000000000000000e+02,3.226852909292844962e-01,1.842845687412295375e+00,3.061195267815947307e+00,1.000000000000000000e+00,1.000000000000000000e+00,1.842821945557881591e+00
-1.449000000000000057e+02,3.237269966553053546e-01,1.850543166146345619e+00,3.074325889432340642e+00,1.000000000000000000e+00,1.000000000000000000e+00,1.850519164870086497e+00
-1.448000000000000114e+02,3.247764424467213806e-01,1.858290530164075305e+00,3.087684952340442379e+00,1.000000000000000000e+00,1.000000000000000000e+00,1.858266265761332470e+00
-1.447000000000000171e+02,3.258337102476435709e-01,1.866088313651472985e+00,3.101278801410742414e+00,1.000000000000000000e+00,1.000000000000000000e+00,1.866063782351352840e+00
-1.446000000000000227e+02,3.268988831711659993e-01,1.873937058388811749e+00,3.115114037087567844e+00,1.000000000000000000e+00,1.000000000000000000e+00,1.873912256352679551e+00
-1.445000000000000000e+02,3.279720455202459473e-01,1.875540631484434950e+00,3.129197528612607915e+00,1.000000000000000000e+00,1.000000000000000000e+00,1.881812237206323957e+00
-1.444000000000000057e+02,3.290460741251657883e-01,1.874695567015765008e+00,3.143441606373104324e+00,1.000000000000000000e+00,1.000000000000000000e+00,1.872203074841259474e+00
-1.443000000000000114e+02,3.301252973714247640e-01,1.880116837112536077e+00,3.157906145077235216e+00,1.000000000000000000e+00,1.000000000000000000e+00,1.880091820426159188e+00
-1.441999999999999886e+02,3.312126355550633616e-01,1.888057802876067059e+00,3.172635396435676824e+00,1.000000000000000000e+00,1.000000000000000000e+00,1.888032508438759915e+00
-1.440999999999999943e+02,3.323081757833611927e-01,1.896051278666080364e+00,3.187637180087083522e+00,1.000000000000000000e+00,1.000000000000000000e+00,1.896025702444012140e+00
-1.440000000000000000e+02,3.334120064230742253e-01,1.904097836243056951e+00,3.202919648740005787e+00,1.000000000000000000e+00,1.000000000000000000e+00,1.904071974128525913e+00
-1.439000000000000057e+02,3.345242171232392092e-01,1.912198055636987082e+00,3.218491306429533516e+00,1.000000000000000000e+00,1.000000000000000000e+00,1.912171903447682064e+00
-1.438000000000000114e+02,3.356448988384762577e-01,1.914641051739038868e+00,3.234361028008203576e+00,1.000000000000000000e+00,1.000000000000000000e+00,1.920326078775960843e+00
-1.436999999999999886e+02,3.367674521663236997e-01,1.913349294225515029e+00,3.250440294057363122e+00,1.000000000000000000e+00,1.000000000000000000e+00,1.909584333185506910e+00
-1.435999999999999943e+02,3.378941177945546381e-01,1.917747506402780910e+00,3.266766022198330788e+00,1.000000000000000000e+00,1.000000000000000000e+00,1.917721154160514363e+00
-1.435000000000000000e+02,3.390293835243942122e-01,1.925939276407486966e+00,3.283411210405225766e+00,1.000000000000000000e+00,1.000000000000000000e+00,1.925912626885267986e+00
-1.433999999999999773e+02,3.401733432842323213e-01,1.934186305430088293e+00,3.300386056732459217e+00,1.000000000000000000e+00,1.000000000000000000e+00,1.934159354236988371e+00
-1.432999999999999829e+02,3.413260923837352356e-01,1.942489205267750263e+00,3.317701226049270868e+00,1.000000000000000000e+00,1.000000000000000000e+00,1.942461947931535704e+00
-1.431999999999999886e+02,3.424877275392898546e-01,1.948868190428530545e+00,3.335367877602219533e+00,1.000000000000000000e+00,1.000000000000000000e+00,1.950821028686290148e+00
-1.430999999999999943e+02,3.436559793090403492e-01,1.948383558623079326e+00,3.353359597818809767e+00,1.000000000000000000e+00,1.000000000000000000e+00,1.941529247807662450e+00
-1.430000000000000000e+02,3.448249805292953885e-01,1.949909503783602283e+00,3.371589069696242724e+00,1.000000000000000000e+00,1.000000000000000000e+00,1.949881970776306872e+00
-1.428999999999999773e+02,3.460030195706098599e-01,1.958319587503251302e+00,3.390198322378392248e+00,1.000000000000000000e+00,1.000000000000000000e+00,1.958291739681243149e+00
-1.428000000000000114e+02,3.471901965934408585e-01,1.966787360045025856e+00,3.409200360050371525e+00,1.000000000000000000e+00,1.000000000000000000e+00,1.966759192691542424e+00
-1.427000000000000171e+02,3.483866132523595338e-01,1.975313469159635904e+00,3.428608823060853350e+00,1.000000000000000000e+00,1.000000000000000000e+00,1.975284977468775738e+00
-1.425999999999999943e+02,3.495923727239712564e-01,1.979902982647866461e+00,3.448438028146639578e+00,1.000000000000000000e+00,1.000000000000000000e+00,1.983869751344456089e+00
-1.425000000000000000e+02,3.508027038871299186e-01,1.980465718990202850e+00,3.468616030171935538e+00,1.000000000000000000e+00,1.000000000000000000e+00,1.976407166433527207e+00
-1.424000000000000057e+02,3.520175172462441382e-01,1.985028588179047482e+00,3.489150341356486607e+00,1.000000000000000000e+00,1.000000000000000000e+00,1.984999723721547982e+00
-1.423000000000000114e+02,3.532418533016659645e-01,1.993681224846045819e+00,3.510143573449576948e+00,1.000000000000000000e+00,1.000000000000000000e+00,1.993652025506535752e+00
-1.422000000000000171e+02,3.544758192599083424e-01,2.002394289655275994e+00,3.531612686383836852e+00,1.000000000000000000e+00,1.000000000000000000e+00,2.002364750338272437e+00
-1.420999999999999943e+02,3.557195239515428820e-01,2.008601658470706930e+00,3.553575533137253828e+00,1.000000000000000000e+00,1.000000000000000000e+00,2.011138587018435064e+00
-1.420000000000000000e+02,3.569698906621355805e-01,2.010013199122419270e+00,3.575988578970100029e+00,1.000000000000000000e+00,1.000000000000000000e+00,2.005193797496347408e+00
-1.419000000000000057e+02,3.582241209673016069e-01,2.014017532136431754e+00,3.598809987612557659e+00,1.000000000000000000e+00,1.000000000000000000e+00,2.013987534962089487e+00
-1.417999999999999829e+02,3.594882948664018807e-01,2.022873661160025982e+00,3.622174661501031956e+00,1.000000000000000000e+00,1.000000000000000000e+00,2.022843311793013132e+00
-1.416999999999999886e+02,3.607625257481093528e-01,2.031792548352901573e+00,3.646104076270253014e+00,1.000000000000000000e+00,1.000000000000000000e+00,2.031761841367063059e+00
-1.415999999999999943e+02,3.620469287405517766e-01,2.036103346147343007e+00,3.670620915349255942e+00,1.000000000000000000e+00,1.000000000000000000e+00,2.040743847978339520e+00
-1.415000000000000000e+02,3.633357168952956462e-01,2.038594696714174592e+00,3.695621703568599425e+00,1.000000000000000000e+00,1.000000000000000000e+00,2.036707123479514436e+00
-1.414000000000000057e+02,3.646324394775877220e-01,2.045755721549106454e+00,3.721199431138547453e+00,1.000000000000000000e+00,1.000000000000000000e+00,2.045724448747474167e+00
-1.412999999999999829e+02,3.659395697642608414e-01,2.054838041606835919e+00,3.747430131912702134e+00,1.000000000000000000e+00,1.000000000000000000e+00,2.054806396861960760e+00
-1.411999999999999886e+02,3.672572280929835564e-01,2.060541843071939550e+00,3.774341586364365231e+00,1.000000000000000000e+00,1.000000000000000000e+00,2.063953720931613223e+00
-1.410999999999999943e+02,3.685811216973606252e-01,2.063386637234338572e+00,3.801859544524196721e+00,1.000000000000000000e+00,1.000000000000000000e+00,2.060471726653401614e+00
-1.409999999999999716e+02,3.699119624127200634e-01,2.069692239461890182e+00,3.830022465945483567e+00,1.000000000000000000e+00,1.000000000000000000e+00,2.069659979718892373e+00
-1.408999999999999773e+02,3.712535835240294291e-01,2.078947500967022410e+00,3.858948079327527036e+00,1.000000000000000000e+00,1.000000000000000000e+00,2.078914853818736308e+00
-1.407999999999999829e+02,3.726061109739281507e-01,2.081559452639332619e+00,3.888670893955540997e+00,1.000000000000000000e+00,1.000000000000000000e+00,2.088237133161648718e+00
-1.406999999999999886e+02,3.739609444465974430e-01,2.082315578748536566e+00,3.919003282281932066e+00,1.000000000000000000e+00,1.000000000000000000e+00,2.080387172766076098e+00
-1.405999999999999943e+02,3.753243031587010781e-01,2.089753306768324492e+00,3.950128602126175004e+00,1.000000000000000000e+00,1.000000000000000000e+00,2.089720203192704240e+00
-1.405000000000000000e+02,3.766987907951485637e-01,2.095065930424517386e+00,3.982149444794679916e+00,1.000000000000000000e+00,1.000000000000000000e+00,2.099121562688597731e+00
-1.404000000000000057e+02,3.780791615770138225e-01,2.092988508242357160e+00,4.014960517388144190e+00,1.000000000000000000e+00,1.000000000000000000e+00,2.085604939043729900e+00
-1.403000000000000114e+02,3.794610024174057128e-01,2.095009459141558672e+00,4.048468160745439803e+00,1.000000000000000000e+00,1.000000000000000000e+00,2.094976131940525566e+00
-1.402000000000000171e+02,3.808541456899650623e-01,2.101440644271828528e+00,4.082981090876083741e+00,1.000000000000000000e+00,1.000000000000000000e+00,2.104416106494844563e+00
-1.400999999999999943e+02,3.822547243567662734e-01,2.096720016648978557e+00,4.118430885653191709e+00,1.000000000000000000e+00,1.000000000000000000e+00,2.085628992847162966e+00
-1.400000000000000000e+02,3.836518426192283004e-01,2.095033690129072035e+00,4.154525629128491993e+00,1.000000000000000000e+00,1.000000000000000000e+00,2.095000361894701957e+00
-1.399000000000000057e+02,3.850603883773905389e-01,2.099506485877157491e+00,4.191748617354085660e+00,1.000000000000000000e+00,1.000000000000000000e+00,2.104440514691100717e+00
-1.398000000000000114e+02,3.864738193502303409e-01,2.092383870495114984e+00,4.229944296348274513e+00,1.000000000000000000e+00,1.000000000000000000e+00,2.080855714371848020e+00
-1.397000000000000171e+02,3.878831149127452971e-01,2.090225291374220529e+00,4.268856026284812977e+00,1.000000000000000000e+00,1.000000000000000000e+00,2.090192167760929642e+00
-1.395999999999999943e+02,3.893039164491013393e-01,2.089471776366698563e+00,4.309034284414225091e+00,1.000000000000000000e+00,1.000000000000000000e+00,2.099596990773846095e+00
-1.395000000000000000e+02,3.907225545809452361e-01,2.081262210873473517e+00,4.350066555829730675e+00,1.000000000000000000e+00,1.000000000000000000e+00,2.073813959177539967e+00
-1.394000000000000057e+02,3.921425062883392987e-01,2.082993883694457704e+00,4.392106205663283802e+00,1.000000000000000000e+00,1.000000000000000000e+00,2.083099050218715664e+00
-1.392999999999999829e+02,3.935738307101013800e-01,2.078785564837589028e+00,4.435565433841892613e+00,1.000000000000000000e+00,1.000000000000000000e+00,2.065523322666348971e+00
-1.391999999999999886e+02,3.949984080840071021e-01,2.074780638672845345e+00,4.479831341691354218e+00,1.000000000000000000e+00,1.000000000000000000e+00,2.074748166342365696e+00
-1.390999999999999943e+02,3.964345476996037898e-01,2.079204208437122059e+00,4.525640541242272441e+00,1.000000000000000000e+00,1.000000000000000000e+00,2.084040061394693666e+00
-1.390000000000000000e+02,3.978756475140376447e-01,2.080444625746458609e+00,4.572812292498266373e+00,1.000000000000000000e+00,1.000000000000000000e+00,2.077208338242414243e+00
-1.389000000000000057e+02,3.993239690832398048e-01,2.085472395698070969e+00,4.621508152556715210e+00,1.000000000000000000e+00,1.000000000000000000e+00,2.086518165936088298e+00
-1.387999999999999829e+02,4.007825950118844571e-01,2.091746249583738670e+00,4.671941687459936432e+00,1.000000000000000000e+00,1.000000000000000000e+00,2.089716915586537826e+00
-1.386999999999999886e+02,4.022503119906545854e-01,2.099696710572988234e+00,4.724159694580303714e+00,1.000000000000000000e+00,1.000000000000000000e+00,2.099118250959052023e+00
-1.385999999999999943e+02,4.037308179493903082e-01,2.111324961137371670e+00,4.778435016175633265e+00,1.000000000000000000e+00,1.000000000000000000e+00,2.112879638106193614e+00
-1.384999999999999716e+02,4.052257735718076126e-01,2.124172597474382584e+00,4.834976011342691393e+00,1.000000000000000000e+00,1.000000000000000000e+00,2.122451880558970050e+00
-1.384000000000000057e+02,4.067354702687293044e-01,2.139200628789271530e+00,4.893946968096087424e+00,1.000000000000000000e+00,1.000000000000000000e+00,2.142808233535067775e+00
-1.383000000000000114e+02,4.082629563491222968e-01,2.153285921725562879e+00,4.955668873074750458e+00,1.000000000000000000e+00,1.000000000000000000e+00,2.152604109524782761e+00
-1.382000000000000171e+02,4.098041321622912792e-01,2.164386044731918091e+00,5.020125665793682579e+00,1.000000000000000000e+00,1.000000000000000000e+00,2.164924779130915411e+00
-1.381000000000000227e+02,4.113590808883582639e-01,2.169963607183553744e+00,5.087517975043394536e+00,1.000000000000000000e+00,1.000000000000000000e+00,2.174887946842046116e+00
-1.380000000000000000e+02,4.129200134456880722e-01,2.169422091592448698e+00,5.157618577572621987e+00,1.000000000000000000e+00,1.000000000000000000e+00,2.173690563739420600e+00
-1.379000000000000057e+02,4.144860050940938345e-01,2.165550360906343563e+00,5.230557589542765839e+00,1.000000000000000000e+00,1.000000000000000000e+00,2.157346478878845897e+00
-1.378000000000000114e+02,4.160531947220408866e-01,2.145175887905738321e+00,5.306292606358994135e+00,1.000000000000000000e+00,1.000000000000000000e+00,2.167252129104172198e+00
-1.376999999999999886e+02,4.176014432257980635e-01,2.110333166919759140e+00,5.383709620050197486e+00,1.000000000000000000e+00,1.000000000000000000e+00,2.132793805211043559e+00
-1.375999999999999943e+02,4.191294358821484600e-01,2.070575557371062470e+00,5.462755793943609106e+00,1.000000000000000000e+00,1.000000000000000000e+00,2.081102076892744179e+00
-1.375000000000000000e+02,4.206307733882898581e-01,2.024753698340464592e+00,5.543008987623581518e+00,1.000000000000000000e+00,1.000000000000000000e+00,2.026914183185455354e+00
-1.374000000000000057e+02,4.221023379747337878e-01,1.978212104594036402e+00,5.624213046373395031e+00,1.000000000000000000e+00,1.000000000000000000e+00,1.977464369699722724e+00
-1.373000000000000114e+02,4.235455010050714897e-01,1.936886324061362297e+00,5.706413446628125108e+00,1.000000000000000000e+00,1.000000000000000000e+00,1.936005778004774358e+00
-1.371999999999999886e+02,4.249659327996445080e-01,1.905529574705986606e+00,5.790009504355568382e+00,1.000000000000000000e+00,1.000000000000000000e+00,1.906015639177612853e+00
-1.370999999999999943e+02,4.263721844364657398e-01,1.883261487003903500e+00,5.875708824882080350e+00,1.000000000000000000e+00,1.000000000000000000e+00,1.887571525938460670e+00
-1.370000000000000000e+02,4.277688279549345385e-01,1.862699596096246024e+00,5.963996635118479439e+00,1.000000000000000000e+00,1.000000000000000000e+00,1.871708326051773730e+00
-1.368999999999999773e+02,4.291535579680791357e-01,1.834976799332515007e+00,6.054821696626619065e+00,1.000000000000000000e+00,1.000000000000000000e+00,1.824485959284564363e+00
-1.367999999999999829e+02,4.305176755277042577e-01,1.795834168321213564e+00,6.147523679278160458e+00,1.000000000000000000e+00,1.000000000000000000e+00,1.795350860163968276e+00
-1.366999999999999886e+02,4.318523199304758475e-01,1.737004203150031900e+00,6.241312925521819821e+00,1.000000000000000000e+00,1.000000000000000000e+00,1.756464225320213401e+00
-1.365999999999999943e+02,4.331361207298959903e-01,1.671087480775857781e+00,6.334019902475509056e+00,1.000000000000000000e+00,1.000000000000000000e+00,1.664478602356877612e+00
-1.365000000000000000e+02,4.343788876985547609e-01,1.626521625509270486e+00,6.426412451429665218e+00,1.000000000000000000e+00,1.000000000000000000e+00,1.611992663912478196e+00
-1.363999999999999773e+02,4.356023640047432810e-01,1.608547456710730073e+00,6.520712872857870046e+00,1.000000000000000000e+00,1.000000000000000000e+00,1.609596824476786425e+00
-1.362999999999999829e+02,4.368247469946902606e-01,1.595907036689237612e+00,6.619113632589576746e+00,1.000000000000000000e+00,1.000000000000000000e+00,1.591858288781388131e+00
-1.361999999999999886e+02,4.380358126582157285e-01,1.564263178640415974e+00,6.720845762907080356e+00,1.000000000000000000e+00,1.000000000000000000e+00,1.573342159116834393e+00
-1.360999999999999943e+02,4.392165576951996275e-01,1.486886592187212974e+00,6.823960201291903616e+00,1.000000000000000000e+00,1.000000000000000000e+00,1.476185409045544183e+00
-1.360000000000000000e+02,4.403154402896174435e-01,1.345625991806588928e+00,6.922138026731798455e+00,1.000000000000000000e+00,1.000000000000000000e+00,1.317824959053522482e+00
-1.359000000000000057e+02,4.412847725134034227e-01,1.182561726728819540e+00,7.008761849611257588e+00,1.000000000000000000e+00,1.000000000000000000e+00,1.161514487707025811e+00
-1.358000000000000114e+02,4.421370281517510992e-01,1.033120249601430674e+00,7.084653302347101445e+00,1.000000000000000000e+00,1.000000000000000000e+00,1.040033055425481523e+00
-1.357000000000000171e+02,4.428792380072462120e-01,8.231592573011822234e-01,7.150274638047299014e+00,1.000000000000000000e+00,1.000000000000000000e+00,8.938920426231187211e-01
-1.356000000000000227e+02,4.434095831208266780e-01,3.699748045653534767e-01,7.191542911567217367e+00,1.000000000000000000e+00,1.000000000000000000e+00,4.758593619952841691e-01
-1.355000000000000000e+02,4.434518818398345275e-01,2.968575876166283933e-01,7.171132939024440489e+00,1.000000000000000000e+00,1.000000000000000000e+00,3.823718823869425298e-01
-1.354000000000000057e+02,4.429500656590318886e-01,1.824944690029280947e+00,7.085145730801586161e+00,1.000000000000000000e+00,1.000000000000000000e+00,9.813316524748083580e-01
-1.353000000000000114e+02,4.406301753297136581e-01,2.035556396363206844e+00,6.794752475894281218e+00,1.000000000000000000e+00,1.000000000000000000e+00,4.915130885990469878e+00
-1.351999999999999886e+02,4.398191978029858951e-01,4.301993530070922778e-01,6.697865170051874095e+00,1.000000000000000000e+00,1.000000000000000000e+00,1.251390587296422385e+00
-1.350999999999999943e+02,4.399697080633882540e-01,4.578362227117758754e-01,6.709011819197188586e+00,0.000000000000000000e+00,1.000000000000000000e+00,1.114711255652517830e+00
-1.350000000000000000e+02,4.391160602561746118e-01,1.110811804191629504e+00,6.618107685165435683e+00,0.000000000000000000e+00,1.000000000000000000e+00,1.110804809286930483e+00
-1.349000000000000057e+02,4.382670510534376063e-01,1.106920421941540500e+00,6.534189389169258178e+00,0.000000000000000000e+00,1.000000000000000000e+00,1.106913480640055347e+00
-1.348000000000000114e+02,4.374226484440030815e-01,1.103044046763693276e+00,6.456358085823657333e+00,0.000000000000000000e+00,1.000000000000000000e+00,1.103037158554069030e+00
-1.346999999999999886e+02,4.365828207230845748e-01,1.099182568531790638e+00,6.383865055838096048e+00,0.000000000000000000e+00,1.000000000000000000e+00,1.099175732908989067e+00
-1.345999999999999943e+02,4.357475364886811975e-01,1.095335878145586417e+00,6.316081393320682302e+00,0.000000000000000000e+00,1.000000000000000000e+00,1.095329094610394183e+00
-1.345000000000000000e+02,4.349167646380264207e-01,1.091503867518421877e+00,6.252474792258599479e+00,0.000000000000000000e+00,1.000000000000000000e+00,1.091497135577313760e+00
-1.343999999999999773e+02,4.340904743640874863e-01,1.087686429564640456e+00,6.192591556946258180e+00,0.000000000000000000e+00,1.000000000000000000e+00,1.087679748730291607e+00
-1.342999999999999829e+02,4.332686351521145007e-01,1.083883458188765303e+00,6.136042508643399174e+00,0.000000000000000000e+00,1.000000000000000000e+00,1.083876827979621371e+00
-1.341999999999999886e+02,4.324512167762361026e-01,1.080094848273911001e+00,6.082491834226675387e+00,0.000000000000000000e+00,1.000000000000000000e+00,1.080088268213733160e+00
-1.340999999999999943e+02,4.316381892961046463e-01,1.076320495669461197e+00,6.031648181565234523e+00,0.000000000000000000e+00,1.000000000000000000e+00,1.076313965287757801e+00
-1.340000000000000000e+02,4.308295230535877374e-01,1.072560297180494171e+00,5.983257488622627740e+00,0.000000000000000000e+00,1.000000000000000000e+00,1.072553816012240535e+00
-1.339000000000000057e+02,4.300251886695053427e-01,1.068814150556224529e+00,5.937097163359324803e+00,0.000000000000000000e+00,1.000000000000000000e+00,1.068807718142014807e+00
-1.338000000000000114e+02,4.292251570404134742e-01,1.065081954479564885e+00,5.892971325517986969e+00,0.000000000000000000e+00,1.000000000000000000e+00,1.065075570365234148e+00
-1.337000000000000171e+02,4.284293993354305052e-01,1.061363608555953686e+00,5.850706890121156967e+00,0.000000000000000000e+00,1.000000000000000000e+00,1.061357272292545506e+00
-1.335999999999999943e+02,4.276378869931099502e-01,1.057659013302482798e+00,5.810150323339412282e+00,0.000000000000000000e+00,1.000000000000000000e+00,1.057652724446423997e+00
-1.335000000000000000e+02,4.268505917183542109e-01,1.053968070137911051e+00,5.771164939350935441e+00,0.000000000000000000e+00,1.000000000000000000e+00,1.053961828250647992e+00
-1.334000000000000057e+02,4.260674854793722877e-01,1.050290681371827128e+00,5.733628635439742105e+00,0.000000000000000000e+00,1.000000000000000000e+00,1.050284486019918528e+00
-1.333000000000000114e+02,4.252885405046785694e-01,1.046626750194650457e+00,5.697431984357146817e+00,0.000000000000000000e+00,1.000000000000000000e+00,1.046620600949624613e+00
-1.332000000000000171e+02,4.245137292801332007e-01,1.042976180667590347e+00,5.662476619677923928e+00,0.000000000000000000e+00,1.000000000000000000e+00,1.042970077105744853e+00
-1.330999999999999943e+02,4.237430245460224731e-01,1.039338877712092657e+00,5.628673862799685068e+00,0.000000000000000000e+00,1.000000000000000000e+00,1.039332819414889197e+00
-1.330000000000000000e+02,4.229763992941804607e-01,1.035714747100801025e+00,5.595943550295395141e+00,0.000000000000000000e+00,1.000000000000000000e+00,1.035708733654478797e+00
-1.329000000000000057e+02,4.222138267651473487e-01,1.032103695447892822e+00,5.564213028220500235e+00,0.000000000000000000e+00,1.000000000000000000e+00,1.032097726443051089e+00
-1.327999999999999829e+02,4.214552804453688961e-01,1.028505630198362830e+00,5.533416286206783496e+00,0.000000000000000000e+00,1.000000000000000000e+00,1.028499705230703443e+00
-1.326999999999999886e+02,4.207007340644330906e-01,1.024920459619891977e+00,5.503493209125037922e+00,0.000000000000000000e+00,1.000000000000000000e+00,1.024914578289667144e+00
-1.325999999999999943e+02,4.199501615923431075e-01,1.021348092793291418e+00,5.474388928054254144e+00,0.000000000000000000e+00,1.000000000000000000e+00,1.021342254705000840e+00
-1.325000000000000000e+02,4.192035372368285717e-01,1.017788439602574480e+00,5.446053255474400778e+00,0.000000000000000000e+00,1.000000000000000000e+00,1.017782644365415878e+00
-1.324000000000000057e+02,4.184608354406926800e-01,1.014241410726790971e+00,5.418440192167971681e+00,0.000000000000000000e+00,1.000000000000000000e+00,1.014235657954223546e+00
-1.322999999999999829e+02,4.177220308791940728e-01,1.010706917630310731e+00,5.391507495401429928e+00,0.000000000000000000e+00,1.000000000000000000e+00,1.010701206940401553e+00
-1.321999999999999886e+02,4.169870984574658990e-01,1.007184872554666599e+00,5.365216299659548049e+00,0.000000000000000000e+00,1.000000000000000000e+00,1.007179203569784631e+00
-1.320999999999999943e+02,4.162560133079664104e-01,1.003675188510049443e+00,5.339530782600384384e+00,0.000000000000000000e+00,1.000000000000000000e+00,1.003669560856364384e+00
-1.319999999999999716e+02,4.155287507879663611e-01,1.000177779265338351e+00,5.314417870047868142e+00,0.000000000000000000e+00,1.000000000000000000e+00,1.000172192573713037e+00
-1.318999999999999773e+02,4.148052864770691572e-01,9.966925593412273576e-01,5.289846974788163791e+00,0.000000000000000000e+00,1.000000000000000000e+00,9.966870132465205367e-01
-1.317999999999999829e+02,4.140855961747624270e-01,9.932194440012379610e-01,5.265789764724539523e+00,0.000000000000000000e+00,1.000000000000000000e+00,9.932139381422345759e-01
-1.316999999999999886e+02,4.133696558980045621e-01,9.897583492431294427e-01,5.242219956602767184e+00,0.000000000000000000e+00,1.000000000000000000e+00,9.897528832628245121e-01
-1.315999999999999943e+02,4.126574418788412357e-01,9.863091917915417506e-01,5.219113132068255112e+00,0.000000000000000000e+00,1.000000000000000000e+00,9.863037653366438784e-01
-1.315000000000000000e+02,4.119489305620542829e-01,9.828718890889919235e-01,5.196446573277727410e+00,0.000000000000000000e+00,1.000000000000000000e+00,9.828665018104033591e-01
-1.314000000000000057e+02,4.112440986028421119e-01,9.794463592887737713e-01,5.174199115676741734e+00,0.000000000000000000e+00,1.000000000000000000e+00,9.794410108412522353e-01
-1.313000000000000114e+02,4.105429228645289252e-01,9.760325212470835066e-01,5.152351015882654650e+00,0.000000000000000000e+00,1.000000000000000000e+00,9.760272112889567531e-01
-1.311999999999999886e+02,4.098453804163058045e-01,9.726302945145590684e-01,5.130883832891133700e+00,0.000000000000000000e+00,1.000000000000000000e+00,9.726250227081861821e-01
-1.310999999999999943e+02,4.091514485310006610e-01,9.692395993295308543e-01,5.109780321060843455e+00,0.000000000000000000e+00,1.000000000000000000e+00,9.692343653409006832e-01
-1.310000000000000000e+02,4.084611046828768299e-01,9.658603566101343629e-01,5.089024333532907285e+00,0.000000000000000000e+00,1.000000000000000000e+00,9.658551601088302130e-01
-1.309000000000000057e+02,4.077743265454614185e-01,9.624924879467163796e-01,5.068600734914291195e+00,0.000000000000000000e+00,1.000000000000000000e+00,9.624873286060612321e-01
-1.308000000000000114e+02,4.070910919894011326e-01,9.591359155949799042e-01,5.048495322202367852e+00,0.000000000000000000e+00,1.000000000000000000e+00,9.591307930917114533e-01
-1.307000000000000171e+02,4.064113790803460802e-01,9.557905624683195045e-01,5.028694753055015454e+00,0.000000000000000000e+00,1.000000000000000000e+00,9.557854764827047322e-01
-1.305999999999999943e+02,4.057351660768614976e-01,9.524563521305964287e-01,5.009186480620509307e+00,0.000000000000000000e+00,1.000000000000000000e+00,9.524513023466353312e-01
-1.305000000000000000e+02,4.050624314283661209e-01,9.491332087896844349e-01,4.989958694236139358e+00,0.000000000000000000e+00,1.000000000000000000e+00,9.491281948947285496e-01
-1.304000000000000057e+02,4.043931537730967030e-01,9.458210572903833491e-01,4.971000265386539496e+00,0.000000000000000000e+00,1.000000000000000000e+00,9.458160789748853992e-01
-1.302999999999999829e+02,4.037273119360993978e-01,9.425198231067435373e-01,4.952300698384167532e+00,0.000000000000000000e+00,1.000000000000000000e+00,9.425148800648208702e-01
-1.301999999999999886e+02,4.030648849272474576e-01,9.392294323361226605e-01,4.933850085296191956e+00,0.000000000000000000e+00,1.000000000000000000e+00,9.392245242652929038e-01
-1.300999999999999943e+02,4.024058519392826883e-01,9.359498116927221778e-01,4.915639064696198268e+00,0.000000000000000000e+00,1.000000000000000000e+00,9.359449382934079686e-01
-1.300000000000000000e+02,4.017501923458833279e-01,9.326808885000351657e-01,4.897658783866392085e+00,0.000000000000000000e+00,1.000000000000000000e+00,9.326760494760220066e-01
-1.299000000000000057e+02,4.010978856997565734e-01,9.294225906849470364e-01,4.879900864117320047e+00,0.000000000000000000e+00,1.000000000000000000e+00,9.294177857432197598e-01
-1.297999999999999829e+02,4.004489117307545865e-01,9.261748467711674593e-01,4.862357368928338808e+00,0.000000000000000000e+00,1.000000000000000000e+00,9.261700756218783637e-01
-1.296999999999999886e+02,3.998032503440154817e-01,9.229375858727867366e-01,4.845020774644093642e+00,0.000000000000000000e+00,1.000000000000000000e+00,9.229328482293129854e-01
-1.295999999999999943e+02,3.991608816181270170e-01,9.197107376886054508e-01,4.827883943490214769e+00,0.000000000000000000e+00,1.000000000000000000e+00,9.197060332670002891e-01
-1.294999999999999716e+02,3.985217858033135996e-01,9.164942324946169228e-01,4.810940098696309342e+00,0.000000000000000000e+00,1.000000000000000000e+00,9.164895610143819482e-01
-1.294000000000000057e+02,3.978859433196479944e-01,9.132880011391009134e-01,4.794182801536175376e+00,0.000000000000000000e+00,1.000000000000000000e+00,9.132833623227513131e-01
-1.293000000000000114e+02,3.972533347552821281e-01,9.100919750366910366e-01,4.777605930114465771e+00,0.000000000000000000e+00,1.000000000000000000e+00,9.100873686092060266e-01
-1.292000000000000171e+02,3.966239408647034836e-01,9.069060861611579760e-01,4.761203659746408690e+00,0.000000000000000000e+00,1.000000000000000000e+00,9.069015118506856821e-01
-1.291000000000000227e+02,3.959977425670118123e-01,9.037302670404819827e-01,4.744970444792206976e+00,0.000000000000000000e+00,1.000000000000000000e+00,9.037257245780798698e-01
-1.290000000000000000e+02,3.953747209442177168e-01,9.005644507507039043e-01,4.728901001821491867e+00,0.000000000000000000e+00,1.000000000000000000e+00,9.005599398704109415e-01
-1.289000000000000057e+02,3.947548572395627176e-01,8.974085709106022213e-01,4.712990293995189539e+00,0.000000000000000000e+00,1.000000000000000000e+00,8.974040913490892724e-01
-1.288000000000000114e+02,3.941381328558595243e-01,8.942625616757183815e-01,4.697233516562993039e+00,0.000000000000000000e+00,1.000000000000000000e+00,8.942581131722369125e-01
-1.286999999999999886e+02,3.935245293538541800e-01,8.911263577322915408e-01,4.681626083384222703e+00,0.000000000000000000e+00,1.000000000000000000e+00,8.911219400290844028e-01
-1.285999999999999943e+02,3.929140284506080216e-01,8.879998942923251759e-01,4.666163614388597836e+00,0.000000000000000000e+00,1.000000000000000000e+00,8.879955071344399764e-01
-1.285000000000000000e+02,3.923066120178994587e-01,8.848831070881810756e-01,4.650841923900907560e+00,0.000000000000000000e+00,1.000000000000000000e+00,8.848787502232171587e-01
-1.284000000000000057e+02,3.917022620806457356e-01,8.817759323669420723e-01,4.635657009760833169e+00,0.000000000000000000e+00,1.000000000000000000e+00,8.817716055450401935e-01
-1.283000000000000114e+02,3.911009608153443451e-01,8.786783068852005441e-01,4.620605043175113558e+00,0.000000000000000000e+00,1.000000000000000000e+00,8.786740098589094217e-01
-1.281999999999999886e+02,3.905026905485333710e-01,8.755901679030566598e-01,4.605682359245010460e+00,0.000000000000000000e+00,1.000000000000000000e+00,8.755859004279330504e-01
-1.280999999999999943e+02,3.899074337552720926e-01,8.725114531800151063e-01,4.590885448116999612e+00,0.000000000000000000e+00,1.000000000000000000e+00,8.725072150141286453e-01
-1.280000000000000000e+02,3.893151730576374647e-01,8.694421009697914648e-01,4.576210946709152516e+00,0.000000000000000000e+00,1.000000000000000000e+00,8.694378918732774686e-01
-1.278999999999999773e+02,3.887258912232419150e-01,8.663820500140879677e-01,4.561655630969842612e+00,0.000000000000000000e+00,1.000000000000000000e+00,8.663778697498503156e-01
-1.277999999999999829e+02,3.881395711637679602e-01,8.633312395385402960e-01,4.547216408629052964e+00,0.000000000000000000e+00,1.000000000000000000e+00,8.633270878719947472e-01
-1.276999999999999886e+02,3.875561959335207529e-01,8.602896092476184364e-01,4.532890312405914557e+00,0.000000000000000000e+00,1.000000000000000000e+00,8.602854859465762782e-01
-1.276000000000000085e+02,3.869757487279984476e-01,8.572570993197059508e-01,4.518674493639216472e+00,0.000000000000000000e+00,1.000000000000000000e+00,8.572530041542867352e-01
-1.275000000000000142e+02,3.863982128824798301e-01,8.542336504023242405e-01,4.504566216310306181e+00,0.000000000000000000e+00,1.000000000000000000e+00,8.542295831448072363e-01
-1.273999999999999915e+02,3.858235718706291562e-01,8.512192036066842382e-01,4.490562851430320634e+00,0.000000000000000000e+00,1.000000000000000000e+00,8.512151640320312351e-01
-1.272999999999999972e+02,3.852518093031187529e-01,8.482137005038715705e-01,4.476661871766017597e+00,0.000000000000000000e+00,1.000000000000000000e+00,8.482096883893482930e-01
-1.272000000000000028e+02,3.846829089262662205e-01,8.452170831201712975e-01,4.462860846880440491e+00,0.000000000000000000e+00,1.000000000000000000e+00,8.452130982449752583e-01
-1.270999999999999801e+02,3.841168546206901735e-01,8.422292939314353077e-01,4.449157438466612824e+00,0.000000000000000000e+00,1.000000000000000000e+00,8.422253360773523934e-01
-1.269999999999999858e+02,3.835536303999814711e-01,8.392502758596868118e-01,4.435549395954215157e+00,0.000000000000000000e+00,1.000000000000000000e+00,8.392463448105922375e-01
-1.268999999999999915e+02,3.829932204093896009e-01,8.362799722681260040e-01,4.422034552370555538e+00,0.000000000000000000e+00,1.000000000000000000e+00,8.362760678099783185e-01
-1.267999999999999972e+02,3.824356089245263268e-01,8.333183269565169748e-01,4.408610820438889633e+00,0.000000000000000000e+00,1.000000000000000000e+00,8.333144488775239278e-01
-1.267000000000000028e+02,3.818807803500836040e-01,8.303652841570092757e-01,4.395276188898152192e+00,0.000000000000000000e+00,1.000000000000000000e+00,8.303614322475781906e-01
-1.265999999999999943e+02,3.813287192185678132e-01,8.274207885298165976e-01,4.382028719029554154e+00,0.000000000000000000e+00,1.000000000000000000e+00,8.274169625824884244e-01
-1.265000000000000000e+02,3.807794101890480953e-01,8.244847851589652832e-01,4.368866541376508650e+00,0.000000000000000000e+00,1.000000000000000000e+00,8.244809849683114589e-01
-1.264000000000000057e+02,3.802328380459205626e-01,8.215572195479067252e-01,4.355787852645367053e+00,0.000000000000000000e+00,1.000000000000000000e+00,8.215534449105746928e-01
-1.263000000000000114e+02,3.796889876976864420e-01,8.186380376156237038e-01,4.342790912775376100e+00,0.000000000000000000e+00,1.000000000000000000e+00,8.186342883300899986e-01
-1.261999999999999886e+02,3.791478441757450968e-01,8.157271856916488151e-01,4.329874042167107362e+00,0.000000000000000000e+00,1.000000000000000000e+00,8.157234615588131454e-01
-1.260999999999999943e+02,3.786093926332020909e-01,8.128246105130886301e-01,4.317035619059393703e+00,0.000000000000000000e+00,1.000000000000000000e+00,8.128209113357588445e-01
-1.260000000000000000e+02,3.780736183436891329e-01,8.099302592202827222e-01,4.304274077045467273e+00,0.000000000000000000e+00,1.000000000000000000e+00,8.099265848029519876e-01
-1.259000000000000057e+02,3.775405067002005621e-01,8.070440793521672651e-01,4.291587902719756542e+00,0.000000000000000000e+00,1.000000000000000000e+00,8.070404295014368401e-01
-1.258000000000000114e+02,3.770100432139417701e-01,8.041660188430007628e-01,4.278975633447292815e+00,0.000000000000000000e+00,1.000000000000000000e+00,8.041623933673276436e-01
-1.256999999999999886e+02,3.764822135131920544e-01,8.012960260178864091e-01,4.266435855248320586e+00,0.000000000000000000e+00,1.000000000000000000e+00,8.012924247279069601e-01
-1.255999999999999943e+02,3.759570033421806845e-01,7.984340495897473966e-01,4.253967200791138659e+00,0.000000000000000000e+00,1.000000000000000000e+00,7.984304722977698665e-01
-1.255000000000000000e+02,3.754343985599751798e-01,7.955800386549405356e-01,4.241568347486751378e+00,0.000000000000000000e+00,1.000000000000000000e+00,7.955764851750068978e-01
-1.253999999999999915e+02,3.749143851393842986e-01,7.927339426892682228e-01,4.229238015679298357e+00,0.000000000000000000e+00,1.000000000000000000e+00,7.927304128374406123e-01
-1.252999999999999972e+02,3.743969491658724058e-01,7.898957115446640920e-01,4.216974966926658297e+00,0.000000000000000000e+00,1.000000000000000000e+00,7.898922051388993504e-01
-1.252000000000000028e+02,3.738820768364873870e-01,7.870652954456143213e-01,4.204778002365963552e+00,0.000000000000000000e+00,1.000000000000000000e+00,7.870618123055348470e-01
-1.251000000000000085e+02,3.733697544587999961e-01,7.842426449853253656e-01,4.192645961159154666e+00,0.000000000000000000e+00,1.000000000000000000e+00,7.842391849321822539e-01
-1.250000000000000142e+02,3.728599684498568045e-01,7.814277111218846938e-01,4.180577719014015869e+00,0.000000000000000000e+00,1.000000000000000000e+00,7.814242739787634617e-01
-1.248999999999999915e+02,3.723527053351443072e-01,7.786204451748538480e-01,4.168572186776360766e+00,0.000000000000000000e+00,1.000000000000000000e+00,7.786170307667296120e-01
-1.247999999999999972e+02,3.718479517475657969e-01,7.758207988218646101e-01,4.156628309089454909e+00,0.000000000000000000e+00,1.000000000000000000e+00,7.758174069755469082e-01
-1.247000000000000028e+02,3.713456944264291182e-01,7.730287240957012251e-01,4.144745063116825001e+00,0.000000000000000000e+00,1.000000000000000000e+00,7.730253546392181763e-01
-1.245999999999999801e+02,3.708459202164463009e-01,7.702441733795523104e-01,4.132921457325054782e+00,0.000000000000000000e+00,1.000000000000000000e+00,7.702408261428457248e-01
-1.244999999999999858e+02,3.703486160667461835e-01,7.674670994042851468e-01,4.121156530323225375e+00,0.000000000000000000e+00,1.000000000000000000e+00,7.674637742192400580e-01
-1.243999999999999915e+02,3.698537690298960290e-01,7.646974552457482810e-01,4.109449349755903924e+00,0.000000000000000000e+00,1.000000000000000000e+00,7.646941519455536795e-01
-1.242999999999999972e+02,3.693613662609358528e-01,7.619351943205474598e-01,4.097799011246838319e+00,0.000000000000000000e+00,1.000000000000000000e+00,7.619319127399635239e-01
-1.242000000000000028e+02,3.688713950164234645e-01,7.591802703829616528e-01,4.086204637390620675e+00,0.000000000000000000e+00,1.000000000000000000e+00,7.591770103583883600e-01
-1.240999999999999943e+02,3.683838426534905008e-01,7.564326375216278153e-01,4.074665376789776694e+00,0.000000000000000000e+00,1.000000000000000000e+00,7.564293988912397237e-01
-1.240000000000000000e+02,3.678986966289092275e-01,7.536922501567326904e-01,4.063180403134892593e+00,0.000000000000000000e+00,1.000000000000000000e+00,7.536890327602162598e-01
-1.239000000000000057e+02,3.674159444981694445e-01,7.509590630367218855e-01,4.051748914325500550e+00,0.000000000000000000e+00,1.000000000000000000e+00,7.509558667151249312e-01
-1.237999999999999829e+02,3.669355739145665485e-01,7.482330312346093804e-01,4.040370131629670958e+00,0.000000000000000000e+00,1.000000000000000000e+00,7.482298558307449721e-01
-1.236999999999999886e+02,3.664575726282999768e-01,7.455141101455808883e-01,4.029043298880271351e+00,0.000000000000000000e+00,1.000000000000000000e+00,7.455109555037264801e-01
-1.235999999999999943e+02,3.659819284855809207e-01,7.428022554838201730e-01,4.017767681706007288e+00,0.000000000000000000e+00,1.000000000000000000e+00,7.427991214495172079e-01
-1.235000000000000000e+02,3.655086294277511971e-01,7.400974232789417906e-01,4.006542566795547877e+00,0.000000000000000000e+00,1.000000000000000000e+00,7.400943096993312098e-01
-1.234000000000000057e+02,3.650376634904116679e-01,7.373995698733392112e-01,3.995367261193005337e+00,0.000000000000000000e+00,1.000000000000000000e+00,7.373964765971481317e-01
-1.232999999999999829e+02,3.645690188025604295e-01,7.347086519194107046e-01,3.984241091623237363e+00,0.000000000000000000e+00,1.000000000000000000e+00,7.347055787967432527e-01
-1.231999999999999886e+02,3.641026835857404942e-01,7.320246263764034200e-01,3.973163403845485053e+00,0.000000000000000000e+00,1.000000000000000000e+00,7.320215732587559421e-01
-1.231000000000000085e+02,3.636386461531975201e-01,7.293474505075268066e-01,3.962133562033963941e+00,0.000000000000000000e+00,1.000000000000000000e+00,7.293444172477838716e-01
-1.229999999999999858e+02,3.631768949090464771e-01,7.266770818769510143e-01,3.951150948184062095e+00,0.000000000000000000e+00,1.000000000000000000e+00,7.266740683295146441e-01
-1.228999999999999915e+02,3.627174183474483060e-01,7.240134783471688928e-01,3.940214961542952476e+00,0.000000000000000000e+00,1.000000000000000000e+00,7.240104843678880631e-01
-1.227999999999999972e+02,3.622602050517948480e-01,7.213565980764679031e-01,3.929325018063396069e+00,0.000000000000000000e+00,1.000000000000000000e+00,7.213536235222851589e-01
-1.227000000000000028e+02,3.618052436939034333e-01,7.187063995154128193e-01,3.918480549879655328e+00,0.000000000000000000e+00,1.000000000000000000e+00,7.187034442447535199e-01
-1.226000000000000085e+02,3.613525230332207960e-01,7.160628414046655843e-01,3.907681004804473002e+00,0.000000000000000000e+00,1.000000000000000000e+00,7.160599052772607109e-01
-1.225000000000000142e+02,3.609020319160347601e-01,7.134258827721313700e-01,3.896925845846098913e+00,0.000000000000000000e+00,1.000000000000000000e+00,7.134229656489765592e-01
-1.223999999999999915e+02,3.604537592746959174e-01,7.107954829299095723e-01,3.886214550744458318e+00,0.000000000000000000e+00,1.000000000000000000e+00,7.107925846735867470e-01
-1.222999999999999972e+02,3.600076941268471331e-01,7.081716014724647179e-01,3.875546611525548801e+00,0.000000000000000000e+00,1.000000000000000000e+00,7.081687219466369365e-01
-1.221999999999999744e+02,3.595638255746613221e-01,7.055541982732450590e-01,3.864921534073225473e+00,0.000000000000000000e+00,1.000000000000000000e+00,7.055513373428989876e-01
-1.220999999999999943e+02,3.591221428040888286e-01,7.029432334823896289e-01,3.854338837717619537e+00,0.000000000000000000e+00,1.000000000000000000e+00,7.029403910137759226e-01
-1.220000000000000000e+02,3.586826350841115230e-01,7.003386675242122550e-01,3.843798054839349998e+00,0.000000000000000000e+00,1.000000000000000000e+00,7.003358433847245434e-01
-1.219000000000000057e+02,3.582452917660066127e-01,6.977404610942312679e-01,3.833298730488919226e+00,0.000000000000000000e+00,1.000000000000000000e+00,6.977376551527141313e-01
-1.218000000000000114e+02,3.578101022826175592e-01,6.951485751573068805e-01,3.822840422020520101e+00,0.000000000000000000e+00,1.000000000000000000e+00,6.951457872837074614e-01
-1.217000000000000171e+02,3.573770561476331542e-01,6.925629709448022364e-01,3.812422698739672100e+00,0.000000000000000000e+00,1.000000000000000000e+00,6.925602010101712391e-01
-1.215999999999999943e+02,3.569461429548747566e-01,6.899836099518743548e-01,3.802045141564034836e+00,0.000000000000000000e+00,1.000000000000000000e+00,6.899808578286108496e-01
-1.215000000000000000e+02,3.565173523775913567e-01,6.874104539354795040e-01,3.791707342696864380e+00,0.000000000000000000e+00,1.000000000000000000e+00,6.874077194971365268e-01
-1.213999999999999773e+02,3.560906741677617449e-01,6.848434649115833217e-01,3.781408905312498625e+00,0.000000000000000000e+00,1.000000000000000000e+00,6.848407480330475083e-01
-1.212999999999999829e+02,3.556660981554053413e-01,6.822826051533102953e-01,3.771149443253423605e+00,0.000000000000000000e+00,1.000000000000000000e+00,6.822799057104511622e-01
-1.211999999999999886e+02,3.552436142478987979e-01,6.797278371881687598e-01,3.760928580738336802e+00,0.000000000000000000e+00,1.000000000000000000e+00,6.797251550578982116e-01
-1.210999999999999943e+02,3.548232124293022594e-01,6.771791237955920861e-01,3.750745952080828172e+00,0.000000000000000000e+00,1.000000000000000000e+00,6.771764588560503784e-01
-1.210000000000000000e+02,3.544048827596908424e-01,6.746364280048071649e-01,3.740601201418149113e+00,0.000000000000000000e+00,1.000000000000000000e+00,6.746337801353693431e-01
-1.209000000000000057e+02,3.539886153744952191e-01,6.720997130927612861e-01,3.730493982449690549e+00,0.000000000000000000e+00,1.000000000000000000e+00,6.720970821738304624e-01
-1.207999999999999972e+02,3.535744004838471954e-01,6.695689425816166995e-01,3.720423958184735813e+00,0.000000000000000000e+00,1.000000000000000000e+00,6.695663284946603566e-01
-1.207000000000000028e+02,3.531622283719347832e-01,6.670440802364384636e-01,3.710390800699129521e+00,0.000000000000000000e+00,1.000000000000000000e+00,6.670414828641013649e-01
-1.205999999999999801e+02,3.527520893963618787e-01,6.645250900632634350e-01,3.700394190900440083e+00,0.000000000000000000e+00,1.000000000000000000e+00,6.645225092891919871e-01
-1.204999999999999858e+02,3.523439739875168231e-01,6.620119363065113394e-01,3.690433818301349422e+00,0.000000000000000000e+00,1.000000000000000000e+00,6.620093720155815209e-01
-1.203999999999999915e+02,3.519378726479462371e-01,6.595045834474119184e-01,3.680509380800832453e+00,0.000000000000000000e+00,1.000000000000000000e+00,6.595020355253561339e-01
-1.202999999999999972e+02,3.515337759517363492e-01,6.570029962012814417e-01,3.670620584472894077e+00,0.000000000000000000e+00,1.000000000000000000e+00,6.570004645348963557e-01
-1.202000000000000028e+02,3.511316745439008735e-01,6.545071395156368821e-01,3.660767143362518183e+00,0.000000000000000000e+00,1.000000000000000000e+00,6.545046239927525544e-01
-1.201000000000000085e+02,3.507315591397752175e-01,6.520169785680192120e-01,3.650948779288528456e+00,0.000000000000000000e+00,1.000000000000000000e+00,6.520144790775437293e-01
-1.199999999999999858e+02,3.503334205244174604e-01,6.495324787639373820e-01,3.641165221653117623e+00,0.000000000000000000e+00,1.000000000000000000e+00,6.495299951958773965e-01
-1.198999999999999915e+02,3.499372495520153836e-01,6.470536057351591319e-01,3.631416207257758266e+00,0.000000000000000000e+00,1.000000000000000000e+00,6.470511379802942331e-01
-1.197999999999999829e+02,3.495430371452997176e-01,6.445803253368981300e-01,3.621701480125226524e+00,0.000000000000000000e+00,1.000000000000000000e+00,6.445778732872262662e-01
-1.196999999999999886e+02,3.491507742949646609e-01,6.421126036465321096e-01,3.612020791327567704e+00,0.000000000000000000e+00,1.000000000000000000e+00,6.421101671949875911e-01
-1.195999999999999943e+02,3.487604520590926183e-01,6.396504069614034060e-01,3.602373898819653864e+00,0.000000000000000000e+00,1.000000000000000000e+00,6.396479860017731944e-01
-1.195000000000000000e+02,3.483720615625872097e-01,6.371937017966524675e-01,3.592760567278248551e+00,0.000000000000000000e+00,1.000000000000000000e+00,6.371912962236887523e-01
-1.194000000000000057e+02,3.479855939966103318e-01,6.347424548833177083e-01,3.583180567946266937e+00,0.000000000000000000e+00,1.000000000000000000e+00,6.347400645927947505e-01
-1.193000000000000114e+02,3.476010406180270462e-01,6.322966331664722217e-01,3.573633678482074583e+00,0.000000000000000000e+00,1.000000000000000000e+00,6.322942580551728087e-01
-1.192000000000000171e+02,3.472183927488543542e-01,6.298562038035869781e-01,3.564119682813627232e+00,0.000000000000000000e+00,1.000000000000000000e+00,6.298538437690114344e-01
-1.190999999999999943e+02,3.468376417757174091e-01,6.274211341619272408e-01,3.554638370997261987e+00,0.000000000000000000e+00,1.000000000000000000e+00,6.274187891027098729e-01
-1.190000000000000000e+02,3.464587791493106694e-01,6.249913918174094807e-01,3.545189539080976004e+00,0.000000000000000000e+00,1.000000000000000000e+00,6.249890616330054938e-01
-1.188999999999999773e+02,3.460817963838646039e-01,6.225669445522691303e-01,3.535772988971993769e+00,0.000000000000000000e+00,1.000000000000000000e+00,6.225646291431131685e-01
-1.187999999999999829e+02,3.457066850566186678e-01,6.201477603535042737e-01,3.526388528308514125e+00,0.000000000000000000e+00,1.000000000000000000e+00,6.201454596208919590e-01
-1.186999999999999886e+02,3.453334368072987770e-01,6.177338074111403676e-01,3.517035970335418149e+00,0.000000000000000000e+00,1.000000000000000000e+00,6.177315212570215763e-01
-1.186000000000000085e+02,3.449620433376011652e-01,6.153250541157125886e-01,3.507715133783852135e+00,0.000000000000000000e+00,1.000000000000000000e+00,6.153227824432048187e-01
-1.185000000000000142e+02,3.445924964106815702e-01,6.129214690573154822e-01,3.498425842754500970e+00,0.000000000000000000e+00,1.000000000000000000e+00,6.129192117703843312e-01
-1.184000000000000199e+02,3.442247878506488057e-01,6.105230210237411193e-01,3.489167926604431536e+00,0.000000000000000000e+00,1.000000000000000000e+00,6.105207780269767959e-01
-1.182999999999999972e+02,3.438589095420646613e-01,6.081296789981119888e-01,3.479941219837376032e+00,0.000000000000000000e+00,1.000000000000000000e+00,6.081274501971267732e-01
-1.182000000000000028e+02,3.434948534294486877e-01,6.057414121577203714e-01,3.470745561997337969e+00,0.000000000000000000e+00,1.000000000000000000e+00,6.057391974589785288e-01
-1.180999999999999801e+02,3.431326115167877555e-01,6.033581898720937753e-01,3.461580797565370737e+00,0.000000000000000000e+00,1.000000000000000000e+00,6.033559891829609612e-01
-1.179999999999999858e+02,3.427721758670513319e-01,6.009799817015308854e-01,3.452446775859461692e+00,0.000000000000000000e+00,1.000000000000000000e+00,6.009777949300953992e-01
-1.178999999999999915e+02,3.424135386017108651e-01,5.986067573952317256e-01,3.443343350937367653e+00,0.000000000000000000e+00,1.000000000000000000e+00,5.986045844503155022e-01
-1.177999999999999972e+02,3.420566919002652750e-01,5.962384868894393675e-01,3.434270381502316560e+00,0.000000000000000000e+00,1.000000000000000000e+00,5.962363276808061441e-01
-1.177000000000000028e+02,3.417016279997704409e-01,5.938751403062900724e-01,3.425227730811475801e+00,0.000000000000000000e+00,1.000000000000000000e+00,5.938729947443592838e-01
-1.176000000000000085e+02,3.413483391943738510e-01,5.915166879517036458e-01,3.416215266587078858e+00,0.000000000000000000e+00,1.000000000000000000e+00,5.915145559477437143e-01
-1.175000000000000000e+02,3.409968178348543044e-01,5.891631003138437794e-01,3.407232860930129448e+00,0.000000000000000000e+00,1.000000000000000000e+00,5.891609817800931292e-01
-1.174000000000000057e+02,3.406470563281659980e-01,5.868143480621099695e-01,3.398280390236578352e+00,0.000000000000000000e+00,1.000000000000000000e+00,5.868122429113115102e-01
-1.172999999999999829e+02,3.402990471369869430e-01,5.844704020447025750e-01,3.389357735115892556e+00,0.000000000000000000e+00,1.000000000000000000e+00,5.844683101904865064e-01
-1.171999999999999886e+02,3.399527827792733770e-01,5.821312332873664896e-01,3.380464780311945638e+00,0.000000000000000000e+00,1.000000000000000000e+00,5.821291546443310150e-01
-1.170999999999999943e+02,3.396082558278170072e-01,5.797968129924884195e-01,3.371601414626121951e+00,0.000000000000000000e+00,1.000000000000000000e+00,5.797947474756266484e-01
-1.170000000000000000e+02,3.392654589098077489e-01,5.774671125365758995e-01,3.362767530842583064e+00,0.000000000000000000e+00,1.000000000000000000e+00,5.774650600616922924e-01
-1.169000000000000057e+02,3.389243847064011272e-01,5.751421034689704337e-01,3.353963025655623653e+00,0.000000000000000000e+00,1.000000000000000000e+00,5.751400639528631009e-01
-1.168000000000000114e+02,3.385850259522896200e-01,5.728217575111503868e-01,3.345187799599005807e+00,0.000000000000000000e+00,1.000000000000000000e+00,5.728197308709853663e-01
-1.166999999999999886e+02,3.382473754352778861e-01,5.705060465540862102e-01,3.336441756977259310e+00,0.000000000000000000e+00,1.000000000000000000e+00,5.705040327079247131e-01
-1.165999999999999943e+02,3.379114259958641564e-01,5.681949426572594497e-01,3.327724805798847552e+00,0.000000000000000000e+00,1.000000000000000000e+00,5.681929415240933867e-01
-1.164999999999999858e+02,3.375771705268234557e-01,5.658884180477129489e-01,3.319036857711127997e+00,0.000000000000000000e+00,1.000000000000000000e+00,5.658864295469836492e-01
-1.163999999999999915e+02,3.372446019727968758e-01,5.635864451177589052e-01,3.310377827937078798e+00,0.000000000000000000e+00,1.000000000000000000e+00,5.635844691697242670e-01
-1.162999999999999972e+02,3.369137133298841791e-01,5.612889964241758456e-01,3.301747635213702736e+00,0.000000000000000000e+00,1.000000000000000000e+00,5.612870329496435495e-01
-1.162000000000000028e+02,3.365844976452406212e-01,5.589960446862541898e-01,3.293146201732065403e+00,0.000000000000000000e+00,1.000000000000000000e+00,5.589940936068508170e-01
-1.161000000000000085e+02,3.362569480166783809e-01,5.567075627847192232e-01,3.284573453078903693e+00,0.000000000000000000e+00,1.000000000000000000e+00,5.567056240228304143e-01
-1.160000000000000142e+02,3.359310575922710984e-01,5.544235237606871536e-01,3.276029318179772609e+00,0.000000000000000000e+00,1.000000000000000000e+00,5.544215972390478253e-01
-1.158999999999999915e+02,3.356068195699629109e-01,5.521439008132313919e-01,3.267513729243642029e+00,0.000000000000000000e+00,1.000000000000000000e+00,5.521419864555703327e-01
-1.157999999999999972e+02,3.352842271971821497e-01,5.498686672990604762e-01,3.259026621708939864e+00,0.000000000000000000e+00,1.000000000000000000e+00,5.498667650297022202e-01
-1.156999999999999744e+02,3.349632737704569818e-01,5.475977967308134353e-01,3.250567934190943920e+00,0.000000000000000000e+00,1.000000000000000000e+00,5.475959064746283023e-01
-1.155999999999999801e+02,3.346439526350372673e-01,5.453312627753352793e-01,3.242137608430522455e+00,0.000000000000000000e+00,1.000000000000000000e+00,5.453293844580766603e-01
-1.154999999999999858e+02,3.343262571845183051e-01,5.430690392531765109e-01,3.233735589244151054e+00,0.000000000000000000e+00,1.000000000000000000e+00,5.430671728009884847e-01
-1.153999999999999915e+02,3.340101808604692968e-01,5.408111001364647175e-01,3.225361824475168504e+00,0.000000000000000000e+00,1.000000000000000000e+00,5.408092454762034595e-01
-1.152999999999999972e+02,3.336957171520655296e-01,5.385574195479517767e-01,3.217016264946238824e+00,0.000000000000000000e+00,1.000000000000000000e+00,5.385555766071575823e-01
-1.152000000000000028e+02,3.333828595957238350e-01,5.363079717599561480e-01,3.208698864412962592e+00,0.000000000000000000e+00,1.000000000000000000e+00,5.363061404665920850e-01
-1.150999999999999943e+02,3.330716017747418212e-01,5.340627311922948595e-01,3.200409579518617598e+00,0.000000000000000000e+00,1.000000000000000000e+00,5.340609114752743469e-01
-1.150000000000000000e+02,3.327619373189414920e-01,5.318216724119669836e-01,3.192148369749984838e+00,0.000000000000000000e+00,1.000000000000000000e+00,5.318198642007344601e-01
-1.148999999999999773e+02,3.324538599043145304e-01,5.295847701315951062e-01,3.183915197394203922e+00,0.000000000000000000e+00,1.000000000000000000e+00,5.295829733560056818e-01
-1.147999999999999829e+02,3.321473632526733555e-01,5.273519992075642593e-01,3.175710027496660537e+00,0.000000000000000000e+00,1.000000000000000000e+00,5.273502137983873128e-01
-1.146999999999999886e+02,3.318424411313041222e-01,5.251233346400226987e-01,3.167532827819841135e+00,0.000000000000000000e+00,1.000000000000000000e+00,5.251215605282084642e-01
-1.145999999999999943e+02,3.315390873526232740e-01,5.228987515702445688e-01,3.159383568803123765e+00,0.000000000000000000e+00,1.000000000000000000e+00,5.228969886876110307e-01
-1.145000000000000000e+02,3.312372957738390356e-01,5.206782252803289213e-01,3.151262223523505490e+00,0.000000000000000000e+00,1.000000000000000000e+00,5.206764735593412130e-01
-1.143999999999999915e+02,3.309370602966136832e-01,5.184617311921336791e-01,3.143168767657180229e+00,0.000000000000000000e+00,1.000000000000000000e+00,5.184599905655508101e-01
-1.142999999999999972e+02,3.306383748667315881e-01,5.162492448651441190e-01,3.135103179442001231e+00,0.000000000000000000e+00,1.000000000000000000e+00,5.162475152666129441e-01
-1.141999999999999886e+02,3.303412334737692024e-01,5.140407419963565205e-01,3.127065439640733135e+00,0.000000000000000000e+00,1.000000000000000000e+00,5.140390233599454461e-01
-1.141000000000000085e+02,3.300456301507684320e-01,5.118361984185254565e-01,3.119055531505121603e+00,0.000000000000000000e+00,1.000000000000000000e+00,5.118344906788474535e-01
-1.140000000000000000e+02,3.297515589739137831e-01,5.096355900990324761e-01,3.111073440740722340e+00,0.000000000000000000e+00,1.000000000000000000e+00,5.096338931913440007e-01
-1.139000000000000057e+02,3.294590140622121188e-01,5.074388931390430013e-01,3.103119155472467749e+00,0.000000000000000000e+00,1.000000000000000000e+00,5.074372069990459311e-01
-1.137999999999999972e+02,3.291679895771758013e-01,5.052460837720356146e-01,3.095192666210949017e+00,0.000000000000000000e+00,1.000000000000000000e+00,5.052444083360136950e-01
-1.137000000000000028e+02,3.288784797225091094e-01,5.030571383627150395e-01,3.087293965819393637e+00,0.000000000000000000e+00,1.000000000000000000e+00,5.030554735676379119e-01
-1.135999999999999943e+02,3.285904787437975427e-01,5.008720334062659596e-01,3.079423049481301522e+00,0.000000000000000000e+00,1.000000000000000000e+00,5.008703791895259272e-01
-1.135000000000000000e+02,3.283039809281999566e-01,4.986907455270751521e-01,3.071579914668721489e+00,0.000000000000000000e+00,1.000000000000000000e+00,4.986891018263999720e-01
-1.133999999999999915e+02,3.280189806041441392e-01,4.965132514770187466e-01,3.063764561111149920e+00,0.000000000000000000e+00,1.000000000000000000e+00,4.965116182310051474e-01
-1.132999999999999972e+02,3.277354721410256633e-01,4.943395281353480386e-01,3.055976990765036927e+00,0.000000000000000000e+00,1.000000000000000000e+00,4.943379052830284559e-01
-1.131999999999999886e+02,3.274534499489082928e-01,4.921695525072740662e-01,3.048217207783836535e+00,0.000000000000000000e+00,1.000000000000000000e+00,4.921679399880239947e-01
-1.130999999999999943e+02,3.271729084782291075e-01,4.900033017224053600e-01,3.040485218488645724e+00,0.000000000000000000e+00,1.000000000000000000e+00,4.900016994763536360e-01
-1.130000000000000000e+02,3.268938422195052929e-01,4.878407530345503784e-01,3.032781031339348399e+00,0.000000000000000000e+00,1.000000000000000000e+00,4.878391610021307057e-01
-1.129000000000000057e+02,3.266162457030440391e-01,4.856818838199218336e-01,3.025104656906294931e+00,0.000000000000000000e+00,1.000000000000000000e+00,4.856803019421787049e-01
-1.127999999999999972e+02,3.263401134986558816e-01,4.835266715764134915e-01,3.017456107842454660e+00,0.000000000000000000e+00,1.000000000000000000e+00,4.835250997949958607e-01
-1.127000000000000028e+02,3.260654402153698728e-01,4.813750939229334280e-01,3.009835398856058664e+00,0.000000000000000000e+00,1.000000000000000000e+00,4.813735321797305011e-01
-1.125999999999999943e+02,3.257922205011520855e-01,4.792271285975735484e-01,3.002242546683690172e+00,0.000000000000000000e+00,1.000000000000000000e+00,4.792255768351640910e-01
-1.125000000000000000e+02,3.255204490426272246e-01,4.770827534573441331e-01,2.994677570063819072e+00,0.000000000000000000e+00,1.000000000000000000e+00,4.770812116187071461e-01
-1.123999999999999915e+02,3.252501205648017368e-01,4.749419464767475896e-01,2.987140489710746749e+00,0.000000000000000000e+00,1.000000000000000000e+00,4.749404145053970350e-01
-1.122999999999999972e+02,3.249812298307913072e-01,4.728046857469417330e-01,2.979631328288970593e+00,0.000000000000000000e+00,1.000000000000000000e+00,4.728031635869133220e-01
-1.121999999999999886e+02,3.247137716415491315e-01,4.706709494749651834e-01,2.972150110387914879e+00,0.000000000000000000e+00,1.000000000000000000e+00,4.706694370705936104e-01
-1.120999999999999943e+02,3.244477408355984638e-01,4.685407159822334577e-01,2.964696862497052887e+00,0.000000000000000000e+00,1.000000000000000000e+00,4.685392132784646502e-01
-1.119999999999999858e+02,3.241831322887667177e-01,4.664139637040740638e-01,2.957271612981368758e+00,0.000000000000000000e+00,1.000000000000000000e+00,4.664124706462771108e-01
-1.119000000000000057e+02,3.239199409139226216e-01,4.642906711885853022e-01,2.949874392057163064e+00,0.000000000000000000e+00,1.000000000000000000e+00,4.642891877225525099e-01
-1.117999999999999972e+02,3.236581616607156486e-01,4.621708170954070827e-01,2.942505231768186569e+00,0.000000000000000000e+00,1.000000000000000000e+00,4.621693431676352493e-01
-1.117000000000000028e+02,3.233977895153185567e-01,4.600543801956308854e-01,2.935164165962075966e+00,0.000000000000000000e+00,1.000000000000000000e+00,4.600529157527562529e-01
-1.115999999999999943e+02,3.231388195001708707e-01,4.579413393699553469e-01,2.927851230267083604e+00,0.000000000000000000e+00,1.000000000000000000e+00,4.579398843591007684e-01
-1.115000000000000000e+02,3.228812466737274178e-01,4.558316736079295883e-01,2.920566462069105196e+00,0.000000000000000000e+00,1.000000000000000000e+00,4.558302279768892129e-01
-1.113999999999999915e+02,3.226250661302065281e-01,4.537253620076073801e-01,2.913309900488941562e+00,0.000000000000000000e+00,1.000000000000000000e+00,4.537239257044604623e-01
-1.112999999999999972e+02,3.223702729993427885e-01,4.516223837741283886e-01,2.906081586359852587e+00,0.000000000000000000e+00,1.000000000000000000e+00,4.516209567473690178e-01
-1.111999999999999886e+02,3.221168624461406282e-01,4.495227182189545645e-01,2.898881562205312790e+00,0.000000000000000000e+00,1.000000000000000000e+00,4.495213004174833937e-01
-1.110999999999999943e+02,3.218648296706316803e-01,4.474263447587228382e-01,2.891709872217027133e+00,0.000000000000000000e+00,1.000000000000000000e+00,4.474249361320991047e-01
-1.109999999999999858e+02,3.216141699076333627e-01,4.453332429151017346e-01,2.884566562233134679e+00,0.000000000000000000e+00,1.000000000000000000e+00,4.453318434130530412e-01
-1.108999999999999915e+02,3.213648784265100700e-01,4.432433923130815190e-01,2.877451679716635180e+00,0.000000000000000000e+00,1.000000000000000000e+00,4.432420018858508337e-01
-1.107999999999999972e+02,3.211169505309373062e-01,4.411567726805132872e-01,2.870365273733988420e+00,0.000000000000000000e+00,1.000000000000000000e+00,4.411553912787967158e-01
-1.107000000000000028e+02,3.208703815586669839e-01,4.390733638472695821e-01,2.863307394933907180e+00,0.000000000000000000e+00,1.000000000000000000e+00,4.390719914221356546e-01
-1.105999999999999943e+02,3.206251668812960531e-01,4.369931457441720291e-01,2.856278095526298966e+00,0.000000000000000000e+00,1.000000000000000000e+00,4.369917822471976465e-01
-1.105000000000000000e+02,3.203813019040365195e-01,4.349160984025304821e-01,2.849277429261380945e+00,0.000000000000000000e+00,1.000000000000000000e+00,4.349147437855551135e-01
-1.103999999999999915e+02,3.201387820654880700e-01,4.328422019529061804e-01,2.842305451408926320e+00,0.000000000000000000e+00,1.000000000000000000e+00,4.328408561681815758e-01
-1.102999999999999972e+02,3.198976028374129199e-01,4.307714366243362569e-01,2.835362218737646600e+00,0.000000000000000000e+00,1.000000000000000000e+00,4.307700996246218161e-01
-1.101999999999999886e+02,3.196577597245127134e-01,4.287037827437265025e-01,2.828447789494695996e+00,0.000000000000000000e+00,1.000000000000000000e+00,4.287024544821665950e-01
-1.100999999999999943e+02,3.194192482642074227e-01,4.266392207349143928e-01,2.821562223385291723e+00,0.000000000000000000e+00,1.000000000000000000e+00,4.266379011650360265e-01
-1.100000000000000000e+02,3.191820640264166342e-01,4.245777311178489111e-01,2.814705581552428448e+00,0.000000000000000000e+00,1.000000000000000000e+00,4.245764201935674498e-01
-1.098999999999999915e+02,3.189462026133426664e-01,4.225192945078395934e-01,2.807877926556686443e+00,0.000000000000000000e+00,1.000000000000000000e+00,4.225179921834127383e-01
-1.097999999999999972e+02,3.187116596592559636e-01,4.204638916145750915e-01,2.801079322356128110e+00,0.000000000000000000e+00,1.000000000000000000e+00,4.204625978447410484e-01
-1.096999999999999886e+02,3.184784308302825440e-01,4.184115032417098923e-01,2.794309834286250904e+00,0.000000000000000000e+00,1.000000000000000000e+00,4.184102179814471745e-01
-1.096000000000000085e+02,3.182465118241930568e-01,4.163621102856732148e-01,2.787569529040018423e+00,0.000000000000000000e+00,1.000000000000000000e+00,4.163608334903691199e-01
-1.095000000000000000e+02,3.180158983701947273e-01,4.143156937349457558e-01,2.780858474647932344e+00,0.000000000000000000e+00,1.000000000000000000e+00,4.143144253605088867e-01
-1.094000000000000057e+02,3.177865862287243548e-01,4.122722346697088591e-01,2.774176740458158541e+00,0.000000000000000000e+00,1.000000000000000000e+00,4.122709746722633128e-01
-1.092999999999999972e+02,3.175585711912437548e-01,4.102317142605141909e-01,2.767524397116674972e+00,0.000000000000000000e+00,1.000000000000000000e+00,4.102304625966571860e-01
-1.092000000000000028e+02,3.173318490800373093e-01,4.081941137678741227e-01,2.760901516547457746e+00,0.000000000000000000e+00,1.000000000000000000e+00,4.081928703945870152e-01
-1.090999999999999943e+02,3.171064157480109058e-01,4.061594145415758361e-01,2.754308171932675187e+00,0.000000000000000000e+00,1.000000000000000000e+00,4.061581794160665781e-01
-1.090000000000000000e+02,3.168822670784932627e-01,4.041275980195646045e-01,2.747744437692900998e+00,0.000000000000000000e+00,1.000000000000000000e+00,4.041263710994831837e-01
-1.088999999999999915e+02,3.166593989850390867e-01,4.020986457274520753e-01,2.741210389467310549e+00,0.000000000000000000e+00,1.000000000000000000e+00,4.020974269708551541e-01
-1.087999999999999972e+02,3.164378074112338957e-01,4.000725392778461398e-01,2.734706104093892698e+00,0.000000000000000000e+00,1.000000000000000000e+00,4.000713286431003546e-01
-1.086999999999999886e+02,3.162174883305008399e-01,3.980492603695545695e-01,2.728231659589623437e+00,0.000000000000000000e+00,1.000000000000000000e+00,3.980480578153061666e-01
-1.085999999999999943e+02,3.159984377459092997e-01,3.960287907867610091e-01,2.721787135130635082e+00,0.000000000000000000e+00,1.000000000000000000e+00,3.960275962720086751e-01
-1.085000000000000000e+02,3.157806516899854810e-01,3.940111123981742680e-01,2.715372611032336181e+00,0.000000000000000000e+00,1.000000000000000000e+00,3.940099258824749651e-01
-1.084000000000000057e+02,3.155641262245247880e-01,3.919962071569061401e-01,2.708988168729511425e+00,0.000000000000000000e+00,1.000000000000000000e+00,3.919950285999950212e-01
-1.082999999999999972e+02,3.153488574404053613e-01,3.899840570993692301e-01,2.702633890756361623e+00,0.000000000000000000e+00,1.000000000000000000e+00,3.899828864611734058e-01
-1.082000000000000028e+02,3.151348414574044465e-01,3.879746443441460246e-01,2.696309860726498364e+00,0.000000000000000000e+00,1.000000000000000000e+00,3.879734815852336483e-01
-1.080999999999999943e+02,3.149220744240159298e-01,3.859679510921948942e-01,2.690016163312875186e+00,0.000000000000000000e+00,1.000000000000000000e+00,3.859667961733218022e-01
-1.080000000000000000e+02,3.147105525172692042e-01,3.839639596256205212e-01,2.683752884227652125e+00,0.000000000000000000e+00,1.000000000000000000e+00,3.839628125078202725e-01
-1.078999999999999915e+02,3.145002719425507576e-01,3.819626523068208601e-01,2.677520110201988768e+00,0.000000000000000000e+00,1.000000000000000000e+00,3.819615129516635288e-01
-1.077999999999999972e+02,3.142912289334266474e-01,3.799640115785205552e-01,2.671317928965758259e+00,0.000000000000000000e+00,1.000000000000000000e+00,3.799628799476628127e-01
-1.076999999999999886e+02,3.140834197514666970e-01,3.779680199624160797e-01,2.665146429227168046e+00,0.000000000000000000e+00,1.000000000000000000e+00,3.779668960178317327e-01
-1.075999999999999943e+02,3.138768406860710791e-01,3.759746600585536225e-01,2.659005700652298021e+00,0.000000000000000000e+00,1.000000000000000000e+00,3.759735437627226284e-01
-1.074999999999999858e+02,3.136714880542977868e-01,3.739839145450898350e-01,2.652895833844530760e+00,0.000000000000000000e+00,1.000000000000000000e+00,3.739828058607625461e-01
-1.074000000000000057e+02,3.134673582006920478e-01,3.719957661773708457e-01,2.646816920323886269e+00,0.000000000000000000e+00,1.000000000000000000e+00,3.719946650675986510e-01
-1.072999999999999972e+02,3.132644474971173487e-01,3.700101977873432868e-01,2.640769052506233727e+00,0.000000000000000000e+00,1.000000000000000000e+00,3.700091042154461940e-01
-1.072000000000000028e+02,3.130627523425880132e-01,3.680271922828403652e-01,2.634752323682405972e+00,0.000000000000000000e+00,1.000000000000000000e+00,3.680261062124435267e-01
-1.070999999999999943e+02,3.128622691631035013e-01,3.660467326468968552e-01,2.628766827997172317e+00,0.000000000000000000e+00,1.000000000000000000e+00,3.660456540420099492e-01
-1.070000000000000000e+02,3.126629944114842075e-01,3.640688019373456985e-01,2.622812660428100795e+00,0.000000000000000000e+00,1.000000000000000000e+00,3.640677307622106618e-01
-1.068999999999999915e+02,3.124649245672086462e-01,3.620933832858858059e-01,2.616889916764279622e+00,0.000000000000000000e+00,1.000000000000000000e+00,3.620923195051246046e-01
-1.067999999999999972e+02,3.122680561362526919e-01,3.601204598977370552e-01,2.610998693584907659e+00,0.000000000000000000e+00,1.000000000000000000e+00,3.601194034762195129e-01
-1.066999999999999886e+02,3.120723856509295402e-01,3.581500150508677982e-01,2.605139088237738321e+00,0.000000000000000000e+00,1.000000000000000000e+00,3.581489659537288039e-01
-1.065999999999999943e+02,3.118779096697321673e-01,3.561820320953023034e-01,2.599311198817383151e+00,0.000000000000000000e+00,1.000000000000000000e+00,3.561809902880367362e-01
-1.064999999999999858e+02,3.116846247771764000e-01,3.542164944525600379e-01,2.593515124143461303e+00,0.000000000000000000e+00,1.000000000000000000e+00,3.542154599010641780e-01
-1.063999999999999915e+02,3.114925275836463170e-01,3.522533856153799992e-01,2.587750963738595811e+00,0.000000000000000000e+00,1.000000000000000000e+00,3.522523582856634805e-01
-1.062999999999999972e+02,3.113016147252399279e-01,3.502926891467124659e-01,2.582018817806251310e+00,0.000000000000000000e+00,1.000000000000000000e+00,3.502916690050134618e-01
-1.062000000000000028e+02,3.111118828636179612e-01,3.483343886789417310e-01,2.576318787208410122e+00,0.000000000000000000e+00,1.000000000000000000e+00,3.483333756920232172e-01
-1.060999999999999943e+02,3.109233286858526513e-01,3.463784679139599865e-01,2.570650973443080023e+00,0.000000000000000000e+00,1.000000000000000000e+00,3.463774620487365397e-01
-1.060000000000000000e+02,3.107359489042786915e-01,3.444249106220966250e-01,2.565015478621636813e+00,0.000000000000000000e+00,1.000000000000000000e+00,3.444239118457445570e-01
-1.058999999999999915e+02,3.105497402563454079e-01,3.424737006415387586e-01,2.559412405445985694e+00,0.000000000000000000e+00,1.000000000000000000e+00,3.424727089215988118e-01
-1.057999999999999972e+02,3.103646995044705426e-01,3.405248218779368674e-01,2.553841857185557007e+00,0.000000000000000000e+00,1.000000000000000000e+00,3.405238371822327803e-01
-1.056999999999999886e+02,3.101808234358950367e-01,3.385782583038389193e-01,2.548303937654111895e+00,0.000000000000000000e+00,1.000000000000000000e+00,3.385772806003834456e-01
-1.055999999999999943e+02,3.099981088625395897e-01,3.366339939578478213e-01,2.542798751186378325e+00,0.000000000000000000e+00,1.000000000000000000e+00,3.366330232150216983e-01
-1.055000000000000000e+02,3.098165526208624954e-01,3.346920129444277969e-01,2.537326402614489496e+00,0.000000000000000000e+00,1.000000000000000000e+00,3.346910491307826252e-01
-1.053999999999999915e+02,3.096361515717185320e-01,3.327522994330250339e-01,2.531886997244243709e+00,0.000000000000000000e+00,1.000000000000000000e+00,3.327513425174030148e-01
-1.052999999999999972e+02,3.094569026002198520e-01,3.308148376575285599e-01,2.526480640831178182e+00,0.000000000000000000e+00,1.000000000000000000e+00,3.308138876091621383e-01
-1.051999999999999886e+02,3.092788026155975367e-01,3.288796119160223852e-01,2.521107439556436791e+00,0.000000000000000000e+00,1.000000000000000000e+00,3.288786687043252499e-01
-1.051000000000000085e+02,3.091018485510648173e-01,3.269466065700051827e-01,2.515767500002464629e+00,0.000000000000000000e+00,1.000000000000000000e+00,3.269456701645940822e-01
-1.050000000000000000e+02,3.089260373636815160e-01,3.250158060437471907e-01,2.510460929128495167e+00,0.000000000000000000e+00,1.000000000000000000e+00,3.250148764145573965e-01
-1.049000000000000057e+02,3.087513660342199873e-01,3.230871948237823976e-01,2.505187834245842904e+00,0.000000000000000000e+00,1.000000000000000000e+00,3.230862719411499717e-01
-1.047999999999999972e+02,3.085778315670321126e-01,3.211607574587455605e-01,2.499948322993004624e+00,0.000000000000000000e+00,1.000000000000000000e+00,3.211598412931110924e-01
-1.047000000000000028e+02,3.084054309899174062e-01,3.192364785584707598e-01,2.494742503310558579e+00,0.000000000000000000e+00,1.000000000000000000e+00,3.192355690804508095e-01
-1.045999999999999943e+02,3.082341613539929526e-01,3.173143427932783589e-01,2.489570483415864288e+00,0.000000000000000000e+00,1.000000000000000000e+00,3.173134399739165334e-01
-1.045000000000000000e+02,3.080640197335642316e-01,3.153943348939670654e-01,2.484432371777570037e+00,0.000000000000000000e+00,1.000000000000000000e+00,3.153934387044671217e-01
-1.043999999999999915e+02,3.078950032259969993e-01,3.134764396508107898e-01,2.479328277089911214e+00,0.000000000000000000e+00,1.000000000000000000e+00,3.134755500627463554e-01
-1.042999999999999972e+02,3.077271089515911107e-01,3.115606419135177885e-01,2.474258308246818583e+00,0.000000000000000000e+00,1.000000000000000000e+00,3.115597588985650757e-01
-1.041999999999999886e+02,3.075603340534543428e-01,3.096469265902465628e-01,2.469222574315821817e+00,0.000000000000000000e+00,1.000000000000000000e+00,3.096460501203818771e-01
-1.040999999999999943e+02,3.073946756973791605e-01,3.077352786472231094e-01,2.464221184511755869e+00,0.000000000000000000e+00,1.000000000000000000e+00,3.077344086947924051e-01
-1.040000000000000000e+02,3.072301310717188150e-01,3.058256831086548777e-01,2.459254248170271051e+00,0.000000000000000000e+00,1.000000000000000000e+00,3.058248196460173207e-01
-1.039000000000000057e+02,3.070666973872660521e-01,3.039181250554901514e-01,2.454321874721144603e+00,0.000000000000000000e+00,1.000000000000000000e+00,3.039172680553988148e-01
-1.037999999999999972e+02,3.069043718771323759e-01,3.020125896254036713e-01,2.449424173661394644e+00,0.000000000000000000e+00,1.000000000000000000e+00,3.020117390608960672e-01
-1.037000000000000028e+02,3.067431517966285881e-01,3.001090620124055031e-01,2.444561254528207606e+00,0.000000000000000000e+00,1.000000000000000000e+00,3.001082178565878111e-01
-1.035999999999999943e+02,3.065830344231462723e-01,2.982075274658652075e-01,2.439733226871660055e+00,0.000000000000000000e+00,1.000000000000000000e+00,2.982066896921752308e-01
-1.035000000000000000e+02,3.064240170560411647e-01,2.963079712902443319e-01,2.434940200227262874e+00,0.000000000000000000e+00,1.000000000000000000e+00,2.963071398724917427e-01
-1.033999999999999915e+02,3.062660970165166918e-01,2.944103788450251891e-01,2.430182284088306499e+00,0.000000000000000000e+00,1.000000000000000000e+00,2.944095537570122212e-01
-1.032999999999999972e+02,3.061092716475091735e-01,2.925147355434294383e-01,2.425459587878027623e+00,0.000000000000000000e+00,1.000000000000000000e+00,2.925139167593693301e-01
-1.031999999999999886e+02,3.059535383135744691e-01,2.906210268525755702e-01,2.420772220921587170e+00,0.000000000000000000e+00,1.000000000000000000e+00,2.906202143468696319e-01
-1.030999999999999943e+02,3.057988944007747345e-01,2.887292382927930667e-01,2.416120292417870630e+00,0.000000000000000000e+00,1.000000000000000000e+00,2.887284320400166360e-01
-1.029999999999999858e+02,3.056453373165675114e-01,2.868393554370246012e-01,2.411503911411107648e+00,0.000000000000000000e+00,1.000000000000000000e+00,2.868385554120331249e-01
-1.029000000000000057e+02,3.054928644896948153e-01,2.849513639105791252e-01,2.406923186762326416e+00,0.000000000000000000e+00,1.000000000000000000e+00,2.849505700883908088e-01
-1.027999999999999972e+02,3.053414733700741679e-01,2.830652493903507705e-01,2.402378227120622434e+00,0.000000000000000000e+00,1.000000000000000000e+00,2.830644617463387025e-01
-1.027000000000000028e+02,3.051911614286901830e-01,2.811809976047527360e-01,2.397869140894276718e+00,0.000000000000000000e+00,1.000000000000000000e+00,2.811802161144392742e-01
-1.025999999999999943e+02,3.050419261574873198e-01,2.792985943330136833e-01,2.393396036221703937e+00,0.000000000000000000e+00,1.000000000000000000e+00,2.792978189721032067e-01
-1.025000000000000000e+02,3.048937650692638557e-01,2.774180254046680894e-01,2.388959020942245104e+00,0.000000000000000000e+00,1.000000000000000000e+00,2.774172561491314304e-01
-1.023999999999999915e+02,3.047466756975668045e-01,2.755392766992947884e-01,2.384558202566805285e+00,0.000000000000000000e+00,1.000000000000000000e+00,2.755385135252558237e-01
-1.022999999999999972e+02,3.046006555965877771e-01,2.736623341457208869e-01,2.380193688248349204e+00,0.000000000000000000e+00,1.000000000000000000e+00,2.736615770296876859e-01
-1.021999999999999886e+02,3.044557023410603414e-01,2.717871837220993680e-01,2.375865584752248960e+00,0.000000000000000000e+00,1.000000000000000000e+00,2.717864326406643216e-01
-1.020999999999999943e+02,3.043118135261573820e-01,2.699138114550360124e-01,2.371573998426498964e+00,0.000000000000000000e+00,1.000000000000000000e+00,2.699130663850026757e-01
-1.019999999999999858e+02,3.041689867673909586e-01,2.680422034191714542e-01,2.367319035171798536e+00,0.000000000000000000e+00,1.000000000000000000e+00,2.680414643376528572e-01
-1.018999999999999915e+02,3.040272197005116639e-01,2.661723457371190094e-01,2.363100800411509272e+00,0.000000000000000000e+00,1.000000000000000000e+00,2.661716126212567146e-01
-1.017999999999999972e+02,3.038865099814100912e-01,2.643042245782902810e-01,2.358919399061497391e+00,0.000000000000000000e+00,1.000000000000000000e+00,2.643034974057072439e-01
-1.017000000000000028e+02,3.037468552860189686e-01,2.624378261594360606e-01,2.354774935499861055e+00,0.000000000000000000e+00,1.000000000000000000e+00,2.624371049077131035e-01
-1.015999999999999943e+02,3.036082533102155701e-01,2.605731367433441470e-01,2.350667513536555120e+00,0.000000000000000000e+00,1.000000000000000000e+00,2.605724213903630737e-01
-1.015000000000000000e+02,3.034707017697267362e-01,2.587101426387271585e-01,2.346597236382920393e+00,0.000000000000000000e+00,1.000000000000000000e+00,2.587094331626965116e-01
-1.013999999999999915e+02,3.033341984000328950e-01,2.568488302001015744e-01,2.342564206621117862e+00,0.000000000000000000e+00,1.000000000000000000e+00,2.568481265792730839e-01
-1.012999999999999972e+02,3.031987409562746927e-01,2.549891858269198730e-01,2.338568526173487871e+00,0.000000000000000000e+00,1.000000000000000000e+00,2.549884880397484954e-01
-1.011999999999999886e+02,3.030643272131594013e-01,2.531311959632158715e-01,2.334610296271828034e+00,0.000000000000000000e+00,1.000000000000000000e+00,2.531305039884497732e-01
-1.010999999999999943e+02,3.029309549648693811e-01,2.512748470973434345e-01,2.330689617426614291e+00,0.000000000000000000e+00,1.000000000000000000e+00,2.512741609139562127e-01
-1.009999999999999858e+02,3.027986220249702098e-01,2.494201257616522061e-01,2.326806589396150926e+00,0.000000000000000000e+00,1.000000000000000000e+00,2.494194453486796303e-01
-1.008999999999999915e+02,3.026673262263209208e-01,2.475670185316269645e-01,2.322961311155695263e+00,0.000000000000000000e+00,1.000000000000000000e+00,2.475663438684508333e-01
-1.007999999999999972e+02,3.025370654209844634e-01,2.457155120260139658e-01,2.319153880866514417e+00,0.000000000000000000e+00,1.000000000000000000e+00,2.457148430921048954e-01
-1.006999999999999886e+02,3.024078374801392188e-01,2.438655929059381777e-01,2.315384395844933607e+00,0.000000000000000000e+00,1.000000000000000000e+00,2.438649296810717071e-01
-1.006000000000000085e+02,3.022796402939917915e-01,2.420172478749561262e-01,2.311652952531357386e+00,0.000000000000000000e+00,1.000000000000000000e+00,2.420165903389684126e-01
-1.005000000000000000e+02,3.021524717716898567e-01,2.401704636782572566e-01,2.307959646459275760e+00,0.000000000000000000e+00,1.000000000000000000e+00,2.401698118111925961e-01
-1.004000000000000057e+02,3.020263298412371733e-01,2.383252271022221480e-01,2.304304572224278314e+00,0.000000000000000000e+00,1.000000000000000000e+00,2.383245808845209368e-01
-1.002999999999999972e+02,3.019012124494082627e-01,2.364815249746026748e-01,2.300687823453066994e+00,0.000000000000000000e+00,1.000000000000000000e+00,2.364808843867066412e-01
-1.002000000000000028e+02,3.017771175616645873e-01,2.346393441635344079e-01,2.297109492772499539e+00,0.000000000000000000e+00,1.000000000000000000e+00,2.346387091860831220e-01
-1.000999999999999943e+02,3.016540431620716167e-01,2.327986715772222270e-01,2.293569671778655561e+00,0.000000000000000000e+00,1.000000000000000000e+00,2.327980421911661213e-01
-1.000000000000000000e+02,3.015319872532166712e-01,2.309594941639332433e-01,2.290068451005949246e+00,0.000000000000000000e+00,1.000000000000000000e+00,2.309588703502618856e-01
-9.989999999999999147e+01,3.014109478561273203e-01,2.291217989110838071e-01,2.286605919896291361e+00,0.000000000000000000e+00,1.000000000000000000e+00,2.291211806510740356e-01
-9.979999999999999716e+01,3.012909230101915026e-01,2.272855728451596002e-01,2.283182166768313870e+00,0.000000000000000000e+00,1.000000000000000000e+00,2.272849601203162373e-01
-9.969999999999998863e+01,3.011719107730773115e-01,2.254508030315751921e-01,2.279797278786678039e+00,0.000000000000000000e+00,1.000000000000000000e+00,2.254501958233235404e-01
-9.959999999999999432e+01,3.010539092206545586e-01,2.236174765734670056e-01,2.276451341931458039e+00,0.000000000000000000e+00,1.000000000000000000e+00,2.236168748636695736e-01
-9.950000000000000000e+01,3.009369164469171132e-01,2.217855806120081485e-01,2.273144440967630686e+00,0.000000000000000000e+00,1.000000000000000000e+00,2.217849843827822409e-01
-9.940000000000000568e+01,3.008209305639054088e-01,2.199551023260814808e-01,2.269876659414676201e+00,0.000000000000000000e+00,1.000000000000000000e+00,2.199545115595653855e-01
-9.929999999999999716e+01,3.007059497016303928e-01,2.181260289315203327e-01,2.266648079516296654e+00,0.000000000000000000e+00,1.000000000000000000e+00,2.181254436100184546e-01
-9.920000000000000284e+01,3.005919720079980872e-01,2.162983476808152117e-01,2.263458782210276521e+00,0.000000000000000000e+00,1.000000000000000000e+00,2.162977677868627435e-01
-9.909999999999999432e+01,3.004789956487350921e-01,2.144720458628125437e-01,2.260308847098484009e+00,0.000000000000000000e+00,1.000000000000000000e+00,2.144714713791651961e-01
-9.900000000000000000e+01,3.003670188073147007e-01,2.126471108024569900e-01,2.257198352417040255e+00,0.000000000000000000e+00,1.000000000000000000e+00,2.126465417119685342e-01
-9.889999999999999147e+01,3.002560396848839019e-01,2.108235298602080532e-01,2.254127375006652834e+00,0.000000000000000000e+00,1.000000000000000000e+00,2.108229661459194437e-01
-9.879999999999999716e+01,3.001460565001913272e-01,2.090012904317123943e-01,2.251095990283145998e+00,0.000000000000000000e+00,1.000000000000000000e+00,2.090007320769027011e-01
-9.869999999999998863e+01,3.000370674895158074e-01,2.071803799475738506e-01,2.248104272208177434e+00,0.000000000000000000e+00,1.000000000000000000e+00,2.071798269356734945e-01
-9.859999999999999432e+01,2.999290709065957627e-01,2.053607858729031288e-01,2.245152293260179732e+00,0.000000000000000000e+00,1.000000000000000000e+00,2.053602381874951310e-01
-9.849999999999998579e+01,2.998220650225594253e-01,2.035424957069124074e-01,2.242240124405515012e+00,0.000000000000000000e+00,1.000000000000000000e+00,2.035419533317754659e-01
-9.840000000000000568e+01,2.997160481258558384e-01,2.017254969826605404e-01,2.239367835069877799e+00,0.000000000000000000e+00,1.000000000000000000e+00,2.017249599017087169e-01
-9.829999999999999716e+01,2.996110185221865230e-01,1.999097772665785200e-01,2.236535493109942152e+00,0.000000000000000000e+00,1.000000000000000000e+00,1.999092454639153360e-01
-9.820000000000000284e+01,2.995069745344381418e-01,1.980953241580923896e-01,2.233743164785278790e+00,0.000000000000000000e+00,1.000000000000000000e+00,1.980947976180876535e-01
-9.809999999999999432e+01,2.994039145026157200e-01,1.962821252895576019e-01,2.230990914730544450e+00,0.000000000000000000e+00,1.000000000000000000e+00,1.962816039966338855e-01
-9.800000000000000000e+01,2.993018367837765314e-01,1.944701683256012670e-01,2.228278805927973227e+00,0.000000000000000000e+00,1.000000000000000000e+00,1.944696522643269698e-01
-9.789999999999999147e+01,2.992007397519651501e-01,1.926594409627220561e-01,2.225606899680158790e+00,0.000000000000000000e+00,1.000000000000000000e+00,1.926589301179522928e-01
-9.779999999999999716e+01,2.991006217981488913e-01,1.908499309293079371e-01,2.222975255583168330e+00,0.000000000000000000e+00,1.000000000000000000e+00,1.908494252859604667e-01
-9.769999999999998863e+01,2.990014813301539731e-01,1.890416259849022340e-01,2.220383931499979369e+00,0.000000000000000000e+00,1.000000000000000000e+00,1.890411255281182479e-01
-9.759999999999999432e+01,2.989033167726028450e-01,1.872345139201004871e-01,2.217832983534266500e+00,0.000000000000000000e+00,1.000000000000000000e+00,1.872340186351648950e-01
-9.749999999999998579e+01,2.988061265668515709e-01,1.854285825560674783e-01,2.215322466004544744e+00,0.000000000000000000e+00,1.000000000000000000e+00,1.854280924284666399e-01
-9.739999999999999147e+01,2.987099091709287668e-01,1.836238197443665343e-01,2.212852431418682819e+00,0.000000000000000000e+00,1.000000000000000000e+00,1.836233347596765153e-01
-9.729999999999999716e+01,2.986146630594742613e-01,1.818202133664093834e-01,2.210422930448806778e+00,0.000000000000000000e+00,1.000000000000000000e+00,1.818197335103920176e-01
-9.720000000000000284e+01,2.985203867236796982e-01,1.800177513331645551e-01,2.208034011906598870e+00,0.000000000000000000e+00,1.000000000000000000e+00,1.800172765918183482e-01
-9.709999999999999432e+01,2.984270786712285850e-01,1.782164215849660338e-01,2.205685722719004538e+00,0.000000000000000000e+00,1.000000000000000000e+00,1.782159519444294626e-01
-9.700000000000000000e+01,2.983347374262381724e-01,1.764162120911018927e-01,2.203378107904367944e+00,0.000000000000000000e+00,1.000000000000000000e+00,1.764157475376345041e-01
-9.689999999999999147e+01,2.982433615292010010e-01,1.746171108495028212e-01,2.201111210549004937e+00,0.000000000000000000e+00,1.000000000000000000e+00,1.746166513694420719e-01
-9.679999999999999716e+01,2.981529495369281690e-01,1.728191058861571483e-01,2.198885071784222767e+00,0.000000000000000000e+00,1.000000000000000000e+00,1.728186514661296802e-01
-9.669999999999998863e+01,2.980635000224925446e-01,1.710221852551062349e-01,2.196699730763802982e+00,0.000000000000000000e+00,1.000000000000000000e+00,1.710217358819114408e-01
-9.659999999999999432e+01,2.979750115751730877e-01,1.692263370381131560e-01,2.194555224641960844e+00,0.000000000000000000e+00,1.000000000000000000e+00,1.692258926986104639e-01
-9.649999999999998579e+01,2.978874828003994502e-01,1.674315493440587110e-01,2.192451588551792341e+00,0.000000000000000000e+00,1.000000000000000000e+00,1.674311100253294826e-01
-9.639999999999999147e+01,2.978009123196979635e-01,1.656378103088107512e-01,2.190388855584214589e+00,0.000000000000000000e+00,1.000000000000000000e+00,1.656373759981265015e-01
-9.629999999999998295e+01,2.977152987706374043e-01,1.638451080950880379e-01,2.188367056767426710e+00,0.000000000000000000e+00,1.000000000000000000e+00,1.638446787796882242e-01
-9.619999999999998863e+01,2.976306408067761478e-01,1.620534308915700661e-01,2.186386221046884071e+00,0.000000000000000000e+00,1.000000000000000000e+00,1.620530065590086166e-01
-9.610000000000000853e+01,2.975469370976098760e-01,1.602627669130689270e-01,2.184446375265814311e+00,0.000000000000000000e+00,1.000000000000000000e+00,1.602623475510655815e-01
-9.600000000000000000e+01,2.974641863285195642e-01,1.584731044000008693e-01,2.182547544146274721e+00,0.000000000000000000e+00,1.000000000000000000e+00,1.584726899965011870e-01
-9.590000000000000568e+01,2.973823872007207436e-01,1.566844316183866603e-01,2.180689750270766947e+00,0.000000000000000000e+00,1.000000000000000000e+00,1.566840221613035600e-01
-9.579999999999999716e+01,2.973015384312124865e-01,1.548967368591513960e-01,2.178873014064416580e+00,0.000000000000000000e+00,1.000000000000000000e+00,1.548963323364872247e-01
-9.570000000000000284e+01,2.972216387527283898e-01,1.531100084375781045e-01,2.177097353777737609e+00,0.000000000000000000e+00,1.000000000000000000e+00,1.531096088377791875e-01
-9.559999999999999432e+01,2.971426869136871152e-01,1.513242346938258598e-01,2.175362785469977300e+00,0.000000000000000000e+00,1.000000000000000000e+00,1.513238400053019406e-01
-9.550000000000000000e+01,2.970646816781438160e-01,1.495394039919452633e-01,2.173669322993059261e+00,0.000000000000000000e+00,1.000000000000000000e+00,1.495390142032617387e-01
-9.539999999999999147e+01,2.969876218257426759e-01,1.477555047196898452e-01,2.172016977976139351e+00,0.000000000000000000e+00,1.000000000000000000e+00,1.477551198196345728e-01
-9.529999999999999716e+01,2.969115061516695020e-01,1.459725252884300495e-01,2.170405759810773105e+00,0.000000000000000000e+00,1.000000000000000000e+00,1.459721452658570007e-01
-9.519999999999998863e+01,2.968363334666053177e-01,1.441904541325260691e-01,2.168835675636710203e+00,0.000000000000000000e+00,1.000000000000000000e+00,1.441900789765144242e-01
-9.509999999999999432e+01,2.967621025966805659e-01,1.424092797092846308e-01,2.167306730328322661e+00,0.000000000000000000e+00,1.000000000000000000e+00,1.424089094090348340e-01
-9.500000000000000000e+01,2.966888123834297009e-01,1.406289904986432193e-01,2.165818926481675621e+00,0.000000000000000000e+00,1.000000000000000000e+00,1.406286250433793072e-01
-9.490000000000000568e+01,2.966164616837466683e-01,1.388495750025271480e-01,2.164372264402247836e+00,0.000000000000000000e+00,1.000000000000000000e+00,1.388492143817381952e-01
-9.479999999999999716e+01,2.965450493698411072e-01,1.370710217447375923e-01,2.162966742093311190e+00,0.000000000000000000e+00,1.000000000000000000e+00,1.370706659482242851e-01
-9.470000000000000284e+01,2.964745743291948843e-01,1.352933192711032739e-01,2.161602355244972351e+00,0.000000000000000000e+00,1.000000000000000000e+00,1.352929682885710416e-01
-9.459999999999999432e+01,2.964050354645190732e-01,1.335164561485548962e-01,2.160279097223888556e+00,0.000000000000000000e+00,1.000000000000000000e+00,1.335161099698283227e-01
-9.450000000000000000e+01,2.963364316937123766e-01,1.317404209648913582e-01,2.158996959063658405e+00,0.000000000000000000e+00,1.000000000000000000e+00,1.317400795800627578e-01
-9.439999999999999147e+01,2.962687619498192704e-01,1.299652023287562186e-01,2.157755929455899224e+00,0.000000000000000000e+00,1.000000000000000000e+00,1.299648657280560726e-01
-9.429999999999999716e+01,2.962020251809893701e-01,1.281907888692342401e-01,2.156555994742013205e+00,0.000000000000000000e+00,1.000000000000000000e+00,1.281904570430073831e-01
-9.419999999999998863e+01,2.961362203504369073e-01,1.264171692354430221e-01,2.155397138905643661e+00,0.000000000000000000e+00,1.000000000000000000e+00,1.264168421742336568e-01
-9.409999999999999432e+01,2.960713464364014280e-01,1.246443320964959744e-01,2.154279343565837834e+00,0.000000000000000000e+00,1.000000000000000000e+00,1.246440097908746436e-01
-9.399999999999998579e+01,2.960074024321082131e-01,1.228722661408706007e-01,2.153202587970905135e+00,0.000000000000000000e+00,1.000000000000000000e+00,1.228719485815949752e-01
-9.390000000000000568e+01,2.959443873457305307e-01,1.211009600762013305e-01,2.152166848992987269e+00,0.000000000000000000e+00,1.000000000000000000e+00,1.211006472542914825e-01
-9.379999999999999716e+01,2.958823002003511671e-01,1.193304026293913744e-01,2.151172101123337566e+00,0.000000000000000000e+00,1.000000000000000000e+00,1.193300945357973347e-01
-9.370000000000000284e+01,2.958211400339254560e-01,1.175605825456451647e-01,2.150218316468313517e+00,0.000000000000000000e+00,1.000000000000000000e+00,1.175602791715912171e-01
-9.359999999999999432e+01,2.957609058992446971e-01,1.157914885886788536e-01,2.149305464746081196e+00,0.000000000000000000e+00,1.000000000000000000e+00,1.157911899255037458e-01
-9.350000000000000000e+01,2.957015968638998515e-01,1.140231095402287204e-01,2.148433513284046636e+00,0.000000000000000000e+00,1.000000000000000000e+00,1.140228155794283937e-01
-9.339999999999999147e+01,2.956432120102463479e-01,1.122554341997696742e-01,2.147602427016994220e+00,0.000000000000000000e+00,1.000000000000000000e+00,1.122551449330299878e-01
-9.329999999999999716e+01,2.955857504353689436e-01,1.104884513844996835e-01,2.146812168485954686e+00,0.000000000000000000e+00,1.000000000000000000e+00,1.104881668034574799e-01
-9.319999999999998863e+01,2.955292112510474190e-01,1.087221499284591886e-01,2.146062697837791244e+00,0.000000000000000000e+00,1.000000000000000000e+00,1.087218700250542208e-01
-9.309999999999999432e+01,2.954735935837232153e-01,1.069565186828301956e-01,2.145353972825503330e+00,0.000000000000000000e+00,1.000000000000000000e+00,1.069562434490728409e-01
-9.299999999999998579e+01,2.954188965744656836e-01,1.051915465153712564e-01,2.144685948809252896e+00,0.000000000000000000e+00,1.000000000000000000e+00,1.051912759433870637e-01
-9.289999999999999147e+01,2.953651193789401663e-01,1.034272223100635019e-01,2.144058578758115452e+00,0.000000000000000000e+00,1.000000000000000000e+00,1.034269563922084745e-01
-9.279999999999999716e+01,2.953122611673754672e-01,1.016635349670764882e-01,2.143471813252538993e+00,0.000000000000000000e+00,1.000000000000000000e+00,1.016632736958001382e-01
-9.270000000000000284e+01,2.952603211245328207e-01,9.990047340224575412e-02,2.142925600487529003e+00,0.000000000000000000e+00,1.000000000000000000e+00,9.990021677019497726e-02
-9.259999999999999432e+01,2.952092984496747508e-01,9.813802654713940643e-02,2.142419886276543117e+00,0.000000000000000000e+00,1.000000000000000000e+00,9.813777454691113844e-02
-9.250000000000000000e+01,2.951591923565348163e-01,9.637618334820578780e-02,2.141954614056099437e+00,0.000000000000000000e+00,1.000000000000000000e+00,9.637593597267195278e-02
-9.239999999999999147e+01,2.951100020732881912e-01,9.461493276699478594e-02,2.141529724891090058e+00,0.000000000000000000e+00,1.000000000000000000e+00,9.461469000912307858e-02
-9.229999999999999716e+01,2.950617268425220208e-01,9.285426377967596900e-02,2.141145157480804251e+00,0.000000000000000000e+00,1.000000000000000000e+00,9.285402563255386321e-02
-9.219999999999998863e+01,2.950143659212073333e-01,9.109416537666097102e-02,2.140800848165651082e+00,0.000000000000000000e+00,1.000000000000000000e+00,9.109393183361613744e-02
-9.209999999999999432e+01,2.949679185806706183e-01,8.933462656265411805e-02,2.140496730934575709e+00,0.000000000000000000e+00,1.000000000000000000e+00,8.933439761704720095e-02
-9.199999999999998579e+01,2.949223841065665153e-01,8.757563635610714214e-02,2.140232737433168886e+00,0.000000000000000000e+00,1.000000000000000000e+00,8.757541200138990733e-02
-9.189999999999999147e+01,2.948777617988507793e-01,8.581718378883215759e-02,2.140008796972463045e+00,0.000000000000000000e+00,1.000000000000000000e+00,8.581696401871728719e-02
-9.179999999999998295e+01,2.948340509717541913e-01,8.405925790609754256e-02,2.139824836538408270e+00,0.000000000000000000e+00,1.000000000000000000e+00,8.405904271435397923e-02
-9.169999999999998863e+01,2.947912509537562453e-01,8.230184776612745057e-02,2.139680780802022841e+00,0.000000000000000000e+00,1.000000000000000000e+00,8.230163714660231056e-02
-9.159999999999999432e+01,2.947493610875603909e-01,8.054494243965241995e-02,2.139576552130207698e+00,0.000000000000000000e+00,1.000000000000000000e+00,8.054473638646515721e-02
-9.150000000000000000e+01,2.947083807300689973e-01,7.878853101010473148e-02,2.139512070597224813e+00,0.000000000000000000e+00,1.000000000000000000e+00,7.878832951737323176e-02
-9.140000000000000568e+01,2.946683092523592062e-01,7.703260257283985057e-02,2.139487253996826599e+00,0.000000000000000000e+00,1.000000000000000000e+00,7.703240563490956760e-02
-9.129999999999999716e+01,2.946291460396595063e-01,7.527714623516450210e-02,2.139502017855030136e+00,0.000000000000000000e+00,1.000000000000000000e+00,7.527695384653702859e-02
-9.120000000000000284e+01,2.945908904913263626e-01,7.352215111620064025e-02,2.139556275443528222e+00,0.000000000000000000e+00,1.000000000000000000e+00,7.352196327132622111e-02
-9.109999999999999432e+01,2.945535420208217348e-01,7.176760634609898049e-02,2.139649937793723922e+00,0.000000000000000000e+00,1.000000000000000000e+00,7.176742303968199066e-02
-9.100000000000000000e+01,2.945171000556913166e-01,7.001350106611360646e-02,2.139782913711394841e+00,0.000000000000000000e+00,1.000000000000000000e+00,7.001332229307370703e-02
-9.089999999999999147e+01,2.944815640375427757e-01,6.825982442856665111e-02,2.139955109791951138e+00,0.000000000000000000e+00,1.000000000000000000e+00,6.825965018376266291e-02
-9.079999999999999716e+01,2.944469334220248258e-01,6.650656559605444551e-02,2.140166430436306833e+00,0.000000000000000000e+00,1.000000000000000000e+00,6.650639587453353874e-02
-9.069999999999998863e+01,2.944132076788070762e-01,6.475371374129945679e-02,2.140416777867331977e+00,0.000000000000000000e+00,1.000000000000000000e+00,6.475354853842288372e-02
-9.059999999999999432e+01,2.943803862915600478e-01,6.300125804743200719e-02,2.140706052146888805e+00,0.000000000000000000e+00,1.000000000000000000e+00,6.300109735845171866e-02
-9.050000000000000000e+01,2.943484687579355219e-01,6.124918770691994280e-02,2.141034151193431434e+00,0.000000000000000000e+00,1.000000000000000000e+00,6.124903152735501621e-02
-9.040000000000000568e+01,2.943174545895484440e-01,5.949749192184596719e-02,2.141400970800165560e+00,0.000000000000000000e+00,1.000000000000000000e+00,5.949734024731534454e-02
-9.029999999999999716e+01,2.942873433119577720e-01,5.774615990358942380e-02,2.141806404653755713e+00,0.000000000000000000e+00,1.000000000000000000e+00,5.774601272969336757e-02
-9.020000000000000284e+01,2.942581344646494901e-01,5.599518087201932337e-02,2.142250344353562319e+00,0.000000000000000000e+00,1.000000000000000000e+00,5.599503819476246008e-02
-9.009999999999999432e+01,2.942298276010190672e-01,5.424454405614453217e-02,2.142732679431402776e+00,0.000000000000000000e+00,1.000000000000000000e+00,5.424440587144015863e-02
-9.000000000000000000e+01,2.942024222883545814e-01,5.249423869308716267e-02,2.143253297371825017e+00,0.000000000000000000e+00,1.000000000000000000e+00,5.249410499702365090e-02
-8.989999999999999147e+01,2.941759181078210106e-01,5.074425402808052654e-02,2.143812083632875787e+00,0.000000000000000000e+00,1.000000000000000000e+00,5.074412481692214955e-02
-8.979999999999999716e+01,2.941503146544441338e-01,4.899457931424959500e-02,2.144408921667352974e+00,0.000000000000000000e+00,1.000000000000000000e+00,4.899445458439325579e-02
-8.969999999999998863e+01,2.941256115370958213e-01,4.724520381233541372e-02,2.145043692944535785e+00,0.000000000000000000e+00,1.000000000000000000e+00,4.724508356027612432e-02
-8.959999999999999432e+01,2.941018083784789905e-01,4.549611679041822010e-02,2.145716276972367442e+00,0.000000000000000000e+00,1.000000000000000000e+00,4.549600101272859715e-02
-8.949999999999998579e+01,2.940789048151139506e-01,4.374730752353049590e-02,2.146426551320085530e+00,0.000000000000000000e+00,1.000000000000000000e+00,4.374719621696129129e-02
-8.940000000000000568e+01,2.940569004973245248e-01,4.199876529359323346e-02,2.147174391641291091e+00,0.000000000000000000e+00,1.000000000000000000e+00,4.199865845497533640e-02
-8.929999999999999716e+01,2.940357950892252270e-01,4.025047938886391896e-02,2.147959671697424966e+00,0.000000000000000000e+00,1.000000000000000000e+00,4.025037701529717710e-02
-8.920000000000000284e+01,2.940155882687087163e-01,3.850243910408619741e-02,2.148782263381659785e+00,0.000000000000000000e+00,1.000000000000000000e+00,3.850234119271717104e-02
-8.909999999999999432e+01,2.939962797274335848e-01,3.675463374004334788e-02,2.149642036743176998e+00,0.000000000000000000e+00,1.000000000000000000e+00,3.675454028802484924e-02
-8.900000000000000000e+01,2.939778691708130332e-01,3.500705260300227689e-02,2.150538860011824926e+00,0.000000000000000000e+00,1.000000000000000000e+00,3.500696360774822880e-02
-8.889999999999999147e+01,2.939603563180039902e-01,3.325968500491343488e-02,2.151472599623134752e+00,0.000000000000000000e+00,1.000000000000000000e+00,3.325960046388980879e-02
-8.879999999999999716e+01,2.939437409018963443e-01,3.151252026279834778e-02,2.152443120243692665e+00,0.000000000000000000e+00,1.000000000000000000e+00,3.151244017366625072e-02
-8.869999999999998863e+01,2.939280226691034503e-01,2.976554769867687661e-02,2.153450284796839753e+00,0.000000000000000000e+00,1.000000000000000000e+00,2.976547205924504405e-02
-8.859999999999999432e+01,2.939132013799521936e-01,2.801875663943939956e-02,2.154493954488695628e+00,0.000000000000000000e+00,1.000000000000000000e+00,2.801868544748474521e-02
-8.849999999999998579e+01,2.938992768084743856e-01,2.627213641617696591e-02,2.155573988834488919e+00,0.000000000000000000e+00,1.000000000000000000e+00,2.627206966967204557e-02
-8.839999999999999147e+01,2.938862487423982706e-01,2.452567636410558916e-02,2.156690245685172869e+00,0.000000000000000000e+00,1.000000000000000000e+00,2.452561406126259336e-02
-8.829999999999999716e+01,2.938741169831407540e-01,2.277936582248969721e-02,2.157842581254328707e+00,0.000000000000000000e+00,1.000000000000000000e+00,2.277930796161842242e-02
-8.820000000000000284e+01,2.938628813457997424e-01,2.103319413434840898e-02,2.159030850145317704e+00,0.000000000000000000e+00,1.000000000000000000e+00,2.103314071374924599e-02
-8.809999999999999432e+01,2.938525416591474260e-01,1.928715064589035799e-02,2.160254905378694357e+00,0.000000000000000000e+00,1.000000000000000000e+00,1.928710166405021506e-02
-8.800000000000000000e+01,2.938430977656239507e-01,1.754122470648893442e-02,2.161514598419843836e+00,0.000000000000000000e+00,1.000000000000000000e+00,1.754118016204362154e-02
-8.789999999999999147e+01,2.938345495213314784e-01,1.579540566838636209e-02,2.162809779206839700e+00,0.000000000000000000e+00,1.000000000000000000e+00,1.579536556011703480e-02
-8.779999999999999716e+01,2.938268967960289135e-01,1.404968288650534393e-02,2.164140296178511225e+00,0.000000000000000000e+00,1.000000000000000000e+00,1.404964721326522337e-02
-8.769999999999998863e+01,2.938201394731269067e-01,1.230404571804372127e-02,2.165505996302693248e+00,0.000000000000000000e+00,1.000000000000000000e+00,1.230401447882866796e-02
-8.759999999999999432e+01,2.938142774496837473e-01,1.055848352228506287e-02,2.166906725104657649e+00,0.000000000000000000e+00,1.000000000000000000e+00,1.055845671623563756e-02
-8.749999999999998579e+01,2.938093106364013107e-01,8.812985660354748924e-03,2.168342326695702482e+00,0.000000000000000000e+00,1.000000000000000000e+00,8.812963286740993843e-03
-8.739999999999999147e+01,2.938052389576219503e-01,7.067541495029743860e-03,2.169812643801890761e+00,0.000000000000000000e+00,1.000000000000000000e+00,7.067523553168503225e-03
-8.729999999999998295e+01,2.938020623513253882e-01,5.322140390223326252e-03,2.171317517792920260e+00,0.000000000000000000e+00,1.000000000000000000e+00,5.322126879649765295e-03
-8.719999999999998863e+01,2.937997807691268837e-01,3.576771711010757505e-03,2.172856788711112319e+00,0.000000000000000000e+00,1.000000000000000000e+00,3.576762631366678814e-03
-8.709999999999999432e+01,2.937983941762748463e-01,1.831424823384143101e-03,2.174430295300510352e+00,0.000000000000000000e+00,1.000000000000000000e+00,1.831420174290471865e-03
-8.700000000000000000e+01,2.937979025516500031e-01,8.608909346580853356e-05,2.176037875036061386e+00,0.000000000000000000e+00,1.000000000000000000e+00,8.608887492434054379e-05
-8.690000000000000568e+01,2.937983058877645659e-01,1.659246111925214828e-03,2.177679364152883323e+00,0.000000000000000000e+00,1.000000000000000000e+00,1.659241899957306478e-03
-8.679999999999999716e+01,2.937996041907615652e-01,3.404591426114099515e-03,2.179354597675592586e+00,0.000000000000000000e+00,1.000000000000000000e+00,3.404582783567261170e-03
-8.670000000000000284e+01,2.938017974804156274e-01,5.149957482869851888e-03,2.181063409447683288e+00,0.000000000000000000e+00,1.000000000000000000e+00,5.149944409364008886e-03
-8.659999999999999432e+01,2.938048857901333633e-01,6.895354916001228233e-03,2.182805632160943698e+00,0.000000000000000000e+00,1.000000000000000000e+00,6.895337411312383973e-03
-8.650000000000000000e+01,2.938088691669544783e-01,8.640794360522256398e-03,2.184581097384900250e+00,0.000000000000000000e+00,1.000000000000000000e+00,8.640772424141020605e-03
-8.639999999999999147e+01,2.938137476715541041e-01,1.038628645241024100e-02,2.186389635596267755e+00,0.000000000000000000e+00,1.000000000000000000e+00,1.038626008360326106e-02
-8.629999999999999716e+01,2.938195213782444082e-01,1.213184182858013591e-02,2.188231076208406289e+00,0.000000000000000000e+00,1.000000000000000000e+00,1.213181102673471096e-02
-8.619999999999998863e+01,2.938261903749776471e-01,1.387747112788698112e-02,2.190105247600758531e+00,0.000000000000000000e+00,1.000000000000000000e+00,1.387743589211429956e-02
-8.609999999999999432e+01,2.938337547633495528e-01,1.562318499082900568e-02,2.192011977148265345e+00,0.000000000000000000e+00,1.000000000000000000e+00,1.562314532012191656e-02
-8.600000000000000000e+01,2.938422146586028294e-01,1.736899405989987891e-02,2.193951091250742724e+00,0.000000000000000000e+00,1.000000000000000000e+00,1.736894995319968743e-02
-8.590000000000000568e+01,2.938515701896316501e-01,1.911490898010286335e-02,2.195922415362210334e+00,0.000000000000000000e+00,1.000000000000000000e+00,1.911486043610979152e-02
-8.579999999999999716e+01,2.938618214989864308e-01,2.086094039886913012e-02,2.197925774020156542e+00,0.000000000000000000e+00,1.000000000000000000e+00,2.086088741619601325e-02
-8.570000000000000284e+01,2.938729687428789927e-01,2.260709896646265551e-02,2.199960990874735067e+00,0.000000000000000000e+00,1.000000000000000000e+00,2.260704154364173712e-02
-8.559999999999999432e+01,2.938850120911885022e-01,2.435339533627623246e-02,2.202027888717875470e+00,0.000000000000000000e+00,1.000000000000000000e+00,2.435333347173182506e-02
-8.550000000000000000e+01,2.938979517274676878e-01,2.609984016512682456e-02,2.204126289512298165e+00,0.000000000000000000e+00,1.000000000000000000e+00,2.609977385711096179e-02
-8.539999999999999147e+01,2.939117878489498348e-01,2.784644411338789080e-02,2.206256014420430400e+00,0.000000000000000000e+00,1.000000000000000000e+00,2.784637336004576122e-02
-8.529999999999999716e+01,2.939265206665558905e-01,2.959321784533737454e-02,2.208416883833198341e+00,0.000000000000000000e+00,1.000000000000000000e+00,2.959314264468352121e-02
-8.519999999999998863e+01,2.939421504049025691e-01,3.134017202939663044e-02,2.210608717398700129e+00,0.000000000000000000e+00,1.000000000000000000e+00,3.134009237931478786e-02
-8.509999999999999432e+01,2.939586773023104560e-01,3.308731733831443006e-02,2.212831334050739507e+00,0.000000000000000000e+00,1.000000000000000000e+00,3.308723323663246424e-02
-8.499999999999998579e+01,2.939761016108130565e-01,3.483466444972867920e-02,2.215084552037217769e+00,0.000000000000000000e+00,1.000000000000000000e+00,3.483457589399473198e-02
-8.490000000000000568e+01,2.939944235961662322e-01,3.658222404596972455e-02,2.217368188948364516e+00,0.000000000000000000e+00,1.000000000000000000e+00,3.658213103368482960e-02
-8.479999999999999716e+01,2.940136435378578050e-01,3.833000681456603248e-02,2.219682061744814749e+00,0.000000000000000000e+00,1.000000000000000000e+00,3.832990934317431070e-02
-8.470000000000000284e+01,2.940337617291182704e-01,4.007802344858631127e-02,2.222025986785500784e+00,0.000000000000000000e+00,1.000000000000000000e+00,4.007792151538338427e-02
-8.459999999999999432e+01,2.940547784769315109e-01,4.182628464687237341e-02,2.224399779855373627e+00,0.000000000000000000e+00,1.000000000000000000e+00,4.182617824894480085e-02
-8.450000000000000000e+01,2.940766941020465097e-01,4.357480111410842044e-02,2.226803256192928515e+00,0.000000000000000000e+00,1.000000000000000000e+00,4.357469024846461619e-02
-8.439999999999999147e+01,2.940995089389888961e-01,4.532358356126788002e-02,2.229236230517533723e+00,0.000000000000000000e+00,1.000000000000000000e+00,4.532346822478685450e-02
-8.429999999999999716e+01,2.941232233360738801e-01,4.707264270578819659e-02,2.231698517056552866e+00,0.000000000000000000e+00,1.000000000000000000e+00,4.707252289525485495e-02
-8.419999999999998863e+01,2.941478376554187424e-01,4.882198927196085975e-02,2.234189929572257149e+00,0.000000000000000000e+00,1.000000000000000000e+00,4.882186498397648317e-02
-8.409999999999999432e+01,2.941733522729569339e-01,5.057163399099524892e-02,2.236710281388512023e+00,0.000000000000000000e+00,1.000000000000000000e+00,5.057150522208629650e-02
-8.399999999999998579e+01,2.941997675784513988e-01,5.232158760140568493e-02,2.239259385417242232e+00,0.000000000000000000e+00,1.000000000000000000e+00,5.232145434801145634e-02
-8.389999999999999147e+01,2.942270839755098399e-01,5.407186084950475757e-02,2.241837054184653955e+00,0.000000000000000000e+00,1.000000000000000000e+00,5.407172310773459417e-02
-8.379999999999999716e+01,2.942553018815993182e-01,5.582246448897629221e-02,2.244443099857224677e+00,0.000000000000000000e+00,1.000000000000000000e+00,5.582232225506055662e-02
-8.370000000000000284e+01,2.942844217280618513e-01,5.757340928196008623e-02,2.247077334267441273e+00,0.000000000000000000e+00,1.000000000000000000e+00,5.757326255187996539e-02
-8.359999999999999432e+01,2.943144439601309004e-01,5.932470599883758050e-02,2.249739568939284506e+00,0.000000000000000000e+00,1.000000000000000000e+00,5.932455476843691983e-02
-8.350000000000000000e+01,2.943453690369475240e-01,6.107636541850240686e-02,2.252429615113455963e+00,0.000000000000000000e+00,1.000000000000000000e+00,6.107620968359333408e-02
-8.339999999999999147e+01,2.943771974315779194e-01,6.282839832900709298e-02,2.255147283772342970e+00,0.000000000000000000e+00,1.000000000000000000e+00,6.282823808509750696e-02
-8.329999999999999716e+01,2.944099296310310199e-01,6.458081552723547725e-02,2.257892385664706403e+00,0.000000000000000000e+00,1.000000000000000000e+00,6.458065076984949304e-02
-8.319999999999998863e+01,2.944435661362764800e-01,6.633362781965369825e-02,2.260664731330104260e+00,0.000000000000000000e+00,1.000000000000000000e+00,6.633345854417044274e-02
-8.309999999999999432e+01,2.944781074622638273e-01,6.808684602246468931e-02,2.263464131123027467e+00,0.000000000000000000e+00,1.000000000000000000e+00,6.808667222406902808e-02
-8.299999999999998579e+01,2.945135541379413913e-01,6.984048096165293429e-02,2.266290395236758570e+00,0.000000000000000000e+00,1.000000000000000000e+00,6.984030263551191386e-02
-8.289999999999999147e+01,2.945499067062762877e-01,7.159454347367485982e-02,2.269143333726935108e+00,0.000000000000000000e+00,1.000000000000000000e+00,7.159436061469091894e-02
-8.279999999999998295e+01,2.945871657242748465e-01,7.334904440522911628e-02,2.272022756534832766e+00,0.000000000000000000e+00,1.000000000000000000e+00,7.334885700829474331e-02
-8.269999999999998863e+01,2.946253317630031510e-01,7.510399461394276499e-02,2.274928473510339888e+00,0.000000000000000000e+00,1.000000000000000000e+00,7.510380267377723962e-02
-8.259999999999999432e+01,2.946644054076089647e-01,7.685940496851469128e-02,2.277860294434644661e+00,0.000000000000000000e+00,1.000000000000000000e+00,7.685920847963007008e-02
-8.250000000000000000e+01,2.947043872573432144e-01,7.861528634874929977e-02,2.280818029042614103e+00,0.000000000000000000e+00,1.000000000000000000e+00,7.861508530565233799e-02
-8.239999999999999147e+01,2.947452779255827493e-01,8.037164964623515206e-02,2.283801487044869738e+00,0.000000000000000000e+00,1.000000000000000000e+00,8.037144404322428548e-02
-8.229999999999999716e+01,2.947870780398533230e-01,8.212850576437337458e-02,2.286810478149555070e+00,0.000000000000000000e+00,1.000000000000000000e+00,8.212829559557800752e-02
-8.220000000000000284e+01,2.948297882418531857e-01,8.388586561856577195e-02,2.289844812083795755e+00,0.000000000000000000e+00,1.000000000000000000e+00,8.388565087807249576e-02
-8.209999999999999432e+01,2.948734091874770646e-01,8.564374013661590901e-02,2.292904298614846237e+00,0.000000000000000000e+00,1.000000000000000000e+00,8.564352081846653142e-02
-8.200000000000000000e+01,2.949179415468409782e-01,8.740214025928924602e-02,2.295988747570917532e+00,0.000000000000000000e+00,1.000000000000000000e+00,8.740191635719248009e-02
-8.189999999999999147e+01,2.949633860043076039e-01,8.916107694011538021e-02,2.299097968861697261e+00,0.000000000000000000e+00,1.000000000000000000e+00,8.916084844763333406e-02
-8.179999999999999716e+01,2.950097432585117030e-01,9.092056114567337310e-02,2.302231772498545048e+00,0.000000000000000000e+00,1.000000000000000000e+00,9.092032805639641002e-02
-8.169999999999998863e+01,2.950570140223865989e-01,9.268060385614326768e-02,2.305389968614372176e+00,0.000000000000000000e+00,1.000000000000000000e+00,9.268036616359184854e-02
-8.159999999999999432e+01,2.951051990231909894e-01,9.444121606574704120e-02,2.308572367483201049e+00,0.000000000000000000e+00,1.000000000000000000e+00,9.444097376310797709e-02
-8.150000000000000000e+01,2.951542990025367019e-01,9.620240878264714468e-02,2.311778779539400031e+00,0.000000000000000000e+00,1.000000000000000000e+00,9.620216186289115567e-02
-8.140000000000000568e+01,2.952043147164162273e-01,9.796419302895076342e-02,2.315009015396600311e+00,0.000000000000000000e+00,1.000000000000000000e+00,9.796394148522266643e-02
-8.129999999999999716e+01,2.952552469352313080e-01,9.972657984184168933e-02,2.318262885866289036e+00,0.000000000000000000e+00,1.000000000000000000e+00,9.972632366699986373e-02
-8.120000000000000284e+01,2.953070964438224699e-01,1.014895802733082747e-01,2.321540201976075579e+00,0.000000000000000000e+00,1.000000000000000000e+00,1.014893194600147847e-01
-8.109999999999999432e+01,2.953598640414981658e-01,1.032532053902996128e-01,2.324840774987642966e+00,0.000000000000000000e+00,1.000000000000000000e+00,1.032529399312367840e-01
-8.100000000000000000e+01,2.954135505420653063e-01,1.050174662755779809e-01,2.328164416414364002e+00,0.000000000000000000e+00,1.000000000000000000e+00,1.050171961630926853e-01
-8.089999999999999147e+01,2.954681567738601244e-01,1.067823740273296657e-01,2.331510938038606096e+00,0.000000000000000000e+00,1.000000000000000000e+00,1.067820992537512753e-01
-8.079999999999999716e+01,2.955236835797791506e-01,1.085479397597955836e-01,2.334880151928704795e+00,0.000000000000000000e+00,1.000000000000000000e+00,1.085476603174047455e-01
-8.069999999999998863e+01,2.955801318173115755e-01,1.103141746037899912e-01,2.338271870455619350e+00,0.000000000000000000e+00,1.000000000000000000e+00,1.103138904845549634e-01
-8.059999999999999432e+01,2.956375023585716133e-01,1.120810897064627998e-01,2.341685906309262322e+00,0.000000000000000000e+00,1.000000000000000000e+00,1.120808009022969259e-01
-8.049999999999998579e+01,2.956957960903314753e-01,1.138486962319190388e-01,2.345122072514513434e+00,0.000000000000000000e+00,1.000000000000000000e+00,1.138484027346064603e-01
-8.040000000000000568e+01,2.957550139140552314e-01,1.156170053615116350e-01,2.348580182446908360e+00,0.000000000000000000e+00,1.000000000000000000e+00,1.156167071626254955e-01
-8.029999999999999716e+01,2.958151567459329501e-01,1.173860282938616884e-01,2.352060049848011758e+00,0.000000000000000000e+00,1.000000000000000000e+00,1.173857253849516918e-01
-8.020000000000000284e+01,2.958762255169154476e-01,1.191557762455202479e-01,2.355561488840467010e+00,0.000000000000000000e+00,1.000000000000000000e+00,1.191554686179254197e-01
-8.009999999999999432e+01,2.959382211727499823e-01,1.209262604510344813e-01,2.359084313942738653e+00,0.000000000000000000e+00,1.000000000000000000e+00,1.209259480959213318e-01
-8.000000000000000000e+01,2.960011446740159480e-01,1.226974921631714260e-01,2.362628340083530620e+00,0.000000000000000000e+00,1.000000000000000000e+00,1.226971750716373266e-01
-7.989999999999999147e+01,2.960649969961616779e-01,1.244694826534064325e-01,2.366193382615895402e+00,0.000000000000000000e+00,1.000000000000000000e+00,1.244691608163878416e-01
-7.979999999999999716e+01,2.961297791295415260e-01,1.262422432120310634e-01,2.369779257331028788e+00,0.000000000000000000e+00,1.000000000000000000e+00,1.262419166203949117e-01
-7.969999999999998863e+01,2.961954920794536705e-01,1.280157851487406240e-01,2.373385780471760409e+00,0.000000000000000000e+00,1.000000000000000000e+00,1.280154537930835446e-01
-7.959999999999999432e+01,2.962621368661786936e-01,1.297901197926799033e-01,2.377012768745727200e+00,0.000000000000000000e+00,1.000000000000000000e+00,1.297897836633747082e-01
-7.949999999999998579e+01,2.963297145250183284e-01,1.315652584924316137e-01,2.380660039338249767e+00,0.000000000000000000e+00,1.000000000000000000e+00,1.315649175799828707e-01
-7.939999999999999147e+01,2.963982261063349277e-01,1.333412126170200052e-01,2.384327409924897889e+00,0.000000000000000000e+00,1.000000000000000000e+00,1.333408669117107093e-01
-7.929999999999999716e+01,2.964676726755921532e-01,1.351179935560509471e-01,2.388014698683760706e+00,0.000000000000000000e+00,1.000000000000000000e+00,1.351176430477493695e-01
-7.920000000000000284e+01,2.965380553133954988e-01,1.368956127192039740e-01,2.391721724307410035e+00,0.000000000000000000e+00,1.000000000000000000e+00,1.368952573979752285e-01
-7.909999999999999432e+01,2.966093751155333691e-01,1.386740815374906399e-01,2.395448306014576811e+00,0.000000000000000000e+00,1.000000000000000000e+00,1.386737213932516533e-01
-7.900000000000000000e+01,2.966816331930198225e-01,1.404534114635947462e-01,2.399194263561522433e+00,0.000000000000000000e+00,1.000000000000000000e+00,1.404530464857288996e-01
-7.889999999999999147e+01,2.967548306721369267e-01,1.422336139710832226e-01,2.402959417253129892e+00,0.000000000000000000e+00,1.000000000000000000e+00,1.422332441491478972e-01
-7.879999999999999716e+01,2.968289686944776129e-01,1.440147005556493276e-01,2.406743587953692920e+00,0.000000000000000000e+00,1.000000000000000000e+00,1.440143258791420633e-01
-7.869999999999998863e+01,2.969040484169902516e-01,1.457966827354924277e-01,2.410546597097434240e+00,0.000000000000000000e+00,1.000000000000000000e+00,1.457963031935437526e-01
-7.859999999999999432e+01,2.969800710120228393e-01,1.475795720511037801e-01,2.414368266698724952e+00,0.000000000000000000e+00,1.000000000000000000e+00,1.475791876326884855e-01
-7.849999999999998579e+01,2.970570376673682955e-01,1.493633800656369859e-01,2.418208419362036565e+00,0.000000000000000000e+00,1.000000000000000000e+00,1.493629907597237294e-01
-7.839999999999999147e+01,2.971349495863099821e-01,1.511481183655408456e-01,2.422066878291606606e+00,0.000000000000000000e+00,1.000000000000000000e+00,1.511477241609154587e-01
-7.829999999999998295e+01,2.972138079876686101e-01,1.529337985607580885e-01,2.425943467300835543e+00,0.000000000000000000e+00,1.000000000000000000e+00,1.529333994459596280e-01
-7.819999999999998863e+01,2.972936141058489246e-01,1.547204322847592350e-01,2.429838010821409267e+00,0.000000000000000000e+00,1.000000000000000000e+00,1.547200282482910083e-01
-7.809999999999999432e+01,2.973743691908876108e-01,1.565080311952124492e-01,2.433750333912155117e+00,0.000000000000000000e+00,1.000000000000000000e+00,1.565076222253975746e-01
-7.800000000000000000e+01,2.974560745085016444e-01,1.582966069741668924e-01,2.437680262267629683e+00,0.000000000000000000e+00,1.000000000000000000e+00,1.582961930591314514e-01
-7.789999999999999147e+01,2.975387313401373635e-01,1.600861713282837329e-01,2.441627622226452576e+00,0.000000000000000000e+00,1.000000000000000000e+00,1.600857524560263534e-01
-7.779999999999999716e+01,2.976223409830200395e-01,1.618767359892757107e-01,2.445592240779371096e+00,0.000000000000000000e+00,1.000000000000000000e+00,1.618763121476110567e-01
-7.769999999999998863e+01,2.977069047502043930e-01,1.636683127140202143e-01,2.449573945577078860e+00,0.000000000000000000e+00,1.000000000000000000e+00,1.636678838907292821e-01
-7.759999999999999432e+01,2.977924239706252751e-01,1.654609132852010722e-01,2.453572564937778200e+00,0.000000000000000000e+00,1.000000000000000000e+00,1.654604794678564139e-01
-7.750000000000000000e+01,2.978788999891498479e-01,1.672545495115699832e-01,2.457587927854494314e+00,0.000000000000000000e+00,1.000000000000000000e+00,1.672541106874214922e-01
-7.739999999999999147e+01,2.979663341666295429e-01,1.690492332277220566e-01,2.461619864002147384e+00,0.000000000000000000e+00,1.000000000000000000e+00,1.690487893841280953e-01
-7.729999999999999716e+01,2.980547278799530186e-01,1.708449762953069273e-01,2.465668203744377784e+00,0.000000000000000000e+00,1.000000000000000000e+00,1.708445274192766927e-01
-7.719999999999998863e+01,2.981440825221003954e-01,1.726417906026849192e-01,2.469732778140139029e+00,0.000000000000000000e+00,1.000000000000000000e+00,1.726413366810911065e-01
-7.709999999999999432e+01,2.982343995021968786e-01,1.744396880652721027e-01,2.473813418950053133e+00,0.000000000000000000e+00,1.000000000000000000e+00,1.744392290850424743e-01
-7.700000000000000000e+01,2.983256802455683809e-01,1.762386806266248440e-01,2.477909958642534605e+00,0.000000000000000000e+00,1.000000000000000000e+00,1.762382165741784579e-01
-7.690000000000000568e+01,2.984179261937973116e-01,1.780387802575982004e-01,2.482022230399686169e+00,0.000000000000000000e+00,1.000000000000000000e+00,1.780383111194508428e-01
-7.679999999999999716e+01,2.985111388047783643e-01,1.798399989575250324e-01,2.486150068122978229e+00,0.000000000000000000e+00,1.000000000000000000e+00,1.798395247200475500e-01
-7.670000000000000284e+01,2.986053195527765824e-01,1.816423487545339444e-01,2.490293306438691179e+00,0.000000000000000000e+00,1.000000000000000000e+00,1.816418694037232884e-01
-7.659999999999999432e+01,2.987004699284845355e-01,1.834458417052758916e-01,2.494451780703160093e+00,0.000000000000000000e+00,1.000000000000000000e+00,1.834453572271347865e-01
-7.650000000000000000e+01,2.987965914390811606e-01,1.852504898958156621e-01,2.498625327007792940e+00,0.000000000000000000e+00,1.000000000000000000e+00,1.852500002761744147e-01
-7.639999999999999147e+01,2.988936856082909377e-01,1.870563054418239446e-01,2.502813782183882729e+00,0.000000000000000000e+00,1.000000000000000000e+00,1.870558106663088305e-01
-7.629999999999999716e+01,2.989917539764440080e-01,1.888633004888693179e-01,2.507016983807214938e+00,0.000000000000000000e+00,1.000000000000000000e+00,1.888628005429159595e-01
-7.619999999999998863e+01,2.990907981005367366e-01,1.906714872125966909e-01,2.511234770202470212e+00,0.000000000000000000e+00,1.000000000000000000e+00,1.906709820816265277e-01
-7.609999999999999432e+01,2.991908195542931082e-01,1.924808778195906400e-01,2.515466980447429002e+00,0.000000000000000000e+00,1.000000000000000000e+00,1.924803674886645388e-01
-7.599999999999998579e+01,2.992918199282272873e-01,1.942914845472199226e-01,2.519713454376979911e+00,0.000000000000000000e+00,1.000000000000000000e+00,1.942909690011926094e-01
-7.590000000000000568e+01,2.993938008297059583e-01,1.961033196638488629e-01,2.523974032586934868e+00,0.000000000000000000e+00,1.000000000000000000e+00,1.961027988876553052e-01
-7.579999999999999716e+01,2.994967638830122181e-01,1.979163954698372474e-01,2.528248556437660888e+00,0.000000000000000000e+00,1.000000000000000000e+00,1.979158694481279734e-01
-7.570000000000000284e+01,2.996007107294100802e-01,1.997307242974170061e-01,2.532536868057518209e+00,0.000000000000000000e+00,1.000000000000000000e+00,1.997301930146639926e-01
-7.559999999999999432e+01,2.997056430272093674e-01,2.015463185111461553e-01,2.536838810346125239e+00,0.000000000000000000e+00,1.000000000000000000e+00,2.015457819516468241e-01
-7.550000000000000000e+01,2.998115624518318256e-01,2.033631905083016778e-01,2.541154226977440089e+00,0.000000000000000000e+00,1.000000000000000000e+00,2.033626486561408708e-01
-7.539999999999999147e+01,2.999184706958775704e-01,2.051813527191056752e-01,2.545482962402670690e+00,0.000000000000000000e+00,1.000000000000000000e+00,2.051808055582473311e-01
-7.529999999999999716e+01,3.000263694691925886e-01,2.070008176071560513e-01,2.549824861853012159e+00,0.000000000000000000e+00,1.000000000000000000e+00,2.070002651214586098e-01
-7.519999999999998863e+01,3.001352604989367956e-01,2.088215976699547005e-01,2.554179771342216299e+00,0.000000000000000000e+00,1.000000000000000000e+00,2.088210398430178083e-01
-7.509999999999999432e+01,3.002451455296532568e-01,2.106437054391631092e-01,2.558547537668999006e+00,0.000000000000000000e+00,1.000000000000000000e+00,2.106431422542771603e-01
-7.499999999999998579e+01,3.003560263233376881e-01,2.124671534804786766e-01,2.562928008419285142e+00,0.000000000000000000e+00,1.000000000000000000e+00,2.124665849210611857e-01
-7.489999999999999147e+01,3.004679046595087333e-01,2.142919543948809680e-01,2.567321031968294420e+00,0.000000000000000000e+00,1.000000000000000000e+00,2.142913804440287895e-01
-7.479999999999999716e+01,3.005807823352799613e-01,2.161181208184909386e-01,2.571726457482479855e+00,0.000000000000000000e+00,1.000000000000000000e+00,2.161175414590407462e-01
-7.470000000000000284e+01,3.006946611654311985e-01,2.179456654227412693e-01,2.576144134921305007e+00,0.000000000000000000e+00,1.000000000000000000e+00,2.179450806375254901e-01
-7.459999999999999432e+01,3.008095429824819145e-01,2.197746009154366020e-01,2.580573915038886224e+00,0.000000000000000000e+00,1.000000000000000000e+00,2.197740106868506238e-01
-7.450000000000000000e+01,3.009254296367648851e-01,2.216049400402712866e-01,2.585015649385479009e+00,0.000000000000000000e+00,1.000000000000000000e+00,2.216043443506927335e-01
-7.439999999999999147e+01,3.010423229965003000e-01,2.234366955776612984e-01,2.589469190308832935e+00,0.000000000000000000e+00,1.000000000000000000e+00,2.234360944094130885e-01
-7.429999999999999716e+01,3.011602249478715354e-01,2.252698803454073195e-01,2.593934390955400904e+00,0.000000000000000000e+00,1.000000000000000000e+00,2.252692736804314533e-01
-7.419999999999998863e+01,3.012791373951012042e-01,2.271045071985565156e-01,2.598411105271424493e+00,0.000000000000000000e+00,1.000000000000000000e+00,2.271038950186061167e-01
-7.409999999999999432e+01,3.013990622605280389e-01,2.289405890297845358e-01,2.602899188003874098e+00,0.000000000000000000e+00,1.000000000000000000e+00,2.289399713166121730e-01
-7.399999999999998579e+01,3.015200014846846077e-01,2.307781387702952935e-01,2.607398494701277603e+00,0.000000000000000000e+00,1.000000000000000000e+00,2.307775155053251870e-01
-7.389999999999999147e+01,3.016419570263764172e-01,2.326171693897611525e-01,2.611908881714405606e+00,0.000000000000000000e+00,1.000000000000000000e+00,2.326165405542042763e-01
-7.379999999999998295e+01,3.017649308627608495e-01,2.344576938966244084e-01,2.616430206196854069e+00,0.000000000000000000e+00,1.000000000000000000e+00,2.344570594716802181e-01
-7.369999999999998863e+01,3.018889249894278759e-01,2.362997253390733687e-01,2.620962326105491513e+00,0.000000000000000000e+00,1.000000000000000000e+00,2.362990853055428331e-01
-7.359999999999999432e+01,3.020139414204813244e-01,2.381432768047967996e-01,2.625505100200801856e+00,0.000000000000000000e+00,1.000000000000000000e+00,2.381426311433336163e-01
-7.350000000000000000e+01,3.021399821886206483e-01,2.399883614215722605e-01,2.630058388047109119e+00,0.000000000000000000e+00,1.000000000000000000e+00,2.399877101127374512e-01
-7.339999999999999147e+01,3.022670493452241369e-01,2.418349923578439753e-01,2.634622050012692895e+00,0.000000000000000000e+00,1.000000000000000000e+00,2.418343353819803476e-01
-7.329999999999999716e+01,3.023951449604326269e-01,2.436831828230275332e-01,2.639195947269799003e+00,0.000000000000000000e+00,1.000000000000000000e+00,2.436825201602253466e-01
-7.319999999999998863e+01,3.025242711232343784e-01,2.455329460678042364e-01,2.643779941794544008e+00,0.000000000000000000e+00,1.000000000000000000e+00,2.455322776979751709e-01
-7.309999999999999432e+01,3.026544299415504513e-01,2.473842953845639125e-01,2.648373896366719382e+00,0.000000000000000000e+00,1.000000000000000000e+00,2.473836212874726825e-01
-7.299999999999998579e+01,3.027856235423214137e-01,2.492372441078889445e-01,2.652977674569497513e+00,0.000000000000000000e+00,1.000000000000000000e+00,2.492365642631085287e-01
-7.289999999999999147e+01,3.029178540715946055e-01,2.510918056150282518e-01,2.657591140789043127e+00,0.000000000000000000e+00,1.000000000000000000e+00,2.510911200018267064e-01
-7.279999999999999716e+01,3.030511236946127340e-01,2.529479933260977420e-01,2.662214160214028791e+00,0.000000000000000000e+00,1.000000000000000000e+00,2.529473019235363163e-01
-7.269999999999998863e+01,3.031854345959027475e-01,2.548058207043233936e-01,2.666846598835066917e+00,0.000000000000000000e+00,1.000000000000000000e+00,2.548051234915237329e-01
-7.259999999999999432e+01,3.033207889793660961e-01,2.566653012572173154e-01,2.671488323444043189e+00,0.000000000000000000e+00,1.000000000000000000e+00,2.566645982128668013e-01
-7.250000000000000000e+01,3.034571890683702700e-01,2.585264485362734899e-01,2.676139201633380260e+00,0.000000000000000000e+00,1.000000000000000000e+00,2.585257396388545570e-01
-7.240000000000000568e+01,3.035946371058401705e-01,2.603892761376500609e-01,2.680799101795203754e+00,0.000000000000000000e+00,1.000000000000000000e+00,2.603885613654053910e-01
-7.229999999999999716e+01,3.037331353543518131e-01,2.622537977023674527e-01,2.685467893120442984e+00,0.000000000000000000e+00,1.000000000000000000e+00,2.622530770334923211e-01
-7.220000000000000284e+01,3.038726860962253640e-01,2.641200269170205783e-01,2.690145445597841523e+00,0.000000000000000000e+00,1.000000000000000000e+00,2.641193003295661534e-01
-7.209999999999999432e+01,3.040132916336210633e-01,2.659879775145294611e-01,2.694831630012907819e+00,0.000000000000000000e+00,1.000000000000000000e+00,2.659872449859859156e-01
-7.200000000000000000e+01,3.041549542886345381e-01,2.678576632735187868e-01,2.699526317946776555e+00,0.000000000000000000e+00,1.000000000000000000e+00,2.678569247814484022e-01
-7.189999999999999147e+01,3.042976764033935577e-01,2.697290980196748733e-01,2.704229381775018926e+00,0.000000000000000000e+00,1.000000000000000000e+00,2.697283535414228828e-01
-7.179999999999999716e+01,3.044414603401562891e-01,2.716022956259898646e-01,2.708940694666368998e+00,0.000000000000000000e+00,1.000000000000000000e+00,2.716015451385864199e-01
-7.169999999999998863e+01,3.045863084814098287e-01,2.734772700128913492e-01,2.713660130581398988e+00,0.000000000000000000e+00,1.000000000000000000e+00,2.734765134932646835e-01
-7.159999999999999432e+01,3.047322232299701228e-01,2.753540351491427507e-01,2.718387564271120382e+00,0.000000000000000000e+00,1.000000000000000000e+00,2.753532725738723763e-01
-7.149999999999998579e+01,3.048792070090829975e-01,2.772326050519476892e-01,2.723122871275537094e+00,0.000000000000000000e+00,1.000000000000000000e+00,2.772318363973602096e-01
-7.140000000000000568e+01,3.050272622625257446e-01,2.791129937873039202e-01,2.727865927922126676e+00,0.000000000000000000e+00,1.000000000000000000e+00,2.791122190296603800e-01
-7.129999999999999716e+01,3.051763914547100942e-01,2.809952154707089367e-01,2.732616611324280687e+00,0.000000000000000000e+00,1.000000000000000000e+00,2.809944345861394854e-01
-7.120000000000000284e+01,3.053265970707861321e-01,2.828792842678530817e-01,2.737374799379678425e+00,0.000000000000000000e+00,1.000000000000000000e+00,2.828784972320507740e-01
-7.109999999999999432e+01,3.054778816167476041e-01,2.847652143946209913e-01,2.742140370768619828e+00,0.000000000000000000e+00,1.000000000000000000e+00,2.847644211829921113e-01
-7.100000000000000000e+01,3.056302476195374429e-01,2.866530201173949632e-01,2.746913204952300624e+00,0.000000000000000000e+00,1.000000000000000000e+00,2.866522207053643911e-01
-7.089999999999999147e+01,3.057836976271550156e-01,2.885427157541244347e-01,2.751693182171048413e+00,0.000000000000000000e+00,1.000000000000000000e+00,2.885419101168354983e-01
-7.079999999999999716e+01,3.059382342087644258e-01,2.904343156744970678e-01,2.756480183442504117e+00,0.000000000000000000e+00,1.000000000000000000e+00,2.904335037868052138e-01
-7.069999999999998863e+01,3.060938599548035932e-01,2.923278343004092061e-01,2.761274090559773242e+00,0.000000000000000000e+00,1.000000000000000000e+00,2.923270161368756170e-01
-7.059999999999999432e+01,3.062505774770947209e-01,2.942232861063180938e-01,2.766074786089522064e+00,0.000000000000000000e+00,1.000000000000000000e+00,2.942224616413210980e-01
-7.049999999999998579e+01,3.064083894089554283e-01,2.961206856197891590e-01,2.770882153370046286e+00,0.000000000000000000e+00,1.000000000000000000e+00,2.961198548275661424e-01
-7.039999999999999147e+01,3.065672984053114947e-01,2.980200474220796591e-01,2.775696076509293952e+00,0.000000000000000000e+00,1.000000000000000000e+00,2.980192102766612838e-01
-7.029999999999999716e+01,3.067273071428103237e-01,2.999213861487612931e-01,2.780516440382861276e+00,0.000000000000000000e+00,1.000000000000000000e+00,2.999205426237678274e-01
-7.020000000000000284e+01,3.068884183199360738e-01,3.018247164898078538e-01,2.785343130631946718e+00,0.000000000000000000e+00,1.000000000000000000e+00,3.018238665586402414e-01
-7.009999999999999432e+01,3.070506346571249545e-01,3.037300531901380718e-01,2.790176033661280197e+00,0.000000000000000000e+00,1.000000000000000000e+00,3.037291968261167097e-01
-7.000000000000000000e+01,3.072139588968826884e-01,3.056374110505036823e-01,2.795015036637019445e+00,0.000000000000000000e+00,1.000000000000000000e+00,3.056365482266090727e-01
-6.989999999999999147e+01,3.073783938039025276e-01,3.075468049275870697e-01,2.799860027484620151e+00,0.000000000000000000e+00,1.000000000000000000e+00,3.075459356165999858e-01
-6.979999999999999716e+01,3.075439421651846028e-01,3.094582497348083994e-01,2.804710894886674133e+00,0.000000000000000000e+00,1.000000000000000000e+00,3.094573739091398545e-01
-6.969999999999998863e+01,3.077106067901566044e-01,3.113717604424440788e-01,2.809567528280733750e+00,0.000000000000000000e+00,1.000000000000000000e+00,3.113708780743502103e-01
-6.959999999999999432e+01,3.078783905107950747e-01,3.132873520783010513e-01,2.814429817857103888e+00,0.000000000000000000e+00,1.000000000000000000e+00,3.132864631399280841e-01
-6.949999999999998579e+01,3.080472961817486421e-01,3.152050397285796612e-01,2.819297654556617516e+00,0.000000000000000000e+00,1.000000000000000000e+00,3.152041441916570430e-01
-6.939999999999999147e+01,3.082173266804620893e-01,3.171248385379465962e-01,2.824170930068388152e+00,0.000000000000000000e+00,1.000000000000000000e+00,3.171239363739176143e-01
-6.929999999999998295e+01,3.083884849073015300e-01,3.190467637100574683e-01,2.829049536827551226e+00,0.000000000000000000e+00,1.000000000000000000e+00,3.190458548902059821e-01
-6.920000000000000284e+01,3.085607737856809196e-01,3.209708305083723845e-01,2.833933368012979237e+00,0.000000000000000000e+00,1.000000000000000000e+00,3.209699150036523507e-01
-6.909999999999999432e+01,3.087341962621900082e-01,3.228970542562846768e-01,2.838822317544992035e+00,0.000000000000000000e+00,1.000000000000000000e+00,3.228961320375458022e-01
-6.900000000000000000e+01,3.089087553067229042e-01,3.248254503380584857e-01,2.843716280083046222e+00,0.000000000000000000e+00,1.000000000000000000e+00,3.248245213758608751e-01
-6.889999999999999147e+01,3.090844539126089696e-01,3.267560341993358541e-01,2.848615151023418335e+00,0.000000000000000000e+00,1.000000000000000000e+00,3.267550984637903055e-01
-6.879999999999999716e+01,3.092612950967438823e-01,3.286888213472167197e-01,2.853518826496872496e+00,0.000000000000000000e+00,1.000000000000000000e+00,3.286878788082783220e-01
-6.869999999999998863e+01,3.094392818997225847e-01,3.306238273511451498e-01,2.858427203366323610e+00,0.000000000000000000e+00,1.000000000000000000e+00,3.306228779785615468e-01
-6.859999999999999432e+01,3.096184173859732880e-01,3.325610678434692269e-01,2.863340179224490800e+00,0.000000000000000000e+00,1.000000000000000000e+00,3.325601116067100627e-01
-6.849999999999998579e+01,3.097987046438930303e-01,3.345005585199831710e-01,2.868257652391546397e+00,0.000000000000000000e+00,1.000000000000000000e+00,3.344995953881764184e-01
-6.839999999999999147e+01,3.099801467859842896e-01,3.364423151402984313e-01,2.873179521912756051e+00,0.000000000000000000e+00,1.000000000000000000e+00,3.364413450823440233e-01
-6.829999999999998295e+01,3.101627469489929845e-01,3.383863535284531987e-01,2.878105687556123726e+00,0.000000000000000000e+00,1.000000000000000000e+00,3.383853765130848124e-01
-6.819999999999998863e+01,3.103465082940478070e-01,3.403326895738124080e-01,2.883036049810022483e+00,0.000000000000000000e+00,1.000000000000000000e+00,3.403317055693152460e-01
-6.809999999999999432e+01,3.105314340068012768e-01,3.422813392311270242e-01,2.887970509880839920e+00,0.000000000000000000e+00,1.000000000000000000e+00,3.422803482055625790e-01
-6.800000000000000000e+01,3.107175272975712388e-01,3.442323185212443626e-01,2.892908969690608956e+00,0.000000000000000000e+00,1.000000000000000000e+00,3.442313204425300199e-01
-6.790000000000000568e+01,3.109047914014848035e-01,3.461856435321041259e-01,2.897851331874650604e+00,0.000000000000000000e+00,1.000000000000000000e+00,3.461846383676681072e-01
-6.779999999999999716e+01,3.110932295786230650e-01,3.481413304186414814e-01,2.902797499779216750e+00,0.000000000000000000e+00,1.000000000000000000e+00,3.481403181357527465e-01
-6.770000000000000284e+01,3.112828451141670949e-01,3.500993954037976974e-01,2.907747377459133364e+00,0.000000000000000000e+00,1.000000000000000000e+00,3.500983759694622499e-01
-6.759999999999999432e+01,3.114736413185459352e-01,3.520598547791519151e-01,2.912700869675459714e+00,0.000000000000000000e+00,1.000000000000000000e+00,3.520588281599646430e-01
-6.750000000000000000e+01,3.116656215275854791e-01,3.540227249051760006e-01,2.917657881893138239e+00,0.000000000000000000e+00,1.000000000000000000e+00,3.540216910675042516e-01
-6.739999999999999147e+01,3.118587891026589620e-01,3.559880222119304882e-01,2.922618320278669746e+00,0.000000000000000000e+00,1.000000000000000000e+00,3.559869811219967262e-01
-6.729999999999999716e+01,3.120531474308388398e-01,3.579557631999948919e-01,2.927582091697784161e+00,0.000000000000000000e+00,1.000000000000000000e+00,3.579547148236251752e-01
-6.719999999999998863e+01,3.122486999250505546e-01,3.599259644408659975e-01,2.932549103713127270e+00,0.000000000000000000e+00,1.000000000000000000e+00,3.599249087434444605e-01
-6.709999999999999432e+01,3.124454500242271338e-01,3.618986425772365845e-01,2.937519264581957223e+00,0.000000000000000000e+00,1.000000000000000000e+00,3.618975795239862125e-01
-6.699999999999998579e+01,3.126434011934655643e-01,3.638738143240163869e-01,2.942492483253855706e+00,0.000000000000000000e+00,1.000000000000000000e+00,3.638727438798718405e-01
-6.690000000000000568e+01,3.128425569241848336e-01,3.658514964688229787e-01,2.947468669368447092e+00,0.000000000000000000e+00,1.000000000000000000e+00,3.658504185984276513e-01
-6.679999999999999716e+01,3.130429207342851905e-01,3.678317058726038313e-01,2.952447733253139805e+00,0.000000000000000000e+00,1.000000000000000000e+00,3.678306205403071849e-01
-6.670000000000000284e+01,3.132444961683092388e-01,3.698144594703898780e-01,2.957429585920871684e+00,0.000000000000000000e+00,1.000000000000000000e+00,3.698133666401154374e-01
-6.659999999999999432e+01,3.134472867976044186e-01,3.717997742715694054e-01,2.962414139067887753e+00,0.000000000000000000e+00,1.000000000000000000e+00,3.717986739070415769e-01
-6.650000000000000000e+01,3.136512962204868193e-01,3.737876673609034639e-01,2.967401305071517559e+00,0.000000000000000000e+00,1.000000000000000000e+00,3.737865594254917712e-01
-6.639999999999999147e+01,3.138565280624072140e-01,3.757781558990093695e-01,2.972390996987986256e+00,0.000000000000000000e+00,1.000000000000000000e+00,3.757770403557328387e-01
-6.629999999999999716e+01,3.140629859761178699e-01,3.777712571228745153e-01,2.977383128550232794e+00,0.000000000000000000e+00,1.000000000000000000e+00,3.777701339345346798e-01
-6.619999999999998863e+01,3.142706736418416358e-01,3.797669883468019481e-01,2.982377614165762747e+00,0.000000000000000000e+00,1.000000000000000000e+00,3.797658574758236427e-01
-6.609999999999999432e+01,3.144795947674423053e-01,3.817653669628278124e-01,2.987374368914502920e+00,0.000000000000000000e+00,1.000000000000000000e+00,3.817642283713358342e-01
-6.599999999999998579e+01,3.146897530885967020e-01,3.837664104415196009e-01,2.992373308546700361e+00,0.000000000000000000e+00,1.000000000000000000e+00,3.837652640912799229e-01
-6.589999999999999147e+01,3.149011523689684844e-01,3.857701363325489186e-01,2.997374349480823597e+00,0.000000000000000000e+00,1.000000000000000000e+00,3.857689821850017187e-01
-6.579999999999999716e+01,3.151137964003834502e-01,3.877765622653923661e-01,3.002377408801507386e+00,0.000000000000000000e+00,1.000000000000000000e+00,3.877754002816567458e-01
-6.570000000000000284e+01,3.153276890030067281e-01,3.897857059500084431e-01,3.007382404257505470e+00,0.000000000000000000e+00,1.000000000000000000e+00,3.897845360908859247e-01
-6.559999999999999432e+01,3.155428340255214681e-01,3.917975851774895824e-01,3.012389254259681959e+00,0.000000000000000000e+00,1.000000000000000000e+00,3.917964074034983590e-01
-6.550000000000000000e+01,3.157592353453094192e-01,3.938122178209420565e-01,3.017397877879020918e+00,0.000000000000000000e+00,1.000000000000000000e+00,3.938110320921586194e-01
-6.540000000000000568e+01,3.159768968686332835e-01,3.958296218359378948e-01,3.022408194844669715e+00,0.000000000000000000e+00,1.000000000000000000e+00,3.958284281120799108e-01
-6.529999999999998295e+01,3.161958225308205139e-01,3.978498152610930316e-01,3.027420125542009011e+00,0.000000000000000000e+00,1.000000000000000000e+00,3.978486135017235137e-01
-6.519999999999998863e+01,3.164160162964490541e-01,3.998728162193245783e-01,3.032433591010746721e+00,0.000000000000000000e+00,1.000000000000000000e+00,3.998716063835001111e-01
-6.509999999999999432e+01,3.166374821595352995e-01,4.018986429179744468e-01,3.037448512943052847e+00,0.000000000000000000e+00,1.000000000000000000e+00,4.018974249644839958e-01
-6.500000000000000000e+01,3.168602241437227796e-01,4.039273136499650363e-01,3.042464813681717395e+00,0.000000000000000000e+00,1.000000000000000000e+00,4.039260875371258885e-01
-6.489999999999997726e+01,3.170842463024742264e-01,4.059588467941719903e-01,3.047482416218344259e+00,0.000000000000000000e+00,1.000000000000000000e+00,4.059576124799761376e-01
-6.479999999999998295e+01,3.173095527192635323e-01,4.079932608161757068e-01,3.052501244191569540e+00,0.000000000000000000e+00,1.000000000000000000e+00,4.079920182584093613e-01
-6.470000000000000284e+01,3.175361475077715379e-01,4.100305742693837741e-01,3.057521221885330043e+00,0.000000000000000000e+00,1.000000000000000000e+00,4.100293234253619690e-01
-6.460000000000000853e+01,3.177640348120821523e-01,4.120708057954760029e-01,3.062542274227149974e+00,0.000000000000000000e+00,1.000000000000000000e+00,4.120695466220680725e-01
-6.449999999999998579e+01,3.179932188068815835e-01,4.141139741249714179e-01,3.067564326786472062e+00,0.000000000000000000e+00,1.000000000000000000e+00,4.141127065788077766e-01
-6.439999999999999147e+01,3.182237036976580669e-01,4.161600980781703374e-01,3.072587305773016197e+00,0.000000000000000000e+00,1.000000000000000000e+00,4.161588221156549139e-01
-6.429999999999999716e+01,3.184554937209051473e-01,4.182091965664639921e-01,3.077611138035189153e+00,0.000000000000000000e+00,1.000000000000000000e+00,4.182079121432394908e-01
-6.420000000000000284e+01,3.186885931443259046e-01,4.202612885920186669e-01,3.082635751058517837e+00,0.000000000000000000e+00,1.000000000000000000e+00,4.202599956635086342e-01
-6.409999999999998010e+01,3.189230062670389554e-01,4.223163932490309747e-01,3.087661072964130504e+00,0.000000000000000000e+00,1.000000000000000000e+00,4.223150917704988072e-01
-6.399999999999998579e+01,3.191587374197871751e-01,4.243745297249509330e-01,3.092687032507264622e+00,0.000000000000000000e+00,1.000000000000000000e+00,4.243732196511101340e-01
-6.389999999999999147e+01,3.193957909651481963e-01,4.264357173008279656e-01,3.097713559075834677e+00,0.000000000000000000e+00,1.000000000000000000e+00,4.264343985858931041e-01
-6.380000000000000426e+01,3.196341712977466831e-01,4.284999753518774490e-01,3.102740582689023974e+00,0.000000000000000000e+00,1.000000000000000000e+00,4.284986479498363310e-01
-6.369999999999998153e+01,3.198738828444686599e-01,4.305673233486644880e-01,3.107768033995923052e+00,0.000000000000000000e+00,1.000000000000000000e+00,4.305659872131642474e-01
-6.359999999999998721e+01,3.201149300646783380e-01,4.326377808580565421e-01,3.112795844274210300e+00,0.000000000000000000e+00,1.000000000000000000e+00,4.326364359421380201e-01
-6.349999999999999289e+01,3.203573174504367738e-01,4.347113675434991498e-01,3.117823945428880084e+00,0.000000000000000000e+00,1.000000000000000000e+00,4.347100137998688996e-01
-6.339999999999999858e+01,3.206010495267223037e-01,4.367881031660069691e-01,3.122852269991010399e+00,0.000000000000000000e+00,1.000000000000000000e+00,4.367867405471330677e-01
-6.330000000000000426e+01,3.208461308516536437e-01,4.388680075854201057e-01,3.127880751116573155e+00,0.000000000000000000e+00,1.000000000000000000e+00,4.388666360431954794e-01
-6.319999999999998863e+01,3.210925660167150975e-01,4.409511007606343180e-01,3.132909322585296419e+00,0.000000000000000000e+00,1.000000000000000000e+00,4.409497202466420851e-01
-6.309999999999999432e+01,3.213403596469833201e-01,4.430374027508930390e-01,3.137937918799564407e+00,0.000000000000000000e+00,1.000000000000000000e+00,4.430360132162144415e-01
-6.300000000000000000e+01,3.215895164013574115e-01,4.451269337163000772e-01,3.142966474783377429e+00,0.000000000000000000e+00,1.000000000000000000e+00,4.451255351116587544e-01
-6.290000000000000568e+01,3.218400409727897316e-01,4.472197139188462955e-01,3.147994926181345132e+00,0.000000000000000000e+00,1.000000000000000000e+00,4.472183061945756433e-01
-6.279999999999999005e+01,3.220919380885206573e-01,4.493157637234002633e-01,3.153023209257740156e+00,0.000000000000000000e+00,1.000000000000000000e+00,4.493143468292809528e-01
-6.269999999999999574e+01,3.223452125103140609e-01,4.514151035980740190e-01,3.158051260895589962e+00,0.000000000000000000e+00,1.000000000000000000e+00,4.514136774836706723e-01
-6.260000000000000142e+01,3.225998690346960629e-01,4.535177541158370573e-01,3.163079018595833070e+00,0.000000000000000000e+00,1.000000000000000000e+00,4.535163187300978449e-01
-6.250000000000000711e+01,3.228559124931959512e-01,4.556237359548119814e-01,3.168106420476512586e+00,0.000000000000000000e+00,1.000000000000000000e+00,4.556222912462535302e-01
-6.239999999999998437e+01,3.231133477525889308e-01,4.577330698992273517e-01,3.173133405272034135e+00,0.000000000000000000e+00,1.000000000000000000e+00,4.577316158160567583e-01
-6.229999999999999005e+01,3.233721797151418165e-01,4.598457768406290502e-01,3.178159912332459758e+00,0.000000000000000000e+00,1.000000000000000000e+00,4.598443133305500363e-01
-6.219999999999999574e+01,3.236324133188608898e-01,4.619618777785136632e-01,3.183185881622877300e+00,0.000000000000000000e+00,1.000000000000000000e+00,4.619604047888073439e-01
-6.210000000000000142e+01,3.238940535377420882e-01,4.640813938214670697e-01,3.188211253722804894e+00,0.000000000000000000e+00,1.000000000000000000e+00,4.640799112988457376e-01
-6.199999999999998579e+01,3.241571053820239690e-01,4.662043461877253825e-01,3.193235969825662490e+00,0.000000000000000000e+00,1.000000000000000000e+00,4.662028540785471131e-01
-6.189999999999999147e+01,3.244215738984423947e-01,4.683307562063380725e-01,3.198259971738290020e+00,0.000000000000000000e+00,1.000000000000000000e+00,4.683292544565849647e-01
-6.179999999999999716e+01,3.246874641704887154e-01,4.704606453182909043e-01,3.203283201880533504e+00,0.000000000000000000e+00,1.000000000000000000e+00,4.704591338733653538e-01
-6.170000000000000284e+01,3.249547813186696721e-01,4.725940350772488974e-01,3.208305603284880458e+00,0.000000000000000000e+00,1.000000000000000000e+00,4.725925138819699334e-01
-6.159999999999998721e+01,3.252235305007704080e-01,4.747309471501132694e-01,3.213327119596156578e+00,0.000000000000000000e+00,1.000000000000000000e+00,4.747294161491114051e-01
-6.149999999999999289e+01,3.254937169121190355e-01,4.768714033187649304e-01,3.218347695071278824e+00,0.000000000000000000e+00,1.000000000000000000e+00,4.768698624560933075e-01
-6.139999999999999858e+01,3.257653457858556978e-01,4.790154254806874290e-01,3.223367274579077790e+00,0.000000000000000000e+00,1.000000000000000000e+00,4.790138746997841812e-01
-6.130000000000000426e+01,3.260384223932019654e-01,4.811630356496038319e-01,3.228385803600169801e+00,0.000000000000000000e+00,1.000000000000000000e+00,4.811614748935950092e-01
-6.119999999999998153e+01,3.263129520437347830e-01,4.833142559570953734e-01,3.233403228226904513e+00,0.000000000000000000e+00,1.000000000000000000e+00,4.833126851684684810e-01
-6.109999999999998721e+01,3.265889400856619162e-01,4.854691086530092958e-01,3.238419495163353812e+00,0.000000000000000000e+00,1.000000000000000000e+00,4.854675277738743078e-01
-6.100000000000000000e+01,3.268663919061006173e-01,4.876276161068486270e-01,3.243434551725393966e+00,0.000000000000000000e+00,1.000000000000000000e+00,4.876260250788179151e-01
-6.090000000000000568e+01,3.271453129313589558e-01,4.897898008087299138e-01,3.248448345840829088e+00,0.000000000000000000e+00,1.000000000000000000e+00,4.897881995728531335e-01
-6.079999999999998295e+01,3.274257086272199246e-01,4.919556853702012345e-01,3.253460826049592747e+00,0.000000000000000000e+00,1.000000000000000000e+00,4.919540738671082658e-01
-6.069999999999998863e+01,3.277075844992280995e-01,4.941252925255522621e-01,3.258471941504004654e+00,0.000000000000000000e+00,1.000000000000000000e+00,4.941236706953168190e-01
-6.059999999999999432e+01,3.279909460929796849e-01,4.962986451327881521e-01,3.263481641969116165e+00,0.000000000000000000e+00,1.000000000000000000e+00,4.962970129148632226e-01
-6.050000000000000000e+01,3.282757989944147803e-01,4.984757661744150803e-01,3.268489877823100187e+00,0.000000000000000000e+00,1.000000000000000000e+00,4.984741235078332111e-01
-6.039999999999998437e+01,3.285621488301128656e-01,5.006566787587629630e-01,3.273496600057731243e+00,0.000000000000000000e+00,1.000000000000000000e+00,5.006550255820765294e-01
-6.029999999999999005e+01,3.288500012675911743e-01,5.028414061209713903e-01,3.278501760278917043e+00,0.000000000000000000e+00,1.000000000000000000e+00,5.028397423722760218e-01
-6.019999999999999574e+01,3.291393620156059519e-01,5.050299716244142090e-01,3.283505310707325542e+00,0.000000000000000000e+00,1.000000000000000000e+00,5.050282972410318205e-01
-6.010000000000000142e+01,3.294302368244571566e-01,5.072223987612063389e-01,3.288507204179062171e+00,0.000000000000000000e+00,1.000000000000000000e+00,5.072207136799508076e-01
-5.999999999999998579e+01,3.297226314862950480e-01,5.094187111533908796e-01,3.293507394146436340e+00,0.000000000000000000e+00,1.000000000000000000e+00,5.094170153107475674e-01
-5.989999999999999147e+01,3.300165518354310490e-01,5.116189325545610345e-01,3.298505834678792770e+00,0.000000000000000000e+00,1.000000000000000000e+00,5.116172258863548317e-01
-5.979999999999999716e+01,3.303120037486510507e-01,5.138230868506110660e-01,3.303502480463432089e+00,0.000000000000000000e+00,1.000000000000000000e+00,5.138213692920463593e-01
-5.970000000000000284e+01,3.306089931455320485e-01,5.160311980607793503e-01,3.308497286806594051e+00,0.000000000000000000e+00,1.000000000000000000e+00,5.160294695465675874e-01
-5.959999999999998010e+01,3.309075259887616083e-01,5.182432903389782020e-01,3.313490209634532668e+00,0.000000000000000000e+00,1.000000000000000000e+00,5.182415508032782725e-01
-5.949999999999998579e+01,3.312076082844610525e-01,5.204593879748817820e-01,3.318481205494657527e+00,0.000000000000000000e+00,1.000000000000000000e+00,5.204576373513033483e-01
-5.939999999999999147e+01,3.315092460825112552e-01,5.226795153952028539e-01,3.323470231556771015e+00,0.000000000000000000e+00,1.000000000000000000e+00,5.226777536166984373e-01
-5.930000000000000426e+01,3.318124454768824338e-01,5.249036971647274008e-01,3.328457245614376170e+00,0.000000000000000000e+00,1.000000000000000000e+00,5.249019241636234678e-01
-5.919999999999998153e+01,3.321172126059663277e-01,5.271319579872497663e-01,3.333442206086077775e+00,0.000000000000000000e+00,1.000000000000000000e+00,5.271301736955275041e-01
-5.909999999999998721e+01,3.324235536529123181e-01,5.293643227074629198e-01,3.338425072017052297e+00,0.000000000000000000e+00,1.000000000000000000e+00,5.293625270563432350e-01
-5.899999999999999289e+01,3.327314748459671012e-01,5.316008163116912044e-01,3.343405803080626626e+00,0.000000000000000000e+00,1.000000000000000000e+00,5.315990092316974502e-01
-5.889999999999999858e+01,3.330409824588170253e-01,5.338414639289076336e-01,3.348384359579925640e+00,0.000000000000000000e+00,1.000000000000000000e+00,5.338396453501275118e-01
-5.880000000000000426e+01,3.333520828109343692e-01,5.360862908324141030e-01,3.353360702449616149e+00,0.000000000000000000e+00,1.000000000000000000e+00,5.360844606843120363e-01
-5.869999999999998863e+01,3.336647822679271180e-01,5.383353224409390680e-01,3.358334793257744089e+00,0.000000000000000000e+00,1.000000000000000000e+00,5.383334806523130123e-01
-5.859999999999999432e+01,3.339790872418920697e-01,5.405885843197766327e-01,3.363306594207650768e+00,0.000000000000000000e+00,1.000000000000000000e+00,5.405867308188271325e-01
-5.850000000000000000e+01,3.342950041917715498e-01,5.428461021821552324e-01,3.368276068140001023e+00,0.000000000000000000e+00,1.000000000000000000e+00,5.428442368964543352e-01
-5.840000000000000568e+01,3.346125396237137894e-01,5.451079018905495843e-01,3.373243178534890863e+00,0.000000000000000000e+00,1.000000000000000000e+00,5.451060247469724507e-01
-5.829999999999999005e+01,3.349317000914369125e-01,5.473740094576491355e-01,3.378207889514056372e+00,0.000000000000000000e+00,1.000000000000000000e+00,5.473721203826276138e-01
-5.819999999999999574e+01,3.352524921965962523e-01,5.496444510483149415e-01,3.383170165843179866e+00,0.000000000000000000e+00,1.000000000000000000e+00,5.496425499674344461e-01
-5.810000000000000142e+01,3.355749225891564991e-01,5.519192529802875447e-01,3.388129972934297296e+00,0.000000000000000000e+00,1.000000000000000000e+00,5.519173398184927803e-01
-5.800000000000000711e+01,3.358989979677657889e-01,5.541984417255511053e-01,3.393087276848306022e+00,0.000000000000000000e+00,1.000000000000000000e+00,5.541965164073119343e-01
-5.789999999999998437e+01,3.362247250801354559e-01,5.564820439122020179e-01,3.398042044297570730e+00,0.000000000000000000e+00,1.000000000000000000e+00,5.564801063611510834e-01
-5.779999999999999005e+01,3.365521107234223930e-01,5.587700863251684469e-01,3.402994242648636813e+00,0.000000000000000000e+00,1.000000000000000000e+00,5.587681364643698467e-01
-5.769999999999999574e+01,3.368811617446157980e-01,5.610625959080514091e-01,3.407943839925052565e+00,0.000000000000000000e+00,1.000000000000000000e+00,5.610606336597953048e-01
-5.760000000000000142e+01,3.372118850409279167e-01,5.633595997642392161e-01,3.412890804810295720e+00,0.000000000000000000e+00,1.000000000000000000e+00,5.633576250500996752e-01
-5.749999999999998579e+01,3.375442875601883941e-01,5.656611251580554445e-01,3.417835106650809252e+00,0.000000000000000000e+00,1.000000000000000000e+00,5.656591378991920882e-01
-5.739999999999999147e+01,3.378783763012427332e-01,5.679671995169272014e-01,3.422776715459145525e+00,0.000000000000000000e+00,1.000000000000000000e+00,5.679651996336209097e-01
-5.729999999999999716e+01,3.382141583143556396e-01,5.702778504322582043e-01,3.427715601917237453e+00,0.000000000000000000e+00,1.000000000000000000e+00,5.702758378439974907e-01
-5.720000000000000284e+01,3.385516407016170293e-01,5.725931056608543068e-01,3.432651737379762924e+00,0.000000000000000000e+00,1.000000000000000000e+00,5.725910802864239146e-01
-5.709999999999998721e+01,3.388908306173536444e-01,5.749129931263255999e-01,3.437585093877648657e+00,0.000000000000000000e+00,1.000000000000000000e+00,5.749109548839427264e-01
-5.699999999999999289e+01,3.392317352685433884e-01,5.772375409207525232e-01,3.442515644121675766e+00,0.000000000000000000e+00,1.000000000000000000e+00,5.772354897279935448e-01
-5.689999999999999858e+01,3.395743619152356563e-01,5.795667773064668848e-01,3.447443361506219439e+00,0.000000000000000000e+00,1.000000000000000000e+00,5.795647130798923241e-01
-5.680000000000000426e+01,3.399187178709746071e-01,5.819007307167812781e-01,3.452368220113102293e+00,0.000000000000000000e+00,1.000000000000000000e+00,5.818986533723176091e-01
-5.669999999999998153e+01,3.402648105032272663e-01,5.842394297578675788e-01,3.457290194715582743e+00,0.000000000000000000e+00,1.000000000000000000e+00,5.842373392108154428e-01
-5.659999999999998721e+01,3.406126472338160127e-01,5.865829032105162044e-01,3.462209260782457942e+00,0.000000000000000000e+00,1.000000000000000000e+00,5.865807993753159311e-01
-5.650000000000000000e+01,3.409622355393558402e-01,5.889311800312605483e-01,3.467125394482315492e+00,0.000000000000000000e+00,1.000000000000000000e+00,5.889290628216709012e-01
-5.640000000000000568e+01,3.413135829516953379e-01,5.912842893543190925e-01,3.472038572687900171e+00,0.000000000000000000e+00,1.000000000000000000e+00,5.912821586831985554e-01
-5.629999999999998295e+01,3.416666970583634999e-01,5.936422604928532909e-01,3.476948772980624991e+00,0.000000000000000000e+00,1.000000000000000000e+00,5.936401162722501068e-01
-5.619999999999998863e+01,3.420215855030195318e-01,5.960051229402956174e-01,3.481855973655214154e+00,0.000000000000000000e+00,1.000000000000000000e+00,5.960029650817869618e-01
-5.609999999999999432e+01,3.423782559859086527e-01,5.983729063727620812e-01,3.486760153724496991e+00,0.000000000000000000e+00,1.000000000000000000e+00,5.983707347869783311e-01
-5.600000000000000000e+01,3.427367162643222831e-01,6.007456406503174362e-01,3.491661292924328031e+00,0.000000000000000000e+00,1.000000000000000000e+00,6.007434552468108313e-01
-5.589999999999998437e+01,3.430969741530629502e-01,6.031233558178390464e-01,3.496559371718666043e+00,0.000000000000000000e+00,1.000000000000000000e+00,6.031211565057172930e-01
-5.579999999999999005e+01,3.434590375249131911e-01,6.055060821076162503e-01,3.501454371304791202e+00,0.000000000000000000e+00,1.000000000000000000e+00,6.055038687952164489e-01
-5.569999999999999574e+01,3.438229143111113384e-01,6.078938499411193908e-01,3.506346273618679454e+00,0.000000000000000000e+00,1.000000000000000000e+00,6.078916225355771585e-01
-5.560000000000000142e+01,3.441886125018304154e-01,6.102866899297216818e-01,3.511235061340531427e+00,0.000000000000000000e+00,1.000000000000000000e+00,6.102844483374931794e-01
-5.549999999999998579e+01,3.445561401466627482e-01,6.126846328768659200e-01,3.516120717900447890e+00,0.000000000000000000e+00,1.000000000000000000e+00,6.126823770037767014e-01
-5.539999999999999147e+01,3.449255053551095185e-01,6.150877097801020765e-01,3.521003227484272191e+00,0.000000000000000000e+00,1.000000000000000000e+00,6.150854395310666467e-01
-5.529999999999999716e+01,3.452967162970759785e-01,6.174959518327131081e-01,3.525882575039601008e+00,0.000000000000000000e+00,1.000000000000000000e+00,6.174936671115609510e-01
-5.520000000000000284e+01,3.456697812033712180e-01,6.199093904249848297e-01,3.530758746281945193e+00,0.000000000000000000e+00,1.000000000000000000e+00,6.199070911347577262e-01
-5.509999999999998010e+01,3.460447083662132606e-01,6.223280571461710098e-01,3.535631727701072702e+00,0.000000000000000000e+00,1.000000000000000000e+00,6.223257431892209590e-01
-5.499999999999998579e+01,3.464215061397396545e-01,6.247519837866485348e-01,3.540501506567515388e+00,0.000000000000000000e+00,1.000000000000000000e+00,6.247496550643583113e-01
-5.489999999999999147e+01,3.468001829405237268e-01,6.271812023395209046e-01,3.545368070939260097e+00,0.000000000000000000e+00,1.000000000000000000e+00,6.271788587522231229e-01
-5.480000000000000426e+01,3.471807472480957779e-01,6.296157450020894997e-01,3.550231409668608951e+00,0.000000000000000000e+00,1.000000000000000000e+00,6.296133864493304033e-01
-5.469999999999998153e+01,3.475632076054698816e-01,6.320556441780155188e-01,3.555091512409231491e+00,0.000000000000000000e+00,1.000000000000000000e+00,6.320532705584925859e-01
-5.459999999999998721e+01,3.479475726196765706e-01,6.345009324791572869e-01,3.559948369623390452e+00,0.000000000000000000e+00,1.000000000000000000e+00,6.344985436906730447e-01
-5.449999999999999289e+01,3.483338509623008505e-01,6.369516427275462300e-01,3.564801972589374923e+00,0.000000000000000000e+00,1.000000000000000000e+00,6.369492386668624828e-01
-5.439999999999999858e+01,3.487220513700263758e-01,6.394078079570375550e-01,3.569652313409113820e+00,0.000000000000000000e+00,1.000000000000000000e+00,6.394053885199704190e-01
-5.430000000000000426e+01,3.491121826451846766e-01,6.418694614153249711e-01,3.574499385015992736e+00,0.000000000000000000e+00,1.000000000000000000e+00,6.418670264967368810e-01
-5.419999999999998863e+01,3.495042536563111035e-01,6.443366365658123041e-01,3.579343181182870204e+00,0.000000000000000000e+00,1.000000000000000000e+00,6.443341860596665249e-01
-5.409999999999999432e+01,3.498982733387057675e-01,6.468093670896146730e-01,3.584183696530299557e+00,0.000000000000000000e+00,1.000000000000000000e+00,6.468069008889777427e-01
-5.400000000000000000e+01,3.502942506950014745e-01,6.492876868878250107e-01,3.589020926534970624e+00,0.000000000000000000e+00,1.000000000000000000e+00,6.492852048845788593e-01
-5.390000000000000568e+01,3.506921947957371000e-01,6.517716300829510256e-01,3.593854867538351705e+00,0.000000000000000000e+00,1.000000000000000000e+00,6.517691321680582073e-01
-5.379999999999999005e+01,3.510921147799370701e-01,6.542612310211166626e-01,3.598685516755561586e+00,0.000000000000000000e+00,1.000000000000000000e+00,6.542587170847001810e-01
-5.369999999999999574e+01,3.514940198556973372e-01,6.567565242743856890e-01,3.603512872284456048e+00,0.000000000000000000e+00,1.000000000000000000e+00,6.567539942055156121e-01
-5.360000000000000142e+01,3.518979193007777395e-01,6.592575446427521024e-01,3.608336933114959955e+00,0.000000000000000000e+00,1.000000000000000000e+00,6.592549983293025662e-01
-5.350000000000000711e+01,3.523038224632005777e-01,6.617643271558902862e-01,3.613157699138611623e+00,0.000000000000000000e+00,1.000000000000000000e+00,6.617617644847216818e-01
-5.339999999999998437e+01,3.527117387618554090e-01,6.642769070752077010e-01,3.617975171158361647e+00,0.000000000000000000e+00,1.000000000000000000e+00,6.642743279323948258e-01
-5.329999999999999005e+01,3.531216776871105578e-01,6.667953198966445338e-01,3.622789350898606209e+00,0.000000000000000000e+00,1.000000000000000000e+00,6.667927241670258409e-01
-5.319999999999999574e+01,3.535336488014318990e-01,6.693196013523223797e-01,3.627600241015477511e+00,0.000000000000000000e+00,1.000000000000000000e+00,6.693169889195467182e-01
-5.310000000000000142e+01,3.539476617400070801e-01,6.718497874125380909e-01,3.632407845107382016e+00,0.000000000000000000e+00,1.000000000000000000e+00,6.718471581592816433e-01
-5.299999999999998579e+01,3.543637262113775721e-01,6.743859142881813984e-01,3.637212167725803358e+00,0.000000000000000000e+00,1.000000000000000000e+00,6.743832680961370230e-01
-5.289999999999999147e+01,3.547818519980768248e-01,6.769280184329948824e-01,3.642013214386361941e+00,0.000000000000000000e+00,1.000000000000000000e+00,6.769253551828122717e-01
-5.279999999999999716e+01,3.552020489572761952e-01,6.794761365460284530e-01,3.646810991580165418e+00,0.000000000000000000e+00,1.000000000000000000e+00,6.794734561170375775e-01
-5.270000000000000284e+01,3.556243270214373697e-01,6.820303055734847630e-01,3.651605506785414512e+00,0.000000000000000000e+00,1.000000000000000000e+00,6.820276078438330947e-01
-5.259999999999998721e+01,3.560486961989719479e-01,6.845905627108507252e-01,3.656396768479310388e+00,0.000000000000000000e+00,1.000000000000000000e+00,6.845878475577923394e-01
-5.249999999999999289e+01,3.564751665749080201e-01,6.871569454057582238e-01,3.661184786150237791e+00,0.000000000000000000e+00,1.000000000000000000e+00,6.871542127053884563e-01
-5.239999999999999858e+01,3.569037483115649612e-01,6.897294913602255439e-01,3.665969570310260828e+00,0.000000000000000000e+00,1.000000000000000000e+00,6.897267409873100164e-01
-5.230000000000000426e+01,3.573344516492346079e-01,6.923082385326908561e-01,3.670751132507910075e+00,0.000000000000000000e+00,1.000000000000000000e+00,6.923054703608172433e-01
-5.219999999999998153e+01,3.577672869068705408e-01,6.948932251404086324e-01,3.675529485341285874e+00,0.000000000000000000e+00,1.000000000000000000e+00,6.948904390421253296e-01
-5.209999999999998721e+01,3.582022644827843605e-01,6.974844896621658075e-01,3.680304642471476484e+00,0.000000000000000000e+00,1.000000000000000000e+00,6.974816855088123990e-01
-5.200000000000000000e+01,3.586393948553506239e-01,7.000820708406418902e-01,3.685076618636304868e+00,0.000000000000000000e+00,1.000000000000000000e+00,7.000792485022547806e-01
-5.190000000000000568e+01,3.590786885837184972e-01,7.026860076847309955e-01,3.689845429664410315e+00,0.000000000000000000e+00,1.000000000000000000e+00,7.026831670300890398e-01
-5.179999999999998295e+01,3.595201563085321794e-01,7.052963394719071744e-01,3.694611092489659576e+00,0.000000000000000000e+00,1.000000000000000000e+00,7.052934803686988774e-01
-5.169999999999998863e+01,3.599638087526582653e-01,7.079131057510339442e-01,3.699373625165917279e+00,0.000000000000000000e+00,1.000000000000000000e+00,7.079102280657277868e-01
-5.159999999999999432e+01,3.604096567219225999e-01,7.105363463450765638e-01,3.704133046882173375e+00,0.000000000000000000e+00,1.000000000000000000e+00,7.105334499426252393e-01
-5.150000000000000000e+01,3.608577111058541287e-01,7.131661013530603554e-01,3.708889377978023649e+00,0.000000000000000000e+00,1.000000000000000000e+00,7.131631860972129644e-01
-5.139999999999998437e+01,3.613079828784374614e-01,7.158024111528187294e-01,3.713642639959542358e+00,0.000000000000000000e+00,1.000000000000000000e+00,7.157994769062850926e-01
-5.129999999999999005e+01,3.617604830988735976e-01,7.184453164041705309e-01,3.718392855515515016e+00,0.000000000000000000e+00,1.000000000000000000e+00,7.184423630282310569e-01
-5.119999999999999574e+01,3.622152229123500877e-01,7.210948580513318884e-01,3.723140048534088642e+00,0.000000000000000000e+00,1.000000000000000000e+00,7.210918854056944660e-01
-5.110000000000000142e+01,3.626722135508185785e-01,7.237510773250576124e-01,3.727884244119800350e+00,0.000000000000000000e+00,1.000000000000000000e+00,7.237480852682551813e-01
-5.099999999999998579e+01,3.631314663337816273e-01,7.264140157457754654e-01,3.732625468611035835e+00,0.000000000000000000e+00,1.000000000000000000e+00,7.264110041351433678e-01
-5.089999999999999147e+01,3.635929926690883440e-01,7.290837151265253668e-01,3.737363749597887086e+00,0.000000000000000000e+00,1.000000000000000000e+00,7.290806838179818561e-01
-5.079999999999999716e+01,3.640568040537392469e-01,7.317602175756132699e-01,3.742099115940470178e+00,0.000000000000000000e+00,1.000000000000000000e+00,7.317571664235622553e-01
-5.070000000000000284e+01,3.645229120746997786e-01,7.344435654992010898e-01,3.746831597787657842e+00,0.000000000000000000e+00,1.000000000000000000e+00,7.344404943566490429e-01
-5.059999999999998010e+01,3.649913284097231481e-01,7.371338016042220387e-01,3.751561226596283660e+00,0.000000000000000000e+00,1.000000000000000000e+00,7.371307103228144086e-01
-5.049999999999998579e+01,3.654620648281824424e-01,7.398309689012242396e-01,3.756288035150795679e+00,0.000000000000000000e+00,1.000000000000000000e+00,7.398278573313041839e-01
-5.039999999999999147e+01,3.659351331919121764e-01,7.425351107076201274e-01,3.761012057583401180e+00,0.000000000000000000e+00,1.000000000000000000e+00,7.425319786979408532e-01
-5.030000000000000426e+01,3.664105454560598329e-01,7.452462706502923639e-01,3.765733329394687523e+00,0.000000000000000000e+00,1.000000000000000000e+00,7.452431180480526551e-01
-5.019999999999998153e+01,3.668883136699462311e-01,7.479644926682132988e-01,3.770451887474749242e+00,0.000000000000000000e+00,1.000000000000000000e+00,7.479613193194381005e-01
-5.009999999999998721e+01,3.673684499779361068e-01,7.506898210163283069e-01,3.775167770124817856e+00,0.000000000000000000e+00,1.000000000000000000e+00,7.506866267653629077e-01
-4.999999999999999289e+01,3.678509666203193529e-01,7.534223002680083825e-01,3.779881017079434358e+00,0.000000000000000000e+00,1.000000000000000000e+00,7.534190849575934656e-01
-4.989999999999999858e+01,3.683358759342008626e-01,7.561619753180285342e-01,3.784591669529143942e+00,0.000000000000000000e+00,1.000000000000000000e+00,7.561587387894592727e-01
-4.979999999999998295e+01,3.688231903544019197e-01,7.589088913858039742e-01,3.789299770143755186e+00,0.000000000000000000e+00,1.000000000000000000e+00,7.589056334789564540e-01
-4.969999999999998863e+01,3.693129224143707479e-01,7.616630940186643883e-01,3.794005363096151662e+00,0.000000000000000000e+00,1.000000000000000000e+00,7.616598145718774804e-01
-4.959999999999999432e+01,3.698050847471048841e-01,7.644246290952054768e-01,3.798708494086708853e+00,0.000000000000000000e+00,1.000000000000000000e+00,7.644213279449865173e-01
-4.950000000000000000e+01,3.702996900860830443e-01,7.671935428279441638e-01,3.803409210368282167e+00,0.000000000000000000e+00,1.000000000000000000e+00,7.671902198092240832e-01
-4.940000000000000568e+01,3.707967512662081466e-01,7.699698817667812722e-01,3.808107560771824218e+00,0.000000000000000000e+00,1.000000000000000000e+00,7.699665367129487903e-01
-4.929999999999999005e+01,3.712962812247611044e-01,7.727536928021890850e-01,3.812803595732626061e+00,0.000000000000000000e+00,1.000000000000000000e+00,7.727503255452188302e-01
-4.919999999999999574e+01,3.717982930023656651e-01,7.755450231691107810e-01,3.817497367317194357e+00,0.000000000000000000e+00,1.000000000000000000e+00,7.755416335391059901e-01
-4.910000000000000142e+01,3.723027997439651848e-01,7.783439204497220043e-01,3.822188929250806222e+00,0.000000000000000000e+00,1.000000000000000000e+00,7.783405082750550763e-01
-4.900000000000000711e+01,3.728098146998092277e-01,7.811504325767735235e-01,3.826878336945735981e+00,0.000000000000000000e+00,1.000000000000000000e+00,7.811469976842752017e-01
-4.889999999999998437e+01,3.733193512264531000e-01,7.839646078374163940e-01,3.831565647530174257e+00,0.000000000000000000e+00,1.000000000000000000e+00,7.839611500521720400e-01
-4.879999999999999005e+01,3.738314227877680973e-01,7.867864948765285193e-01,3.836250919877866483e+00,0.000000000000000000e+00,1.000000000000000000e+00,7.867830140218192714e-01
-4.869999999999999574e+01,3.743460429559642977e-01,7.896161427000506494e-01,3.840934214638498378e+00,0.000000000000000000e+00,1.000000000000000000e+00,7.896126385974729933e-01
-4.860000000000000142e+01,3.748632254126243457e-01,7.924536006788837073e-01,3.845615594268817716e+00,0.000000000000000000e+00,1.000000000000000000e+00,7.924500731481222138e-01
-4.849999999999998579e+01,3.753829839497507814e-01,7.952989185519793169e-01,3.850295123064547465e+00,0.000000000000000000e+00,1.000000000000000000e+00,7.952953674110843085e-01
-4.839999999999999147e+01,3.759053324708235833e-01,7.981521464302849811e-01,3.854972867193083630e+00,0.000000000000000000e+00,1.000000000000000000e+00,7.981485714956364497e-01
-4.829999999999999716e+01,3.764302849918726435e-01,8.010133348008474652e-01,3.859648894727025770e+00,0.000000000000000000e+00,1.000000000000000000e+00,8.010097358866994366e-01
-4.820000000000000284e+01,3.769578556425609572e-01,8.038825345298129532e-01,3.864323275678537950e+00,0.000000000000000000e+00,1.000000000000000000e+00,8.038789114485536125e-01
-4.809999999999998721e+01,3.774880586672815785e-01,8.067597968663067221e-01,3.868996082034578787e+00,0.000000000000000000e+00,1.000000000000000000e+00,8.067561494286048518e-01
-4.799999999999999289e+01,3.780209084262667329e-01,8.096451734464676919e-01,3.873667387793018335e+00,0.000000000000000000e+00,1.000000000000000000e+00,8.096415014611905159e-01
-4.789999999999999858e+01,3.785564193967111968e-01,8.125387162975882260e-01,3.878337268999672904e+00,0.000000000000000000e+00,1.000000000000000000e+00,8.125350195714343693e-01
-4.780000000000000426e+01,3.790946061739082773e-01,8.154404778413935073e-01,3.883005803786273358e+00,0.000000000000000000e+00,1.000000000000000000e+00,8.154367561791436847e-01
-4.769999999999998153e+01,3.796354834723992266e-01,8.183505108980566600e-01,3.887673072409404629e+00,0.000000000000000000e+00,1.000000000000000000e+00,8.183467641027526440e-01
-4.759999999999998721e+01,3.801790661271365335e-01,8.212688686907699820e-01,3.892339157290429341e+00,0.000000000000000000e+00,1.000000000000000000e+00,8.212650965633112587e-01
-4.750000000000000000e+01,3.807253690946617031e-01,8.241956048493186415e-01,3.897004143056443048e+00,0.000000000000000000e+00,1.000000000000000000e+00,8.241918071885260266e-01
-4.740000000000000568e+01,3.812744074542959161e-01,8.271307734142083756e-01,3.901668116582274859e+00,0.000000000000000000e+00,1.000000000000000000e+00,8.271269500168416666e-01
-4.729999999999998295e+01,3.818261964093462302e-01,8.300744288406689542e-01,3.906331167033567198e+00,0.000000000000000000e+00,1.000000000000000000e+00,8.300705795015781430e-01
-4.719999999999998863e+01,3.823807512883248272e-01,8.330266260031589098e-01,3.910993385910963571e+00,0.000000000000000000e+00,1.000000000000000000e+00,8.330227505151089895e-01
-4.709999999999999432e+01,3.829380875461848022e-01,8.359874201995668441e-01,3.915654867095451408e+00,0.000000000000000000e+00,1.000000000000000000e+00,8.359835183530991420e-01
-4.700000000000000000e+01,3.834982207655689423e-01,8.389568671552419810e-01,3.920315706894868857e+00,0.000000000000000000e+00,1.000000000000000000e+00,8.389529387387839598e-01
-4.689999999999998437e+01,3.840611666580751593e-01,8.419350230275894909e-01,3.924976004091633275e+00,0.000000000000000000e+00,1.000000000000000000e+00,8.419310678273067561e-01
-4.679999999999999005e+01,3.846269410655360210e-01,8.449219444099045351e-01,3.929635859991701174e+00,0.000000000000000000e+00,1.000000000000000000e+00,8.449179622101021803e-01
-4.669999999999999574e+01,3.851955599613142711e-01,8.479176883367962603e-01,3.934295378474830240e+00,0.000000000000000000e+00,1.000000000000000000e+00,8.479136789193377766e-01
-4.660000000000000142e+01,3.857670394516149459e-01,8.509223122882169088e-01,3.938954666046149189e+00,0.000000000000000000e+00,1.000000000000000000e+00,8.509182754324056130e-01
-4.649999999999998579e+01,3.863413957768119800e-01,8.539358741930938024e-01,3.943613831889093202e+00,0.000000000000000000e+00,1.000000000000000000e+00,8.539318096764705324e-01
-4.639999999999999147e+01,3.869186453127912428e-01,8.569584324353194393e-01,3.948272987919733357e+00,0.000000000000000000e+00,1.000000000000000000e+00,8.569543400330672522e-01
-4.629999999999999716e+01,3.874988045723116170e-01,8.599900458580432838e-01,3.952932248842563112e+00,0.000000000000000000e+00,1.000000000000000000e+00,8.599859253427643013e-01
-4.620000000000000284e+01,3.880818902063806197e-01,8.630307737678446500e-01,3.957591732207754287e+00,0.000000000000000000e+00,1.000000000000000000e+00,8.630266249098734743e-01
-4.609999999999998010e+01,3.886679190056482880e-01,8.660806759398811394e-01,3.962251558469958468e+00,0.000000000000000000e+00,1.000000000000000000e+00,8.660764985072240130e-01
-4.599999999999998579e+01,3.892569079018173284e-01,8.691398126226956844e-01,3.966911851048672943e+00,0.000000000000000000e+00,1.000000000000000000e+00,8.691356063809884125e-01
-4.589999999999999147e+01,3.898488739690714744e-01,8.722082445431660336e-01,3.971572736390245328e+00,0.000000000000000000e+00,1.000000000000000000e+00,8.722040092555765067e-01
-4.580000000000000426e+01,3.904438344255207194e-01,8.752860329115152993e-01,3.976234344031547074e+00,0.000000000000000000e+00,1.000000000000000000e+00,8.752817683385790692e-01
-4.569999999999998153e+01,3.910418066346652566e-01,8.783732394259641252e-01,3.980896806665374488e+00,0.000000000000000000e+00,1.000000000000000000e+00,8.783689453257810253e-01
-4.559999999999998721e+01,3.916428081068762390e-01,8.814699262779669420e-01,3.985560260207625216e+00,0.000000000000000000e+00,1.000000000000000000e+00,8.814656024062273998e-01
-4.549999999999999289e+01,3.922468565008964680e-01,8.845761561574853049e-01,3.990224843866334137e+00,0.000000000000000000e+00,1.000000000000000000e+00,8.845718022673620951e-01
-4.539999999999999858e+01,3.928539696253584013e-01,8.876919922584602940e-01,3.994890700212565982e+00,0.000000000000000000e+00,1.000000000000000000e+00,8.876876081002200713e-01
-4.529999999999998295e+01,3.934641654403228106e-01,8.908174982833015898e-01,3.999557975253297037e+00,0.000000000000000000e+00,1.000000000000000000e+00,8.908130836046929124e-01
-4.519999999999998863e+01,3.940774620588338717e-01,8.939527384483839656e-01,4.004226818506281482e+00,0.000000000000000000e+00,1.000000000000000000e+00,8.939482929948487921e-01
-4.509999999999999432e+01,3.946938777484967353e-01,8.970977774904409507e-01,4.008897383077024479e+00,0.000000000000000000e+00,1.000000000000000000e+00,8.970933010043308231e-01
-4.500000000000000000e+01,3.953134309330732510e-01,9.002526806707968898e-01,4.013569825737871355e+00,0.000000000000000000e+00,1.000000000000000000e+00,9.002481728918149129e-01
-4.490000000000000568e+01,3.959361401940976743e-01,9.034175137815050327e-01,4.018244307009335436e+00,0.000000000000000000e+00,1.000000000000000000e+00,9.034129744465355660e-01
-4.479999999999999005e+01,3.965620242725136357e-01,9.065923431506804908e-01,4.022920991243692512e+00,0.000000000000000000e+00,1.000000000000000000e+00,9.065877719938865154e-01
-4.469999999999999574e+01,3.971911020703304818e-01,9.097772356481936828e-01,4.027600046710936965e+00,0.000000000000000000e+00,1.000000000000000000e+00,9.097726324010823040e-01
-4.460000000000000142e+01,3.978233926523018771e-01,9.129722586919519767e-01,4.032281645687183946e+00,0.000000000000000000e+00,1.000000000000000000e+00,9.129676230829032457e-01
-4.450000000000000711e+01,3.984589152476251117e-01,9.161774802531635897e-01,4.036965964545568220e+00,0.000000000000000000e+00,1.000000000000000000e+00,9.161728120075008919e-01
-4.439999999999998437e+01,3.990976892516617802e-01,9.193929688617047402e-01,4.041653183849753361e+00,0.000000000000000000e+00,1.000000000000000000e+00,9.193882677022854333e-01
-4.429999999999999005e+01,3.997397342276798327e-01,9.226187936134130352e-01,4.046343488450109049e+00,0.000000000000000000e+00,1.000000000000000000e+00,9.226140592598788270e-01
-4.419999999999999574e+01,4.003850699086202169e-01,9.258550241753030763e-01,4.051037067582676343e+00,0.000000000000000000e+00,1.000000000000000000e+00,9.258502563441556310e-01
-4.410000000000000142e+01,4.010337161988825616e-01,9.291017307915883094e-01,4.055734114970981352e+00,0.000000000000000000e+00,1.000000000000000000e+00,9.290969291963474541e-01
-4.399999999999998579e+01,4.016856931761371152e-01,9.323589842901228719e-01,4.060434828930806539e+00,0.000000000000000000e+00,1.000000000000000000e+00,9.323541486412353363e-01
-4.389999999999999147e+01,4.023410210931568920e-01,9.356268560884364316e-01,4.065139412478032455e+00,0.000000000000000000e+00,1.000000000000000000e+00,9.356219860934120724e-01
-4.379999999999999716e+01,4.029997203796760741e-01,9.389054182008479410e-01,4.069848073439623626e+00,0.000000000000000000e+00,1.000000000000000000e+00,9.389005135636350197e-01
-4.370000000000000284e+01,4.036618116442707294e-01,9.421947432439301551e-01,4.074561024567900702e+00,0.000000000000000000e+00,1.000000000000000000e+00,9.421898036652508468e-01
-4.359999999999998721e+01,4.043273156762640652e-01,9.454949044429284966e-01,4.079278483658170806e+00,0.000000000000000000e+00,1.000000000000000000e+00,9.454899296207085468e-01
-4.349999999999999289e+01,4.049962534476559406e-01,9.488059756393942834e-01,4.084000673669863524e+00,0.000000000000000000e+00,1.000000000000000000e+00,9.488009652681510531e-01
-4.339999999999999858e+01,4.056686461150792455e-01,9.521280312976151405e-01,4.088727822851292437e+00,0.000000000000000000e+00,1.000000000000000000e+00,9.521229850680997808e-01
-4.330000000000000426e+01,4.063445150217794843e-01,9.554611465104816403e-01,4.093460164868131024e+00,0.000000000000000000e+00,1.000000000000000000e+00,9.554560641102186613e-01
-4.319999999999998153e+01,4.070238816996210596e-01,9.588053970068604048e-01,4.098197938935783213e+00,0.000000000000000000e+00,1.000000000000000000e+00,9.588002781201677704e-01
-4.309999999999999432e+01,4.077067678711195353e-01,9.621608591589221327e-01,4.102941389955739204e+00,0.000000000000000000e+00,1.000000000000000000e+00,9.621557034665446650e-01
-4.300000000000000000e+01,4.083931954515012119e-01,9.655276099888381314e-01,4.107690768656095948e+00,0.000000000000000000e+00,1.000000000000000000e+00,9.655224171679219758e-01
-4.290000000000000568e+01,4.090831865507884579e-01,9.689057271759340395e-01,4.112446331736357763e+00,0.000000000000000000e+00,1.000000000000000000e+00,9.689004968999684886e-01
-4.279999999999998295e+01,4.097767634759136857e-01,9.722952890635870871e-01,4.117208342016680511e+00,0.000000000000000000e+00,1.000000000000000000e+00,9.722900210026694801e-01
-4.269999999999998863e+01,4.104739487328594172e-01,9.756963746669894411e-01,4.121977068591722748e+00,0.000000000000000000e+00,1.000000000000000000e+00,9.756910684876356488e-01
-4.259999999999999432e+01,4.111747650288289369e-01,9.791090636808237324e-01,4.126752786989269950e+00,0.000000000000000000e+00,1.000000000000000000e+00,9.791037190455170736e-01
-4.250000000000000000e+01,4.118792352744436447e-01,9.825334364860441871e-01,4.131535779333786351e+00,0.000000000000000000e+00,1.000000000000000000e+00,9.825280530535048795e-01
-4.239999999999998437e+01,4.125873825859704414e-01,9.859695741576439687e-01,4.136326334515098679e+00,0.000000000000000000e+00,1.000000000000000000e+00,9.859641515829394853e-01
-4.229999999999999005e+01,4.132992302875779789e-01,9.894175584725125594e-01,4.141124748362368990e+00,0.000000000000000000e+00,1.000000000000000000e+00,9.894120964070117763e-01
-4.219999999999999574e+01,4.140148019136238311e-01,9.928774719176349794e-01,4.145931323823589310e+00,0.000000000000000000e+00,1.000000000000000000e+00,9.928719700085749666e-01
-4.210000000000000142e+01,4.147341212109718067e-01,9.963493976975896782e-01,4.150746371150754399e+00,0.000000000000000000e+00,1.000000000000000000e+00,9.963438555880546055e-01
-4.199999999999998579e+01,4.154572121413399599e-01,9.998334197420710723e-01,4.155570208090964890e+00,0.000000000000000000e+00,1.000000000000000000e+00,9.998278370714644980e-01
-4.189999999999999147e+01,4.161840988836795763e-01,1.003329622714882019e+00,4.160403160083653518e+00,0.000000000000000000e+00,1.000000000000000000e+00,1.003323999118527876e+00
-4.179999999999999716e+01,4.169148058365877985e-01,1.006838092021919095e+00,4.165245560464180485e+00,0.000000000000000000e+00,1.000000000000000000e+00,1.006832427130914587e+00
-4.170000000000000284e+01,4.176493576207506164e-01,1.010358913819539017e+00,4.170097750674027104e+00,0.000000000000000000e+00,1.000000000000000000e+00,1.010353207260578534e+00
-4.159999999999998010e+01,4.183877790814208852e-01,1.013892175022402808e+00,4.174960080477836399e+00,0.000000000000000000e+00,1.000000000000000000e+00,1.013886426418216136e+00
-4.149999999999998579e+01,4.191300952909268185e-01,1.017437963312669336e+00,4.179832908187576024e+00,0.000000000000000000e+00,1.000000000000000000e+00,1.017432172281828029e+00
-4.139999999999999147e+01,4.198763315512183403e-01,1.020996367149092032e+00,4.184716600894077487e+00,0.000000000000000000e+00,1.000000000000000000e+00,1.020990533305409897e+00
-4.130000000000000426e+01,4.206265133964446901e-01,1.024567475774820657e+00,4.189611534706244811e+00,0.000000000000000000e+00,1.000000000000000000e+00,1.024561598727748990e+00
-4.119999999999998153e+01,4.213806665955688868e-01,1.028151379226463602e+00,4.194518094998231916e+00,0.000000000000000000e+00,1.000000000000000000e+00,1.028145458581345872e+00
-4.109999999999998721e+01,4.221388171550162216e-01,1.031748168343944450e+00,4.199436676664883628e+00,0.000000000000000000e+00,1.000000000000000000e+00,1.031742203701452976e+00
-4.099999999999999289e+01,4.229009913213617189e-01,1.035357934779241207e+00,4.204367684385786674e+00,0.000000000000000000e+00,1.000000000000000000e+00,1.035351925735244150e+00
-4.089999999999999858e+01,4.236672155840509602e-01,1.038980771005414416e+00,4.209311532898254882e+00,0.000000000000000000e+00,1.000000000000000000e+00,1.038974717151099458e+00
-4.079999999999998295e+01,4.244375166781612640e-01,1.042616770326006748e+00,4.214268647279595825e+00,0.000000000000000000e+00,1.000000000000000000e+00,1.042610671248026089e+00
-4.069999999999998863e+01,4.252119215871977831e-01,1.046266026884775657e+00,4.219239463239039978e+00,0.000000000000000000e+00,1.000000000000000000e+00,1.046259882165196498e+00
-4.059999999999999432e+01,4.259904575459314557e-01,1.049928635676103728e+00,4.224224427419723149e+00,0.000000000000000000e+00,1.000000000000000000e+00,1.049922444891633777e+00
-4.050000000000000000e+01,4.267731520432739289e-01,1.053604692553468336e+00,4.229223997711112126e+00,0.000000000000000000e+00,1.000000000000000000e+00,1.053598455276016255e+00
-4.039999999999997726e+01,4.275600328251925042e-01,1.057294294239846666e+00,4.234238643572304284e+00,0.000000000000000000e+00,1.000000000000000000e+00,1.057288010036625758e+00
-4.029999999999999005e+01,4.283511278976659953e-01,1.060997538338278146e+00,4.239268846366639032e+00,0.000000000000000000e+00,1.000000000000000000e+00,1.060991206771425777e+00
-4.019999999999999574e+01,4.291464655296819419e-01,1.064714523342118468e+00,4.244315099708106054e+00,0.000000000000000000e+00,1.000000000000000000e+00,1.064708143968289722e+00
-4.010000000000000142e+01,4.299460742562754012e-01,1.068445348644580406e+00,4.249377909819996191e+00,0.000000000000000000e+00,1.000000000000000000e+00,1.068438921015363752e+00
-4.000000000000000711e+01,4.307499828816091503e-01,1.072190114549875117e+00,4.254457795906343875e+00,0.000000000000000000e+00,1.000000000000000000e+00,1.072183638211574808e+00
-3.989999999999998437e+01,4.315582204820990198e-01,1.075948922283567422e+00,4.259555290536668259e+00,0.000000000000000000e+00,1.000000000000000000e+00,1.075942396777288979e+00
-3.979999999999999005e+01,4.323708164095806383e-01,1.079721874003684023e+00,4.264670940044580583e+00,0.000000000000000000e+00,1.000000000000000000e+00,1.079715298865112194e+00
-3.969999999999999574e+01,4.331878002945236394e-01,1.083509072811707163e+00,4.269805304940843982e+00,0.000000000000000000e+00,1.000000000000000000e+00,1.083502447570853677e+00
-3.960000000000000142e+01,4.340092020492883340e-01,1.087310622763372425e+00,4.274958960341503023e+00,0.000000000000000000e+00,1.000000000000000000e+00,1.087303946944631505e+00
-3.949999999999998579e+01,4.348350518714307889e-01,1.091126628879983462e+00,4.280132496411710008e+00,0.000000000000000000e+00,1.000000000000000000e+00,1.091119902002143371e+00
-3.939999999999999147e+01,4.356653802470524250e-01,1.094957197159650564e+00,4.285326518825945286e+00,0.000000000000000000e+00,1.000000000000000000e+00,1.094950418736089226e+00
-3.929999999999999716e+01,4.365002179541991878e-01,1.098802434589881027e+00,4.290541649245333211e+00,0.000000000000000000e+00,1.000000000000000000e+00,1.098795604127764225e+00
-3.920000000000000284e+01,4.373395960663086224e-01,1.102662449158376301e+00,4.295778525812793625e+00,0.000000000000000000e+00,1.000000000000000000e+00,1.102655566158811551e+00
-3.909999999999998721e+01,4.381835459557051338e-01,1.106537349864540776e+00,4.301037803666810433e+00,0.000000000000000000e+00,1.000000000000000000e+00,1.106530413823141101e+00
-3.899999999999999289e+01,4.390320992971455949e-01,1.110427246732877959e+00,4.306320155474649525e+00,0.000000000000000000e+00,1.000000000000000000e+00,1.110420257139017597e+00
-3.889999999999999858e+01,4.398852880714174129e-01,1.114332250824608739e+00,4.311626271985880443e+00,0.000000000000000000e+00,1.000000000000000000e+00,1.114325207161331210e+00
-3.880000000000000426e+01,4.407431445689856675e-01,1.118252474249880946e+00,4.316956862607110423e+00,0.000000000000000000e+00,1.000000000000000000e+00,1.118245375994030066e+00
-3.869999999999998153e+01,4.416057013936950382e-01,1.122188030180528706e+00,4.322312655998891806e+00,0.000000000000000000e+00,1.000000000000000000e+00,1.122180876802743477e+00
-3.859999999999999432e+01,4.424729914665231356e-01,1.126139032863192391e+00,4.327694400695786925e+00,0.000000000000000000e+00,1.000000000000000000e+00,1.126131823827575484e+00
-3.850000000000000000e+01,4.433450480293906759e-01,1.130105597632048209e+00,4.333102865750682930e+00,0.000000000000000000e+00,1.000000000000000000e+00,1.130098332396096472e+00
-3.840000000000000568e+01,4.442219046490240020e-01,1.134087840921901069e+00,4.338538841404429469e+00,0.000000000000000000e+00,1.000000000000000000e+00,1.134080518936510851e+00
-3.829999999999998295e+01,4.451035952208765578e-01,1.138085880281529683e+00,4.344003139781993816e+00,0.000000000000000000e+00,1.000000000000000000e+00,1.138078500991025033e+00
-3.819999999999998863e+01,4.459901539731047082e-01,1.142099834387424906e+00,4.349496595616352934e+00,0.000000000000000000e+00,1.000000000000000000e+00,1.142092397229399037e+00
-3.809999999999999432e+01,4.468816154706047317e-01,1.146129823057914665e+00,4.355020067001445838e+00,0.000000000000000000e+00,1.000000000000000000e+00,1.146122327462709700e+00
-3.800000000000000000e+01,4.477780146191064348e-01,1.150175967266314991e+00,4.360574436175516766e+00,0.000000000000000000e+00,1.000000000000000000e+00,1.150168412657303962e+00
-3.789999999999998437e+01,4.486793866693281063e-01,1.154238389155224809e+00,4.366160610336327963e+00,0.000000000000000000e+00,1.000000000000000000e+00,1.154230774948961313e+00
-3.779999999999999005e+01,4.495857672211915901e-01,1.158317212051609868e+00,4.371779522489743997e+00,0.000000000000000000e+00,1.000000000000000000e+00,1.158309537657260968e+00
-3.769999999999999574e+01,4.504971922281016949e-01,1.162412560480983625e+00,4.377432132333308523e+00,0.000000000000000000e+00,1.000000000000000000e+00,1.162404825300167532e+00
-3.760000000000000142e+01,4.514136980012861122e-01,1.166524560181707360e+00,4.383119427176499272e+00,0.000000000000000000e+00,1.000000000000000000e+00,1.166516763608823615e+00
-3.749999999999998579e+01,4.523353212142016688e-01,1.170653338120645204e+00,4.388842422899458029e+00,0.000000000000000000e+00,1.000000000000000000e+00,1.170645479542567813e+00
-3.739999999999999147e+01,4.532620989070050843e-01,1.174799022508278945e+00,4.394602164952068790e+00,0.000000000000000000e+00,1.000000000000000000e+00,1.174791101304169860e+00
-3.729999999999999716e+01,4.541940684910911186e-01,1.178961742814176983e+00,4.400399729395436665e+00,0.000000000000000000e+00,1.000000000000000000e+00,1.178953758355299586e+00
-3.720000000000000284e+01,4.551312677536977214e-01,1.183141629782443971e+00,4.406236223987804124e+00,0.000000000000000000e+00,1.000000000000000000e+00,1.183133581432219250e+00
-3.709999999999998010e+01,4.560737348625805154e-01,1.187338815447719353e+00,4.412112789317204964e+00,0.000000000000000000e+00,1.000000000000000000e+00,1.187330702561715690e+00
-3.699999999999998579e+01,4.570215083707571679e-01,1.191553433151767649e+00,4.418030599983182150e+00,0.000000000000000000e+00,1.000000000000000000e+00,1.191545255077265608e+00
-3.689999999999999147e+01,4.579746272213240932e-01,1.195785617559407488e+00,4.423990865830099040e+00,0.000000000000000000e+00,1.000000000000000000e+00,1.195777373635452889e+00
-3.680000000000000426e+01,4.589331307523440984e-01,1.200035504675575515e+00,4.429994833234665030e+00,0.000000000000000000e+00,1.000000000000000000e+00,1.200027194232623273e+00
-3.669999999999998153e+01,4.598970587018103018e-01,1.204303231861574730e+00,4.436043786450521331e+00,0.000000000000000000e+00,1.000000000000000000e+00,1.204294854221797939e+00
-3.659999999999998721e+01,4.608664512126818824e-01,1.208588937852643763e+00,4.442139049012808982e+00,0.000000000000000000e+00,1.000000000000000000e+00,1.208580492329834444e+00
-3.649999999999999289e+01,4.618413488380004317e-01,1.212892762776135225e+00,4.448281985205944977e+00,0.000000000000000000e+00,1.000000000000000000e+00,1.212884248674861221e+00
-3.639999999999999858e+01,4.628217925460814119e-01,1.217214848168152175e+00,4.454474001597881205e+00,0.000000000000000000e+00,1.000000000000000000e+00,1.217206264783965208e+00
-3.629999999999998295e+01,4.638078237257860503e-01,1.221555336991304586e+00,4.460716548644445112e+00,0.000000000000000000e+00,1.000000000000000000e+00,1.221546683611157036e+00
-3.619999999999998863e+01,4.647994841918725029e-01,1.225914373653927303e+00,4.467011122367508413e+00,0.000000000000000000e+00,1.000000000000000000e+00,1.225905649555600663e+00
-3.609999999999999432e+01,4.657968161904322280e-01,1.230292104028477551e+00,4.473359266111011756e+00,0.000000000000000000e+00,1.000000000000000000e+00,1.230283308480140114e+00
-3.600000000000000000e+01,4.667998624044067957e-01,1.234688675469898023e+00,4.479762572379057950e+00,0.000000000000000000e+00,1.000000000000000000e+00,1.234679807730093337e+00
-3.589999999999997726e+01,4.678086659591923491e-01,1.239104236834482453e+00,4.486222684760658552e+00,0.000000000000000000e+00,1.000000000000000000e+00,1.239095296152347814e+00
-3.579999999999999005e+01,4.688232704283278873e-01,1.243538938499451740e+00,4.492741299945876676e+00,0.000000000000000000e+00,1.000000000000000000e+00,1.243529924114740171e+00
-3.569999999999999574e+01,4.698437198392749758e-01,1.247992932383568787e+00,4.499320169838552985e+00,0.000000000000000000e+00,1.000000000000000000e+00,1.247983843525748426e+00
-3.560000000000000142e+01,4.708700586792856635e-01,1.252466371966247882e+00,4.505961103771022991e+00,0.000000000000000000e+00,1.000000000000000000e+00,1.252457207854481558e+00
-3.550000000000000711e+01,4.719023319013621043e-01,1.256959412307614210e+00,4.512665970826644113e+00,0.000000000000000000e+00,1.000000000000000000e+00,1.256950172150984146e+00
-3.539999999999998437e+01,4.729405849303087161e-01,1.261472210069397581e+00,4.519436702276338202e+00,0.000000000000000000e+00,1.000000000000000000e+00,1.261462893066854773e+00
-3.529999999999999005e+01,4.739848636688802630e-01,1.266004923536380833e+00,4.526275294135725602e+00,0.000000000000000000e+00,1.000000000000000000e+00,1.265995528876188603e+00
-3.519999999999999574e+01,4.750352145040263041e-01,1.270557712637156111e+00,4.533183809849937518e+00,0.000000000000000000e+00,1.000000000000000000e+00,1.270548239496853027e+00
-3.510000000000000142e+01,4.760916843132333987e-01,1.275130738966139710e+00,4.540164383113559410e+00,0.000000000000000000e+00,1.000000000000000000e+00,1.275121186512091720e+00
-3.499999999999998579e+01,4.771543204709687847e-01,1.279724165804488667e+00,4.547219220833807363e+00,0.000000000000000000e+00,1.000000000000000000e+00,1.279714533192473747e+00
-3.489999999999999147e+01,4.782231708552230898e-01,1.284338158143766728e+00,4.554350606245476385e+00,0.000000000000000000e+00,1.000000000000000000e+00,1.284328444518182621e+00
-3.479999999999999716e+01,4.792982838541622326e-01,1.288972882708149692e+00,4.561560902186855060e+00,0.000000000000000000e+00,1.000000000000000000e+00,1.288963087201675739e+00
-3.470000000000000284e+01,4.803797083728791883e-01,1.293628507976837039e+00,4.568852554546430689e+00,0.000000000000000000e+00,1.000000000000000000e+00,1.293618629710682866e+00
-3.459999999999998721e+01,4.814674938402585536e-01,1.298305204207794050e+00,4.576228095890885861e+00,0.000000000000000000e+00,1.000000000000000000e+00,1.298295242291589213e+00
-3.449999999999999289e+01,4.825616902159465815e-01,1.303003143461797464e+00,4.583690149285666315e+00,0.000000000000000000e+00,1.000000000000000000e+00,1.302993096993176669e+00
-3.439999999999999858e+01,4.836623479974379580e-01,1.307722499626489343e+00,4.591241432320189553e+00,0.000000000000000000e+00,1.000000000000000000e+00,1.307712367690762933e+00
-3.430000000000000426e+01,4.847695182272716008e-01,1.312463448440821523e+00,4.598884761350639394e+00,0.000000000000000000e+00,1.000000000000000000e+00,1.312453230110713687e+00
-3.419999999999998153e+01,4.858832525003474179e-01,1.317226167519349955e+00,4.606623055974234049e+00,0.000000000000000000e+00,1.000000000000000000e+00,1.317215861855361103e+00
-3.409999999999999432e+01,4.870036029713555314e-01,1.322010836378276322e+00,4.614459343749933495e+00,0.000000000000000000e+00,1.000000000000000000e+00,1.322000442428310496e+00
-3.400000000000000000e+01,4.881306223623331220e-01,1.326817636461623096e+00,4.622396765181577827e+00,0.000000000000000000e+00,1.000000000000000000e+00,1.326807153260178396e+00
-3.390000000000000568e+01,4.892643639703378455e-01,1.331646751166268405e+00,4.630438578980747621e+00,0.000000000000000000e+00,1.000000000000000000e+00,1.331636177734729198e+00
-3.379999999999998295e+01,4.904048816752508144e-01,1.336498365868996396e+00,4.638588167627880843e+00,0.000000000000000000e+00,1.000000000000000000e+00,1.336487701215449686e+00
-3.369999999999998863e+01,4.915522299477035895e-01,1.341372667953471431e+00,4.646849043251643607e+00,0.000000000000000000e+00,1.000000000000000000e+00,1.341361911072548319e+00
-3.359999999999999432e+01,4.927064638571386768e-01,1.346269846838357376e+00,4.655224853848134003e+00,0.000000000000000000e+00,1.000000000000000000e+00,1.346258996710408606e+00
-3.350000000000000000e+01,4.938676390800001981e-01,1.351190094003993147e+00,4.663719389863085318e+00,0.000000000000000000e+00,1.000000000000000000e+00,1.351179149595485240e+00
-3.339999999999998437e+01,4.950358119080598418e-01,1.356133603021350664e+00,4.672336591162198793e+00,0.000000000000000000e+00,1.000000000000000000e+00,1.356122563284659410e+00
-3.329999999999999005e+01,4.962110392568812589e-01,1.361100569581262132e+00,4.681080554416653605e+00,0.000000000000000000e+00,1.000000000000000000e+00,1.361089433454064856e+00
-3.319999999999999574e+01,4.973933786744246799e-01,1.366091191523418402e+00,4.689955540933100409e+00,0.000000000000000000e+00,1.000000000000000000e+00,1.366079957928396649e+00
-3.310000000000000142e+01,4.985828883497941399e-01,1.371105668865920890e+00,4.698965984959761144e+00,0.000000000000000000e+00,1.000000000000000000e+00,1.371094336710696693e+00
-3.299999999999998579e+01,4.997796271221305320e-01,1.376144203835386826e+00,4.708116502502943668e+00,0.000000000000000000e+00,1.000000000000000000e+00,1.376132772012642835e+00
-3.289999999999999147e+01,5.009836544896529853e-01,1.381207000898530435e+00,4.717411900691100612e+00,0.000000000000000000e+00,1.000000000000000000e+00,1.381195468285338457e+00
-3.279999999999999716e+01,5.021950306188535107e-01,1.386294266793109076e+00,4.726857187726730025e+00,0.000000000000000000e+00,1.000000000000000000e+00,1.386282632250625202e+00
-3.270000000000000284e+01,5.034138163538438571e-01,1.391406210559933632e+00,4.736457583469811716e+00,0.000000000000000000e+00,1.000000000000000000e+00,1.391394472932915738e+00
-3.259999999999998010e+01,5.046400732258625732e-01,1.396543043574314691e+00,4.746218530700277327e+00,0.000000000000000000e+00,1.000000000000000000e+00,1.396531201691564750e+00
-3.249999999999998579e+01,5.058738634629385000e-01,1.401704979579866617e+00,4.756145707111137710e+00,0.000000000000000000e+00,1.000000000000000000e+00,1.401693032253783722e+00
-3.239999999999999147e+01,5.071152499997239049e-01,1.406892234722658230e+00,4.766245038088487540e+00,0.000000000000000000e+00,1.000000000000000000e+00,1.406880180748121045e+00
-3.230000000000000426e+01,5.083642964874901526e-01,1.412105027583674177e+00,4.776522710339552447e+00,0.000000000000000000e+00,1.000000000000000000e+00,1.412092865738503455e+00
-3.219999999999998153e+01,5.096210673042955719e-01,1.417343579214022764e+00,4.786985186435556372e+00,0.000000000000000000e+00,1.000000000000000000e+00,1.417331308258860778e+00
-3.209999999999998721e+01,5.108856275653264056e-01,1.422608113170675148e+00,4.797639220342180266e+00,0.000000000000000000e+00,1.000000000000000000e+00,1.422595731848338652e+00
-3.199999999999999289e+01,5.121580431334167294e-01,1.427898855552150570e+00,4.808491874017291501e+00,0.000000000000000000e+00,1.000000000000000000e+00,1.427886362587123870e+00
-3.190000000000000213e+01,5.134383806297473374e-01,1.433216035034655000e+00,4.819550535162841598e+00,0.000000000000000000e+00,1.000000000000000000e+00,1.433203429132873241e+00
-3.179999999999998295e+01,5.147267074447304802e-01,1.438559882908768683e+00,4.830822936226281783e+00,0.000000000000000000e+00,1.000000000000000000e+00,1.438547162757779940e+00
-3.169999999999998863e+01,5.160230917490807867e-01,1.443930633117905593e+00,4.842317174755862652e+00,0.000000000000000000e+00,1.000000000000000000e+00,1.443917797386273127e+00
-3.159999999999999432e+01,5.173276025050815852e-01,1.449328522296829957e+00,4.854041735224400966e+00,0.000000000000000000e+00,1.000000000000000000e+00,1.449315569633378153e+00
-3.150000000000000000e+01,5.186403094780440703e-01,1.454753789809929421e+00,4.866005512447284076e+00,0.000000000000000000e+00,1.000000000000000000e+00,1.454740718843739344e+00
-3.139999999999998082e+01,5.199612832479680868e-01,1.460206677790865326e+00,4.878217836733104384e+00,0.000000000000000000e+00,1.000000000000000000e+00,1.460193487131323797e+00
-3.129999999999998650e+01,5.212905952214050842e-01,1.465687431183944067e+00,4.890688500919223358e+00,0.000000000000000000e+00,1.000000000000000000e+00,1.465674119419814625e+00
-3.119999999999999218e+01,5.226283176435327915e-01,1.471196297784704621e+00,4.903427789460206299e+00,0.000000000000000000e+00,1.000000000000000000e+00,1.471182863483728509e+00
-3.109999999999999787e+01,5.239745236104378368e-01,1.476733528281076069e+00,4.916446509754392125e+00,0.000000000000000000e+00,1.000000000000000000e+00,1.476719969990234471e+00
-3.100000000000000711e+01,5.253292870816184124e-01,1.482299376297412818e+00,4.929756025913429873e+00,0.000000000000000000e+00,1.000000000000000000e+00,1.482285692541728261e+00
-3.089999999999998792e+01,5.266926828927076532e-01,1.487894098436326029e+00,4.943368295201370444e+00,0.000000000000000000e+00,1.000000000000000000e+00,1.487880287719151040e+00
-3.079999999999999361e+01,5.280647867684207242e-01,1.493517954323392516e+00,4.957295907394380308e+00,0.000000000000000000e+00,1.000000000000000000e+00,1.493504015126075224e+00
-3.069999999999999929e+01,5.294456753357357215e-01,1.499171206652837762e+00,4.971552127339770699e+00,0.000000000000000000e+00,1.000000000000000000e+00,1.499157137433585030e+00
-3.060000000000000497e+01,5.308354261373081640e-01,1.504854121232243047e+00,4.986150941023777428e+00,0.000000000000000000e+00,1.000000000000000000e+00,1.504839920425948163e+00
-3.049999999999998579e+01,5.322341176451257372e-01,1.510566967028525776e+00,5.001107105492724969e+00,0.000000000000000000e+00,1.000000000000000000e+00,1.510552633047109294e+00
-3.039999999999999147e+01,5.336418292744073977e-01,1.516310016216448453e+00,5.016436203011394035e+00,0.000000000000000000e+00,1.000000000000000000e+00,1.516295547448014869e+00
-3.029999999999999716e+01,5.350586413977560518e-01,1.522083544227237795e+00,5.032154699887217753e+00,0.000000000000000000e+00,1.000000000000000000e+00,1.522068939034798785e+00
-3.020000000000000284e+01,5.364846353595646988e-01,1.527887829795985919e+00,5.048280010439364140e+00,0.000000000000000000e+00,1.000000000000000000e+00,1.527873086517832046e+00
-3.009999999999998366e+01,5.379198934906829210e-01,1.533723155012000516e+00,5.064830566649225929e+00,0.000000000000000000e+00,1.000000000000000000e+00,1.533708271961658820e+00
-2.999999999999999289e+01,5.393644991233516039e-01,1.539589805370764397e+00,5.081825894094174956e+00,0.000000000000000000e+00,1.000000000000000000e+00,1.539574780835844203e+00
-2.989999999999999858e+01,5.408185366064105493e-01,1.545488069825068145e+00,5.099286694840855283e+00,0.000000000000000000e+00,1.000000000000000000e+00,1.545472902066752141e+00
-2.980000000000000426e+01,5.422820913207825333e-01,1.551418240837576956e+00,5.117234938059290528e+00,0.000000000000000000e+00,1.000000000000000000e+00,1.551402928090265032e+00
-2.969999999999998508e+01,5.437552496952429149e-01,1.557380614434156429e+00,5.135693959216437676e+00,0.000000000000000000e+00,1.000000000000000000e+00,1.557365154905471449e+00
-2.959999999999999076e+01,5.452380992224773459e-01,1.563375490259522271e+00,5.154688568819375760e+00,0.000000000000000000e+00,1.000000000000000000e+00,1.563359882129337075e+00
-2.949999999999999645e+01,5.467307284754399088e-01,1.569403171632772764e+00,5.174245171806735932e+00,0.000000000000000000e+00,1.000000000000000000e+00,1.569387413052399483e+00
-2.940000000000000213e+01,5.482332271240099031e-01,1.575463965603453920e+00,5.194391898834560095e+00,0.000000000000000000e+00,1.000000000000000000e+00,1.575448054695476774e+00
-2.929999999999998295e+01,5.497456859519610495e-01,1.581558183009277974e+00,5.215158750873743365e+00,0.000000000000000000e+00,1.000000000000000000e+00,1.581542117867441810e+00
-2.919999999999998863e+01,5.512681968742437766e-01,1.587686138535868929e+00,5.236577758733631072e+00,0.000000000000000000e+00,1.000000000000000000e+00,1.587669917224057592e+00
-2.909999999999999787e+01,5.528008529545953564e-01,1.593848150776618011e+00,5.258683159355868497e+00,0.000000000000000000e+00,1.000000000000000000e+00,1.593831771327934632e+00
-2.900000000000000355e+01,5.543437484234752244e-01,1.600044542292882177e+00,5.281511590989321547e+00,0.000000000000000000e+00,1.000000000000000000e+00,1.600028002709591668e+00
-2.889999999999998437e+01,5.558969786963409154e-01,1.606275639676530753e+00,5.305102309668531468e+00,0.000000000000000000e+00,1.000000000000000000e+00,1.606258937929676556e+00
-2.879999999999999005e+01,5.574606403922661713e-01,1.612541773613928253e+00,5.329497429782377615e+00,0.000000000000000000e+00,1.000000000000000000e+00,1.612524907642347349e+00
-2.869999999999999574e+01,5.590348313529152069e-01,1.618843278950250486e+00,5.354742191947530650e+00,0.000000000000000000e+00,1.000000000000000000e+00,1.618826246659876622e+00
-2.860000000000000142e+01,5.606196506618729147e-01,1.625180494755192440e+00,5.380885261904449379e+00,0.000000000000000000e+00,1.000000000000000000e+00,1.625163294018454829e+00
-2.849999999999998224e+01,5.622151986643473265e-01,1.631553764389635175e+00,5.407979064748373865e+00,0.000000000000000000e+00,1.000000000000000000e+00,1.631536393045266653e+00
-2.839999999999998792e+01,5.638215769872436667e-01,1.637963435574535165e+00,5.436080159511869958e+00,0.000000000000000000e+00,1.000000000000000000e+00,1.637945891426833889e+00
-2.829999999999999361e+01,5.654388885596290937e-01,1.644409860461344186e+00,5.465249659952974959e+00,0.000000000000000000e+00,1.000000000000000000e+00,1.644392141278684161e+00
-2.820000000000000284e+01,5.670672376335865739e-01,1.650893395701555910e+00,5.495553708401551773e+00,0.000000000000000000e+00,1.000000000000000000e+00,1.650875499216345244e+00
-2.809999999999998366e+01,5.687067298054725439e-01,1.657414402519227448e+00,5.527064010712840592e+00,0.000000000000000000e+00,1.000000000000000000e+00,1.657396326427715394e+00
-2.799999999999998934e+01,5.703574720375848006e-01,1.663973246785928284e+00,5.559858441814832908e+00,0.000000000000000000e+00,1.000000000000000000e+00,1.663954988746827013e+00
-2.789999999999999503e+01,5.720195726802546066e-01,1.670570299095579081e+00,5.594021733071668834e+00,0.000000000000000000e+00,1.000000000000000000e+00,1.670551856729056484e+00
-2.780000000000000071e+01,5.736931414943648999e-01,1.677205934840367174e+00,5.629646254788468696e+00,0.000000000000000000e+00,1.000000000000000000e+00,1.677187305727784628e+00
-2.769999999999998153e+01,5.753782896743112607e-01,1.683880534289211139e+00,5.666832909744088376e+00,0.000000000000000000e+00,1.000000000000000000e+00,1.683861715972561957e+00
-2.759999999999998721e+01,5.770751298714109634e-01,1.690594482667886034e+00,5.705692156770141743e+00,0.000000000000000000e+00,1.000000000000000000e+00,1.690575472648798705e+00
-2.749999999999999289e+01,5.787837762177754364e-01,1.697348170240451815e+00,5.746345187244467745e+00,0.000000000000000000e+00,1.000000000000000000e+00,1.697328965979036930e+00
-2.740000000000000213e+01,5.805043443506512357e-01,1.704141992391824845e+00,5.788925282122235672e+00,0.000000000000000000e+00,1.000000000000000000e+00,1.704122591305812451e+00
-2.729999999999998295e+01,5.822369514372449650e-01,1.710976349711300637e+00,5.833579383034246391e+00,0.000000000000000000e+00,1.000000000000000000e+00,1.710956749176162583e+00
-2.719999999999998863e+01,5.839817162000373596e-01,1.717851648080295668e+00,5.880469918358406822e+00,0.000000000000000000e+00,1.000000000000000000e+00,1.717831845427806314e+00
-2.709999999999999432e+01,5.857387589426090724e-01,1.724768298760275931e+00,5.929776934438756086e+00,0.000000000000000000e+00,1.000000000000000000e+00,1.724748291277057310e+00
-2.700000000000000000e+01,5.875082015759758303e-01,1.731726718481279015e+00,5.981700593844412772e+00,0.000000000000000000e+00,1.000000000000000000e+00,1.731706503408478204e+00
-2.689999999999998082e+01,5.892901676454567195e-01,1.738727329533608534e+00,6.036464117475707880e+00,0.000000000000000000e+00,1.000000000000000000e+00,1.738706904066342540e+00
-2.679999999999998650e+01,5.910847823580791527e-01,1.745770559861885118e+00,6.094317266441083625e+00,0.000000000000000000e+00,1.000000000000000000e+00,1.745749921147929706e+00
-2.669999999999999218e+01,5.928921726105431667e-01,1.752856843160431000e+00,6.155540484314206751e+00,0.000000000000000000e+00,1.000000000000000000e+00,1.752835988298718783e+00
-2.659999999999999787e+01,5.947124670177471595e-01,1.759986618969258787e+00,6.220449852510862243e+00,0.000000000000000000e+00,1.000000000000000000e+00,1.759965545009496424e+00
-2.649999999999997868e+01,5.965457959418967171e-01,1.767160332773514586e+00,6.289403053699915702e+00,0.000000000000000000e+00,1.000000000000000000e+00,1.767139036715446032e+00
-2.639999999999998792e+01,5.983922915222051886e-01,1.774378436105143786e+00,6.362806594020665507e+00,0.000000000000000000e+00,1.000000000000000000e+00,1.774356914897256665e+00
-2.629999999999999361e+01,6.002520877052057724e-01,1.781641386646446890e+00,6.441124609575852311e+00,0.000000000000000000e+00,1.000000000000000000e+00,1.781619637184306715e+00
-2.619999999999999929e+01,6.021253202756837730e-01,1.788949648334213993e+00,6.524889683591688083e+00,0.000000000000000000e+00,1.000000000000000000e+00,1.788927667459963011e+00
-2.610000000000000497e+01,6.040121268882466810e-01,1.796303691467915353e+00,6.614716238511472390e+00,0.000000000000000000e+00,1.000000000000000000e+00,1.796281475969048635e+00
-2.599999999999998579e+01,6.059126470995487290e-01,1.803703992818789015e+00,6.711317257905346167e+00,0.000000000000000000e+00,1.000000000000000000e+00,1.803681539427539171e+00
-2.589999999999999147e+01,6.078270224011816936e-01,1.811151035742952331e+00,6.815525360030546764e+00,0.000000000000000000e+00,1.000000000000000000e+00,1.811128341134527808e+00
-2.579999999999999716e+01,6.097553962532559213e-01,1.818645310295514683e+00,6.928319623994042331e+00,0.000000000000000000e+00,1.000000000000000000e+00,1.818622371086535239e+00
-2.570000000000000284e+01,6.116979141186777991e-01,1.826187313346358643e+00,7.050860116125952537e+00,0.000000000000000000e+00,1.000000000000000000e+00,1.826164126094196316e+00
-2.559999999999998366e+01,6.136547234981497567e-01,1.833777548699376148e+00,7.184532865601954477e+00,0.000000000000000000e+00,1.000000000000000000e+00,1.833754109901402085e+00
-2.549999999999999289e+01,6.156259739659036834e-01,1.841416527215378629e+00,7.331009234873334890e+00,0.000000000000000000e+00,1.000000000000000000e+00,1.841392833306936483e+00
-2.539999999999999858e+01,6.176118172061951794e-01,1.849104766935750321e+00,7.492325453038821692e+00,0.000000000000000000e+00,1.000000000000000000e+00,1.849080814288707852e+00
-2.530000000000000426e+01,6.196124070505641956e-01,1.856842793208968834e+00,7.670990918835250305e+00,0.000000000000000000e+00,1.000000000000000000e+00,1.856818578130585040e+00
-2.519999999999998508e+01,6.216278995158948106e-01,1.864631138819929035e+00,7.870138411510270160e+00,0.000000000000000000e+00,1.000000000000000000e+00,1.864606657551953983e+00
-2.509999999999999076e+01,6.236584528432805863e-01,1.872470344122832753e+00,8.093736785728722793e+00,0.000000000000000000e+00,1.000000000000000000e+00,1.872445592840016770e+00
-2.499999999999999645e+01,6.257042275377308060e-01,1.880360957177333647e+00,8.346899323281602889e+00,0.000000000000000000e+00,1.000000000000000000e+00,1.880335931984954190e+00
-2.490000000000000213e+01,6.277653864087244795e-01,1.888303533884916563e+00,8.636343022591972840e+00,0.000000000000000000e+00,1.000000000000000000e+00,1.888278230817969972e+00
-2.479999999999998295e+01,6.298420946116417563e-01,1.896298638129856773e+00,8.971094534654669772e+00,0.000000000000000000e+00,1.000000000000000000e+00,1.896273053152325971e+00
-2.469999999999998863e+01,6.319345196900901795e-01,1.904346841925005362e+00,9.363615997248956546e+00,0.000000000000000000e+00,1.000000000000000000e+00,1.904320970927419809e+00
-2.459999999999999787e+01,6.340428316191570879e-01,1.912448725558601570e+00,9.831681373645716704e+00,0.000000000000000000e+00,1.000000000000000000e+00,1.912422564356015986e+00
-2.450000000000000355e+01,6.361672028495984899e-01,1.920604877743632644e+00,1.040167554562580499e+01,0.000000000000000000e+00,0.000000000000000000e+00,1.920578422074663782e+00
-2.439999999999998437e+01,6.383078083530000502e-01,1.928815895772014288e+00,1.111479424345080602e+01,0.000000000000000000e+00,0.000000000000000000e+00,1.928789141297426291e+00
-2.429999999999999005e+01,6.404648256679268403e-01,1.937082385672383555e+00,1.203973262547183509e+01,0.000000000000000000e+00,0.000000000000000000e+00,1.937055327972971197e+00
-2.419999999999999574e+01,6.426384349470960489e-01,1.945404962370792079e+00,1.330178082756845015e+01,0.000000000000000000e+00,0.000000000000000000e+00,1.945377596945144560e+00
-2.410000000000000142e+01,6.448288190055890823e-01,1.953784249854005006e+00,1.516117448783009536e+01,0.000000000000000000e+00,0.000000000000000000e+00,1.953756572117086643e+00
-2.399999999999998224e+01,6.470361633701378068e-01,1.962220881337052525e+00,1.828386638618016846e+01,0.000000000000000000e+00,0.000000000000000000e+00,1.962192886618995491e+00
-2.389999999999998792e+01,6.492606563295064692e-01,1.970715499436079376e+00,2.523392693875351256e+01,0.000000000000000000e+00,0.000000000000000000e+00,1.970687182979628194e+00
-2.379999999999999361e+01,6.515024889860078217e-01,1.724641061105355033e-01,1.093261932735923807e+02,0.000000000000000000e+00,0.000000000000000000e+00,1.979240113301656168e+00
-2.370000000000000284e+01,6.488684431670479480e-01,2.439230663550105760e+00,inf,1.000000000000000000e+00,0.000000000000000000e+00,2.564867368438448647e+00
-2.359999999999998366e+01,6.459776848324254583e-01,2.551756336535804248e+00,inf,1.000000000000000000e+00,0.000000000000000000e+00,2.551699247056023800e+00
-2.349999999999998934e+01,6.431145197034340288e-01,2.538704179361799707e+00,inf,1.000000000000000000e+00,0.000000000000000000e+00,2.538647895664666532e+00
-2.339999999999999503e+01,6.402785651665290345e-01,2.525767182271833278e+00,inf,1.000000000000000000e+00,0.000000000000000000e+00,2.525711689447000641e+00
-2.330000000000000071e+01,6.374694456642878704e-01,2.512943750041241042e+00,inf,1.000000000000000000e+00,0.000000000000000000e+00,2.512889033522670790e+00
-2.319999999999998153e+01,6.346867925335777372e-01,2.500232316701896718e+00,inf,1.000000000000000000e+00,0.000000000000000000e+00,2.500178362256999076e+00
-2.309999999999998721e+01,6.319302438481610995e-01,2.487631344876159556e+00,inf,1.000000000000000000e+00,0.000000000000000000e+00,2.487578138595685218e+00
-2.299999999999999289e+01,6.291994442655853836e-01,2.475139325126779699e+00,inf,1.000000000000000000e+00,0.000000000000000000e+00,2.475086853416151200e+00
-2.290000000000000213e+01,6.264940448782384541e-01,2.462754775322216982e+00,inf,1.000000000000000000e+00,0.000000000000000000e+00,2.462703024893947212e+00
-2.279999999999998295e+01,6.238137030684260953e-01,2.450476240022885221e+00,inf,1.000000000000000000e+00,0.000000000000000000e+00,2.450425197888578488e+00
-2.269999999999998863e+01,6.211580823673493734e-01,2.438302289883790053e+00,inf,1.000000000000000000e+00,0.000000000000000000e+00,2.438251943344754924e+00
-2.259999999999999432e+01,6.185268523178562017e-01,2.426231521071032571e+00,inf,1.000000000000000000e+00,0.000000000000000000e+00,2.426181857711705803e+00
-2.250000000000000000e+01,6.159196883408581957e-01,2.414262554694390328e+00,inf,1.000000000000000000e+00,0.000000000000000000e+00,2.414213562372972799e+00
-2.239999999999998082e+01,6.133362716052895847e-01,2.402394036255166121e+00,inf,1.000000000000000000e+00,0.000000000000000000e+00,2.402345703099163288e+00
-2.229999999999998650e+01,6.107762889015082575e-01,2.390624635109191765e+00,inf,1.000000000000000000e+00,0.000000000000000000e+00,2.390576949507538629e+00
-2.219999999999999218e+01,6.082394325180227046e-01,2.378953043945382095e+00,inf,1.000000000000000000e+00,0.000000000000000000e+00,2.378905994539764812e+00
-2.209999999999999787e+01,6.057254001214508188e-01,2.367377978273897288e+00,inf,1.000000000000000000e+00,0.000000000000000000e+00,2.367331553953065271e+00
-2.199999999999997868e+01,6.032338946396131885e-01,2.355898175929212801e+00,inf,1.000000000000000000e+00,0.000000000000000000e+00,2.355852365823800199e+00
-2.189999999999998792e+01,6.007646241476615190e-01,2.344512396589828018e+00,inf,1.000000000000000000e+00,0.000000000000000000e+00,2.344467190064909889e+00
-2.179999999999999361e+01,5.983173017571471464e-01,2.333219421305874341e+00,inf,1.000000000000000000e+00,0.000000000000000000e+00,2.333174807954808028e+00
-2.169999999999999929e+01,5.958916455079543706e-01,2.322018052039503289e+00,inf,1.000000000000000000e+00,0.000000000000000000e+00,2.321974021678828048e+00
-2.160000000000000497e+01,5.934873782629984662e-01,2.310907111219651977e+00,inf,1.000000000000000000e+00,0.000000000000000000e+00,2.310863653882410773e+00
-2.149999999999998579e+01,5.911042276056150957e-01,2.299885441304711176e+00,inf,1.000000000000000000e+00,0.000000000000000000e+00,2.299842547236255363e+00
-2.139999999999999147e+01,5.887419257395594130e-01,2.288951904359880718e+00,inf,1.000000000000000000e+00,0.000000000000000000e+00,2.288909564011528008e+00
-2.129999999999999716e+01,5.864002093915322567e-01,2.278105381642690386e+00,inf,1.000000000000000000e+00,0.000000000000000000e+00,2.278063585666517010e+00
-2.120000000000000284e+01,5.840788197161699280e-01,2.267344773199559516e+00,inf,1.000000000000000000e+00,0.000000000000000000e+00,2.267303512443494817e+00
-2.109999999999998366e+01,5.817775022034132881e-01,2.256668997472403682e+00,inf,1.000000000000000000e+00,0.000000000000000000e+00,2.256628262975605814e+00
-2.099999999999999289e+01,5.794960065881991085e-01,2.246076990915720106e+00,inf,1.000000000000000000e+00,0.000000000000000000e+00,2.246036773904113826e+00
-2.089999999999999858e+01,5.772340867623925176e-01,2.235567707623831168e+00,inf,1.000000000000000000e+00,0.000000000000000000e+00,2.235527999504240082e+00
-2.080000000000000426e+01,5.749915006889082525e-01,2.225140118964553881e+00,inf,1.000000000000000000e+00,0.000000000000000000e+00,2.225100911320805785e+00
-2.069999999999998508e+01,5.727680103179507709e-01,2.214793213223813506e+00,inf,1.000000000000000000e+00,0.000000000000000000e+00,2.214754497813538947e+00
-2.059999999999999076e+01,5.705633815053154922e-01,2.204525995260435245e+00,inf,1.000000000000000000e+00,0.000000000000000000e+00,2.204487764009322337e+00
-2.049999999999999645e+01,5.683773839326863309e-01,2.194337486167262430e+00,inf,1.000000000000000000e+00,0.000000000000000000e+00,2.194299731165037404e+00
-2.040000000000000213e+01,5.662097910298830028e-01,2.184226722940365129e+00,inf,1.000000000000000000e+00,0.000000000000000000e+00,2.184189436437660614e+00
-2.029999999999998295e+01,5.640603798989928253e-01,2.174192758157489802e+00,inf,1.000000000000000000e+00,0.000000000000000000e+00,2.174155932561389726e+00
-2.019999999999998863e+01,5.619289312403414893e-01,2.164234659664118432e+00,inf,1.000000000000000000e+00,0.000000000000000000e+00,2.164198287534766951e+00
-2.009999999999999787e+01,5.598152292802437424e-01,2.154351510266694802e+00,inf,1.000000000000000000e+00,0.000000000000000000e+00,2.154315584312950449e+00
-2.000000000000000355e+01,5.577190617004923467e-01,2.144542407433271514e+00,inf,1.000000000000000000e+00,0.000000000000000000e+00,2.144506920509583026e+00
-1.989999999999998437e+01,5.556402195695284707e-01,2.134806463001082122e+00,inf,1.000000000000000000e+00,0.000000000000000000e+00,2.134771408104161328e+00
-1.979999999999999005e+01,5.535784972752556543e-01,2.125142802891725413e+00,inf,1.000000000000000000e+00,0.000000000000000000e+00,2.125108173157201463e+00
-1.969999999999999574e+01,5.515336924594417267e-01,2.115550566833315216e+00,inf,1.000000000000000000e+00,0.000000000000000000e+00,2.115516355531912307e+00
-1.960000000000000142e+01,5.495056059536747028e-01,2.106028908087896223e+00,inf,1.000000000000000000e+00,0.000000000000000000e+00,2.105995108622262801e+00
-1.949999999999998224e+01,5.474940417168226992e-01,2.096576993185518489e+00,inf,1.000000000000000000e+00,0.000000000000000000e+00,2.096543599088084964e+00
-1.939999999999998792e+01,5.454988067739635627e-01,2.087194001666040410e+00,inf,1.000000000000000000e+00,0.000000000000000000e+00,2.087161006595406931e+00
-1.929999999999999716e+01,5.435197111567344752e-01,2.077879125826440188e+00,inf,1.000000000000000000e+00,0.000000000000000000e+00,2.077846523563997128e+00
-1.920000000000000284e+01,5.415565678450737774e-01,2.068631570471939796e+00,inf,1.000000000000000000e+00,0.000000000000000000e+00,2.068599354918982058e+00
-1.909999999999998366e+01,5.396091927103104924e-01,2.059450552674601642e+00,inf,1.000000000000000000e+00,0.000000000000000000e+00,2.059418717850785896e+00
-1.899999999999998934e+01,5.376774044595689084e-01,2.050335301539234489e+00,inf,1.000000000000000000e+00,0.000000000000000000e+00,2.050303841579213859e+00
-1.889999999999999503e+01,5.357610245814460326e-01,2.041285057972005657e+00,inf,1.000000000000000000e+00,0.000000000000000000e+00,2.041253967121682944e+00
-1.880000000000000071e+01,5.338598772929399328e-01,2.032299074453584264e+00,inf,1.000000000000000000e+00,0.000000000000000000e+00,2.032268347068887593e+00
-1.869999999999998153e+01,5.319737894875850026e-01,2.023376614820369124e+00,inf,1.000000000000000000e+00,0.000000000000000000e+00,2.023346245364836982e+00
-1.859999999999998721e+01,5.301025906847673941e-01,2.014516954049865305e+00,inf,1.000000000000000000e+00,0.000000000000000000e+00,2.014486937091603203e+00
-1.849999999999999289e+01,5.282461129801857558e-01,2.005719378049958035e+00,inf,1.000000000000000000e+00,0.000000000000000000e+00,2.005689708259037918e+00
-1.840000000000000213e+01,5.264041909974326305e-01,1.996983183453095334e+00,inf,1.000000000000000000e+00,0.000000000000000000e+00,1.996953855599477246e+00
-1.829999999999998295e+01,5.245766618406613180e-01,1.988307677414857588e+00,inf,1.000000000000000000e+00,0.000000000000000000e+00,1.988278686367120240e+00
-1.819999999999998863e+01,5.227633650483161087e-01,1.979692177419105636e+00,inf,1.000000000000000000e+00,0.000000000000000000e+00,1.979663518141205669e+00
-1.809999999999999432e+01,5.209641425478881427e-01,1.971136011085526940e+00,inf,1.000000000000000000e+00,0.000000000000000000e+00,1.971107678634529847e+00
-1.800000000000000000e+01,5.191788386116840126e-01,1.962638515980805520e+00,inf,1.000000000000000000e+00,0.000000000000000000e+00,1.962610505505199887e+00
-1.789999999999998082e+01,5.174072998135683665e-01,1.954199039435667862e+00,inf,1.000000000000000000e+00,0.000000000000000000e+00,1.954171346173822155e+00
-1.779999999999998650e+01,5.156493749866649656e-01,1.945816938365768634e+00,inf,1.000000000000000000e+00,0.000000000000000000e+00,1.945789557643514245e+00
-1.769999999999999218e+01,5.139049151819824468e-01,1.937491579096530581e+00,inf,1.000000000000000000e+00,0.000000000000000000e+00,1.937464506324609870e+00
-1.759999999999999787e+01,5.121737736279503572e-01,1.929222337189729686e+00,inf,1.000000000000000000e+00,0.000000000000000000e+00,1.929195567862771910e+00
-1.749999999999997868e+01,5.104558056908368169e-01,1.921008597276392171e+00,inf,1.000000000000000000e+00,0.000000000000000000e+00,1.920982126971108928e+00
-1.739999999999998792e+01,5.087508688360263820e-01,1.912849752892826105e+00,inf,1.000000000000000000e+00,0.000000000000000000e+00,1.912823577266130171e+00
-1.729999999999999361e+01,5.070588225901363488e-01,1.904745206319839346e+00,inf,1.000000000000000000e+00,0.000000000000000000e+00,1.904719321106577823e+00
-1.719999999999999929e+01,5.053795285039510699e-01,1.896694368425110522e+00,inf,1.000000000000000000e+00,0.000000000000000000e+00,1.896668769436523627e+00
-1.709999999999998010e+01,5.037128501161536320e-01,1.888696658508097537e+00,inf,1.000000000000000000e+00,0.000000000000000000e+00,1.888671341631091183e+00
-1.699999999999998579e+01,5.020586529178365787e-01,1.880751504151453757e+00,inf,1.000000000000000000e+00,0.000000000000000000e+00,1.880726465346356235e+00
-1.689999999999999147e+01,5.004168043177650294e-01,1.872858341073283750e+00,inf,1.000000000000000000e+00,0.000000000000000000e+00,1.872833576371634834e+00
-1.679999999999999716e+01,4.987871736083849261e-01,1.865016612981321487e+00,inf,1.000000000000000000e+00,0.000000000000000000e+00,1.864992118485313100e+00
-1.670000000000000284e+01,4.971696319325486502e-01,1.857225771433368866e+00,inf,1.000000000000000000e+00,0.000000000000000000e+00,1.857201543313762748e+00
-1.659999999999998366e+01,4.955640522509441315e-01,1.849485275697668296e+00,inf,1.000000000000000000e+00,0.000000000000000000e+00,1.849461310192990426e+00
-1.649999999999999289e+01,4.939703093102116305e-01,1.841794592618676507e+00,inf,1.000000000000000000e+00,0.000000000000000000e+00,1.841770886033457177e+00
-1.639999999999999858e+01,4.923882796117255989e-01,1.834153196484709536e+00,inf,1.000000000000000000e+00,0.000000000000000000e+00,1.834129745187603966e+00
-1.630000000000000426e+01,4.908178413810328489e-01,1.826560568897186210e+00,inf,1.000000000000000000e+00,0.000000000000000000e+00,1.826537369320129445e+00
-1.619999999999998508e+01,4.892588745379256032e-01,1.819016198643877091e+00,inf,1.000000000000000000e+00,0.000000000000000000e+00,1.818993247281076142e+00
-1.609999999999999076e+01,4.877112606671373252e-01,1.811519581575080196e+00,inf,1.000000000000000000e+00,0.000000000000000000e+00,1.811496874981446847e+00
-1.599999999999999645e+01,4.861748829896425095e-01,1.804070220482101528e+00,inf,1.000000000000000000e+00,0.000000000000000000e+00,1.804047755271445563e+00
-1.590000000000000391e+01,4.846496263345501654e-01,1.796667624977016153e+00,inf,1.000000000000000000e+00,0.000000000000000000e+00,1.796645397821177603e+00
-1.579999999999998472e+01,4.831353771115745599e-01,1.789311311375522351e+00,inf,1.000000000000000000e+00,0.000000000000000000e+00,1.789289319003903644e+00
-1.569999999999999041e+01,4.816320232840705651e-01,1.782000802583815435e+00,inf,1.000000000000000000e+00,0.000000000000000000e+00,1.781979041781582840e+00
-1.559999999999999609e+01,4.801394543426162898e-01,1.774735627986175457e+00,inf,1.000000000000000000e+00,0.000000000000000000e+00,1.774714095592788476e+00
-1.550000000000000355e+01,4.786575612791366119e-01,1.767515323334514665e+00,inf,1.000000000000000000e+00,0.000000000000000000e+00,1.767494016242859844e+00
-1.539999999999998437e+01,4.771862365615487378e-01,1.760339430640589953e+00,inf,1.000000000000000000e+00,0.000000000000000000e+00,1.760318345796528572e+00
-1.529999999999999005e+01,4.757253741089228494e-01,1.753207498071401860e+00,inf,1.000000000000000000e+00,0.000000000000000000e+00,1.753186632472205408e+00
-1.519999999999999574e+01,4.742748692671386879e-01,1.746119079846013999e+00,inf,1.000000000000000000e+00,0.000000000000000000e+00,1.746098430538896240e+00
-1.510000000000000142e+01,4.728346187850346882e-01,1.739073736133419201e+00,inf,1.000000000000000000e+00,0.000000000000000000e+00,1.739053300214945530e+00
-1.499999999999998224e+01,4.714045207910316226e-01,1.732071032953324208e+00,inf,1.000000000000000000e+00,0.000000000000000000e+00,1.732050807568865869e+00
-1.489999999999998970e+01,4.699844747702248138e-01,1.725110542079634879e+00,inf,1.000000000000000000e+00,0.000000000000000000e+00,1.725090524422053573e+00
-1.479999999999999538e+01,4.685743815419277647e-01,1.718191840945455739e+00,inf,1.000000000000000000e+00,0.000000000000000000e+00,1.718172028253621697e+00
-1.470000000000000107e+01,4.671741432376637637e-01,1.711314512548546718e+00,inf,1.000000000000000000e+00,0.000000000000000000e+00,1.711294902106932581e+00
-1.459999999999998188e+01,4.657836632795904763e-01,1.704478145360072361e+00,inf,1.000000000000000000e+00,0.000000000000000000e+00,1.704458734498095929e+00
-1.449999999999998934e+01,4.644028463593499190e-01,1.697682333235275509e+00,inf,1.000000000000000000e+00,0.000000000000000000e+00,1.697663119326107584e+00
-1.439999999999999503e+01,4.630315984173315469e-01,1.690926675325192807e+00,inf,1.000000000000000000e+00,0.000000000000000000e+00,1.690907655785029995e+00
-1.430000000000000071e+01,4.616698266223427383e-01,1.684210775991032305e+00,inf,1.000000000000000000e+00,0.000000000000000000e+00,1.684191948277610429e+00
-1.419999999999998153e+01,4.603174393516721863e-01,1.677534244717922229e+00,inf,1.000000000000000000e+00,0.000000000000000000e+00,1.677515606330715725e+00
-1.409999999999998721e+01,4.589743461715462547e-01,1.670896696033087325e+00,inf,1.000000000000000000e+00,0.000000000000000000e+00,1.670878244512406630e+00
-1.399999999999999467e+01,4.576404578179559812e-01,1.664297749425582840e+00,inf,1.000000000000000000e+00,0.000000000000000000e+00,1.664279482350545569e+00
-1.390000000000000036e+01,4.563156861778599471e-01,1.657737029264109374e+00,inf,1.000000000000000000e+00,0.000000000000000000e+00,1.657718944253087523e+00
-1.379999999999998117e+01,4.549999442707465258e-01,1.651214164719716493e+00,inf,1.000000000000000000e+00,0.000000000000000000e+00,1.651196259429803304e+00
-1.369999999999998685e+01,4.536931462305502372e-01,1.644964415403752600e+00,inf,1.000000000000000000e+00,0.000000000000000000e+00,1.644711061815554043e+00
-1.359999999999999432e+01,4.523948341303341003e-01,1.640628203064503632e+00,2.302067408834114303e+03,1.000000000000000000e+00,0.000000000000000000e+00,1.642508546376899137e+00
-1.350000000000000000e+01,4.511023385651254380e-01,1.636090543708289768e+00,7.287479648688471343e+02,1.000000000000000000e+00,0.000000000000000000e+00,1.636073050180192334e+00
-1.339999999999998082e+01,4.498185736216431252e-01,1.629691523681144005e+00,5.288977087186143535e+02,1.000000000000000000e+00,0.000000000000000000e+00,1.629674202312452636e+00
-1.329999999999998650e+01,4.485434571855356767e-01,1.623328803351590910e+00,4.358393222741108275e+02,1.000000000000000000e+00,0.000000000000000000e+00,1.623311651956963031e+00
-1.319999999999999396e+01,4.472769081803415481e-01,1.617002036277775279e+00,3.792754516209491840e+02,1.000000000000000000e+00,0.000000000000000000e+00,1.616985052705554038e+00
-1.309999999999999964e+01,4.460188465511956690e-01,1.609275473562008063e+00,3.402684643584029800e+02,1.000000000000000000e+00,0.000000000000000000e+00,1.610694062489330003e+00
-1.299999999999998046e+01,4.447714280329342906e-01,1.601065904549832108e+00,3.304859903284779534e+02,1.000000000000000000e+00,0.000000000000000000e+00,1.600525323920447995e+00
-1.289999999999998614e+01,4.435331194180867631e-01,1.594342719780860174e+00,3.287465116464838957e+02,1.000000000000000000e+00,0.000000000000000000e+00,1.594326327592064496e+00
-1.279999999999999183e+01,4.423030305141800178e-01,1.588177968417004537e+00,3.270336596449795934e+02,1.000000000000000000e+00,0.000000000000000000e+00,1.588161734523853230e+00
-1.269999999999999929e+01,4.410810856578468719e-01,1.582047299432060683e+00,3.253466719957039572e+02,1.000000000000000000e+00,0.000000000000000000e+00,1.582031221865108250e+00
-1.259999999999998010e+01,4.398672101227802389e-01,1.575950844078009894e+00,3.236848156818884377e+02,1.000000000000000000e+00,0.000000000000000000e+00,1.575934470737966553e+00
-1.249999999999998579e+01,4.386613294141362696e-01,1.569892440427808733e+00,3.220412207232653827e+02,1.000000000000000000e+00,0.000000000000000000e+00,1.569881323407706919e+00
-1.239999999999999147e+01,4.374633642869869554e-01,1.563866719247247516e+00,3.203593529225125280e+02,1.000000000000000000e+00,0.000000000000000000e+00,1.563851098894922576e+00
-1.229999999999999893e+01,4.362732498658262736e-01,1.557869174624977093e+00,3.187027084565747259e+02,1.000000000000000000e+00,0.000000000000000000e+00,1.557853703024339120e+00
-1.220000000000000462e+01,4.350909150299723249e-01,1.551904156874592822e+00,3.170705760832907458e+02,1.000000000000000000e+00,0.000000000000000000e+00,1.551888832202797275e+00
-1.209999999999998543e+01,4.339162895263680708e-01,1.545971366052828699e+00,3.154622714930571306e+02,1.000000000000000000e+00,0.000000000000000000e+00,1.545956186515296649e+00
-1.199999999999999112e+01,4.327493039564429544e-01,1.540071340984214165e+00,3.138771360202243841e+02,1.000000000000000000e+00,0.000000000000000000e+00,1.540055469669236121e+00
-1.189999999999999680e+01,4.315898885016573039e-01,1.534207336581801639e+00,3.123039634394913264e+02,1.000000000000000000e+00,0.000000000000000000e+00,1.534196871747297575e+00
-1.180000000000000426e+01,4.304379701061631924e-01,1.528373836923519580e+00,3.106982700960149941e+02,1.000000000000000000e+00,0.000000000000000000e+00,1.528359082040468886e+00
-1.169999999999998508e+01,4.292934885311201487e-01,1.522566970655328644e+00,3.091158982564829785e+02,1.000000000000000000e+00,0.000000000000000000e+00,1.522552353997657981e+00
-1.159999999999999076e+01,4.281563776680826772e-01,1.516790885367689024e+00,3.075562056913563538e+02,1.000000000000000000e+00,0.000000000000000000e+00,1.516776405271992534e+00
-1.149999999999999645e+01,4.270265722008843023e-01,1.511045302047760774e+00,3.060185739117525827e+02,1.000000000000000000e+00,0.000000000000000000e+00,1.511030956874979347e+00
-1.140000000000000391e+01,4.259040075938562708e-01,1.505329944990651647e+00,3.045024070604836197e+02,1.000000000000000000e+00,0.000000000000000000e+00,1.505315733126499911e+00
-1.129999999999998472e+01,4.247886200802532541e-01,1.499649548582273395e+00,3.030071308656143287e+02,1.000000000000000000e+00,0.000000000000000000e+00,1.499630461605680365e+00
-1.119999999999999041e+01,4.236803392267969315e-01,1.493999202699073159e+00,3.014742412129299964e+02,1.000000000000000000e+00,0.000000000000000000e+00,1.493985621999248670e+00
-1.109999999999999609e+01,4.225791097310325761e-01,1.488373216292630197e+00,2.999587089045389803e+02,1.000000000000000000e+00,0.000000000000000000e+00,1.488359394663488988e+00
-1.100000000000000355e+01,4.214848706110157495e-01,1.482776016407213904e+00,2.984642591609257352e+02,1.000000000000000000e+00,0.000000000000000000e+00,1.482762321868068112e+00
-1.089999999999998437e+01,4.203975610629397952e-01,1.477207712696645414e+00,2.969903294077145688e+02,1.000000000000000000e+00,0.000000000000000000e+00,1.477194143749219313e+00
-1.079999999999999005e+01,4.193171209970699698e-01,1.471668048301763676e+00,2.955363772066783667e+02,1.000000000000000000e+00,0.000000000000000000e+00,1.471654603469613631e+00
-1.069999999999999574e+01,4.182434910273401529e-01,1.466158918497153518e+00,2.941018793449483724e+02,1.000000000000000000e+00,0.000000000000000000e+00,1.466143447174199421e+00
-1.060000000000000142e+01,4.171766093234898776e-01,1.460681297670904710e+00,2.926632543937475930e+02,1.000000000000000000e+00,0.000000000000000000e+00,1.460671505445918950e+00
-1.049999999999998224e+01,4.161164161319704236e-01,1.455229392388795118e+00,2.912079793455245067e+02,1.000000000000000000e+00,0.000000000000000000e+00,1.455216311014451369e+00
-1.039999999999998970e+01,4.150628590802543649e-01,1.449801719910307485e+00,2.897723920413569090e+02,1.000000000000000000e+00,0.000000000000000000e+00,1.449788756959503822e+00
-1.029999999999999538e+01,4.140158814954600919e-01,1.444401446823018409e+00,2.883559776107932180e+02,1.000000000000000000e+00,0.000000000000000000e+00,1.444388600923095956e+00
-1.020000000000000107e+01,4.129754273590288682e-01,1.439028333522151204e+00,2.869582392399598234e+02,1.000000000000000000e+00,0.000000000000000000e+00,1.439015603320075609e+00
-1.009999999999998188e+01,4.119414412973566031e-01,1.433682143135613485e+00,2.855786973712724262e+02,1.000000000000000000e+00,0.000000000000000000e+00,1.433669527298350621e+00
-9.999999999999989342e+00,4.109138685725890472e-01,1.428365543674817939e+00,2.842168889459812817e+02,1.000000000000000000e+00,0.000000000000000000e+00,1.428350138699814087e+00
-9.899999999999995026e+00,4.098926509107865268e-01,1.423078164735292139e+00,2.828437571908082191e+02,1.000000000000000000e+00,0.000000000000000000e+00,1.423068564233541444e+00
-9.800000000000000711e+00,4.088777350690264711e-01,1.417814083203959630e+00,2.814613837871434043e+02,1.000000000000000000e+00,0.000000000000000000e+00,1.417801802414342172e+00
-9.699999999999981526e+00,4.078690721550178311e-01,1.412573213378876424e+00,2.800970018804929396e+02,1.000000000000000000e+00,0.000000000000000000e+00,1.412561041811082330e+00
-9.599999999999987210e+00,4.068666098839320844e-01,1.407358122245365717e+00,2.787501538023666967e+02,1.000000000000000000e+00,0.000000000000000000e+00,1.407346058658475618e+00
-9.499999999999994671e+00,4.058702965629697457e-01,1.402168588529331350e+00,2.774203974876464827e+02,1.000000000000000000e+00,0.000000000000000000e+00,1.402156631699633005e+00
-9.400000000000000355e+00,4.048800810830533448e-01,1.397004393429851499e+00,2.761073058022823261e+02,1.000000000000000000e+00,0.000000000000000000e+00,1.396992542150799599e+00
-9.299999999999981171e+00,4.038959129106586277e-01,1.391866975808260687e+00,2.748104659059746950e+02,1.000000000000000000e+00,0.000000000000000000e+00,1.391853573666676169e+00
-9.199999999999986855e+00,4.029177397461459198e-01,1.386758720851322790e+00,2.735144666958898938e+02,1.000000000000000000e+00,0.000000000000000000e+00,1.386751372571212171e+00
-9.099999999999994316e+00,4.019455085558279461e-01,1.381673491529354481e+00,2.721962187745840538e+02,1.000000000000000000e+00,0.000000000000000000e+00,1.381661949596743932e+00
-9.000000000000000000e+00,4.009791765258512442e-01,1.376608454465643394e+00,2.708945284140601188e+02,1.000000000000000000e+00,0.000000000000000000e+00,1.376597013427441230e+00
-8.899999999999980815e+00,4.000186953449382243e-01,1.371567698399314139e+00,2.696089848888730671e+02,1.000000000000000000e+00,0.000000000000000000e+00,1.371556357131193504e+00
-8.799999999999986500e+00,3.990640172385404583e-01,1.366551018656318339e+00,2.683391911226499928e+02,1.000000000000000000e+00,0.000000000000000000e+00,1.366539776049534582e+00
-8.699999999999993960e+00,3.981150949614513657e-01,1.361558212805440871e+00,2.670847631148449182e+02,1.000000000000000000e+00,0.000000000000000000e+00,1.361547067766276875e+00
-8.599999999999999645e+00,3.971718817905435794e-01,1.356589080627096155e+00,2.658453293965841340e+02,1.000000000000000000e+00,0.000000000000000000e+00,1.356578032076679374e+00
-8.499999999999980460e+00,3.962343315176233838e-01,1.351647528148928190e+00,2.646205305138697099e+02,1.000000000000000000e+00,0.000000000000000000e+00,1.351632470957108589e+00
-8.399999999999986144e+00,3.953023927659942149e-01,1.346731305413127577e+00,2.633760971597663456e+02,1.000000000000000000e+00,0.000000000000000000e+00,1.346722515626726180e+00
-8.299999999999991829e+00,3.943760232374432517e-01,1.341834026084851805e+00,2.621297854865513273e+02,1.000000000000000000e+00,0.000000000000000000e+00,1.341823260444304333e+00
-8.199999999999999289e+00,3.934551810811223738e-01,1.336957572347771350e+00,2.608984419382667284e+02,1.000000000000000000e+00,0.000000000000000000e+00,1.336946899030263092e+00
-8.099999999999980105e+00,3.925398220784878656e-01,1.332103823787902153e+00,2.596817066495823951e+02,1.000000000000000000e+00,0.000000000000000000e+00,1.332093241786738824e+00
-7.999999999999985789e+00,3.916299024919362992e-01,1.327272592830554432e+00,2.584792313377225810e+02,1.000000000000000000e+00,0.000000000000000000e+00,1.327262101152659302e+00
-7.899999999999992362e+00,3.907253790583287145e-01,1.322463693910873817e+00,2.572906788313495667e+02,1.000000000000000000e+00,0.000000000000000000e+00,1.322453291576245027e+00
-7.799999999999998046e+00,3.898262089826221577e-01,1.317676943445883708e+00,2.561157226226083594e+02,1.000000000000000000e+00,0.000000000000000000e+00,1.317666629487970642e+00
-7.700000000000004619e+00,3.889323499316020838e-01,1.312916275453054116e+00,2.549540464409942047e+02,1.000000000000000000e+00,0.000000000000000000e+00,1.312901933273949773e+00
-7.599999999999985434e+00,3.880437544401935668e-01,1.308179698005405234e+00,2.537742687483895452e+02,1.000000000000000000e+00,0.000000000000000000e+00,1.308171882111573314e+00
-7.499999999999991118e+00,3.871603835989665399e-01,1.303460576747122124e+00,2.525907925950772608e+02,1.000000000000000000e+00,0.000000000000000000e+00,1.303450522017701507e+00
-7.399999999999997691e+00,3.862821995710977729e-01,1.298760564994602129e+00,2.514209553508862314e+02,1.000000000000000000e+00,0.000000000000000000e+00,1.298750594905978772e+00
-7.300000000000004263e+00,3.854091618090692006e-01,1.294081813074000831e+00,2.502644383137911177e+02,1.000000000000000000e+00,0.000000000000000000e+00,1.294071926722384136e+00
-7.199999999999985079e+00,3.845412301973402114e-01,1.289424148747841947e+00,2.491209327463341765e+02,1.000000000000000000e+00,0.000000000000000000e+00,1.289414345241791438e+00
-7.099999999999990763e+00,3.836783650466569218e-01,1.284787401584048361e+00,2.479901394819346763e+02,1.000000000000000000e+00,0.000000000000000000e+00,1.284777680043805548e+00
-6.999999999999997335e+00,3.828205270884497691e-01,1.280171402931777669e+00,2.468717685499963750e+02,1.000000000000000000e+00,0.000000000000000000e+00,1.280161762488970956e+00
-6.900000000000003020e+00,3.819676774693214760e-01,1.275577118978592495e+00,2.457655388187692154e+02,1.000000000000000000e+00,0.000000000000000000e+00,1.275566425695363382e+00
-6.799999999999983835e+00,3.811197762348619844e-01,1.271008776487910774e+00,2.446633448732299314e+02,1.000000000000000000e+00,0.000000000000000000e+00,1.271004869655010916e+00
-6.699999999999990408e+00,3.802767795197543044e-01,1.266459544069647114e+00,2.435351769736219580e+02,1.000000000000000000e+00,0.000000000000000000e+00,1.266450141594491541e+00
-6.599999999999996980e+00,3.794386570986753582e-01,1.261924829172759832e+00,2.424195254048802326e+02,1.000000000000000000e+00,0.000000000000000000e+00,1.261915504437095548e+00
-6.500000000000002665e+00,3.786053717245904116e-01,1.257410045908511353e+00,2.413161052068517733e+02,1.000000000000000000e+00,0.000000000000000000e+00,1.257400798099305828e+00
-6.399999999999983480e+00,3.777768865393526521e-01,1.252915035828313872e+00,2.402246400973695586e+02,1.000000000000000000e+00,0.000000000000000000e+00,1.252905864143521342e+00
-6.299999999999990052e+00,3.769531650686865909e-01,1.248439642108867043e+00,2.391448621383341901e+02,1.000000000000000000e+00,0.000000000000000000e+00,1.248430545756755716e+00
-6.199999999999995737e+00,3.761341712172486806e-01,1.243983709530831705e+00,2.380765114173276515e+02,1.000000000000000000e+00,0.000000000000000000e+00,1.243974687729655360e+00
-6.100000000000002309e+00,3.753198692637650380e-01,1.239547084457785164e+00,2.370193357439180488e+02,1.000000000000000000e+00,0.000000000000000000e+00,1.239538136435850868e+00
-5.999999999999983125e+00,3.745102238562436625e-01,1.235131140624144308e+00,2.359730903598591567e+02,1.000000000000000000e+00,0.000000000000000000e+00,1.235120739811620183e+00
-5.899999999999988809e+00,3.737051980125907780e-01,1.230739747250041427e+00,2.349279627567732120e+02,1.000000000000000000e+00,0.000000000000000000e+00,1.230736537640587658e+00
-5.799999999999995381e+00,3.729047518830662100e-01,1.226365671035796412e+00,2.338591049241705662e+02,1.000000000000000000e+00,0.000000000000000000e+00,1.226356939591627171e+00
-5.700000000000001954e+00,3.721088584910345887e-01,1.222004710323544519e+00,2.328015823152952919e+02,1.000000000000000000e+00,0.000000000000000000e+00,1.221996049672741336e+00
-5.599999999999982769e+00,3.713174839143135175e-01,1.217662312449567796e+00,2.317551446033196783e+02,1.000000000000000000e+00,0.000000000000000000e+00,1.217653721868841021e+00
-5.499999999999988454e+00,3.705305945771530385e-01,1.213338332855039559e+00,2.307195488526551514e+02,1.000000000000000000e+00,0.000000000000000000e+00,1.213329811630444066e+00
-5.399999999999995026e+00,3.697481572458688470e-01,1.209032628428873934e+00,2.296945592432472552e+02,1.000000000000000000e+00,0.000000000000000000e+00,1.209024175855122341e+00
-5.300000000000000711e+00,3.689701390245424539e-01,1.204745057488570747e+00,2.286799468073098467e+02,1.000000000000000000e+00,0.000000000000000000e+00,1.204736672869242353e+00
-5.199999999999981526e+00,3.681965073507864616e-01,1.200475479761994313e+00,2.276754891778382159e+02,1.000000000000000000e+00,0.000000000000000000e+00,1.200467162409970978e+00
-5.099999999999988098e+00,3.674272299915736228e-01,1.196223756370953017e+00,2.266809703482863370e+02,1.000000000000000000e+00,0.000000000000000000e+00,1.196215505607561624e+00
-4.999999999999994671e+00,3.666622750391267949e-01,1.191995555450203748e+00,2.256961804428245273e+02,1.000000000000000000e+00,0.000000000000000000e+00,1.191981564967891538e+00
-4.900000000000000355e+00,3.659016034762799241e-01,1.187786874074395760e+00,2.246881065151744110e+02,1.000000000000000000e+00,0.000000000000000000e+00,1.187780709060049622e+00
-4.799999999999981171e+00,3.651451890495290287e-01,1.183589784865271666e+00,2.236793200811881661e+02,1.000000000000000000e+00,0.000000000000000000e+00,1.183581729642405156e+00
-4.699999999999987743e+00,3.643930032986593681e-01,1.179408053740524931e+00,2.226807130094948093e+02,1.000000000000000000e+00,0.000000000000000000e+00,1.179400062477659938e+00
-4.599999999999993427e+00,3.636450155761268288e-01,1.175243503340433149e+00,2.216920678302271028e+02,1.000000000000000000e+00,0.000000000000000000e+00,1.175235575400023436e+00
-4.500000000000000000e+00,3.629011955400079925e-01,1.171096002783562851e+00,2.207131732826275083e+02,1.000000000000000000e+00,0.000000000000000000e+00,1.171088137535947427e+00
-4.399999999999980815e+00,3.621615131502448626e-01,1.166965422464515179e+00,2.197438240911403398e+02,1.000000000000000000e+00,0.000000000000000000e+00,1.166957619288169212e+00
-4.299999999999987388e+00,3.614259386649452677e-01,1.162851634038919224e+00,2.187838207512722306e+02,1.000000000000000000e+00,0.000000000000000000e+00,1.162843892319995298e+00
-4.199999999999993072e+00,3.606944426367365564e-01,1.158754510407919103e+00,2.178329693247192722e+02,1.000000000000000000e+00,0.000000000000000000e+00,1.158746829539805123e+00
-4.099999999999999645e+00,3.599669959091740257e-01,1.154673925702256021e+00,2.168910812432942521e+02,1.000000000000000000e+00,0.000000000000000000e+00,1.154666305085793487e+00
-3.999999999999980016e+00,3.592435696132015854e-01,1.150616516782863474e+00,2.159579731212084539e+02,1.000000000000000000e+00,0.000000000000000000e+00,1.150602194310929693e+00
-3.899999999999986589e+00,3.585241266847467578e-01,1.146577286841929499e+00,2.149989742720091783e+02,1.000000000000000000e+00,0.000000000000000000e+00,1.146571687841101861e+00
-3.799999999999992717e+00,3.578086450029248078e-01,1.142547409864517638e+00,2.140396960219910625e+02,1.000000000000000000e+00,0.000000000000000000e+00,1.142539966233154791e+00
-3.699999999999998845e+00,3.570970989209238389e-01,1.138531677722154578e+00,2.130897077925908718e+02,1.000000000000000000e+00,0.000000000000000000e+00,1.138524292021302564e+00
-3.599999999999979661e+00,3.563894606839425605e-01,1.134531873600114205e+00,2.121488164763225654e+02,1.000000000000000000e+00,0.000000000000000000e+00,1.134524545266628381e+00
-3.499999999999985789e+00,3.556857028076420013e-01,1.130547878695575381e+00,2.112168343309486147e+02,1.000000000000000000e+00,0.000000000000000000e+00,1.130540607173074807e+00
-3.399999999999991918e+00,3.549857980749027142e-01,1.126579575335076910e+00,2.102935787912414014e+02,1.000000000000000000e+00,0.000000000000000000e+00,1.126572360073660350e+00
-3.299999999999998490e+00,3.542897195326299431e-01,1.122626846960551150e+00,2.093788722887383926e+02,1.000000000000000000e+00,0.000000000000000000e+00,1.122619687416901435e+00
-3.199999999999978861e+00,3.535974404886039202e-01,1.118689578115824590e+00,2.084725420790889814e+02,1.000000000000000000e+00,0.000000000000000000e+00,1.118682473753427775e+00
-3.099999999999985434e+00,3.529089345083762375e-01,1.114767654433920452e+00,2.075744200766214362e+02,1.000000000000000000e+00,0.000000000000000000e+00,1.114760604722790927e+00
-2.999999999999991562e+00,3.522241754122090729e-01,1.110864291870398590e+00,2.066843426957725569e+02,1.000000000000000000e+00,0.000000000000000000e+00,1.110853967040454249e+00
-2.899999999999997691e+00,3.515431331787701730e-01,1.106982384310180256e+00,2.057867926743757891e+02,1.000000000000000000e+00,0.000000000000000000e+00,1.106981826483491416e+00
-2.800000000000003819e+00,3.508657784794463330e-01,1.103112130420783599e+00,2.048683996235829454e+02,1.000000000000000000e+00,0.000000000000000000e+00,1.103105241281266968e+00
-2.699999999999984635e+00,3.501920937141553836e-01,1.099250390992738247e+00,2.039586166451477425e+02,1.000000000000000000e+00,0.000000000000000000e+00,1.099243554448834370e+00
-2.599999999999990763e+00,3.495220536913056786e-01,1.095403441321312288e+00,2.030572686367087840e+02,1.000000000000000000e+00,0.000000000000000000e+00,1.095396656873830921e+00
-2.499999999999997335e+00,3.488556334593691521e-01,1.091571173302148479e+00,2.021641852589218047e+02,1.000000000000000000e+00,0.000000000000000000e+00,1.091564440457556184e+00
-2.400000000000003464e+00,3.481928083040730648e-01,1.087753479832520132e+00,2.012792007718749403e+02,1.000000000000000000e+00,0.000000000000000000e+00,1.087746798103033319e+00
-2.299999999999984279e+00,3.475335537456306079e-01,1.083950254799241231e+00,2.004021538783013909e+02,1.000000000000000000e+00,0.000000000000000000e+00,1.083943623703236714e+00
-2.199999999999990408e+00,3.468778455360114199e-01,1.080161393068061360e+00,1.995328875732625420e+02,1.000000000000000000e+00,0.000000000000000000e+00,1.080154812129487274e+00
-2.099999999999996536e+00,3.462256596562480748e-01,1.076386790471883348e+00,1.986712489999842717e+02,1.000000000000000000e+00,0.000000000000000000e+00,1.076380259220000912e+00
-2.000000000000002665e+00,3.455769723137828708e-01,1.072626343798881665e+00,1.978170893115551507e+02,1.000000000000000000e+00,0.000000000000000000e+00,1.072619861768607574e+00
-1.899999999999983702e+00,3.449317599398496470e-01,1.068885174691231121e+00,1.969702635382055291e+02,1.000000000000000000e+00,0.000000000000000000e+00,1.068873517513619253e+00
-1.799999999999989830e+00,3.442899928971028811e-01,1.065163613941355614e+00,1.961090246092349219e+02,1.000000000000000000e+00,0.000000000000000000e+00,1.065162926810207855e+00
-1.699999999999995959e+00,3.436516475958177885e-01,1.061450642497482999e+00,1.952321787151383603e+02,1.000000000000000000e+00,0.000000000000000000e+00,1.061444305117304587e+00
-1.600000000000002309e+00,3.430167079702345356e-01,1.057745725936018788e+00,1.943632765398742777e+02,1.000000000000000000e+00,0.000000000000000000e+00,1.057739435973264364e+00
-1.499999999999983125e+00,3.423851513203030605e-01,1.054054463764608762e+00,1.935021602225370714e+02,1.000000000000000000e+00,0.000000000000000000e+00,1.054048220780848144e+00
-1.399999999999989253e+00,3.417569551572250397e-01,1.050376758272163924e+00,1.926486761020969141e+02,1.000000000000000000e+00,0.000000000000000000e+00,1.050370561833986027e+00
-1.299999999999995381e+00,3.411320972010444263e-01,1.046712512628919400e+00,1.918026745763370400e+02,1.000000000000000000e+00,0.000000000000000000e+00,1.046706362307530558e+00
-1.200000000000001732e+00,3.405105553782739602e-01,1.043061630875480761e+00,1.909640099665285504e+02,1.000000000000000000e+00,0.000000000000000000e+00,1.043055526247160802e+00
-1.099999999999982547e+00,3.398923078195522640e-01,1.039424017913323395e+00,1.901325403875656832e+02,1.000000000000000000e+00,0.000000000000000000e+00,1.039417958559418542e+00
-9.999999999999886757e-01,3.392773328573343017e-01,1.035799579495170653e+00,1.893081276233061772e+02,1.000000000000000000e+00,0.000000000000000000e+00,1.035793565001885908e+00
-8.999999999999949152e-01,3.386656090236117023e-01,1.032188222215604467e+00,1.884906370068682122e+02,1.000000000000000000e+00,0.000000000000000000e+00,1.032182252173486914e+00
-8.000000000000011546e-01,3.380571150476653353e-01,1.028592828313089180e+00,1.876799373056584557e+02,1.000000000000000000e+00,0.000000000000000000e+00,1.028583927504927997e+00
-6.999999999999818590e-01,3.374518263434446719e-01,1.025019472375555241e+00,1.868648593562410269e+02,1.000000000000000000e+00,0.000000000000000000e+00,1.025022796456324103e+00
-5.999999999999880984e-01,3.368497147960927141e-01,1.021455926441657613e+00,1.860229761208300943e+02,1.000000000000000000e+00,0.000000000000000000e+00,1.021450087051574362e+00
-4.999999999999943379e-01,3.362507705574069305e-01,1.017895890132148873e+00,1.851885247087651578e+02,1.000000000000000000e+00,0.000000000000000000e+00,1.017890093604977508e+00
-4.000000000000005773e-01,3.356549731229263589e-01,1.014348480826875454e+00,1.843613600648957913e+02,1.000000000000000000e+00,0.000000000000000000e+00,1.014342726775949499e+00
-2.999999999999813372e-01,3.350623021747000108e-01,1.010813609966680904e+00,1.835413409299904401e+02,1.000000000000000000e+00,0.000000000000000000e+00,1.010807898009840500e+00
-1.999999999999875488e-01,3.344727375792154178e-01,1.007291189769648376e+00,1.827283297153394983e+02,1.000000000000000000e+00,0.000000000000000000e+00,1.007285519529123263e+00
-9.999999999999377442e-02,3.338862593853537120e-01,1.003781133222579891e+00,1.819221923823715201e+02,1.000000000000000000e+00,0.000000000000000000e+00,1.003775504324688539e+00
0.000000000000000000e+00,3.333028478223730162e-01,1.000283354072142750e+00,1.811227983270527488e+02,1.000000000000000000e+00,0.000000000000000000e+00,1.000277766147265490e+00
1.000000000000192263e-01,3.327224832979180369e-01,9.967977668160247218e-01,1.803300202688425316e+02,1.000000000000000000e+00,0.000000000000000000e+00,9.967922194989526918e-01
2.000000000000130007e-01,3.321451463960572448e-01,9.933242866951622618e-01,1.795437341439980798e+02,1.000000000000000000e+00,0.000000000000000000e+00,9.933187796248628132e-01
3.000000000000067613e-01,3.315708178753443147e-01,9.898628296858189568e-01,1.787638190030242242e+02,1.000000000000000000e+00,0.000000000000000000e+00,9.898573625048736613e-01
4.000000000000005773e-01,3.309994786669066547e-01,9.864222358496063103e-01,1.779901569120848706e+02,1.000000000000000000e+00,0.000000000000000000e+00,9.864078848454921333e-01
5.000000000000197620e-01,3.304310995624549219e-01,9.829973888675017646e-01,1.771931884015803860e+02,1.000000000000000000e+00,0.000000000000000000e+00,9.829959163082018225e-01
6.000000000000135225e-01,3.298656677271450399e-01,9.795753327460698934e-01,1.763902052661453581e+02,1.000000000000000000e+00,0.000000000000000000e+00,9.795699828403630072e-01
7.000000000000073941e-01,3.293031691146230955e-01,9.761610552401420726e-01,1.755940777356242108e+02,1.000000000000000000e+00,0.000000000000000000e+00,9.761557438367430839e-01
8.000000000000011546e-01,3.287435853267006713e-01,9.727583920650600957e-01,1.748046750148562865e+02,1.000000000000000000e+00,0.000000000000000000e+00,9.727531188259441741e-01
9.000000000000203393e-01,3.281868981285862019e-01,9.693672634330543492e-01,1.740218696593035190e+02,1.000000000000000000e+00,0.000000000000000000e+00,9.693620280241413978e-01
1.000000000000014211e+00,3.276330894471189970e-01,9.659875902366629186e-01,1.732455374667154615e+02,1.000000000000000000e+00,0.000000000000000000e+00,9.659823923275666635e-01
1.100000000000007860e+00,3.270821413690257473e-01,9.626192940413054178e-01,1.724755573730340075e+02,1.000000000000000000e+00,0.000000000000000000e+00,9.626141333050820537e-01
1.200000000000001732e+00,3.265340361392002899e-01,9.592622970776335523e-01,1.717118113523479792e+02,1.000000000000000000e+00,0.000000000000000000e+00,9.592571731908572374e-01
1.300000000000020917e+00,3.259887561590055216e-01,9.559165222342074220e-01,1.709541843207089471e+02,1.000000000000000000e+00,0.000000000000000000e+00,9.559114348771379222e-01
1.400000000000014788e+00,3.254462839845976285e-01,9.525818930505540738e-01,1.702025640436367269e+02,1.000000000000000000e+00,0.000000000000000000e+00,9.525768419071097837e-01
1.500000000000008438e+00,3.249066023252714652e-01,9.492583337106241803e-01,1.694568410471450477e+02,1.000000000000000000e+00,0.000000000000000000e+00,9.492533184678502156e-01
1.600000000000002309e+00,3.243696940418272501e-01,9.459567654564547956e-01,1.687169085321339423e+02,1.000000000000000000e+00,0.000000000000000000e+00,9.459407893833744474e-01
1.699999999999995959e+00,3.238355296941090034e-01,9.426684592140159857e-01,1.679503914657071846e+02,1.000000000000000000e+00,0.000000000000000000e+00,9.426658716751745715e-01
1.800000000000015365e+00,3.233041023266615688e-01,9.393799304215391111e-01,1.671833798631636796e+02,1.000000000000000000e+00,0.000000000000000000e+00,9.393750207550303211e-01
1.900000000000009015e+00,3.227753979087328307e-01,9.360998179873927239e-01,1.664227142144436868e+02,1.000000000000000000e+00,0.000000000000000000e+00,9.360949430062698307e-01
2.000000000000002665e+00,3.222493998902833945e-01,9.328304063202188523e-01,1.656682760366527418e+02,1.000000000000000000e+00,0.000000000000000000e+00,9.328255657279591606e-01
2.099999999999996536e+00,3.217260918649343937e-01,9.295716233193899170e-01,1.649199498223419766e+02,1.000000000000000000e+00,0.000000000000000000e+00,9.295668168226898231e-01
2.200000000000015721e+00,3.212054575684556434e-01,9.263233974812162819e-01,1.641776229452141820e+02,1.000000000000000000e+00,0.000000000000000000e+00,9.263186247901387116e-01
2.300000000000009592e+00,3.206874808772738339e-01,9.230856578929143019e-01,1.634411855694506244e+02,1.000000000000000000e+00,0.000000000000000000e+00,9.230809187207115185e-01
2.400000000000003464e+00,3.201721458069984871e-01,9.198583342264576856e-01,1.627105305624928349e+02,1.000000000000000000e+00,0.000000000000000000e+00,9.198536282892594285e-01
2.499999999999997335e+00,3.196594365109676206e-01,9.166413567320087497e-01,1.619855534111284783e+02,1.000000000000000000e+00,0.000000000000000000e+00,9.166366837488830743e-01
2.600000000000016520e+00,3.191493372788111738e-01,9.134346562316855156e-01,1.612661521407321743e+02,1.000000000000000000e+00,0.000000000000000000e+00,9.134300159248088802e-01
2.700000000000009948e+00,3.186418325350333092e-01,9.102381641136713109e-01,1.605522272375233683e+02,1.000000000000000000e+00,0.000000000000000000e+00,9.102335562083482268e-01
2.800000000000003819e+00,3.181369068376116438e-01,9.070601765473536027e-01,1.598436815737071015e+02,1.000000000000000000e+00,0.000000000000000000e+00,9.070472365509226753e-01
2.899999999999997691e+00,3.176345355880864085e-01,9.038977601291480202e-01,1.591185808094448362e+02,1.000000000000000000e+00,0.000000000000000000e+00,9.038987488792659120e-01
3.000000000000016875e+00,3.171347068581448214e-01,9.007369327078150745e-01,1.583849419491715480e+02,1.000000000000000000e+00,0.000000000000000000e+00,9.007324201110269435e-01
3.100000000000010747e+00,3.166374117317110048e-01,8.975805124007929514e-01,1.576571963509386194e+02,1.000000000000000000e+00,0.000000000000000000e+00,8.975760311371064892e-01
3.200000000000004619e+00,3.161426352860929323e-01,8.944339662778211242e-01,1.569352362208965985e+02,1.000000000000000000e+00,0.000000000000000000e+00,8.944295160864862426e-01
3.299999999999998490e+00,3.156503627253390842e-01,8.912972289966665240e-01,1.562189564224035223e+02,1.000000000000000000e+00,0.000000000000000000e+00,8.912928096195619210e-01
3.400000000000017675e+00,3.151605793789395982e-01,8.881702357406460191e-01,1.555082543933807244e+02,1.000000000000000000e+00,0.000000000000000000e+00,8.881658469226034747e-01
3.500000000000011102e+00,3.146732707005443497e-01,8.850529222136925833e-01,1.548030300667842312e+02,1.000000000000000000e+00,0.000000000000000000e+00,8.850485637022877938e-01
3.600000000000004974e+00,3.141884222666955218e-01,8.819452246351264790e-01,1.541031857940508303e+02,1.000000000000000000e+00,0.000000000000000000e+00,8.819408961802915892e-01
3.699999999999998845e+00,3.137060197755770496e-01,8.788470797336737084e-01,1.534086262713919098e+02,1.000000000000000000e+00,0.000000000000000000e+00,8.788427810879583246e-01
3.800000000000018030e+00,3.132260490457789981e-01,8.757584247423054746e-01,1.527192584688084764e+02,1.000000000000000000e+00,0.000000000000000000e+00,8.757541556610251021e-01
3.900000000000011902e+00,3.127484960150775373e-01,8.726791973933502033e-01,1.520349915617107968e+02,1.000000000000000000e+00,0.000000000000000000e+00,8.726749576344203785e-01
4.000000000000005329e+00,3.122733467392291851e-01,8.696093578831339821e-01,1.513557368650285184e+02,1.000000000000000000e+00,0.000000000000000000e+00,8.696051252371147511e-01
4.099999999999999645e+00,3.118005873668326378e-01,8.665631044971952024e-01,1.506813567088487105e+02,1.000000000000000000e+00,0.000000000000000000e+00,8.665732905967218347e-01
4.200000000000018829e+00,3.113301886662651619e-01,8.635260730742445601e-01,1.499789450644578608e+02,1.000000000000000000e+00,0.000000000000000000e+00,8.635219195857470886e-01
4.300000000000012257e+00,3.108621526774605903e-01,8.604838574771274118e-01,1.492820190032094843e+02,1.000000000000000000e+00,0.000000000000000000e+00,8.604797323689121757e-01
4.400000000000006573e+00,3.103964659154699879e-01,8.574507660547202592e-01,1.485904801585924133e+02,1.000000000000000000e+00,0.000000000000000000e+00,8.574466690967507132e-01
4.500000000000000000e+00,3.099331150075249619e-01,8.544267394246595204e-01,1.479042325465086378e+02,1.000000000000000000e+00,0.000000000000000000e+00,8.544226703890943631e-01
4.600000000000019185e+00,3.094720866919177804e-01,8.514117186686502858e-01,1.472231824924863872e+02,1.000000000000000000e+00,0.000000000000000000e+00,8.514076773302905465e-01
4.700000000000012612e+00,3.090133678168957565e-01,8.484056453284940513e-01,1.465472385615883866e+02,1.000000000000000000e+00,0.000000000000000000e+00,8.484016314644829970e-01
4.800000000000006928e+00,3.085569453395675121e-01,8.454084614014744092e-01,1.458763114908971090e+02,1.000000000000000000e+00,0.000000000000000000e+00,8.454044747909392754e-01
4.900000000000000355e+00,3.081028063248238968e-01,8.424201093351889602e-01,1.452103141244677431e+02,1.000000000000000000e+00,0.000000000000000000e+00,8.424161497594434556e-01
5.000000000000019540e+00,3.076509379442710634e-01,8.394405320228175427e-01,1.445491613506417536e+02,1.000000000000000000e+00,0.000000000000000000e+00,8.394365992657396580e-01
5.100000000000013856e+00,3.072013274751774214e-01,8.364696727993466974e-01,1.438927700416211906e+02,1.000000000000000000e+00,0.000000000000000000e+00,8.364657666470327602e-01
5.200000000000007283e+00,3.067539622994314152e-01,8.335074754372169270e-01,1.432410589952070552e+02,1.000000000000000000e+00,0.000000000000000000e+00,8.335035956775367350e-01
5.300000000000000711e+00,3.063088299025135131e-01,8.305538841409659812e-01,1.425939488786122240e+02,1.000000000000000000e+00,0.000000000000000000e+00,8.305500305640826086e-01
5.400000000000019895e+00,3.058659178724797978e-01,8.276235426419574770e-01,1.419513621742612202e+02,1.000000000000000000e+00,0.000000000000000000e+00,8.276050159417736030e-01
5.500000000000014211e+00,3.054251982051203185e-01,8.247019895520597554e-01,1.412833788914558397e+02,1.000000000000000000e+00,0.000000000000000000e+00,8.246984815271050095e-01
5.600000000000007638e+00,3.049866741628743383e-01,8.217740939705044934e-01,1.406198343848619459e+02,1.000000000000000000e+00,0.000000000000000000e+00,8.217703174445925018e-01
5.700000000000001954e+00,3.045503339482301675e-01,8.188542919958980981e-01,1.399612415671940937e+02,1.000000000000000000e+00,0.000000000000000000e+00,8.188505408366862914e-01
5.800000000000021139e+00,3.041161655487962245e-01,8.159428239967941865e-01,1.393075143454113061e+02,1.000000000000000000e+00,0.000000000000000000e+00,8.159390980049857633e-01
5.900000000000014566e+00,3.036841570498626242e-01,8.130396366801800889e-01,1.386585686530875989e+02,1.000000000000000000e+00,0.000000000000000000e+00,8.130359356584493380e-01
6.000000000000008882e+00,3.032542966334532686e-01,8.101446771567056837e-01,1.380143223902671821e+02,1.000000000000000000e+00,0.000000000000000000e+00,8.101410009093445996e-01
6.100000000000002309e+00,3.028265725773923722e-01,8.072578929357193678e-01,1.373746953654848255e+02,1.000000000000000000e+00,0.000000000000000000e+00,8.072542412692538250e-01
6.199999999999995737e+00,3.024009732543797568e-01,8.043792319223252996e-01,1.367396092398576002e+02,1.000000000000000000e+00,0.000000000000000000e+00,8.043756046451200348e-01
6.300000000000014921e+00,3.019774871310781927e-01,8.015086424128911036e-01,1.361089874731622444e+02,1.000000000000000000e+00,0.000000000000000000e+00,8.015050393353423397e-01
6.400000000000009237e+00,3.015561027672108985e-01,7.986460730915860839e-01,1.354827552718159609e+02,1.000000000000000000e+00,0.000000000000000000e+00,7.986424940259163607e-01
6.500000000000002665e+00,3.011368088146697541e-01,7.957914730264805669e-01,1.348608395386795280e+02,1.000000000000000000e+00,0.000000000000000000e+00,7.957879177866165055e-01
6.599999999999996980e+00,3.007195940166338954e-01,7.929447916655240070e-01,1.342431688246110468e+02,1.000000000000000000e+00,0.000000000000000000e+00,7.929412600672252065e-01
6.700000000000016165e+00,3.003044472066989101e-01,7.901144740152814538e-01,1.336296732816958297e+02,1.000000000000000000e+00,0.000000000000000000e+00,7.901024706938051256e-01
6.800000000000009592e+00,2.998913484028535859e-01,7.872999468666281864e-01,1.330050638594952090e+02,1.000000000000000000e+00,0.000000000000000000e+00,7.873044773005739572e-01
6.900000000000003020e+00,2.994802872260866611e-01,7.844846472715536478e-01,1.323706793534200585e+02,1.000000000000000000e+00,0.000000000000000000e+00,7.844811852435108479e-01
6.999999999999997335e+00,2.990712611661114906e-01,7.816690529047782832e-01,1.317408998264194793e+02,1.000000000000000000e+00,0.000000000000000000e+00,7.816656138019103528e-01
7.100000000000016520e+00,2.986642594088427249e-01,7.788611306192385619e-01,1.311156468063152261e+02,1.000000000000000000e+00,0.000000000000000000e+00,7.788577142663271058e-01
7.200000000000009948e+00,2.982592712264140467e-01,7.760608320620411282e-01,1.304948436367959346e+02,1.000000000000000000e+00,0.000000000000000000e+00,7.760574382856311182e-01
7.300000000000004263e+00,2.978562859763655979e-01,7.732681092352351460e-01,1.298784154244549995e+02,1.000000000000000000e+00,0.000000000000000000e+00,7.732647378635256752e-01
7.399999999999997691e+00,2.974552931008413448e-01,7.704829144925361417e-01,1.292662889877027510e+02,1.000000000000000000e+00,0.000000000000000000e+00,7.704795653551090862e-01
7.500000000000016875e+00,2.970562821257949349e-01,7.677052005350538666e-01,1.286583928074732626e+02,1.000000000000000000e+00,0.000000000000000000e+00,7.677018734634726282e-01
7.600000000000010303e+00,2.966592426602063237e-01,7.649349204087936283e-01,1.280546569796529184e+02,1.000000000000000000e+00,0.000000000000000000e+00,7.649316152363424548e-01
7.700000000000004619e+00,2.962641643953048409e-01,7.621720275013875723e-01,1.274550131691580503e+02,1.000000000000000000e+00,0.000000000000000000e+00,7.621687440627500365e-01
7.799999999999998046e+00,2.958710371038036357e-01,7.594164755383069343e-01,1.268593945655975546e+02,1.000000000000000000e+00,0.000000000000000000e+00,7.594132136697483437e-01
7.900000000000017231e+00,2.954798506391408952e-01,7.566682185798013771e-01,1.262677358404540229e+02,1.000000000000000000e+00,0.000000000000000000e+00,7.566649781191622237e-01
8.000000000000010658e+00,2.950905949347314983e-01,7.539272110173794728e-01,1.256799731057236471e+02,1.000000000000000000e+00,0.000000000000000000e+00,7.539239918043759703e-01
8.100000000000004974e+00,2.947032600032257199e-01,7.512052121233754320e-01,1.250960438739550824e+02,1.000000000000000000e+00,0.000000000000000000e+00,7.511902094471546443e-01
8.199999999999999289e+00,2.943178237923347873e-01,7.484970249080578064e-01,1.244974017717887165e+02,1.000000000000000000e+00,0.000000000000000000e+00,7.485005346079928179e-01
8.300000000000018474e+00,2.939342818433747784e-01,7.457840860939135563e-01,1.238925553971435249e+02,1.000000000000000000e+00,0.000000000000000000e+00,7.457809293948385321e-01
8.400000000000011013e+00,2.935526312716320030e-01,7.430715309188168360e-01,1.232919773877258081e+02,1.000000000000000000e+00,0.000000000000000000e+00,7.430683948427189156e-01
8.500000000000005329e+00,2.931728623985989102e-01,7.403660025577623038e-01,1.226955965146315748e+02,1.000000000000000000e+00,0.000000000000000000e+00,7.403628869515919142e-01
8.599999999999999645e+00,2.927949656214320351e-01,7.376674573223390707e-01,1.221033431687246491e+02,1.000000000000000000e+00,0.000000000000000000e+00,7.376643620344773833e-01
8.700000000000018829e+00,2.924189314122601080e-01,7.349758518340228086e-01,1.215151493142247432e+02,1.000000000000000000e+00,0.000000000000000000e+00,7.349727767144851320e-01
8.800000000000013145e+00,2.920447503175001014e-01,7.322911430215393036e-01,1.209309484439088465e+02,1.000000000000000000e+00,0.000000000000000000e+00,7.322880879218794936e-01
8.900000000000005684e+00,2.916724129571804935e-01,7.296132881183386987e-01,1.203506755358585281e+02,1.000000000000000000e+00,0.000000000000000000e+00,7.296102528911699858e-01
9.000000000000000000e+00,2.913019100242721926e-01,7.269422446588748032e-01,1.197742670116928991e+02,1.000000000000000000e+00,0.000000000000000000e+00,7.269392291582402743e-01
9.100000000000019185e+00,2.909332322840277318e-01,7.242779704757538184e-01,1.192016606962252894e+02,1.000000000000000000e+00,0.000000000000000000e+00,7.242749745575048914e-01
9.200000000000013500e+00,2.905663705733270707e-01,7.216204236979869568e-01,1.186327957784881733e+02,1.000000000000000000e+00,0.000000000000000000e+00,7.216174472191010381e-01
9.300000000000006040e+00,2.902013158000303905e-01,7.189695627475625184e-01,1.180676127740699570e+02,1.000000000000000000e+00,0.000000000000000000e+00,7.189666055661045885e-01
9.400000000000000355e+00,2.898380589423390497e-01,7.163253463361310969e-01,1.175060534887141870e+02,1.000000000000000000e+00,0.000000000000000000e+00,7.163224083117835095e-01
9.500000000000019540e+00,2.894765910481632565e-01,7.136963076289847274e-01,1.169480609831297073e+02,1.000000000000000000e+00,0.000000000000000000e+00,7.136848144568771479e-01
9.600000000000013856e+00,2.891168945706110160e-01,7.110860511025989261e-01,1.163818530030510630e+02,1.000000000000000000e+00,0.000000000000000000e+00,7.110954307161493348e-01
9.700000000000008171e+00,2.887589570701830088e-01,7.084737004211703049e-01,1.158028057168249916e+02,1.000000000000000000e+00,0.000000000000000000e+00,7.084708187434675120e-01
9.800000000000000711e+00,2.884027821924085022e-01,7.058555525715815016e-01,1.152277686488034760e+02,1.000000000000000000e+00,0.000000000000000000e+00,7.058526895046999261e-01
9.900000000000019895e+00,2.880483612569569307e-01,7.032438477093334583e-01,1.146566759044454216e+02,1.000000000000000000e+00,0.000000000000000000e+00,7.032410031194954447e-01
1.000000000000001421e+01,2.876956856501563520e-01,7.006385462271838005e-01,1.140894630704972599e+02,1.000000000000000000e+00,0.000000000000000000e+00,7.006357199818551429e-01
1.010000000000000853e+01,2.873447468244009206e-01,6.980396087899446433e-01,1.135260671730382427e+02,1.000000000000000000e+00,0.000000000000000000e+00,6.980368007575815659e-01
1.020000000000000107e+01,2.869955362975662450e-01,6.954469963313916203e-01,1.129664266369685492e+02,1.000000000000000000e+00,0.000000000000000000e+00,6.954442063817612985e-01
1.030000000000002025e+01,2.866480456524303499e-01,6.928606700520347772e-01,1.124104812468799679e+02,1.000000000000000000e+00,0.000000000000000000e+00,6.928578980562686285e-01
1.040000000000001457e+01,2.863022665361015240e-01,6.902805914169223289e-01,1.118581721092549230e+02,1.000000000000000000e+00,0.000000000000000000e+00,6.902778372473024060e-01
1.050000000000000888e+01,2.859581906594516054e-01,6.877067221531506513e-01,1.113094416159394200e+02,1.000000000000000000e+00,0.000000000000000000e+00,6.877039856829419984e-01
1.060000000000000142e+01,2.856158097965563192e-01,6.851390242469618252e-01,1.107642334088415197e+02,1.000000000000000000e+00,0.000000000000000000e+00,6.851363053507354417e-01
1.070000000000002061e+01,2.852751157841413310e-01,6.825774599416030153e-01,1.102224923458053922e+02,1.000000000000000000e+00,0.000000000000000000e+00,6.825747584953091307e-01
1.080000000000001492e+01,2.849361005210344633e-01,6.800219917355072585e-01,1.096841644676165402e+02,1.000000000000000000e+00,0.000000000000000000e+00,6.800193076160082617e-01
1.090000000000000924e+01,2.845987559676231848e-01,6.774725823793482649e-01,1.091491969660915515e+02,1.000000000000000000e+00,0.000000000000000000e+00,6.774699154645534849e-01
1.100000000000000355e+01,2.842630741453192611e-01,6.749505583641703943e-01,1.086175381532141415e+02,1.000000000000000000e+00,0.000000000000000000e+00,6.749265450427315294e-01
1.109999999999999609e+01,2.839290259377773018e-01,6.724367562930921860e-01,1.080639041930711954e+02,1.000000000000000000e+00,0.000000000000000000e+00,6.724363701739867194e-01
1.120000000000001528e+01,2.835966225677629682e-01,6.699074390665566980e-01,1.075114133648156098e+02,1.000000000000000000e+00,0.000000000000000000e+00,6.699048227328273653e-01
1.130000000000000959e+01,2.832658584627317233e-01,6.673817877809173904e-01,1.069626775878800515e+02,1.000000000000000000e+00,0.000000000000000000e+00,6.673791881775350543e-01
1.140000000000000391e+01,2.829367258820219555e-01,6.648620134726189734e-01,1.064176361377762987e+02,1.000000000000000000e+00,0.000000000000000000e+00,6.648594304830367507e-01
1.149999999999999645e+01,2.826092171434096967e-01,6.623480803543783102e-01,1.058762296394432667e+02,1.000000000000000000e+00,0.000000000000000000e+00,6.623455138631593186e-01
1.160000000000001563e+01,2.822833246226058024e-01,6.598399528756782040e-01,1.053384000294687297e+02,1.000000000000000000e+00,0.000000000000000000e+00,6.598374027684579257e-01
1.170000000000000995e+01,2.819590407527593490e-01,6.573375957203907438e-01,1.048040905195948653e+02,1.000000000000000000e+00,0.000000000000000000e+00,6.573350618840687609e-01
1.180000000000000426e+01,2.816363580239657494e-01,6.548409738053597717e-01,1.042732455614549423e+02,1.000000000000000000e+00,0.000000000000000000e+00,6.548384561275789606e-01
1.189999999999999680e+01,2.813152689827800312e-01,6.523500522775804722e-01,1.037458108124943266e+02,1.000000000000000000e+00,0.000000000000000000e+00,6.523475506469255114e-01
1.200000000000001776e+01,2.809957662317361105e-01,6.498647965118855563e-01,1.032217331030273328e+02,1.000000000000000000e+00,0.000000000000000000e+00,6.498623108183105845e-01
1.210000000000001030e+01,2.806778424288706164e-01,6.473851721097722001e-01,1.027009604043872315e+02,1.000000000000000000e+00,0.000000000000000000e+00,6.473827022441437373e-01
1.220000000000000462e+01,2.803614902872514913e-01,6.449111448971071026e-01,1.021834417981242495e+02,1.000000000000000000e+00,0.000000000000000000e+00,6.449086907509983257e-01
1.229999999999999893e+01,2.800467025745121408e-01,6.424426809215011414e-01,1.016691274462140626e+02,1.000000000000000000e+00,0.000000000000000000e+00,6.424402423875960055e-01
1.240000000000001812e+01,2.797334721123905799e-01,6.399851107761223012e-01,1.011579685622357090e+02,1.000000000000000000e+00,0.000000000000000000e+00,6.399773234228077756e-01
1.250000000000001066e+01,2.794217865382558896e-01,6.375541313752501882e-01,1.006444041236071030e+02,1.000000000000000000e+00,0.000000000000000000e+00,6.375729121986734027e-01
1.260000000000000497e+01,2.791116234669313023e-01,6.351232267502812112e-01,1.001125581970784708e+02,1.000000000000000000e+00,0.000000000000000000e+00,6.351208340904946903e-01
1.269999999999999929e+01,2.788029965456025883e-01,6.326765636656598302e-01,9.958431945512710115e+01,1.000000000000000000e+00,0.000000000000000000e+00,6.326741862009592765e-01
1.280000000000001847e+01,2.784958988069539121e-01,6.302352980274791294e-01,9.905962987835312106e+01,1.000000000000000000e+00,0.000000000000000000e+00,6.302329356554002837e-01
1.290000000000001101e+01,2.781903233355489391e-01,6.277993971706424814e-01,9.853843273535530045e+01,1.000000000000000000e+00,0.000000000000000000e+00,6.277970497896583346e-01
1.300000000000000533e+01,2.778862632673976818e-01,6.253688286387618644e-01,9.802067254669687202e+01,1.000000000000000000e+00,0.000000000000000000e+00,6.253664961481982809e-01
1.309999999999999964e+01,2.775837117895286754e-01,6.229435601822274071e-01,9.750629505009604259e+01,1.000000000000000000e+00,0.000000000000000000e+00,6.229412424822531325e-01
1.320000000000001883e+01,2.772826621395649282e-01,6.205235597562421823e-01,9.699524716679026426e+01,1.000000000000000000e+00,0.000000000000000000e+00,6.205212567479813091e-01
1.330000000000001315e+01,2.769831076053051455e-01,6.181087955190506245e-01,9.648747696902961479e+01,1.000000000000000000e+00,0.000000000000000000e+00,6.181065071046478732e-01
1.340000000000000568e+01,2.766850415243084504e-01,6.156992358305964919e-01,9.598293364865233457e+01,1.000000000000000000e+00,0.000000000000000000e+00,6.156969619128166427e-01
1.350000000000000000e+01,2.763884572834838793e-01,6.132948492500572835e-01,9.548156748670304239e+01,1.000000000000000000e+00,0.000000000000000000e+00,6.132925897325679498e-01
1.360000000000001918e+01,2.760933483186843729e-01,6.108956045342088803e-01,9.498332982405102598e+01,1.000000000000000000e+00,0.000000000000000000e+00,6.108933593217291680e-01
1.370000000000001350e+01,2.757997081143046536e-01,6.085014706361074888e-01,9.448817303297111891e+01,1.000000000000000000e+00,0.000000000000000000e+00,6.084992396341277754e-01
1.380000000000000604e+01,2.755075302028832107e-01,6.061124167030547127e-01,9.399605048964849630e+01,1.000000000000000000e+00,0.000000000000000000e+00,6.061101998178558548e-01
1.390000000000000036e+01,2.752168081647087816e-01,6.037386044989203615e-01,9.350691654757433469e+01,1.000000000000000000e+00,0.000000000000000000e+00,6.037262092135573521e-01
1.400000000000001954e+01,2.749275258356921880e-01,6.013872999027983779e-01,9.301172880817510702e+01,1.000000000000000000e+00,0.000000000000000000e+00,6.014026728723768089e-01
1.410000000000001386e+01,2.746396699397422037e-01,5.990307488676780423e-01,9.250436067612923807e+01,1.000000000000000000e+00,0.000000000000000000e+00,5.990285734570984788e-01
1.420000000000000817e+01,2.743532510512284861e-01,5.966615947722067048e-01,9.200038738630507851e+01,1.000000000000000000e+00,0.000000000000000000e+00,5.966594331139459806e-01
1.430000000000000071e+01,2.740682629366634204e-01,5.942973699282353417e-01,9.149975503966828683e+01,1.000000000000000000e+00,0.000000000000000000e+00,5.942952219326427254e-01
1.440000000000001990e+01,2.737846994084085495e-01,5.919380446089876902e-01,9.100241092392698761e+01,1.000000000000000000e+00,0.000000000000000000e+00,5.919359101871791706e-01
1.450000000000001421e+01,2.735025543243050916e-01,5.895835892700921343e-01,9.050830348060274844e+01,1.000000000000000000e+00,0.000000000000000000e+00,5.895814683341996654e-01
1.460000000000000853e+01,2.732218215873074563e-01,5.872339745487554774e-01,9.001738227320950614e+01,1.000000000000000000e+00,0.000000000000000000e+00,5.872318670113993999e-01
1.470000000000000107e+01,2.729424951451205894e-01,5.848891712613502047e-01,8.952959795649884711e+01,1.000000000000000000e+00,0.000000000000000000e+00,5.848870770359430038e-01
1.480000000000002025e+01,2.726645689898417602e-01,5.825491504020284816e-01,8.904490224672849763e+01,1.000000000000000000e+00,0.000000000000000000e+00,5.825470694028946905e-01
1.490000000000001457e+01,2.723880371576051229e-01,5.802138831414382913e-01,8.856324789291434740e+01,1.000000000000000000e+00,0.000000000000000000e+00,5.802118152836677201e-01
1.500000000000000888e+01,2.721128937282305538e-01,5.778833408252513903e-01,8.808458864902695495e+01,1.000000000000000000e+00,0.000000000000000000e+00,5.778812860244838534e-01
1.510000000000000142e+01,2.718391328248753736e-01,5.755574949721512512e-01,8.760887924709793140e+01,1.000000000000000000e+00,0.000000000000000000e+00,5.755554531448520139e-01
1.520000000000002061e+01,2.715667486136907893e-01,5.732363172725637446e-01,8.713607537119916913e+01,1.000000000000000000e+00,0.000000000000000000e+00,5.732342883360597163e-01
1.530000000000001492e+01,2.712957353034804453e-01,5.709197795874392245e-01,8.666613363226360889e+01,1.000000000000000000e+00,0.000000000000000000e+00,5.709177634596821482e-01
1.540000000000000924e+01,2.710260871453635811e-01,5.686177400637693058e-01,8.619901154371341079e+01,1.000000000000000000e+00,0.000000000000000000e+00,5.686058505461000223e-01
1.550000000000000355e+01,2.707577890795854203e-01,5.663384560030586545e-01,8.572719361630996104e+01,1.000000000000000000e+00,0.000000000000000000e+00,5.663547080324762284e-01
1.559999999999999609e+01,2.704908276567196679e-01,5.640538035590161314e-01,8.524468681445632967e+01,1.000000000000000000e+00,0.000000000000000000e+00,5.640518250667897471e-01
1.570000000000001528e+01,2.702252144939381040e-01,5.617554378236055967e-01,8.476534925319094782e+01,1.000000000000000000e+00,0.000000000000000000e+00,5.617534718209875599e-01
1.580000000000000959e+01,2.699609440074559052e-01,5.594615745737610002e-01,8.428913143682716225e+01,1.000000000000000000e+00,0.000000000000000000e+00,5.594596209822207955e-01
1.590000000000000391e+01,2.696980106541741473e-01,5.571721866577091786e-01,8.381598494712025627e+01,1.000000000000000000e+00,0.000000000000000000e+00,5.571702453992966042e-01
1.599999999999999645e+01,2.694364089313632249e-01,5.548872470837623583e-01,8.334586241371512472e+01,1.000000000000000000e+00,0.000000000000000000e+00,5.548853180812871599e-01
1.610000000000001563e+01,2.691761333763480479e-01,5.526067290192147041e-01,8.287871748557759588e+01,1.000000000000000000e+00,0.000000000000000000e+00,5.526048121961452120e-01
1.620000000000000995e+01,2.689171785661975678e-01,5.503306057887603631e-01,8.241450480337205420e+01,1.000000000000000000e+00,0.000000000000000000e+00,5.503287010693374004e-01
1.630000000000000426e+01,2.686595391174164682e-01,5.480588508733830189e-01,8.195317997274696609e+01,1.000000000000000000e+00,0.000000000000000000e+00,5.480569581824847880e-01
1.639999999999999858e+01,2.684032096856406868e-01,5.457914379090647028e-01,8.149469953849560966e+01,1.000000000000000000e+00,0.000000000000000000e+00,5.457895571720220440e-01
1.650000000000001776e+01,2.681481849653352123e-01,5.435283406850199839e-01,8.103902095955618279e+01,1.000000000000000000e+00,0.000000000000000000e+00,5.435264718278662865e-01
1.660000000000001208e+01,2.678944596894961006e-01,5.412695331424600687e-01,8.058610258482076460e+01,1.000000000000000000e+00,0.000000000000000000e+00,5.412676760921009134e-01
1.670000000000000284e+01,2.676420286293542117e-01,5.390149893738924725e-01,8.013590362972088599e+01,1.000000000000000000e+00,0.000000000000000000e+00,5.390131440576672039e-01
1.679999999999999716e+01,2.673908865940826107e-01,5.367646836211764638e-01,7.968838415356206895e+01,1.000000000000000000e+00,0.000000000000000000e+00,5.367628499670736852e-01
1.690000000000001634e+01,2.671410284305067995e-01,5.345202549276255599e-01,7.924350503757807473e+01,1.000000000000000000e+00,0.000000000000000000e+00,5.345167682111142682e-01
1.700000000000001066e+01,2.668924474705318128e-01,5.323064534394225111e-01,7.880015298021891113e+01,1.000000000000000000e+00,0.000000000000000000e+00,5.323311812906231788e-01
1.710000000000000497e+01,2.666451155609371737e-01,5.300951430350729909e-01,7.834249509900419639e+01,1.000000000000000000e+00,0.000000000000000000e+00,5.300933436546929611e-01
1.719999999999999929e+01,2.663990523832353574e-01,5.278614310323030967e-01,7.788777368303210835e+01,1.000000000000000000e+00,0.000000000000000000e+00,5.278596430339019818e-01
1.730000000000001847e+01,2.661542529312226901e-01,5.256318310813966610e-01,7.743594378288689484e+01,1.000000000000000000e+00,0.000000000000000000e+00,5.256300543960298333e-01
1.740000000000001279e+01,2.659107122349478325e-01,5.234063182914571177e-01,7.698696141348887068e+01,1.000000000000000000e+00,0.000000000000000000e+00,5.234045528509472245e-01
1.750000000000000711e+01,2.656684253604384427e-01,5.211848679128829875e-01,7.654078352803594498e+01,1.000000000000000000e+00,0.000000000000000000e+00,5.211831136494026184e-01
1.759999999999999787e+01,2.654273874094308372e-01,5.189674553356904418e-01,7.609736799280109665e+01,1.000000000000000000e+00,0.000000000000000000e+00,5.189657121818229690e-01
1.770000000000001705e+01,2.651875935191024825e-01,5.167540560878408629e-01,7.565667356275186251e+01,1.000000000000000000e+00,0.000000000000000000e+00,5.167523239771255605e-01
1.780000000000001137e+01,2.649490388618074288e-01,5.145446458350738661e-01,7.521865985796108589e+01,1.000000000000000000e+00,0.000000000000000000e+00,5.145429247015418373e-01
1.790000000000000568e+01,2.647117186448131321e-01,5.123392003793147964e-01,7.478328734077737749e+01,1.000000000000000000e+00,0.000000000000000000e+00,5.123374901574472284e-01
1.800000000000000000e+01,2.644756281100414941e-01,5.101376956574467103e-01,7.435051729372815998e+01,1.000000000000000000e+00,0.000000000000000000e+00,5.101359962822070715e-01
1.810000000000001918e+01,2.642407625338109023e-01,5.079401077399751108e-01,7.392031179812676100e+01,1.000000000000000000e+00,0.000000000000000000e+00,5.079384191470305288e-01
1.820000000000001350e+01,2.640071172265825439e-01,5.057464128301203399e-01,7.349263371335784711e+01,1.000000000000000000e+00,0.000000000000000000e+00,5.057447349558376049e-01
1.830000000000000782e+01,2.637746875327072749e-01,5.035565872631672102e-01,7.306744665681425488e+01,1.000000000000000000e+00,0.000000000000000000e+00,5.035549200441304940e-01
1.840000000000000213e+01,2.635434688301764861e-01,5.013706075045598620e-01,7.264471498446388864e+01,1.000000000000000000e+00,0.000000000000000000e+00,5.013689508778825799e-01
1.850000000000002132e+01,2.633134565303746344e-01,4.991990395258712465e-01,7.222440377202083539e+01,1.000000000000000000e+00,0.000000000000000000e+00,4.991868040524318761e-01
1.860000000000001208e+01,2.630846363447429392e-01,4.970483560429262426e-01,7.180071228941366712e+01,1.000000000000000000e+00,0.000000000000000000e+00,4.970638647966765800e-01
1.870000000000000639e+01,2.628569978274593599e-01,4.948908225956105689e-01,7.137030108525743799e+01,1.000000000000000000e+00,0.000000000000000000e+00,4.948891971113397736e-01
1.880000000000000071e+01,2.626305522324912101e-01,4.927198980385742999e-01,7.094255024853740110e+01,1.000000000000000000e+00,0.000000000000000000e+00,4.927182829026752198e-01
1.890000000000001990e+01,2.624052951016477286e-01,4.905527041170835156e-01,7.051742027051335526e+01,1.000000000000000000e+00,0.000000000000000000e+00,4.905510992694699923e-01
1.900000000000001421e+01,2.621812220089365653e-01,4.883892180533263017e-01,7.009487247038488533e+01,1.000000000000000000e+00,0.000000000000000000e+00,4.883876234345321254e-01
1.910000000000000853e+01,2.619583285603304112e-01,4.862294171927559194e-01,6.967486897345851560e+01,1.000000000000000000e+00,0.000000000000000000e+00,4.862278327436412861e-01
1.920000000000000284e+01,2.617366103935361843e-01,4.840732790027237331e-01,6.925737269001548668e+01,1.000000000000000000e+00,0.000000000000000000e+00,4.840717046645143240e-01
1.930000000000002203e+01,2.615160631777664890e-01,4.819207810710677831e-01,6.884234729485240223e+01,1.000000000000000000e+00,0.000000000000000000e+00,4.819192167857769826e-01
1.940000000000001634e+01,2.612966826135136311e-01,4.797719011058719785e-01,6.842975720747023161e+01,1.000000000000000000e+00,0.000000000000000000e+00,4.797703468159468798e-01
1.950000000000000711e+01,2.610784644323247972e-01,4.776266169341538692e-01,6.801956757288624544e+01,1.000000000000000000e+00,0.000000000000000000e+00,4.776250725824226495e-01
1.960000000000000142e+01,2.608614043965807316e-01,4.754849065006898634e-01,6.761174424304788033e+01,1.000000000000000000e+00,0.000000000000000000e+00,4.754833720304846856e-01
1.970000000000002061e+01,2.606454982992754132e-01,4.733467478670428941e-01,6.720625375882470109e+01,1.000000000000000000e+00,0.000000000000000000e+00,4.733452232223032685e-01
1.980000000000001492e+01,2.604307419637990062e-01,4.712121192108544854e-01,6.680306333255840912e+01,1.000000000000000000e+00,0.000000000000000000e+00,4.712106043359575169e-01
1.990000000000000924e+01,2.602171312437215334e-01,4.690809988248538231e-01,6.640214083114932464e+01,1.000000000000000000e+00,0.000000000000000000e+00,4.690794936644593904e-01
2.000000000000000355e+01,2.600046620225800464e-01,4.669533651154587628e-01,6.600345475966132369e+01,1.000000000000000000e+00,0.000000000000000000e+00,4.669518696147892944e-01
2.010000000000002274e+01,2.597933302136668510e-01,4.648346770081016599e-01,6.560697424542590284e+01,1.000000000000000000e+00,0.000000000000000000e+00,4.648277107069390124e-01
2.020000000000001705e+01,2.595831267899154637e-01,4.627416561454507082e-01,6.521015759332021844e+01,1.000000000000000000e+00,0.000000000000000000e+00,4.627624748245505737e-01
2.030000000000000782e+01,2.593740325724828155e-01,4.606465599648609244e-01,6.480547036964934193e+01,1.000000000000000000e+00,0.000000000000000000e+00,4.606450928719073579e-01
2.040000000000000213e+01,2.591660637641076126e-01,4.585325704880356401e-01,6.440318899181441736e+01,1.000000000000000000e+00,0.000000000000000000e+00,4.585311128419349291e-01
2.049999999999999645e+01,2.589592163943596481e-01,4.564219619462285271e-01,6.400327886601068883e+01,1.000000000000000000e+00,0.000000000000000000e+00,4.564205136944199381e-01
2.060000000000001563e+01,2.587534865215420088e-01,4.543147134069601689e-01,6.360570610581324047e+01,1.000000000000000000e+00,0.000000000000000000e+00,4.543132744975236226e-01
2.070000000000000995e+01,2.585488702324918453e-01,4.522108040455071754e-01,6.321043751399920296e+01,1.000000000000000000e+00,0.000000000000000000e+00,4.522093744268759208e-01
2.080000000000000426e+01,2.583453636423823085e-01,4.501102131436916509e-01,6.281744056493681683e+01,1.000000000000000000e+00,0.000000000000000000e+00,4.501087927646708620e-01
2.089999999999999858e+01,2.581429628945274279e-01,4.480129200890011210e-01,6.242668338752267942e+01,1.000000000000000000e+00,0.000000000000000000e+00,4.480115088987777217e-01
2.100000000000001776e+01,2.579416641601878224e-01,4.459189043734277380e-01,6.203813474864548994e+01,1.000000000000000000e+00,0.000000000000000000e+00,4.459175023218538980e-01
2.110000000000001208e+01,2.577414636383795754e-01,4.438281455932561737e-01,6.165176403715837239e+01,1.000000000000000000e+00,0.000000000000000000e+00,4.438267526304703892e-01
2.120000000000000284e+01,2.575423575556830547e-01,4.417406234478358229e-01,6.126754124833985315e+01,1.000000000000000000e+00,0.000000000000000000e+00,4.417392395242379921e-01
2.129999999999999716e+01,2.573443421660557839e-01,4.396563177383123744e-01,6.088543696882805989e+01,1.000000000000000000e+00,0.000000000000000000e+00,4.396549428049483232e-01
2.140000000000001634e+01,2.571474137506452595e-01,4.375752083675022996e-01,6.050542236200935520e+01,1.000000000000000000e+00,0.000000000000000000e+00,4.375738423757168927e-01
2.150000000000001066e+01,2.569515686176047642e-01,4.354972753383734574e-01,6.012746915384679625e+01,1.000000000000000000e+00,0.000000000000000000e+00,4.354959182401373918e-01
2.160000000000000497e+01,2.567568031019103469e-01,4.334224987539775364e-01,5.975154961913112572e+01,1.000000000000000000e+00,0.000000000000000000e+00,4.334211505014385346e-01
2.169999999999999929e+01,2.565631135651794681e-01,4.313508588160505641e-01,5.937763656814147595e+01,1.000000000000000000e+00,0.000000000000000000e+00,4.313495193616523893e-01
2.180000000000001847e+01,2.563704963954919758e-01,4.292951589540295876e-01,5.900570333369991260e+01,1.000000000000000000e+00,0.000000000000000000e+00,4.292810051207865407e-01
2.190000000000001279e+01,2.561789365317695411e-01,4.272601976932756673e-01,5.863084316136362872e+01,1.000000000000000000e+00,0.000000000000000000e+00,4.272765692750083444e-01
2.200000000000000711e+01,2.559884261487910817e-01,4.252154530566577550e-01,5.825138403575702739e+01,1.000000000000000000e+00,0.000000000000000000e+00,4.252141394614483150e-01
2.209999999999999787e+01,2.557989775346944938e-01,4.231560735799504980e-01,5.787409407939660611e+01,1.000000000000000000e+00,0.000000000000000000e+00,4.231547685986907226e-01
2.220000000000001705e+01,2.556105871809675190e-01,4.210997337806209329e-01,5.749894314639153947e+01,1.000000000000000000e+00,0.000000000000000000e+00,4.210984373677348347e-01
2.230000000000001137e+01,2.554232516046935353e-01,4.190464144329222873e-01,5.712590169222223579e+01,1.000000000000000000e+00,0.000000000000000000e+00,4.190451265435520267e-01
2.240000000000000568e+01,2.552369673483817492e-01,4.169960964047944030e-01,5.675494075868812871e+01,1.000000000000000000e+00,0.000000000000000000e+00,4.169948169942961358e-01
2.250000000000000000e+01,2.550517309797994403e-01,4.149487606565871456e-01,5.638603195931465706e+01,1.000000000000000000e+00,0.000000000000000000e+00,4.149474896805265822e-01
2.260000000000001918e+01,2.548675390918058170e-01,4.129043882399396348e-01,5.601914746520177601e+01,1.000000000000000000e+00,0.000000000000000000e+00,4.129031256544341000e-01
2.270000000000001350e+01,2.546843883021877586e-01,4.108629602975639727e-01,5.565425999129909229e+01,1.000000000000000000e+00,0.000000000000000000e+00,4.108617060590756265e-01
2.280000000000000782e+01,2.545022752534963351e-01,4.088244580623178748e-01,5.529134278309159356e+01,1.000000000000000000e+00,0.000000000000000000e+00,4.088232121276116349e-01
2.290000000000000213e+01,2.543211966128858248e-01,4.067888628563078313e-01,5.493036960368275601e+01,1.000000000000000000e+00,0.000000000000000000e+00,4.067876251825536249e-01
2.300000000000002132e+01,2.541411490719534538e-01,4.047561560902787625e-01,5.457131472126014415e+01,1.000000000000000000e+00,0.000000000000000000e+00,4.047549266350149999e-01
2.310000000000001208e+01,2.539621293465813556e-01,4.027263192627868471e-01,5.421415289693097606e+01,1.000000000000000000e+00,0.000000000000000000e+00,4.027250979839715472e-01
2.320000000000000639e+01,2.537841341767794190e-01,4.006993339596590098e-01,5.385885937291349279e+01,1.000000000000000000e+00,0.000000000000000000e+00,4.006981208155224183e-01
2.330000000000000071e+01,2.536071603265300789e-01,3.986751818529863378e-01,5.350540986107381514e+01,1.000000000000000000e+00,0.000000000000000000e+00,3.986739768021623775e-01
2.340000000000001990e+01,2.534312045836343841e-01,3.966538447007176282e-01,5.315378053179482265e+01,1.000000000000000000e+00,0.000000000000000000e+00,3.966526477020563268e-01
2.350000000000001421e+01,2.532562637595594524e-01,3.946406243435313654e-01,5.280394800316688020e+01,1.000000000000000000e+00,0.000000000000000000e+00,3.946341153583239891e-01
2.360000000000000853e+01,2.530823299862439701e-01,3.926594608919545815e-01,5.245421369496309438e+01,1.000000000000000000e+00,0.000000000000000000e+00,3.926876381063932331e-01
2.370000000000000284e+01,2.529093789729374708e-01,3.906757238546255673e-01,5.209715225246307568e+01,1.000000000000000000e+00,0.000000000000000000e+00,3.906745504977206518e-01
2.380000000000002203e+01,2.527374335364895308e-01,3.886653717560484278e-01,5.174207548558808867e+01,1.000000000000000000e+00,0.000000000000000000e+00,3.886642062918338469e-01
2.390000000000001634e+01,2.525664905808188143e-01,3.866577452724682118e-01,5.138895656694824510e+01,1.000000000000000000e+00,0.000000000000000000e+00,3.866565876617848452e-01
2.400000000000000711e+01,2.523965470327739768e-01,3.846528266582289191e-01,5.103776919490303499e+01,1.000000000000000000e+00,0.000000000000000000e+00,3.846516768620956150e-01
2.410000000000000142e+01,2.522275998419895582e-01,3.826505982485081114e-01,5.068848758065656313e+01,1.000000000000000000e+00,0.000000000000000000e+00,3.826494562280758349e-01
2.420000000000002061e+01,2.520596459807434853e-01,3.806510424582036922e-01,5.034108643573818398e+01,1.000000000000000000e+00,0.000000000000000000e+00,3.806499081751424374e-01
2.430000000000001492e+01,2.518926824438160739e-01,3.786541417816785549e-01,4.999554095985600100e+01,1.000000000000000000e+00,0.000000000000000000e+00,3.786530151981483128e-01
2.440000000000000924e+01,2.517267062483498630e-01,3.766598787926096481e-01,4.965182682910900525e+01,1.000000000000000000e+00,0.000000000000000000e+00,3.766587598707104578e-01
2.450000000000000355e+01,2.515617144337108368e-01,3.746682361423615548e-01,4.930992018454695369e+01,1.000000000000000000e+00,0.000000000000000000e+00,3.746671248445490598e-01
2.460000000000002274e+01,2.513977040613517566e-01,3.726791965593443390e-01,4.896979762106467149e+01,1.000000000000000000e+00,0.000000000000000000e+00,3.726780928488286904e-01
2.470000000000001705e+01,2.512346722146759914e-01,3.706927428494878329e-01,4.863143617662037599e+01,1.000000000000000000e+00,0.000000000000000000e+00,3.706916466895072704e-01
2.480000000000000782e+01,2.510726159989024597e-01,3.687088578947986250e-01,4.829481332176554531e+01,1.000000000000000000e+00,0.000000000000000000e+00,3.687077692486849245e-01
2.490000000000000213e+01,2.509115325409327357e-01,3.667275246521428667e-01,4.795990694947739286e+01,1.000000000000000000e+00,0.000000000000000000e+00,3.667264434839642706e-01
2.499999999999999645e+01,2.507514189892190437e-01,3.647487261540347525e-01,4.762669536528253644e+01,1.000000000000000000e+00,0.000000000000000000e+00,3.647476524278110976e-01
2.510000000000001563e+01,2.505922725136326412e-01,3.627724455066809184e-01,4.729515727766254685e+01,1.000000000000000000e+00,0.000000000000000000e+00,3.627713791869217053e-01
2.520000000000000995e+01,2.504340903053354772e-01,3.607986658899633436e-01,4.696527178873206765e+01,1.000000000000000000e+00,0.000000000000000000e+00,3.607976069415967380e-01
2.530000000000000426e+01,2.502768695766505180e-01,3.588499137428696750e-01,4.663701838517977905e+01,1.000000000000000000e+00,0.000000000000000000e+00,3.588263189451147972e-01
2.539999999999999858e+01,2.501205878665078153e-01,3.569203450200352234e-01,4.630460014849521144e+01,1.000000000000000000e+00,0.000000000000000000e+00,3.569360577475590990e-01
2.550000000000001776e+01,2.499652475783930572e-01,3.549706280907041211e-01,4.596968124951576584e+01,1.000000000000000000e+00,0.000000000000000000e+00,3.549695907582534615e-01
2.560000000000001208e+01,2.498108606171787760e-01,3.530065889656451850e-01,4.563657646884398389e+01,1.000000000000000000e+00,0.000000000000000000e+00,3.530055588680207079e-01
2.570000000000000284e+01,2.496574242778202557e-01,3.510449685097559724e-01,4.530526196572107978e+01,1.000000000000000000e+00,0.000000000000000000e+00,3.510439456131173031e-01
2.579999999999999716e+01,2.495049358758151536e-01,3.490857503289445107e-01,4.497571435904734471e+01,1.000000000000000000e+00,0.000000000000000000e+00,3.490847345997585283e-01
2.590000000000001634e+01,2.493533927470821254e-01,3.471289180983526679e-01,4.464791071631114505e+01,1.000000000000000000e+00,0.000000000000000000e+00,3.471279095035219586e-01
2.600000000000001066e+01,2.492027922478410040e-01,3.451744555621161781e-01,4.432182854284403817e+01,1.000000000000000000e+00,0.000000000000000000e+00,3.451734540687589892e-01
2.610000000000000497e+01,2.490531317544934231e-01,3.432223465325311418e-01,4.399744577138957169e+01,1.000000000000000000e+00,0.000000000000000000e+00,3.432213521080046958e-01
2.619999999999999929e+01,2.489044086635054942e-01,3.412725748893595257e-01,4.367474075197663552e+01,1.000000000000000000e+00,0.000000000000000000e+00,3.412715875013979105e-01
2.630000000000001847e+01,2.487566203912907892e-01,3.393251245795952387e-01,4.335369224208579908e+01,1.000000000000000000e+00,0.000000000000000000e+00,3.393241441961024618e-01
2.640000000000001279e+01,2.486097643740949603e-01,3.373799796165081188e-01,4.303427939709947481e+01,1.000000000000000000e+00,0.000000000000000000e+00,3.373790062057351880e-01
2.650000000000000711e+01,2.484638380678812764e-01,3.354371240793397324e-01,4.271648176102520011e+01,1.000000000000000000e+00,0.000000000000000000e+00,3.354361576097938946e-01
2.659999999999999787e+01,2.483188389482172131e-01,3.334965421127262242e-01,4.240027925748455573e+01,1.000000000000000000e+00,0.000000000000000000e+00,3.334955825530944162e-01
2.670000000000001705e+01,2.481747645101621824e-01,3.315582179257810513e-01,4.208565218095734650e+01,1.000000000000000000e+00,0.000000000000000000e+00,3.315572652452081215e-01
2.680000000000001137e+01,2.480316122681565927e-01,3.296221357921205186e-01,4.177258118827384692e+01,1.000000000000000000e+00,0.000000000000000000e+00,3.296211899599076345e-01
2.690000000000000568e+01,2.478893797559112155e-01,3.276882800488800651e-01,4.146104729034539815e+01,1.000000000000000000e+00,0.000000000000000000e+00,3.276873410346102800e-01
2.700000000000000000e+01,2.477480645262987446e-01,3.257566350962867729e-01,4.115103184412726733e+01,1.000000000000000000e+00,0.000000000000000000e+00,3.257557028698319646e-01
2.710000000000001918e+01,2.476076641512451604e-01,3.238663687733221996e-01,4.084251654480497251e+01,1.000000000000000000e+00,0.000000000000000000e+00,3.238262599286407251e-01
2.720000000000001350e+01,2.474681423548906467e-01,3.219840559060478946e-01,4.052738154692728045e+01,1.000000000000000000e+00,0.000000000000000000e+00,3.219889232090783482e-01
2.730000000000000782e+01,2.473295257024445137e-01,3.200646360049352324e-01,4.021273687391673946e+01,1.000000000000000000e+00,0.000000000000000000e+00,3.200637236513678707e-01
2.740000000000000213e+01,2.471918168199560839e-01,3.181415794742258885e-01,3.989977027186771608e+01,1.000000000000000000e+00,0.000000000000000000e+00,3.181406737917662486e-01
2.750000000000002132e+01,2.470550133537007531e-01,3.162206573756072281e-01,3.958846017570524367e+01,1.000000000000000000e+00,0.000000000000000000e+00,3.162197583353748009e-01
2.760000000000001208e+01,2.469191129684872033e-01,3.143018544737128939e-01,3.927878543224465346e+01,1.000000000000000000e+00,0.000000000000000000e+00,3.143009620472070331e-01
2.770000000000000639e+01,2.467841133475553450e-01,3.123851555928926493e-01,3.897072529040305966e+01,1.000000000000000000e+00,0.000000000000000000e+00,3.123842697516652223e-01
2.780000000000000071e+01,2.466500121924751487e-01,3.104705456162022981e-01,3.866425939169729276e+01,1.000000000000000000e+00,0.000000000000000000e+00,3.104696663320225536e-01
2.790000000000001990e+01,2.465168072230469742e-01,3.085580094847941157e-01,3.835936776101733869e+01,1.000000000000000000e+00,0.000000000000000000e+00,3.085571367299079215e-01
2.800000000000001421e+01,2.463844961772024278e-01,3.066475321980019486e-01,3.805603079766688523e+01,1.000000000000000000e+00,0.000000000000000000e+00,3.066466659447976695e-01
2.810000000000000853e+01,2.462530768109061075e-01,3.047390988124437650e-01,3.775422926666071533e+01,1.000000000000000000e+00,0.000000000000000000e+00,3.047382390335034441e-01
2.820000000000000284e+01,2.461225468980587083e-01,3.028326944414948541e-01,3.745394429027206229e+01,1.000000000000000000e+00,0.000000000000000000e+00,3.028318411096717067e-01
2.830000000000002203e+01,2.459929042304006830e-01,3.009283042548427378e-01,3.715515733982030611e+01,1.000000000000000000e+00,0.000000000000000000e+00,3.009274573432818567e-01
2.840000000000001634e+01,2.458641466174171786e-01,2.990259134781240169e-01,3.685785022769194796e+01,1.000000000000000000e+00,0.000000000000000000e+00,2.990250729601504065e-01
2.850000000000000711e+01,2.457362718862434459e-01,2.971255073922557388e-01,3.656200509958622291e+01,1.000000000000000000e+00,0.000000000000000000e+00,2.971246732414353775e-01
2.860000000000000142e+01,2.456092778815717748e-01,2.952270713329773200e-01,3.626760442697926834e+01,1.000000000000000000e+00,0.000000000000000000e+00,2.952262435231477467e-01
2.870000000000002061e+01,2.454831624655587075e-01,2.933305906904763449e-01,3.597463099979883339e+01,1.000000000000000000e+00,0.000000000000000000e+00,2.933297691956635034e-01
2.880000000000001492e+01,2.453579235177336948e-01,2.914493800895459064e-01,3.568306791930334754e+01,1.000000000000000000e+00,0.000000000000000000e+00,2.914352357032418683e-01
2.890000000000000924e+01,2.452335475189884317e-01,2.896086692705193144e-01,3.539067078115260756e+01,1.000000000000000000e+00,0.000000000000000000e+00,2.896465113759172372e-01
2.900000000000000355e+01,2.451100108024830138e-01,2.877565145274997294e-01,3.509334567115070058e+01,1.000000000000000000e+00,0.000000000000000000e+00,2.877557114824713658e-01
2.910000000000002274e+01,2.449873443850622556e-01,2.858676066947558603e-01,3.479760911068724027e+01,1.000000000000000000e+00,0.000000000000000000e+00,2.858668098646244271e-01
2.920000000000001705e+01,2.448655462139739392e-01,2.839805828144729150e-01,3.450344089344677201e+01,1.000000000000000000e+00,0.000000000000000000e+00,2.839797921745506049e-01
2.930000000000000782e+01,2.447446142533981905e-01,2.820954285903787828e-01,3.421082120006526139e+01,1.000000000000000000e+00,0.000000000000000000e+00,2.820946441159614682e-01
2.940000000000000213e+01,2.446245464843612716e-01,2.802121297769346597e-01,3.391973058896727622e+01,1.000000000000000000e+00,0.000000000000000000e+00,2.802113514436420094e-01
2.949999999999999645e+01,2.445053409046502313e-01,2.783306721793042948e-01,3.363014998747211592e+01,1.000000000000000000e+00,0.000000000000000000e+00,2.783298999629898463e-01
2.960000000000001563e+01,2.443869955287280293e-01,2.764510416527581893e-01,3.334206068316004945e+01,1.000000000000000000e+00,0.000000000000000000e+00,2.764502755295557557e-01
2.970000000000000995e+01,2.442695083876499917e-01,2.745732241023568498e-01,3.305544431549021311e+01,1.000000000000000000e+00,0.000000000000000000e+00,2.745724640485897039e-01
2.980000000000000426e+01,2.441528775289804887e-01,2.726972054824270408e-01,3.277028286766100251e+01,1.000000000000000000e+00,0.000000000000000000e+00,2.726964514745861545e-01
2.989999999999999858e+01,2.440371010167111110e-01,2.708229717960564109e-01,3.248655865870615855e+01,1.000000000000000000e+00,0.000000000000000000e+00,2.708222238108363711e-01
3.000000000000001776e+01,2.439221769311790411e-01,2.689505090946417432e-01,3.220425433581773689e+01,1.000000000000000000e+00,0.000000000000000000e+00,2.689497671089802755e-01
3.010000000000001208e+01,2.438081033689868671e-01,2.670798034774889973e-01,3.192335286688940954e+01,1.000000000000000000e+00,0.000000000000000000e+00,2.670790674685648569e-01
3.020000000000000284e+01,2.436948784429225356e-01,2.652108410914345016e-01,3.164383753327197013e+01,1.000000000000000000e+00,0.000000000000000000e+00,2.652101110366005265e-01
3.029999999999999716e+01,2.435825002818807206e-01,2.633436081302577558e-01,3.136569192273542939e+01,1.000000000000000000e+00,0.000000000000000000e+00,2.633428840071248000e-01
3.040000000000001634e+01,2.434709670307844964e-01,2.614780908343760646e-01,3.108889992263024382e+01,1.000000000000000000e+00,0.000000000000000000e+00,2.614773726207662574e-01
3.050000000000001066e+01,2.433602768505081781e-01,2.596142754903640326e-01,3.081344571324187598e+01,1.000000000000000000e+00,0.000000000000000000e+00,2.596135631643129438e-01
3.060000000000000497e+01,2.432504279178006046e-01,2.578071857992678684e-01,3.053931376133202491e+01,1.000000000000000000e+00,0.000000000000000000e+00,2.577514419702809367e-01
3.069999999999999929e+01,2.431413716927499635e-01,2.560063899663360676e-01,3.025924856729707102e+01,1.000000000000000000e+00,0.000000000000000000e+00,2.560103160331681504e-01
3.080000000000001847e+01,2.430331492793127157e-01,2.541521195379028986e-01,2.998008035744028987e+01,1.000000000000000000e+00,0.000000000000000000e+00,2.541514243713656751e-01
3.090000000000001279e+01,2.429257628275517666e-01,2.522948704702112077e-01,2.970240656474643259e+01,1.000000000000000000e+00,0.000000000000000000e+00,2.522941811066216622e-01
3.100000000000000711e+01,2.428192105760179631e-01,2.504392563290133711e-01,2.942620842348368271e+01,1.000000000000000000e+00,0.000000000000000000e+00,2.504385727473088519e-01
3.109999999999999787e+01,2.427134907787696361e-01,2.485852636661245174e-01,2.915146752923594065e+01,1.000000000000000000e+00,0.000000000000000000e+00,2.485845858454471535e-01
3.120000000000001705e+01,2.426086017053007415e-01,2.467328790764372615e-01,2.887816583042607732e+01,1.000000000000000000e+00,0.000000000000000000e+00,2.467322069962872011e-01
3.130000000000001137e+01,2.425045416404695287e-01,2.448820891978755188e-01,2.860628562009294384e+01,1.000000000000000000e+00,0.000000000000000000e+00,2.448814228379012081e-01
3.140000000000000568e+01,2.424013088844278463e-01,2.430328807108137756e-01,2.833580952791234253e+01,1.000000000000000000e+00,0.000000000000000000e+00,2.430322200507704644e-01
3.150000000000000000e+01,2.422989017525514210e-01,2.411852403375834841e-01,2.806672051245582011e+01,1.000000000000000000e+00,0.000000000000000000e+00,2.411845853573806042e-01
3.160000000000001918e+01,2.421973185753706903e-01,2.393391548419361581e-01,2.779900185367786847e+01,1.000000000000000000e+00,0.000000000000000000e+00,2.393385055218161250e-01
3.170000000000001350e+01,2.420965576985026346e-01,2.374946110288896906e-01,2.753263714562586273e+01,1.000000000000000000e+00,0.000000000000000000e+00,2.374939673493604575e-01
3.180000000000000782e+01,2.419966174825828320e-01,2.356515957445652620e-01,2.726761028936389408e+01,1.000000000000000000e+00,0.000000000000000000e+00,2.356509576860935651e-01
3.190000000000000213e+01,2.418974963031985115e-01,2.338100958752261371e-01,2.700390548610559094e+01,1.000000000000000000e+00,0.000000000000000000e+00,2.338094634184959830e-01
3.200000000000002132e+01,2.417991925508224949e-01,2.319700983468962752e-01,2.674150723054830436e+01,1.000000000000000000e+00,0.000000000000000000e+00,2.319694714730540230e-01
3.210000000000001563e+01,2.417017046307476380e-01,2.301315901257591501e-01,2.648040030440321857e+01,1.000000000000000000e+00,0.000000000000000000e+00,2.301309688158680866e-01
3.220000000000000995e+01,2.416050309630214943e-01,2.282945582169034482e-01,2.622056977011453327e+01,1.000000000000000000e+00,0.000000000000000000e+00,2.282939424522598681e-01
3.230000000000000426e+01,2.415091699823828653e-01,2.265230505731304356e-01,2.596200096476335162e+01,1.000000000000000000e+00,0.000000000000000000e+00,2.264583794263865246e-01
3.240000000000001990e+01,2.414140661331833637e-01,2.247579366922919097e-01,2.569807325630350903e+01,1.000000000000000000e+00,0.000000000000000000e+00,2.247622821856718467e-01
3.250000000000001421e+01,2.413197678035358118e-01,2.229300990071748645e-01,2.543507701940026422e+01,1.000000000000000000e+00,0.000000000000000000e+00,2.229294993555300253e-01
3.260000000000000853e+01,2.412262776427011035e-01,2.210987363679824402e-01,2.517351176161149340e+01,1.000000000000000000e+00,0.000000000000000000e+00,2.210981421901250799e-01
3.270000000000000284e+01,2.411335941425129248e-01,2.192687866042378753e-01,2.491335957914617083e+01,1.000000000000000000e+00,0.000000000000000000e+00,2.192681978823207978e-01
3.280000000000001847e+01,2.410417158091891776e-01,2.174402369453491413e-01,2.465460291992028630e+01,1.000000000000000000e+00,0.000000000000000000e+00,2.174396536619359888e-01
3.290000000000001279e+01,2.409506411632719447e-01,2.156130746576669366e-01,2.439722457539217260e+01,1.000000000000000000e+00,0.000000000000000000e+00,2.156124967953708393e-01
3.300000000000000711e+01,2.408603687395674542e-01,2.137872870437480533e-01,2.414120767265317369e+01,1.000000000000000000e+00,0.000000000000000000e+00,2.137867145852313799e-01
3.310000000000000142e+01,2.407708970870876541e-01,2.119628614416749490e-01,2.388653566676711293e+01,1.000000000000000000e+00,0.000000000000000000e+00,2.119622943699597528e-01
3.320000000000002416e+01,2.406822247689917316e-01,2.101397852252249732e-01,2.363319233335005620e+01,1.000000000000000000e+00,0.000000000000000000e+00,2.101392235234646466e-01
3.330000000000001847e+01,2.405943503625285196e-01,2.083180458033055682e-01,2.338116176138370861e+01,1.000000000000000000e+00,0.000000000000000000e+00,2.083174894547552558e-01
3.340000000000000568e+01,2.405072724589794597e-01,2.064976306194132583e-01,2.313042834625504796e+01,1.000000000000000000e+00,0.000000000000000000e+00,2.064970796075740467e-01
3.350000000000000000e+01,2.404209896636024246e-01,2.046785271514477977e-01,2.288097678301653914e+01,1.000000000000000000e+00,0.000000000000000000e+00,2.046779814600360459e-01
3.360000000000002274e+01,2.403355005955757906e-01,2.028607229114857968e-01,2.263279205985994835e+01,1.000000000000000000e+00,0.000000000000000000e+00,2.028601825242648815e-01
3.370000000000001705e+01,2.402508038879433983e-01,2.010442054450827243e-01,2.238585945179888270e+01,1.000000000000000000e+00,0.000000000000000000e+00,2.010436703460367902e-01
3.380000000000001137e+01,2.401668981875601516e-01,1.992289623309965452e-01,2.214016451455325551e+01,1.000000000000000000e+00,0.000000000000000000e+00,1.992284325044200721e-01
3.390000000000000568e+01,2.400837821550381446e-01,1.974389250504578197e-01,2.189569307863189351e+01,1.000000000000000000e+00,0.000000000000000000e+00,1.974144566114213739e-01
3.400000000000002132e+01,2.400014343985216736e-01,1.957065332652480061e-01,2.165050678024854847e+01,1.000000000000000000e+00,0.000000000000000000e+00,1.957624863016769745e-01
3.410000000000001563e+01,2.399198264532255986e-01,1.939514025770751882e-01,2.140212077442460625e+01,1.000000000000000000e+00,0.000000000000000000e+00,1.939508880114994838e-01
3.420000000000000995e+01,2.398390043304011177e-01,1.921410251425324789e-01,2.115512750882908932e+01,1.000000000000000000e+00,0.000000000000000000e+00,1.921405157891345472e-01
3.430000000000000426e+01,2.397589667440015171e-01,1.903318615282841852e-01,2.090950948912438179e+01,1.000000000000000000e+00,0.000000000000000000e+00,1.903313573720376295e-01
3.439999999999999858e+01,2.396797124214811447e-01,1.885238995027924691e-01,2.066524957859221345e+01,1.000000000000000000e+00,0.000000000000000000e+00,1.885234005288825010e-01
3.450000000000001421e+01,2.396012401037449224e-01,1.867171268655517247e-01,2.042233099004698005e+01,1.000000000000000000e+00,0.000000000000000000e+00,1.867166330592152090e-01
3.460000000000000853e+01,2.395235485450986634e-01,1.849115314462556336e-01,2.018073727803348660e+01,1.000000000000000000e+00,0.000000000000000000e+00,1.849110427931126288e-01
3.470000000000000284e+01,2.394466365132001673e-01,1.831071011050842412e-01,1.994045233130074379e+01,1.000000000000000000e+00,0.000000000000000000e+00,1.831066175908389604e-01
3.479999999999999716e+01,2.393705027890101755e-01,1.813038237320894752e-01,1.970146036554648106e+01,1.000000000000000000e+00,0.000000000000000000e+00,1.813033453425067221e-01
3.490000000000001990e+01,2.392951461667448543e-01,1.795016872466383973e-01,1.946374591642511120e+01,1.000000000000000000e+00,0.000000000000000000e+00,1.795012139677383267e-01
3.500000000000001421e+01,2.392205654538280823e-01,1.777006795974152842e-01,1.922729383281402704e+01,1.000000000000000000e+00,0.000000000000000000e+00,1.777002114153310164e-01
3.510000000000000142e+01,2.391467594708447941e-01,1.759007887618182497e-01,1.899208927033213712e+01,1.000000000000000000e+00,0.000000000000000000e+00,1.759003256629186329e-01
3.519999999999999574e+01,2.390737270514946278e-01,1.741020027460145059e-01,1.875811768510703814e+01,1.000000000000000000e+00,0.000000000000000000e+00,1.741015447166410490e-01
3.530000000000001847e+01,2.390014670425460730e-01,1.723043095839913441e-01,1.852536482778577920e+01,1.000000000000000000e+00,0.000000000000000000e+00,1.723038566108105740e-01
3.540000000000001279e+01,2.389299783037917568e-01,1.705076973375976024e-01,1.829381673778597772e+01,1.000000000000000000e+00,0.000000000000000000e+00,1.705072494075839939e-01
3.550000000000000711e+01,2.388592597080033963e-01,1.687167900123386077e-01,1.806345973778327263e+01,1.000000000000000000e+00,0.000000000000000000e+00,1.687117111966307259e-01
3.560000000000000142e+01,2.387893062755720996e-01,1.670165615684562344e-01,1.783399740687047696e+01,1.000000000000000000e+00,0.000000000000000000e+00,1.671058494464928712e-01
3.570000000000001705e+01,2.387200460723311324e-01,1.653127376625938005e-01,1.760033745000842842e+01,1.000000000000000000e+00,0.000000000000000000e+00,1.653123042583431179e-01
3.580000000000001137e+01,2.386515527981378781e-01,1.635202221468856076e-01,1.736803724082741596e+01,1.000000000000000000e+00,0.000000000000000000e+00,1.635197937358179865e-01
3.590000000000000568e+01,2.385838253759346717e-01,1.617287295031217820e-01,1.713707971848215550e+01,1.000000000000000000e+00,0.000000000000000000e+00,1.617283060726450450e-01
3.600000000000000000e+01,2.385168627414322728e-01,1.599382479506336607e-01,1.690744819676448074e+01,1.000000000000000000e+00,0.000000000000000000e+00,1.599378294884786778e-01
3.610000000000001563e+01,2.384506638430687608e-01,1.581487657345077846e-01,1.667912635647337183e+01,1.000000000000000000e+00,0.000000000000000000e+00,1.581483522285792032e-01
3.620000000000000995e+01,2.383852276419682892e-01,1.563602711251804445e-01,1.645209823814336048e+01,1.000000000000000000e+00,0.000000000000000000e+00,1.563598625634960715e-01
3.630000000000000426e+01,2.383205531119011178e-01,1.545727524180597612e-01,1.622634823512707314e+01,1.000000000000000000e+00,0.000000000000000000e+00,1.545723487887470105e-01
3.639999999999999858e+01,2.382566392392434784e-01,1.527861979331754383e-01,1.600186108703097787e+01,1.000000000000000000e+00,0.000000000000000000e+00,1.527857992245044982e-01
3.650000000000002132e+01,2.381934850229386891e-01,1.510005960146887649e-01,1.577862187350211087e+01,1.000000000000000000e+00,0.000000000000000000e+00,1.510002022152805434e-01
3.660000000000001563e+01,2.381310894744582130e-01,1.492159350311323129e-01,1.555661600836638137e+01,1.000000000000000000e+00,0.000000000000000000e+00,1.492155461296142405e-01
3.670000000000000995e+01,2.380694516177633557e-01,1.474322033747425542e-01,1.533582923411876564e+01,1.000000000000000000e+00,0.000000000000000000e+00,1.474318193597574378e-01
3.680000000000000426e+01,2.380085704892676568e-01,1.456493894609204864e-01,1.511624761676889861e+01,1.000000000000000000e+00,0.000000000000000000e+00,1.456490103213660126e-01
3.690000000000001990e+01,2.379484451377998078e-01,1.438674817281209717e-01,1.489785754104462256e+01,1.000000000000000000e+00,0.000000000000000000e+00,1.438671074531892580e-01
3.700000000000001421e+01,2.378890746245669041e-01,1.420864686378709718e-01,1.468064570595948126e+01,1.000000000000000000e+00,0.000000000000000000e+00,1.420860992167634895e-01
3.710000000000000853e+01,2.378304580231181131e-01,1.403274732986107554e-01,1.446459912074985610e+01,1.000000000000000000e+00,0.000000000000000000e+00,1.403059740961022372e-01
3.720000000000000284e+01,2.377725768736628775e-01,1.386578105872519617e-01,1.424875891290355945e+01,1.000000000000000000e+00,0.000000000000000000e+00,1.387459967786396908e-01
3.730000000000001847e+01,2.377153744158884974e-01,1.369678535381736728e-01,1.403021963807665529e+01,1.000000000000000000e+00,0.000000000000000000e+00,1.369674980211602888e-01
3.740000000000001279e+01,2.376589232507836102e-01,1.351902000771673107e-01,1.381300976089391952e+01,1.000000000000000000e+00,0.000000000000000000e+00,1.351898493736046480e-01
3.750000000000000711e+01,2.376032224994386599e-01,1.334133853045365858e-01,1.359711302256097731e+01,1.000000000000000000e+00,0.000000000000000000e+00,1.334130394042501166e-01
3.760000000000000142e+01,2.375482712951166864e-01,1.316373978093408614e-01,1.338251358029119586e+01,1.000000000000000000e+00,0.000000000000000000e+00,1.316370567023731897e-01
3.770000000000002416e+01,2.374940687832203245e-01,1.298622262013535422e-01,1.316919600201440588e+01,1.000000000000000000e+00,0.000000000000000000e+00,1.298618898779481945e-01
3.780000000000001847e+01,2.374406141212588306e-01,1.280878591108082498e-01,1.295714526170155345e+01,1.000000000000000000e+00,0.000000000000000000e+00,1.280875275613502229e-01
3.790000000000000568e+01,2.373879064788160242e-01,1.263142851881067508e-01,1.274634673532399454e+01,1.000000000000000000e+00,0.000000000000000000e+00,1.263139584030545381e-01
3.800000000000000000e+01,2.373359450375182866e-01,1.245414931033214656e-01,1.253678619747245904e+01,1.000000000000000000e+00,0.000000000000000000e+00,1.245411710733409921e-01
3.810000000000002274e+01,2.372847289910036406e-01,1.227694715461288694e-01,1.232844981866290190e+01,1.000000000000000000e+00,0.000000000000000000e+00,1.227691542619987197e-01
3.820000000000001705e+01,2.372342575448905255e-01,1.209982092254039410e-01,1.212132416336228502e+01,1.000000000000000000e+00,0.000000000000000000e+00,1.209978966780313331e-01
3.830000000000001137e+01,2.371845299167479326e-01,1.192276948688768684e-01,1.191539618877176920e+01,1.000000000000000000e+00,0.000000000000000000e+00,1.192273870493619770e-01
3.840000000000000568e+01,2.371355453360651788e-01,1.174579172230540702e-01,1.171065324441212674e+01,1.000000000000000000e+00,0.000000000000000000e+00,1.174576141225416592e-01
3.850000000000002132e+01,2.370873030442228191e-01,1.156888650524980772e-01,1.150708307256084595e+01,1.000000000000000000e+00,0.000000000000000000e+00,1.156885666624569570e-01
3.860000000000001563e+01,2.370398022944637251e-01,1.139205271402096292e-01,1.130467380959956358e+01,1.000000000000000000e+00,0.000000000000000000e+00,1.139202334520408311e-01
3.870000000000000995e+01,2.369930423518643858e-01,1.122420665729668698e-01,1.110341398833714521e+01,1.000000000000000000e+00,0.000000000000000000e+00,1.121526032919804849e-01
3.880000000000000426e+01,2.369469487228287874e-01,1.105972906802391575e-01,1.090050915279915777e+01,1.000000000000000000e+00,0.000000000000000000e+00,1.106300234414905187e-01
3.889999999999999858e+01,2.369015672352453306e-01,1.088639526436448457e-01,1.069786413006593406e+01,1.000000000000000000e+00,0.000000000000000000e+00,1.088636723649402255e-01
3.900000000000001421e+01,2.368569244969054299e-01,1.070982679938567717e-01,1.049652001667136858e+01,1.000000000000000000e+00,0.000000000000000000e+00,1.070979923853976196e-01
3.910000000000000853e+01,2.368130198183446555e-01,1.053332433154221121e-01,1.029646276753206635e+01,1.000000000000000000e+00,0.000000000000000000e+00,1.053329723694136216e-01
3.920000000000000284e+01,2.367698525218009109e-01,1.035688674911086071e-01,1.009767888229753297e+01,1.000000000000000000e+00,0.000000000000000000e+00,1.035686011998976919e-01
3.929999999999999716e+01,2.367274219411882041e-01,1.018051294199178169e-01,9.900155411998381894e+00,1.000000000000000000e+00,1.000000000000000000e+00,1.018048677758350007e-01
3.940000000000001990e+01,2.366857274220718343e-01,1.000420180163640593e-01,9.703879967646781068e+00,1.000000000000000000e+00,1.000000000000000000e+00,1.000417610120015871e-01
3.950000000000001421e+01,2.366447683216434394e-01,9.827952221058970650e-02,9.508840730976489297e+00,1.000000000000000000e+00,1.000000000000000000e+00,9.827926983868402744e-02
3.960000000000000142e+01,2.366045440086967655e-01,9.651763094800688836e-02,9.315026467536776877e+00,1.000000000000000000e+00,1.000000000000000000e+00,9.651738320139419125e-02
3.969999999999999574e+01,2.365650538636036859e-01,9.475633318896951873e-02,9.122426542388636150e+00,1.000000000000000000e+00,1.000000000000000000e+00,9.475609006059045047e-02
3.980000000000001847e+01,2.365262972782909145e-01,9.299561790844189380e-02,8.931030938687349874e+00,1.000000000000000000e+00,1.000000000000000000e+00,9.299537939139562726e-02
3.990000000000001279e+01,2.364882736562169685e-01,9.123547409586588164e-02,8.740830279480693576e+00,1.000000000000000000e+00,1.000000000000000000e+00,9.123524018331989616e-02
4.000000000000000711e+01,2.364509824123496584e-01,8.947589075458792229e-02,8.551815853101009779e+00,1.000000000000000000e+00,1.000000000000000000e+00,8.947566143997918997e-02
4.010000000000000142e+01,2.364144229731441893e-01,8.771685690185440643e-02,8.363979642590409824e+00,1.000000000000000000e+00,1.000000000000000000e+00,8.771663217881819907e-02
4.020000000000001705e+01,2.363785947765213169e-01,8.604404957766567663e-02,8.177314359665865950e+00,1.000000000000000000e+00,1.000000000000000000e+00,8.595814143083310710e-02
4.030000000000001137e+01,2.363434265692174185e-01,8.442017795920014889e-02,7.990037468904990448e+00,1.000000000000000000e+00,1.000000000000000000e+00,8.446839784857125555e-02
4.040000000000000568e+01,2.363089486200329326e-01,8.271108483164797687e-02,7.803054319992616783e+00,1.000000000000000000e+00,1.000000000000000000e+00,8.271087314782755995e-02
4.050000000000000000e+01,2.362752003589733418e-01,8.095406291493302542e-02,7.617390535313151467e+00,1.000000000000000000e+00,1.000000000000000000e+00,8.095385579882828642e-02
4.060000000000001563e+01,2.362421812678905941e-01,7.919753743642574118e-02,7.433038317825988450e+00,1.000000000000000000e+00,1.000000000000000000e+00,7.919733488213372141e-02
4.070000000000000995e+01,2.362098908400034336e-01,7.744149748870374217e-02,7.249990982012670671e+00,1.000000000000000000e+00,1.000000000000000000e+00,7.744129949052197537e-02
4.080000000000000426e+01,2.361783285798784993e-01,7.568593217633319548e-02,7.068243028486894453e+00,1.000000000000000000e+00,1.000000000000000000e+00,7.568573872871332819e-02
4.089999999999999858e+01,2.361474940034115344e-01,7.393083061570820957e-02,6.887790230231693123e+00,1.000000000000000000e+00,1.000000000000000000e+00,7.393064171309920996e-02
4.100000000000002132e+01,2.361173866378092623e-01,7.217618193438257723e-02,6.708629732231204734e+00,1.000000000000000000e+00,1.000000000000000000e+00,7.217599757146893336e-02
4.110000000000001563e+01,2.360880060215717891e-01,7.042197527110595490e-02,6.530760166588096105e+00,1.000000000000000000e+00,1.000000000000000000e+00,7.042179544273972913e-02
4.120000000000000995e+01,2.360593517044750900e-01,6.866819977565589983e-02,6.354181785604193777e+00,1.000000000000000000e+00,1.000000000000000000e+00,6.866802447668375609e-02
4.130000000000000426e+01,2.360314232475541896e-01,6.691484460816231328e-02,6.178896615770798739e+00,1.000000000000000000e+00,1.000000000000000000e+00,6.691467383365873323e-02
4.140000000000001990e+01,2.360042202230868413e-01,6.516189893910297182e-02,6.004908636179720816e+00,1.000000000000000000e+00,1.000000000000000000e+00,6.516173268433747556e-02
4.150000000000001421e+01,2.359777422145773462e-01,6.340935194926362872e-02,5.832223985554519707e+00,1.000000000000000000e+00,1.000000000000000000e+00,6.340919020944028872e-02
4.160000000000000853e+01,2.359519888167408985e-01,6.165719282881969993e-02,5.660851202936480142e+00,1.000000000000000000e+00,1.000000000000000000e+00,6.165703559946374840e-02
4.170000000000000284e+01,2.359269596354887921e-01,6.003562817360100917e-02,5.490801508083949400e+00,1.000000000000000000e+00,1.000000000000000000e+00,5.990525805441385826e-02
4.180000000000001847e+01,2.359025470486205422e-01,5.843042249320389014e-02,5.320508703286505714e+00,1.000000000000000000e+00,1.000000000000000000e+00,5.844627193967604634e-02
4.190000000000001279e+01,2.358788447983806713e-01,5.669530202549732945e-02,5.151518345904100293e+00,1.000000000000000000e+00,1.000000000000000000e+00,5.669515755065903523e-02
4.200000000000000711e+01,2.358558656963083144e-01,5.494452965991707821e-02,4.984050876635521377e+00,1.000000000000000000e+00,1.000000000000000000e+00,5.494438967925591166e-02
4.210000000000000142e+01,2.358336093911016507e-01,5.319409304992802484e-02,4.818128807343663667e+00,1.000000000000000000e+00,1.000000000000000000e+00,5.319395755944512222e-02
4.220000000000002416e+01,2.358120755425871795e-01,5.144398143748916269e-02,4.653779777727176103e+00,1.000000000000000000e+00,1.000000000000000000e+00,5.144385043342339370e-02
4.230000000000001847e+01,2.357912638217070367e-01,4.969418407266432830e-02,4.491037294226771337e+00,1.000000000000000000e+00,1.000000000000000000e+00,4.969405755134286701e-02
4.240000000000000568e+01,2.357711739105065596e-01,4.794469021322816243e-02,4.329941608145253973e+00,1.000000000000000000e+00,1.000000000000000000e+00,4.794456817104232604e-02
4.250000000000000000e+01,2.357518055021225467e-01,4.619548912427021148e-02,4.170540762332366036e+00,1.000000000000000000e+00,1.000000000000000000e+00,4.619537155778483117e-02
4.260000000000002274e+01,2.357331583007717668e-01,4.444657007806734894e-02,4.012891842553207411e+00,1.000000000000000000e+00,1.000000000000000000e+00,4.444645698399218164e-02
4.270000000000001705e+01,2.357152320217399399e-01,4.269792235375228368e-02,3.857062478025404140e+00,1.000000000000000000e+00,1.000000000000000000e+00,4.269781372898230620e-02
4.280000000000001137e+01,2.356980263913711349e-01,4.094953523731791750e-02,3.703132645897527109e+00,1.000000000000000000e+00,1.000000000000000000e+00,4.094943107870404470e-02
4.290000000000000568e+01,2.356815411470573607e-01,3.920139802087820730e-02,3.551196847001619084e+00,1.000000000000000000e+00,1.000000000000000000e+00,3.920129832547429583e-02
4.300000000000002132e+01,2.356657760372291854e-01,3.745350000260218304e-02,3.401366735356651461e+00,1.000000000000000000e+00,1.000000000000000000e+00,3.745340476771472776e-02
4.310000000000001563e+01,2.356507308213459939e-01,3.577712818664426087e-02,3.253774301814650105e+00,1.000000000000000000e+00,1.000000000000000000e+00,3.570573970969122268e-02
4.320000000000000995e+01,2.356363466220941782e-01,3.418749799855089200e-02,3.108179248860062582e+00,1.000000000000000000e+00,1.000000000000000000e+00,3.427395490512565035e-02
4.330000000000000426e+01,2.356226107147797177e-01,3.252676082796727292e-02,2.964779143423060148e+00,1.000000000000000000e+00,1.000000000000000000e+00,3.252667815466928763e-02
4.340000000000001990e+01,2.356095940746307793e-01,3.077967800040627699e-02,2.824309096980531564e+00,1.000000000000000000e+00,1.000000000000000000e+00,3.077959977812571093e-02
4.350000000000001421e+01,2.355972965031534749e-01,2.903278287325561022e-02,2.687027153036282368e+00,1.000000000000000000e+00,1.000000000000000000e+00,2.903270909966314955e-02
4.360000000000000853e+01,2.355857178128431539e-01,2.728606477500745975e-02,2.553240799655398963e+00,1.000000000000000000e+00,1.000000000000000000e+00,2.728599544802879848e-02
4.370000000000000284e+01,2.355748578271779081e-01,2.553951303846888066e-02,2.423316524368278380e+00,1.000000000000000000e+00,1.000000000000000000e+00,2.553944815629013640e-02
4.379999999999999716e+01,2.355647163806115219e-01,2.379311700088993994e-02,2.297690894760024083e+00,1.000000000000000000e+00,1.000000000000000000e+00,2.379305656157304494e-02
4.390000000000001990e+01,2.355552933185674769e-01,2.204686600290959100e-02,2.176883034381138060e+00,1.000000000000000000e+00,1.000000000000000000e+00,2.204681000480100683e-02
4.400000000000001421e+01,2.355465884974333735e-01,2.030074938885081254e-02,2.061508007847021151e+00,1.000000000000000000e+00,1.000000000000000000e+00,2.030069783043638235e-02
4.410000000000000142e+01,2.355386017845552959e-01,1.855475650647503763e-02,1.952290016865533273e+00,1.000000000000000000e+00,1.000000000000000000e+00,1.855470938621731763e-02
4.419999999999999574e+01,2.355313330582330389e-01,1.680887670633074427e-02,1.850073340003932865e+00,1.000000000000000000e+00,1.000000000000000000e+00,1.680883402289971504e-02
4.430000000000001847e+01,2.355247822077156106e-01,1.506309934174278505e-02,1.755827558500822727e+00,1.000000000000000000e+00,1.000000000000000000e+00,1.506306109399602189e-02
4.440000000000001279e+01,2.355189491331970697e-01,1.331741376866613612e-02,1.670641880480880692e+00,1.000000000000000000e+00,1.000000000000000000e+00,1.331737995551748356e-02
4.450000000000000711e+01,2.355138337458127507e-01,1.162051022134865698e-02,1.595701734356990142e+00,1.000000000000000000e+00,1.000000000000000000e+00,1.157177996571159308e-02
4.460000000000000142e+01,2.355093959307253682e-01,1.004746237466433434e-02,1.532217466699338670e+00,1.000000000000000000e+00,1.000000000000000000e+00,1.017123012926221537e-02
4.470000000000001705e+01,2.355055738990505521e-01,8.425770920196255093e-03,1.481400172095276746e+00,1.000000000000000000e+00,1.000000000000000000e+00,8.425749529789876638e-03
4.480000000000001137e+01,2.355024693611491582e-01,6.680337225481875092e-03,1.444375949024258032e+00,1.000000000000000000e+00,1.000000000000000000e+00,6.680320266668087793e-03
4.490000000000000568e+01,2.355000822697328744e-01,4.934944231909380724e-03,1.421916894633651340e+00,1.000000000000000000e+00,1.000000000000000000e+00,4.934931704283672220e-03
4.500000000000000000e+01,2.354984125884427293e-01,3.189581304772474545e-03,1.414417454265356033e+00,1.000000000000000000e+00,1.000000000000000000e+00,3.189573208015869521e-03
4.510000000000001563e+01,2.354974602918473159e-01,1.444237810140189867e-03,1.421823913744578283e+00,1.000000000000000000e+00,1.000000000000000000e+00,1.444234143975804555e-03
4.520000000000000995e+01,2.354972253654422365e-01,3.010968856296830252e-04,1.443627992727620990e+00,1.000000000000000000e+00,1.000000000000000000e+00,3.010961212499667101e-04
4.530000000000000426e+01,2.354977078056493256e-01,2.046433415701971823e-03,1.478927578489156680e+00,1.000000000000000000e+00,1.000000000000000000e+00,2.046428220861964010e-03
4.539999999999999858e+01,2.354989076198165387e-01,3.791782413588476452e-03,1.526535901496866909e+00,1.000000000000000000e+00,1.000000000000000000e+00,3.791772788105420445e-03
4.550000000000002132e+01,2.355008248262184523e-01,5.537154512993142617e-03,1.585108575513171303e+00,1.000000000000000000e+00,1.000000000000000000e+00,5.537140456528989382e-03
4.560000000000001563e+01,2.355034594540566240e-01,7.282560348028589876e-03,1.653260101950094763e+00,1.000000000000000000e+00,1.000000000000000000e+00,7.282541860243759921e-03
4.570000000000000995e+01,2.355068115434608700e-01,9.028010553770152505e-03,1.729652782955704460e+00,1.000000000000000000e+00,1.000000000000000000e+00,9.027987634184062374e-03
4.580000000000000426e+01,2.355108811454906803e-01,1.077351576647210193e-02,1.813053503450762438e+00,1.000000000000000000e+00,1.000000000000000000e+00,1.077348841436480756e-02
4.590000000000001990e+01,2.355156683221372726e-01,1.244487456852759119e-02,1.902362356468308757e+00,1.000000000000000000e+00,1.000000000000000000e+00,1.251905483814247204e-02
4.600000000000001421e+01,2.355211121362411342e-01,1.398756286717797725e-02,1.996480924181700534e+00,1.000000000000000000e+00,1.000000000000000000e+00,1.385879391608716912e-02
4.610000000000000853e+01,2.355271678300959737e-01,1.560454200815747372e-02,2.094411638824241528e+00,1.000000000000000000e+00,1.000000000000000000e+00,1.560450238483493401e-02
4.620000000000000284e+01,2.355339413310464092e-01,1.735035000435934324e-02,2.195665874297899833e+00,1.000000000000000000e+00,1.000000000000000000e+00,1.735030594498990913e-02
4.630000000000001847e+01,2.355414327422927501e-01,1.909626373791899548e-02,2.299656418787273005e+00,1.000000000000000000e+00,1.000000000000000000e+00,1.909621524128931117e-02
4.640000000000001279e+01,2.355496421779816607e-01,2.084229385630883766e-02,2.405890401680164992e+00,1.000000000000000000e+00,1.000000000000000000e+00,2.084224092104650788e-02
4.650000000000000711e+01,2.355585697632103237e-01,2.258845100978698617e-02,2.513954638845619538e+00,1.000000000000000000e+00,1.000000000000000000e+00,2.258839363441400225e-02
4.660000000000000142e+01,2.355682156340311306e-01,2.433474585171153601e-02,2.623502662371688832e+00,1.000000000000000000e+00,1.000000000000000000e+00,2.433468403464183680e-02
4.670000000000002416e+01,2.355785799374567058e-01,2.608118903888791487e-02,2.734243579847515093e+00,1.000000000000000000e+00,1.000000000000000000e+00,2.608112277833815953e-02
4.680000000000001847e+01,2.355896628314654850e-01,2.782779123161177592e-02,2.845932683344183367e+00,1.000000000000000000e+00,1.000000000000000000e+00,2.782772052572844712e-02
4.690000000000000568e+01,2.356014644850073780e-01,2.957456309404863162e-02,2.958363625682243647e+00,1.000000000000000000e+00,1.000000000000000000e+00,2.957448794091805180e-02
4.700000000000000000e+01,2.356139850780102629e-01,3.132151529468015644e-02,3.071361948204571757e+00,1.000000000000000000e+00,1.000000000000000000e+00,3.132143569215110890e-02
4.710000000000002274e+01,2.356272248013866200e-01,3.306865850620960279e-02,3.184779747098702263e+00,1.000000000000000000e+00,1.000000000000000000e+00,3.306857445207345148e-02
4.720000000000001705e+01,2.356411838570405537e-01,3.481600340617504313e-02,3.298491284987578709e+00,1.000000000000000000e+00,1.000000000000000000e+00,3.481591489799046313e-02
4.730000000000001137e+01,2.356558624578755368e-01,3.637385179607510038e-02,3.412389380301926511e+00,1.000000000000000000e+00,1.000000000000000000e+00,3.656346771213234842e-02
4.740000000000000568e+01,2.356711047743882681e-01,3.787721583943044062e-02,3.525412873899784305e+00,1.000000000000000000e+00,1.000000000000000000e+00,3.782242788326161537e-02
4.750000000000002132e+01,2.356870220489606649e-01,3.957047169024321270e-02,3.638090181147465074e+00,1.000000000000000000e+00,1.000000000000000000e+00,3.957037105277438904e-02
4.760000000000001563e+01,2.357036595165106496e-01,4.131866077806134463e-02,3.750626071423235341e+00,1.000000000000000000e+00,1.000000000000000000e+00,4.131855567674579122e-02
4.770000000000000995e+01,2.357210174309398443e-01,4.306710202623881961e-02,3.862965739742992177e+00,1.000000000000000000e+00,1.000000000000000000e+00,4.306699245802103615e-02
4.780000000000000426e+01,2.357390960571902616e-01,4.481580614369569393e-02,3.975062257222751416e+00,1.000000000000000000e+00,1.000000000000000000e+00,4.481569210560588934e-02
4.790000000000001990e+01,2.357578956712541307e-01,4.656478384605778481e-02,4.086875406624026041e+00,1.000000000000000000e+00,1.000000000000000000e+00,4.656466533493015120e-02
4.800000000000001421e+01,2.357774165601844718e-01,4.831404585572077887e-02,4.198370708067723278e+00,1.000000000000000000e+00,1.000000000000000000e+00,4.831392286810921866e-02
4.810000000000000853e+01,2.357976590221055879e-01,5.006360290167707894e-02,4.309518601032620744e+00,1.000000000000000000e+00,1.000000000000000000e+00,5.006347543421105217e-02
4.820000000000000284e+01,2.358186233662241116e-01,5.181346572048770027e-02,4.420293755198431818e+00,1.000000000000000000e+00,1.000000000000000000e+00,5.181333376951811898e-02
4.829999999999999716e+01,2.358403099128409119e-01,5.356364505600481885e-02,4.530674487861727329e+00,1.000000000000000000e+00,1.000000000000000000e+00,5.356350861779211187e-02
4.840000000000001990e+01,2.358627189933625301e-01,5.531415165980104603e-02,4.640642269798730624e+00,1.000000000000000000e+00,1.000000000000000000e+00,5.531401073053970191e-02
4.850000000000001421e+01,2.358858509503140577e-01,5.706499629156314840e-02,4.750181304780241476e+00,1.000000000000000000e+00,1.000000000000000000e+00,5.706485086727573763e-02
4.860000000000000142e+01,2.359097061373515158e-01,5.863585420437122248e-02,4.859278170626511795e+00,1.000000000000000000e+00,1.000000000000000000e+00,5.881603979579183572e-02
4.869999999999999574e+01,2.359341364165456756e-01,6.008985230143124717e-02,4.966620239174350360e+00,1.000000000000000000e+00,1.000000000000000000e+00,5.997253029112475237e-02
4.880000000000001847e+01,2.359591940665868581e-01,6.172447952095114904e-02,5.072590260686948405e+00,1.000000000000000000e+00,1.000000000000000000e+00,6.172432211847984213e-02
4.890000000000001279e+01,2.359849759672620340e-01,6.347665333848620528e-02,5.178012949191800551e+00,1.000000000000000000e+00,1.000000000000000000e+00,6.347649142537505063e-02
4.900000000000000711e+01,2.360114825131002514e-01,6.522921544049481435e-02,5.282884438981202635e+00,1.000000000000000000e+00,1.000000000000000000e+00,6.522904901216521056e-02
4.910000000000000142e+01,2.360387141098271857e-01,6.698217663682438927e-02,5.387201964480804683e+00,1.000000000000000000e+00,1.000000000000000000e+00,6.698200568872417215e-02
4.919999999999999574e+01,2.360666711743803492e-01,6.873554774752387020e-02,5.490963718321047793e+00,1.000000000000000000e+00,1.000000000000000000e+00,6.873537227471275546e-02
4.929999999999999005e+01,2.360953541349250229e-01,7.048933960234682328e-02,5.594168728176634353e+00,1.000000000000000000e+00,1.000000000000000000e+00,7.048915959984944357e-02
4.940000000000003411e+01,2.361247634308696886e-01,7.224356304136436702e-02,5.696816749657120482e+00,1.000000000000000000e+00,1.000000000000000000e+00,7.224337850417875129e-02
4.950000000000002842e+01,2.361548995128830986e-01,7.399822891540698555e-02,5.798908172962489616e+00,1.000000000000000000e+00,1.000000000000000000e+00,7.399803983833823373e-02
4.960000000000001563e+01,2.361857628429107070e-01,7.575334808613386206e-02,5.900443941375354662e+00,1.000000000000000000e+00,1.000000000000000000e+00,7.575315446383475149e-02
4.970000000000000995e+01,2.362173538941924333e-01,7.750893142636910982e-02,6.001425479955824649e+00,1.000000000000000000e+00,1.000000000000000000e+00,7.750873325331128494e-02
4.980000000000000426e+01,2.362496731512800097e-01,7.926498982016656758e-02,6.101854633053926946e+00,1.000000000000000000e+00,1.000000000000000000e+00,7.926478709081970220e-02
4.989999999999999858e+01,2.362827211100554381e-01,8.067539781372293217e-02,6.201733609459661345e+00,1.000000000000000000e+00,1.000000000000000000e+00,8.102132687209297190e-02
4.999999999999999289e+01,2.363162127906184018e-01,8.206637369548129557e-02,6.298082914892980888e+00,1.000000000000000000e+00,1.000000000000000000e+00,8.204624833603531286e-02
5.009999999999998721e+01,2.363504175958838494e-01,8.380379438055318708e-02,6.393655587501618776e+00,1.000000000000000000e+00,1.000000000000000000e+00,8.380357985374066454e-02
5.020000000000003126e+01,2.363853524793224914e-01,8.556164462304187424e-02,6.488627035830428547e+00,1.000000000000000000e+00,1.000000000000000000e+00,8.556142551879465652e-02
5.030000000000002558e+01,2.364210179776041476e-01,8.732001995898788782e-02,6.583002855120927421e+00,1.000000000000000000e+00,1.000000000000000000e+00,8.731979627103074459e-02
5.040000000000001990e+01,2.364574146388182529e-01,8.907893134118431699e-02,6.676788722139654908e+00,1.000000000000000000e+00,1.000000000000000000e+00,8.907870306322160370e-02
5.050000000000001421e+01,2.364945430224948131e-01,9.083838973581008502e-02,6.769990373764989577e+00,1.000000000000000000e+00,1.000000000000000000e+00,9.083815686135092438e-02
5.060000000000000853e+01,2.365324036996253043e-01,9.259840612240734237e-02,6.862613588282505006e+00,1.000000000000000000e+00,1.000000000000000000e+00,9.259816864489193999e-02
5.070000000000000284e+01,2.365709972526842675e-01,9.435899149439387623e-02,6.954664169051146594e+00,1.000000000000000000e+00,1.000000000000000000e+00,9.435874940708378900e-02
5.079999999999999716e+01,2.366103242756512903e-01,9.612015685913556651e-02,7.046147930247992797e+00,1.000000000000000000e+00,1.000000000000000000e+00,9.611991015521001436e-02
5.089999999999999147e+01,2.366503853740333230e-01,9.788191323851984371e-02,7.137070684437418322e+00,1.000000000000000000e+00,1.000000000000000000e+00,9.788166191087635526e-02
5.100000000000003553e+01,2.366911811648877983e-01,9.964427166875317043e-02,7.227438231743725794e+00,1.000000000000000000e+00,1.000000000000000000e+00,9.964401571029221638e-02
5.110000000000002984e+01,2.367327122768454473e-01,1.010149257176468640e-01,7.317256350434060863e+00,1.000000000000000000e+00,1.000000000000000000e+00,1.014069826045463085e-01
5.120000000000002416e+01,2.367746551573836067e-01,1.023324173047166635e-01,7.402851256007197733e+00,1.000000000000000000e+00,1.000000000000000000e+00,1.022784086595172059e-01
5.130000000000001847e+01,2.368172899648519902e-01,1.040425797839347466e-01,7.487365038151573948e+00,1.000000000000000000e+00,1.000000000000000000e+00,1.040423122435436831e-01
5.140000000000000568e+01,2.368606617777482271e-01,1.058071287495662011e-01,7.571307160111502732e+00,1.000000000000000000e+00,1.000000000000000000e+00,1.058068565523378329e-01
5.150000000000000000e+01,2.369047712653924720e-01,1.075723295529112805e-01,7.654685176649535627e+00,1.000000000000000000e+00,1.000000000000000000e+00,1.075720526912031932e-01
5.159999999999999432e+01,2.369496191087900328e-01,1.093381933157340224e-01,7.737506508954648865e+00,1.000000000000000000e+00,1.000000000000000000e+00,1.093379117815951040e-01
5.169999999999998863e+01,2.369952060006570160e-01,1.111047311760470363e-01,7.819778444637249137e+00,1.000000000000000000e+00,1.000000000000000000e+00,1.111044449614048552e-01
5.180000000000003268e+01,2.370415326454466121e-01,1.128719542884212695e-01,7.901508138099901934e+00,1.000000000000000000e+00,1.000000000000000000e+00,1.128716633852466233e-01
5.190000000000002700e+01,2.370885997593756844e-01,1.146398738247952631e-01,7.982702611229265166e+00,1.000000000000000000e+00,1.000000000000000000e+00,1.146395782247401768e-01
5.200000000000002132e+01,2.371364080704524147e-01,1.164085009742402144e-01,8.063368754362482349e+00,1.000000000000000000e+00,1.000000000000000000e+00,1.164082006688038073e-01
5.210000000000001563e+01,2.371849583185033916e-01,1.181778469432589185e-01,8.143513327485832676e+00,1.000000000000000000e+00,1.000000000000000000e+00,1.181775419239385061e-01
5.220000000000000995e+01,2.372342512552021998e-01,1.197211030249824837e-01,8.223142961630198755e+00,1.000000000000000000e+00,1.000000000000000000e+00,1.199476132145187030e-01
5.230000000000000426e+01,2.372840998136604429e-01,1.209950709170661692e-01,8.300065664449693514e+00,1.000000000000000000e+00,1.000000000000000000e+00,1.207249590631732650e-01
5.239999999999999858e+01,2.373344687816184018e-01,1.224964171837598925e-01,8.373858136288070853e+00,1.000000000000000000e+00,1.000000000000000000e+00,1.224961006302598826e-01
5.249999999999999289e+01,2.373855824092269140e-01,1.242683209840434039e-01,8.447140190267163007e+00,1.000000000000000000e+00,1.000000000000000000e+00,1.242679996861268954e-01
5.260000000000003695e+01,2.374374414892157503e-01,1.260409935703442341e-01,8.519919233450101714e+00,1.000000000000000000e+00,1.000000000000000000e+00,1.260406675188363856e-01
5.270000000000003126e+01,2.374900468262936826e-01,1.278144462501368817e-01,8.592202493256927198e+00,1.000000000000000000e+00,1.000000000000000000e+00,1.278141154356174924e-01
5.280000000000002558e+01,2.375433992371789871e-01,1.295886903501134169e-01,8.663997022520142366e+00,1.000000000000000000e+00,1.000000000000000000e+00,1.295883547631640764e-01
5.290000000000001990e+01,2.375974995506306697e-01,1.313637372169871309e-01,8.735309704412056675e+00,1.000000000000000000e+00,1.000000000000000000e+00,1.313633968479291370e-01
5.300000000000001421e+01,2.376523486074803571e-01,1.331395982173206316e-01,8.806147257243292614e+00,1.000000000000000000e+00,1.000000000000000000e+00,1.331392530564207421e-01
5.310000000000000142e+01,2.377079472606641042e-01,1.349162847380528940e-01,8.876516239132085317e+00,1.000000000000000000e+00,1.000000000000000000e+00,1.349159347755003457e-01
5.319999999999999574e+01,2.377642963752554517e-01,1.366938081870546218e-01,8.946423052544716370e+00,1.000000000000000000e+00,1.000000000000000000e+00,1.366934534126818535e-01
5.329999999999999005e+01,2.378213968284984270e-01,1.381612125660335033e-01,9.015873948708032160e+00,1.000000000000000000e+00,1.000000000000000000e+00,1.384718203964310501e-01
5.339999999999998437e+01,2.378789913592113670e-01,1.394128144606458786e-01,9.081858597539506306e+00,1.000000000000000000e+00,1.000000000000000000e+00,1.391960033826198928e-01
5.350000000000002842e+01,2.379371588618219291e-01,1.409759498514165932e-01,9.145305103355656939e+00,1.000000000000000000e+00,1.000000000000000000e+00,1.409755834525213414e-01
5.360000000000002274e+01,2.379960799729297083e-01,1.427564107119378700e-01,9.208322650839413370e+00,1.000000000000000000e+00,1.000000000000000000e+00,1.427560394659518894e-01
5.370000000000001705e+01,2.380557556116320583e-01,1.445377590288483560e-01,9.270917449054991266e+00,1.000000000000000000e+00,1.000000000000000000e+00,1.445373829250314324e-01
5.380000000000001137e+01,2.381161867093505580e-01,1.463200063265905349e-01,9.333095543980864051e+00,1.000000000000000000e+00,1.000000000000000000e+00,1.463196253541668157e-01
5.390000000000000568e+01,2.381773742098669266e-01,1.481031641524175324e-01,9.394862824013850755e+00,1.000000000000000000e+00,1.000000000000000000e+00,1.481027783003590059e-01
5.400000000000000000e+01,2.382393190693595231e-01,1.498872440763776293e-01,9.456225025249883842e+00,1.000000000000000000e+00,1.000000000000000000e+00,1.498868533335103170e-01
5.409999999999999432e+01,2.383020222564400104e-01,1.516722576917285126e-01,9.517187736551624866e+00,1.000000000000000000e+00,1.000000000000000000e+00,1.516718620467333301e-01
5.419999999999998863e+01,2.383654847521909648e-01,1.534582166152453631e-01,9.577756404412774316e+00,1.000000000000000000e+00,1.000000000000000000e+00,1.534578160566606175e-01
5.430000000000003268e+01,2.384297075502035679e-01,1.551610914100095551e-01,9.637936337628282502e+00,1.000000000000000000e+00,1.000000000000000000e+00,1.552447270037571880e-01
5.440000000000002700e+01,2.384946217111867384e-01,1.564033370022847869e-01,9.696934520493744714e+00,1.000000000000000000e+00,1.000000000000000000e+00,1.559418360722889252e-01
5.450000000000002132e+01,2.385599138411720332e-01,1.577305088653234433e-01,9.751187358148476036e+00,1.000000000000000000e+00,1.000000000000000000e+00,1.577300965164784852e-01
5.460000000000001563e+01,2.386259688258426936e-01,1.595197591188638186e-01,9.805094300696174159e+00,1.000000000000000000e+00,1.000000000000000000e+00,1.595193418166281074e-01
5.470000000000000995e+01,2.386927877016556399e-01,1.613100059640317774e-01,9.858660007534956193e+00,1.000000000000000000e+00,1.000000000000000000e+00,1.613095836963225616e-01
5.480000000000000426e+01,2.387603715177510355e-01,1.631012611497978659e-01,9.911889015372670642e+00,1.000000000000000000e+00,1.000000000000000000e+00,1.631008339043602262e-01
5.489999999999999147e+01,2.388287213359933936e-01,1.648935364507280732e-01,9.964785742497763721e+00,1.000000000000000000e+00,1.000000000000000000e+00,1.648931042150710569e-01
5.499999999999998579e+01,2.388978382310125437e-01,1.666868436670849718e-01,1.001735449286471891e+01,1.000000000000000000e+00,0.000000000000000000e+00,1.666864064286363023e-01
5.510000000000002984e+01,2.389677232902456261e-01,1.684811946252885440e-01,1.006959946000361228e+01,1.000000000000000000e+00,0.000000000000000000e+00,1.684807523714107746e-01
5.520000000000002416e+01,2.390383776139792527e-01,1.702766011783715117e-01,1.012152473076273118e+01,1.000000000000000000e+00,0.000000000000000000e+00,1.702761538962418164e-01
5.530000000000001847e+01,2.391098023153926944e-01,1.720556032287204051e-01,1.017313428889305271e+01,1.000000000000000000e+00,0.000000000000000000e+00,1.720726228827991755e-01
5.540000000000001279e+01,2.391819839376034262e-01,1.733080845615865839e-01,1.022427215805887357e+01,1.000000000000000000e+00,0.000000000000000000e+00,1.727806682323618781e-01
5.550000000000000711e+01,2.392544976903405174e-01,1.745791044715744866e-01,1.027029713702075675e+01,1.000000000000000000e+00,0.000000000000000000e+00,1.745786450986067662e-01
5.560000000000000142e+01,2.393277846800055397e-01,1.763781824231720474e-01,1.031605794872265136e+01,1.000000000000000000e+00,0.000000000000000000e+00,1.763777179770077419e-01
5.569999999999999574e+01,2.394018460640739976e-01,1.781783683735745916e-01,1.036155753974540517e+01,1.000000000000000000e+00,0.000000000000000000e+00,1.781778988406940434e-01
5.579999999999999005e+01,2.394766830131107860e-01,1.799796743244127528e-01,1.040679878604288078e+01,1.000000000000000000e+00,0.000000000000000000e+00,1.799791996910556913e-01
5.590000000000003411e+01,2.395522967108171808e-01,1.817821123059074895e-01,1.045178449520084740e+01,1.000000000000000000e+00,0.000000000000000000e+00,1.817816325580771664e-01
5.600000000000002842e+01,2.396286883540761914e-01,1.835856943768470750e-01,1.049651740860427473e+01,1.000000000000000000e+00,0.000000000000000000e+00,1.835852095006672569e-01
5.610000000000002274e+01,2.397058591530003835e-01,1.853904326258173363e-01,1.054100020351779321e+01,1.000000000000000000e+00,0.000000000000000000e+00,1.853899426070001744e-01
5.620000000000001705e+01,2.397838103309791191e-01,1.871963391706001900e-01,1.058523549508309003e+01,1.000000000000000000e+00,0.000000000000000000e+00,1.871958439948489539e-01
5.630000000000001137e+01,2.398625431247267403e-01,1.889456056755248192e-01,1.062922583823761791e+01,1.000000000000000000e+00,0.000000000000000000e+00,1.890029258119243216e-01
5.640000000000000568e+01,2.399420103724995423e-01,1.902034924179266673e-01,1.067247037526442099e+01,1.000000000000000000e+00,0.000000000000000000e+00,1.897110716851743706e-01
5.650000000000000000e+01,2.400218491285492639e-01,1.915203241404058732e-01,1.071121530071654071e+01,1.000000000000000000e+00,0.000000000000000000e+00,1.915198165713476175e-01
5.659999999999998721e+01,2.401024726708975709e-01,1.933302838398513745e-01,1.074977079178753314e+01,1.000000000000000000e+00,0.000000000000000000e+00,1.933297710637970068e-01
5.670000000000003837e+01,2.401838822820785424e-01,1.951414654124914994e-01,1.078813816545196858e+01,1.000000000000000000e+00,0.000000000000000000e+00,1.951409474143207534e-01
5.680000000000003268e+01,2.402660792581725879e-01,1.969538811417142210e-01,1.082631871986755812e+01,1.000000000000000000e+00,0.000000000000000000e+00,1.969533579061597539e-01
5.690000000000001990e+01,2.403490649088575182e-01,1.987675433426025762e-01,1.086431373452378146e+01,1.000000000000000000e+00,0.000000000000000000e+00,1.987670148543513593e-01
5.700000000000001421e+01,2.404328405574606697e-01,2.005824643627383275e-01,1.090212447040344479e+01,1.000000000000000000e+00,0.000000000000000000e+00,2.005819306060746543e-01
5.710000000000000853e+01,2.405174075410115575e-01,2.023986565819063110e-01,1.093975217015589863e+01,1.000000000000000000e+00,0.000000000000000000e+00,2.023981175410035915e-01
5.720000000000000284e+01,2.406027672102946657e-01,2.042161324126850197e-01,1.097719805828032946e+01,1.000000000000000000e+00,0.000000000000000000e+00,2.042155880716595151e-01
5.729999999999999716e+01,2.406889209299035159e-01,2.058429621399436027e-01,1.101446334131779103e+01,1.000000000000000000e+00,0.000000000000000000e+00,2.060343546437668205e-01
5.739999999999999147e+01,2.407757088156258773e-01,2.070019514107944714e-01,1.104997441599526198e+01,1.000000000000000000e+00,0.000000000000000000e+00,2.065329301185538924e-01
5.749999999999998579e+01,2.408628989855324531e-01,2.083539223866014145e-01,1.108150139498675024e+01,1.000000000000000000e+00,0.000000000000000000e+00,2.083533659327044818e-01
5.760000000000002984e+01,2.409508865693366364e-01,2.101756880229034841e-01,1.111291498687024593e+01,1.000000000000000000e+00,0.000000000000000000e+00,2.101751262154175348e-01
5.770000000000002416e+01,2.410396729775954316e-01,2.119987907012815254e-01,1.114421480499264838e+01,1.000000000000000000e+00,0.000000000000000000e+00,2.119982235236289037e-01
5.780000000000001847e+01,2.411292596349151052e-01,2.138232430137254059e-01,1.117540049983343664e+01,1.000000000000000000e+00,0.000000000000000000e+00,2.138226704490188423e-01
5.790000000000001279e+01,2.412196479800085280e-01,2.156490575873457050e-01,1.120647175679637542e+01,1.000000000000000000e+00,0.000000000000000000e+00,2.156484796183735786e-01
5.800000000000000711e+01,2.413108394657526024e-01,2.174762470843767947e-01,1.123742829413537159e+01,1.000000000000000000e+00,0.000000000000000000e+00,2.174756636939532972e-01
5.810000000000000142e+01,2.414028355592465758e-01,2.193048242030284645e-01,1.126826986100546790e+01,1.000000000000000000e+00,0.000000000000000000e+00,2.193042353738615113e-01
5.819999999999999574e+01,2.414956377418711608e-01,2.211348016779655368e-01,1.129899623563071920e+01,1.000000000000000000e+00,0.000000000000000000e+00,2.211342073924157381e-01
5.829999999999999005e+01,2.415892475093482372e-01,2.224294760919401648e-01,1.132960722358132344e+01,1.000000000000000000e+00,0.000000000000000000e+00,2.229655925205210609e-01
5.840000000000003411e+01,2.416832137560544769e-01,2.234260032985223576e-01,1.135599201901270838e+01,1.000000000000000000e+00,0.000000000000000000e+00,2.231263005844712211e-01
5.850000000000002842e+01,2.417777371851070889e-01,2.249598430511696445e-01,1.138004009624715351e+01,1.000000000000000000e+00,0.000000000000000000e+00,2.249592373167910442e-01
5.860000000000001563e+01,2.418730716557903893e-01,2.267942251864279168e-01,1.140405852640454576e+01,1.000000000000000000e+00,0.000000000000000000e+00,2.267936139402516871e-01
5.870000000000000995e+01,2.419692187090371760e-01,2.286300601174032776e-01,1.142804494081028110e+01,1.000000000000000000e+00,0.000000000000000000e+00,2.286294433411078797e-01
5.880000000000000426e+01,2.420661799003771542e-01,2.304673607687513781e-01,1.145199707673275036e+01,1.000000000000000000e+00,0.000000000000000000e+00,2.304667384437493749e-01
5.889999999999999858e+01,2.421639567999999687e-01,2.323061401034563767e-01,1.147591277211777339e+01,1.000000000000000000e+00,0.000000000000000000e+00,2.323055122110852244e-01
5.899999999999999289e+01,2.422625509928187648e-01,2.341464111235418977e-01,1.149978996062202263e+01,1.000000000000000000e+00,0.000000000000000000e+00,2.341457776449297479e-01
5.909999999999998721e+01,2.423619640785348583e-01,2.359881868704760133e-01,1.152362666692603987e+01,1.000000000000000000e+00,0.000000000000000000e+00,2.359875477863913606e-01
5.920000000000003126e+01,2.424621976717026839e-01,2.375680883434759250e-01,1.154742100230904178e+01,1.000000000000000000e+00,0.000000000000000000e+00,2.378308357162635112e-01
5.930000000000002558e+01,2.425630304791875358e-01,2.383521800997138451e-01,1.156929249983817698e+01,1.000000000000000000e+00,0.000000000000000000e+00,2.375555231470475037e-01
5.940000000000001990e+01,2.426640115840628664e-01,2.394007620845939599e-01,1.158550860190758414e+01,1.000000000000000000e+00,0.000000000000000000e+00,2.394001125759808168e-01
5.950000000000001421e+01,2.427658166173548848e-01,2.412468992773011967e-01,1.160179497295230355e+01,1.000000000000000000e+00,0.000000000000000000e+00,2.412462441078719599e-01
5.960000000000000853e+01,2.428684472371150649e-01,2.430945917888863439e-01,1.161814661445345997e+01,1.000000000000000000e+00,0.000000000000000000e+00,2.430939309388076841e-01
5.970000000000000284e+01,2.429719051165122323e-01,2.449438528567149664e-01,1.163455873416918784e+01,1.000000000000000000e+00,0.000000000000000000e+00,2.449431863060851644e-01
5.979999999999999716e+01,2.430761919439013152e-01,2.467946957600052338e-01,1.165102673601218619e+01,1.000000000000000000e+00,0.000000000000000000e+00,2.467940234886145945e-01
5.989999999999999147e+01,2.431813094228925942e-01,2.486471338200006709e-01,1.166754621050941410e+01,1.000000000000000000e+00,0.000000000000000000e+00,2.486464558073233633e-01
6.000000000000003553e+01,2.432872592724217020e-01,2.505011804000999986e-01,1.168411292580540461e+01,1.000000000000000000e+00,0.000000000000000000e+00,2.505004966255642840e-01
6.010000000000002984e+01,2.433940432268200948e-01,2.520972803460685419e-01,1.170072281917349954e+01,1.000000000000000000e+00,0.000000000000000000e+00,2.523561593495207145e-01
6.020000000000002416e+01,2.435014425050135711e-01,2.525886262637719870e-01,1.171566527931240920e+01,1.000000000000000000e+00,0.000000000000000000e+00,2.514835012011833459e-01
6.030000000000001847e+01,2.436087386036114855e-01,2.533407213558881432e-01,1.172346982641998281e+01,1.000000000000000000e+00,0.000000000000000000e+00,2.533400287264957473e-01
6.040000000000000568e+01,2.437168720326015336e-01,2.551988971949022966e-01,1.173146717895575897e+01,1.000000000000000000e+00,0.000000000000000000e+00,2.551981987506926619e-01
6.050000000000000000e+01,2.438258445667350338e-01,2.570587290704771100e-01,1.173964875461108903e+01,1.000000000000000000e+00,0.000000000000000000e+00,2.570580247901668169e-01
6.059999999999999432e+01,2.439356579964247485e-01,2.589202305434953333e-01,1.174800632682205581e+01,1.000000000000000000e+00,0.000000000000000000e+00,2.589195204056089494e-01
6.069999999999998863e+01,2.440463141278195192e-01,2.607834152198139077e-01,1.175653200680722854e+01,1.000000000000000000e+00,0.000000000000000000e+00,2.607826992024301904e-01
6.080000000000003268e+01,2.441578147828789014e-01,2.626482967498662835e-01,1.176521822667955597e+01,1.000000000000000000e+00,0.000000000000000000e+00,2.626475748311855596e-01
6.090000000000002700e+01,2.442701617994486318e-01,2.645148888299486134e-01,1.177405772355801439e+01,1.000000000000000000e+00,0.000000000000000000e+00,2.645141609879961830e-01
6.100000000000002132e+01,2.443833570313375392e-01,2.654387812080705178e-01,1.178304352461062976e+01,1.000000000000000000e+00,0.000000000000000000e+00,2.663824714149848338e-01
6.110000000000001563e+01,2.444965966991540229e-01,2.655836148342223813e-01,1.178651483473227835e+01,1.000000000000000000e+00,0.000000000000000000e+00,2.648035425672598531e-01
6.120000000000000995e+01,2.446100204628079144e-01,2.666728561136537667e-01,1.178561498347502479e+01,1.000000000000000000e+00,0.000000000000000000e+00,2.666721214026384623e-01
6.130000000000000426e+01,2.447242953301707880e-01,2.685431811202334540e-01,1.178505267275733104e+01,1.000000000000000000e+00,0.000000000000000000e+00,2.685424404374655016e-01
6.139999999999999858e+01,2.448394231913295360e-01,2.704152601918707322e-01,1.178481462317830264e+01,1.000000000000000000e+00,0.000000000000000000e+00,2.704145135144573886e-01
6.149999999999999289e+01,2.449554059525941851e-01,2.722891072187809125e-01,1.178488812490573956e+01,1.000000000000000000e+00,0.000000000000000000e+00,2.722883545236991498e-01
6.160000000000003695e+01,2.450722455365775543e-01,2.741647361389638049e-01,1.178526100757257034e+01,1.000000000000000000e+00,0.000000000000000000e+00,2.741639774030863452e-01
6.170000000000003126e+01,2.451899438822759958e-01,2.760421609388592490e-01,1.178592161206734978e+01,1.000000000000000000e+00,0.000000000000000000e+00,2.760413961387643833e-01
6.180000000000002558e+01,2.453085029451508581e-01,2.771954427973079005e-01,1.178685876408067301e+01,1.000000000000000000e+00,0.000000000000000000e+00,2.779206247655801043e-01
6.190000000000001990e+01,2.454273030723374549e-01,2.771154595537934640e-01,1.178411216941575468e+01,1.000000000000000000e+00,0.000000000000000000e+00,2.758819987518367212e-01
6.200000000000001421e+01,2.455459085637005101e-01,2.777618436062909701e-01,1.177507950033270667e+01,1.000000000000000000e+00,0.000000000000000000e+00,2.777610732358749002e-01
6.210000000000000142e+01,2.456653774465138718e-01,2.796427469781087027e-01,1.176653966818760644e+01,1.000000000000000000e+00,0.000000000000000000e+00,2.796419704978854726e-01
6.219999999999999574e+01,2.457857117100068489e-01,2.815254872812256171e-01,1.175847380040591794e+01,1.000000000000000000e+00,0.000000000000000000e+00,2.815247046672341713e-01
6.229999999999999005e+01,2.459069133601325119e-01,2.834100786953909212e-01,1.175086387156964207e+01,1.000000000000000000e+00,0.000000000000000000e+00,2.834092899233024987e-01
6.239999999999998437e+01,2.460289844196528464e-01,2.852965354508041340e-01,1.174369265627207071e+01,1.000000000000000000e+00,0.000000000000000000e+00,2.852957404959452492e-01
6.250000000000002842e+01,2.461519269282239630e-01,2.871848718282408730e-01,1.173694368510418684e+01,1.000000000000000000e+00,0.000000000000000000e+00,2.871840706659518627e-01
6.260000000000002274e+01,2.462757429424826672e-01,2.877670621290067676e-01,1.173060120353120439e+01,1.000000000000000000e+00,0.000000000000000000e+00,2.890742947655057793e-01
6.270000000000001705e+01,2.463993100605330888e-01,2.875289129912723118e-01,1.171825663355352809e+01,1.000000000000000000e+00,0.000000000000000000e+00,2.867075244444511339e-01
6.280000000000001137e+01,2.465230453664503107e-01,2.885980752287106155e-01,1.170249357735455753e+01,1.000000000000000000e+00,0.000000000000000000e+00,2.885972694087124979e-01
6.290000000000000568e+01,2.466476567171172196e-01,2.904897311241607660e-01,1.168735825525865835e+01,1.000000000000000000e+00,0.000000000000000000e+00,2.904889190529975074e-01
6.300000000000000000e+01,2.467731462014194910e-01,2.923833061481064810e-01,1.167282664803522430e+01,1.000000000000000000e+00,0.000000000000000000e+00,2.923824878004429584e-01
6.309999999999999432e+01,2.468995159254851468e-01,2.942788147766537965e-01,1.165887585390704828e+01,1.000000000000000000e+00,0.000000000000000000e+00,2.942779901268733345e-01
6.319999999999998863e+01,2.470267680127743448e-01,2.961762715391400014e-01,1.164548402387573312e+01,1.000000000000000000e+00,0.000000000000000000e+00,2.961754405612760377e-01
6.330000000000003268e+01,2.471549046041702224e-01,2.975965652908043602e-01,1.163263030152137922e+01,1.000000000000000000e+00,0.000000000000000000e+00,2.980748536862808939e-01
6.340000000000002700e+01,2.472835145003168811e-01,2.972421617681394457e-01,1.161818087339960570e+01,1.000000000000000000e+00,0.000000000000000000e+00,2.954683452652038245e-01
6.350000000000002132e+01,2.474114787778505520e-01,2.973678604732528652e-01,1.159656902180382154e+01,1.000000000000000000e+00,0.000000000000000000e+00,2.973670255114922445e-01
6.360000000000001563e+01,2.475403300030500076e-01,2.992685189583045857e-01,1.157571427376683282e+01,1.000000000000000000e+00,0.000000000000000000e+00,2.992676776260752569e-01
6.370000000000000995e+01,2.476700703480221311e-01,3.011711640090603548e-01,1.155558730014325697e+01,1.000000000000000000e+00,0.000000000000000000e+00,3.011703162799126976e-01
6.380000000000000426e+01,2.478007020025613794e-01,3.030758103517418589e-01,1.153616018538660981e+01,1.000000000000000000e+00,0.000000000000000000e+00,3.030749561988801410e-01
6.389999999999999147e+01,2.479322271742435413e-01,3.049824727677165614e-01,1.151740634260447393e+01,1.000000000000000000e+00,0.000000000000000000e+00,3.049816121642577316e-01
6.399999999999998579e+01,2.480646480885209670e-01,3.066598403133755646e-01,1.149930043472013175e+01,1.000000000000000000e+00,0.000000000000000000e+00,3.068902990132255648e-01
6.410000000000003695e+01,2.481977666817489769e-01,3.062517913273654635e-01,1.148090332987936257e+01,1.000000000000000000e+00,0.000000000000000000e+00,3.041679312878334263e-01
6.420000000000003126e+01,2.483299765692422445e-01,3.060766142003835122e-01,1.145500817032309016e+01,1.000000000000000000e+00,0.000000000000000000e+00,3.060757498861206849e-01
6.430000000000002558e+01,2.484630846478494970e-01,3.079864787083148037e-01,1.142996181974885062e+01,1.000000000000000000e+00,0.000000000000000000e+00,3.079856079006241809e-01
6.440000000000001990e+01,2.485970931742697565e-01,3.098983975862100171e-01,1.140573112232872433e+01,1.000000000000000000e+00,0.000000000000000000e+00,3.098975202574827392e-01
6.450000000000001421e+01,2.487320044233513050e-01,3.118123858175031460e-01,1.138228455548597395e+01,1.000000000000000000e+00,0.000000000000000000e+00,3.118115019400221621e-01
6.460000000000000853e+01,2.488678206881897170e-01,3.137284584435153789e-01,1.135959212944465690e+01,1.000000000000000000e+00,0.000000000000000000e+00,3.137275679892610469e-01
6.470000000000000284e+01,2.490045442802281128e-01,3.151414664271331989e-01,1.133762529417418996e+01,1.000000000000000000e+00,0.000000000000000000e+00,3.156457335044211554e-01
6.479999999999998295e+01,2.491417384458269046e-01,3.147074100024437326e-01,1.131457510304146652e+01,1.000000000000000000e+00,0.000000000000000000e+00,3.128614057993136521e-01
6.490000000000003411e+01,2.492782354731785111e-01,3.147795147271464922e-01,1.128583808953707113e+01,1.000000000000000000e+00,0.000000000000000000e+00,3.147786206561501432e-01
6.500000000000002842e+01,2.494156423272685386e-01,3.166988439711043712e-01,1.125800208366762334e+01,1.000000000000000000e+00,0.000000000000000000e+00,3.166979432794087557e-01
6.510000000000002274e+01,2.495539613512960109e-01,3.186202962005312833e-01,1.123103184159405110e+01,1.000000000000000000e+00,0.000000000000000000e+00,3.186193888594295864e-01
6.520000000000001705e+01,2.496931949070902712e-01,3.205438866655164754e-01,1.120489387229332401e+01,1.000000000000000000e+00,0.000000000000000000e+00,3.205429726460711226e-01
6.530000000000001137e+01,2.498333453752141220e-01,3.224696306762321885e-01,1.117955632860624426e+01,1.000000000000000000e+00,0.000000000000000000e+00,3.224687099492336007e-01
6.540000000000000568e+01,2.499744151550680749e-01,3.230735751951772095e-01,1.115498890639492302e+01,1.000000000000000000e+00,0.000000000000000000e+00,3.243966161393861958e-01
6.550000000000000000e+01,2.501152514028405771e-01,3.223678991186602616e-01,1.112701451249241380e+01,1.000000000000000000e+00,0.000000000000000000e+00,3.210581379361790444e-01
6.559999999999999432e+01,2.502558639068521718e-01,3.229853767076970028e-01,1.109584749630896106e+01,1.000000000000000000e+00,0.000000000000000000e+00,3.229844541805981240e-01
6.570000000000003126e+01,2.503973977848749088e-01,3.249138727080227995e-01,1.106562553261487913e+01,1.000000000000000000e+00,0.000000000000000000e+00,3.249129434358840607e-01
6.580000000000002558e+01,2.505398554640722586e-01,3.268445571967406038e-01,1.103631158671885792e+01,1.000000000000000000e+00,0.000000000000000000e+00,3.268436211500453381e-01
6.590000000000001990e+01,2.506832393907146295e-01,3.287774456842388893e-01,1.100787048164291093e+01,1.000000000000000000e+00,0.000000000000000000e+00,3.287765028328701322e-01
6.600000000000001421e+01,2.508275520302876149e-01,3.307125537429729256e-01,1.098026878155861219e+01,1.000000000000000000e+00,0.000000000000000000e+00,3.307116040564623827e-01
6.610000000000000853e+01,2.509727958675999626e-01,3.297805174541675877e-01,1.095347468398452051e+01,1.000000000000000000e+00,0.000000000000000000e+00,3.326489404557850804e-01
6.620000000000000284e+01,2.511164596573118302e-01,3.286948582966996435e-01,1.091950328260027803e+01,1.000000000000000000e+00,0.000000000000000000e+00,3.285384229866429862e-01
6.629999999999999716e+01,2.512609172260123480e-01,3.304741989594622842e-01,1.088612082562962513e+01,1.000000000000000000e+00,0.000000000000000000e+00,3.304732501161286029e-01
6.639999999999999147e+01,2.514063073600771858e-01,3.324112661983302797e-01,1.085372562604451119e+01,1.000000000000000000e+00,0.000000000000000000e+00,3.324103104930862806e-01
6.650000000000004263e+01,2.515526325658506979e-01,3.343505824058951026e-01,1.082227885151929669e+01,1.000000000000000000e+00,0.000000000000000000e+00,3.343496198080509463e-01
6.660000000000003695e+01,2.516998953692425878e-01,3.362921633369075347e-01,1.079174363650964708e+01,1.000000000000000000e+00,0.000000000000000000e+00,3.362911938154438118e-01
6.670000000000001705e+01,2.518480983158404296e-01,3.363401195190156567e-01,1.076208495755691175e+01,1.000000000000000000e+00,0.000000000000000000e+00,3.382350483341332592e-01
6.680000000000001137e+01,2.519955772509031577e-01,3.347948699948825046e-01,1.072855527974415324e+01,1.000000000000000000e+00,0.000000000000000000e+00,3.332021496660275139e-01
6.690000000000000568e+01,2.521425940963044621e-01,3.351433475106972426e-01,1.069210493756273728e+01,1.000000000000000000e+00,0.000000000000000000e+00,3.351423820887035609e-01
6.700000000000000000e+01,2.522905515535607268e-01,3.370858580157001239e-01,1.065672491246420428e+01,1.000000000000000000e+00,0.000000000000000000e+00,3.370848856572151719e-01
6.709999999999999432e+01,2.524394521817076575e-01,3.390306555433187929e-01,1.062237234756355519e+01,1.000000000000000000e+00,0.000000000000000000e+00,3.390296762169125455e-01
6.719999999999998863e+01,2.525892985596595586e-01,3.409777560043336098e-01,1.058900661067251647e+01,1.000000000000000000e+00,0.000000000000000000e+00,3.409767696783778113e-01
6.729999999999998295e+01,2.527400932863248517e-01,3.418016601997184156e-01,1.055658914965192352e+01,1.000000000000000000e+00,0.000000000000000000e+00,3.429261820179897446e-01
6.740000000000003411e+01,2.528908460181929496e-01,3.396972127111580475e-01,1.052258266974154743e+01,1.000000000000000000e+00,0.000000000000000000e+00,3.367725061449772794e-01
6.750000000000002842e+01,2.530399628971150561e-01,3.387179062410921038e-01,1.048315414458830475e+01,1.000000000000000000e+00,0.000000000000000000e+00,3.387169280368084734e-01
6.760000000000002274e+01,2.531900274488540492e-01,3.406646354674001675e-01,1.044488338039532138e+01,1.000000000000000000e+00,0.000000000000000000e+00,3.406636502686184453e-01
6.770000000000001705e+01,2.533410422755190128e-01,3.426136810314787673e-01,1.040772306433613181e+01,1.000000000000000000e+00,0.000000000000000000e+00,3.426126888061722942e-01
6.780000000000001137e+01,2.534930099993595309e-01,3.445650589655628315e-01,1.037162840503543393e+01,1.000000000000000000e+00,0.000000000000000000e+00,3.445640596815085499e-01
6.790000000000000568e+01,2.536459332628834273e-01,3.458460195627181544e-01,1.033655696417837966e+01,1.000000000000000000e+00,0.000000000000000000e+00,3.465177789935117159e-01
6.800000000000000000e+01,2.537992190679601578e-01,3.431037947068763527e-01,1.030113865367325410e+01,1.000000000000000000e+00,0.000000000000000000e+00,3.390869017041263089e-01
6.809999999999999432e+01,2.539498979733590955e-01,3.410350496612646887e-01,1.025891340607996760e+01,1.000000000000000000e+00,0.000000000000000000e+00,3.410340631288172331e-01
6.820000000000003126e+01,2.541015303963086724e-01,3.429845374675860592e-01,1.021793466291893893e+01,1.000000000000000000e+00,0.000000000000000000e+00,3.429835439024770394e-01
6.830000000000002558e+01,2.542541189704846660e-01,3.449363606997193910e-01,1.017815035494152909e+01,1.000000000000000000e+00,0.000000000000000000e+00,3.449353600698082389e-01
6.840000000000001990e+01,2.544076663499021396e-01,3.468905354698352816e-01,1.013951126382557710e+01,1.000000000000000000e+00,0.000000000000000000e+00,3.468895277424716705e-01
6.850000000000001421e+01,2.545621752090339585e-01,3.481530089517497761e-01,1.010197082649663081e+01,1.000000000000000000e+00,0.000000000000000000e+00,3.488460630996593204e-01
6.860000000000000853e+01,2.547170315004158581e-01,3.447765820959159955e-01,1.006427018936140882e+01,1.000000000000000000e+00,0.000000000000000000e+00,3.401454785009264126e-01
6.870000000000000284e+01,2.548687264708150435e-01,3.420948895506886189e-01,1.001967178378355960e+01,1.000000000000000000e+00,0.000000000000000000e+00,3.420938991979960986e-01
6.879999999999999716e+01,2.550213795329338562e-01,3.440456453636737133e-01,9.976400055778000819e+00,1.000000000000000000e+00,1.000000000000000000e+00,3.440446479608499364e-01
6.889999999999999147e+01,2.551749933402025494e-01,3.459987453560177673e-01,9.934398415508390201e+00,1.000000000000000000e+00,1.000000000000000000e+00,3.459977408705312563e-01
6.900000000000002842e+01,2.553295705665222237e-01,3.479542056761448787e-01,9.893613450244840735e+00,1.000000000000000000e+00,1.000000000000000000e+00,3.479531940753527453e-01
6.910000000000002274e+01,2.554851139063842869e-01,3.485454289585575016e-01,9.853994700700642539e+00,1.000000000000000000e+00,1.000000000000000000e+00,3.499110237914727084e-01
6.920000000000001705e+01,2.556404073135768451e-01,3.444970907807877736e-01,9.813386915133630595e+00,1.000000000000000000e+00,1.000000000000000000e+00,3.398653163786386489e-01
6.930000000000001137e+01,2.557925270434563969e-01,3.418143927573107921e-01,9.766930391947875378e+00,1.000000000000000000e+00,1.000000000000000000e+00,3.418134034163426982e-01
6.940000000000000568e+01,2.559456080388178845e-01,3.437648125978506886e-01,9.721867164366765124e+00,1.000000000000000000e+00,1.000000000000000000e+00,3.437638162114767248e-01
6.950000000000000000e+01,2.560996529599913751e-01,3.457175742997574130e-01,9.678136675040883929e+00,1.000000000000000000e+00,1.000000000000000000e+00,3.457165708354525413e-01
6.959999999999999432e+01,2.562546644878365143e-01,3.476726940017210166e-01,9.635681842517758611e+00,1.000000000000000000e+00,1.000000000000000000e+00,3.476716834268672729e-01
6.969999999999998863e+01,2.564106453238622629e-01,3.467681359340685221e-01,9.594448811021001333e+00,1.000000000000000000e+00,1.000000000000000000e+00,3.496291701920826722e-01
6.980000000000003979e+01,2.565650365336250016e-01,3.419563767596636161e-01,9.550516129856021053e+00,1.000000000000000000e+00,1.000000000000000000e+00,3.380551554501468048e-01
6.990000000000003411e+01,2.567168949326182337e-01,3.400020761062580443e-01,9.502696981499639151e+00,1.000000000000000000e+00,1.000000000000000000e+00,3.400010932906328276e-01
7.000000000000002842e+01,2.568697161382674787e-01,3.419503318289433547e-01,9.456323584222447565e+00,1.000000000000000000e+00,1.000000000000000000e+00,3.419493419977119308e-01
7.010000000000002274e+01,2.570235028029247415e-01,3.439009144597289236e-01,9.411332049672918032e+00,1.000000000000000000e+00,1.000000000000000000e+00,3.438999175808116759e-01
7.020000000000000284e+01,2.571782575994457365e-01,3.458538400751213771e-01,9.367662228168336824e+00,1.000000000000000000e+00,1.000000000000000000e+00,3.458528361160102538e-01
7.029999999999999716e+01,2.573339832213097922e-01,3.424613959559865695e-01,9.325257434263331646e+00,1.000000000000000000e+00,1.000000000000000000e+00,3.478081137466116912e-01
7.039999999999999147e+01,2.574858787047690778e-01,3.368264314967722717e-01,9.277751438838661713e+00,1.000000000000000000e+00,1.000000000000000000e+00,3.345858891349026143e-01
7.049999999999998579e+01,2.576367212254768724e-01,3.365287103189734119e-01,9.229089416842853666e+00,1.000000000000000000e+00,1.000000000000000000e+00,3.365277399523081692e-01
7.060000000000003695e+01,2.577885263142846162e-01,3.384728505369942186e-01,9.181908979781814750e+00,1.000000000000000000e+00,1.000000000000000000e+00,3.384718732114195272e-01
7.070000000000003126e+01,2.579412965993659879e-01,3.404192891200446547e-01,9.136143740704229188e+00,1.000000000000000000e+00,1.000000000000000000e+00,3.404183048040570481e-01
7.080000000000002558e+01,2.580950347292823022e-01,3.418654736714186737e-01,9.091731260645243395e+00,1.000000000000000000e+00,1.000000000000000000e+00,3.423670506876792530e-01
7.090000000000001990e+01,2.582492905983997944e-01,3.352545281226579355e-01,9.048084954184060891e+00,1.000000000000000000e+00,1.000000000000000000e+00,3.272129762199207370e-01
7.100000000000001421e+01,2.583972533038207953e-01,3.291472251817086359e-01,8.997433369511378842e+00,1.000000000000000000e+00,1.000000000000000000e+00,3.291462810259485616e-01
7.110000000000000853e+01,2.585461736834797630e-01,3.310827593536100344e-01,8.948357988625978976e+00,1.000000000000000000e+00,1.000000000000000000e+00,3.310818083569400661e-01
7.120000000000000284e+01,2.586960543021871728e-01,3.330205317280419131e-01,8.900786183811659313e+00,1.000000000000000000e+00,1.000000000000000000e+00,3.330195738599380229e-01
7.129999999999999716e+01,2.588468977448043495e-01,3.349605580159895069e-01,8.854649780097979317e+00,1.000000000000000000e+00,1.000000000000000000e+00,3.349595932454964009e-01
7.139999999999999147e+01,2.589987066163580987e-01,3.322724125794274674e-01,8.809884712806208995e+00,1.000000000000000000e+00,1.000000000000000000e+00,3.369018822882328679e-01
7.150000000000002842e+01,2.591472972710302525e-01,3.245837327151824825e-01,8.762220750448896922e+00,1.000000000000000000e+00,1.000000000000000000e+00,3.195913634685368931e-01
7.160000000000002274e+01,2.592923233461979504e-01,3.215169512022865161e-01,8.711564810160675520e+00,1.000000000000000000e+00,1.000000000000000000e+00,3.215160337962947867e-01
7.170000000000001705e+01,2.594383025701322287e-01,3.234437895300498189e-01,8.662493849480155106e+00,1.000000000000000000e+00,1.000000000000000000e+00,3.234428654017134641e-01
7.180000000000001137e+01,2.595852374436957155e-01,3.253728045663588642e-01,8.614934110704570713e+00,1.000000000000000000e+00,1.000000000000000000e+00,3.253718736860766181e-01
7.190000000000000568e+01,2.597331304874722635e-01,3.273040117742068711e-01,8.568816409969485903e+00,1.000000000000000000e+00,1.000000000000000000e+00,3.273030741120371290e-01
7.200000000000000000e+01,2.598819842418776394e-01,3.185816478833246035e-01,8.524075781427407961e+00,1.000000000000000000e+00,1.000000000000000000e+00,3.292364822041527472e-01
7.209999999999999432e+01,2.600221347788828075e-01,3.096929893650868792e-01,8.472298733078076793e+00,1.000000000000000000e+00,1.000000000000000000e+00,3.095240441039803780e-01
7.219999999999998863e+01,2.601630766117000171e-01,3.114385031532054260e-01,8.422044400557897603e+00,1.000000000000000000e+00,1.000000000000000000e+00,3.114376205565430045e-01
7.230000000000002558e+01,2.603049646830895569e-01,3.133541676022879585e-01,8.373368920381581759e+00,1.000000000000000000e+00,1.000000000000000000e+00,3.133532784343870392e-01
7.240000000000001990e+01,2.604478014072231784e-01,3.152719285927945703e-01,8.326198262941648665e+00,1.000000000000000000e+00,1.000000000000000000e+00,3.152710328253273686e-01
7.250000000000001421e+01,2.605915892175499349e-01,3.100325732578805837e-01,8.280463029970690059e+00,1.000000000000000000e+00,1.000000000000000000e+00,3.171908988757983217e-01
7.260000000000000853e+01,2.607298182735999781e-01,2.997904848763390251e-01,8.231156822487481151e+00,1.000000000000000000e+00,1.000000000000000000e+00,2.947953188417173354e-01
7.270000000000000284e+01,2.608644341611259798e-01,2.966941358524007311e-01,8.180031647825437346e+00,1.000000000000000000e+00,1.000000000000000000e+00,2.966933031441265078e-01
7.279999999999999716e+01,2.609999845878583913e-01,2.985940931933097064e-01,8.130543943041178778e+00,1.000000000000000000e+00,1.000000000000000000e+00,2.985932541238681126e-01
7.289999999999999147e+01,2.611364718378406669e-01,3.004960318895316673e-01,8.082615191327150228e+00,1.000000000000000000e+00,1.000000000000000000e+00,3.004951864325404176e-01
7.299999999999998579e+01,2.612738982137337018e-01,2.981477436974077078e-01,8.036171906963449629e+00,1.000000000000000000e+00,1.000000000000000000e+00,3.023991147764831799e-01
7.310000000000003695e+01,2.614083879332370630e-01,2.865047773157403110e-01,7.988568541387514266e+00,1.000000000000000000e+00,1.000000000000000000e+00,2.772259295486807495e-01
7.320000000000003126e+01,2.615353302166133487e-01,2.791070811810039132e-01,7.936957042967072162e+00,1.000000000000000000e+00,1.000000000000000000e+00,2.791063064426884122e-01
7.330000000000002558e+01,2.616631933072552374e-01,2.809892970817391422e-01,7.887027909030586592e+00,1.000000000000000000e+00,1.000000000000000000e+00,2.809885162164347250e-01
7.340000000000001990e+01,2.617919793359181346e-01,2.828733600514808932e-01,7.838698847527377112e+00,1.000000000000000000e+00,1.000000000000000000e+00,2.828725730350157286e-01
7.350000000000001421e+01,2.619216904512285393e-01,2.821065883395323937e-01,7.791892952224661606e+00,1.000000000000000000e+00,1.000000000000000000e+00,2.847584911138701380e-01
7.360000000000000853e+01,2.620499035150924416e-01,2.690283719592660439e-01,7.745131177378687504e+00,1.000000000000000000e+00,1.000000000000000000e+00,2.567374742865254356e-01
7.369999999999998863e+01,2.621677778926208013e-01,2.585993904068496496e-01,7.693465497984677270e+00,1.000000000000000000e+00,1.000000000000000000e+00,2.585986812797012036e-01
7.379999999999998295e+01,2.622865576914506502e-01,2.604622841098260255e-01,7.643509528994105295e+00,1.000000000000000000e+00,1.000000000000000000e+00,2.604615691069551708e-01
7.390000000000003411e+01,2.624062448669361447e-01,2.623268723113130196e-01,7.595178234005783402e+00,1.000000000000000000e+00,1.000000000000000000e+00,2.623261514110341586e-01
7.400000000000002842e+01,2.625268413914924048e-01,2.612108117652595651e-01,7.548392241331335129e+00,1.000000000000000000e+00,1.000000000000000000e+00,2.641924418801777641e-01
7.410000000000002274e+01,2.626456162479796075e-01,2.469757887215597858e-01,7.501696651741261768e+00,1.000000000000000000e+00,1.000000000000000000e+00,2.338770979462150290e-01
7.420000000000001705e+01,2.627532703144545012e-01,2.357192859264178320e-01,7.450563435689707248e+00,1.000000000000000000e+00,1.000000000000000000e+00,2.357186476617161297e-01
7.430000000000001137e+01,2.628618137193455828e-01,2.375623571403716883e-01,7.401139853246525568e+00,1.000000000000000000e+00,1.000000000000000000e+00,2.375617132540004395e-01
7.440000000000000568e+01,2.629712482269641050e-01,2.394069573656749939e-01,7.353339914979999392e+00,1.000000000000000000e+00,1.000000000000000000e+00,2.394063078380644360e-01
7.450000000000000000e+01,2.630815756178578324e-01,2.361181074577896610e-01,7.307083428421671023e+00,1.000000000000000000e+00,1.000000000000000000e+00,2.412524445693200181e-01
7.459999999999999432e+01,2.631880820819872957e-01,2.209079423221414207e-01,7.260225716380158012e+00,1.000000000000000000e+00,1.000000000000000000e+00,2.090029242643204610e-01
7.470000000000003126e+01,2.632845236819230661e-01,2.108257236610294461e-01,7.210201357152024038e+00,1.000000000000000000e+00,1.000000000000000000e+00,2.108251599402170551e-01
7.480000000000002558e+01,2.633818385879837520e-01,2.126493062252435284e-01,7.161857833925497907e+00,1.000000000000000000e+00,1.000000000000000000e+00,2.126487371282924366e-01
7.490000000000001990e+01,2.634800283621073214e-01,2.144742429228809755e-01,7.115110169830942688e+00,1.000000000000000000e+00,1.000000000000000000e+00,2.144736684327053777e-01
7.500000000000001421e+01,2.635790945816660069e-01,2.077858096065878790e-01,7.069879149278754937e+00,1.000000000000000000e+00,1.000000000000000000e+00,2.162999664928512145e-01
7.510000000000000853e+01,2.636712047315658003e-01,1.917237788675506260e-01,7.023107872057218870e+00,1.000000000000000000e+00,1.000000000000000000e+00,1.823609194977878489e-01
7.520000000000000284e+01,2.637555544891122539e-01,1.841653530737753508e-01,6.974675822030776295e+00,1.000000000000000000e+00,1.000000000000000000e+00,1.841648665470826951e-01
7.529999999999999716e+01,2.638407621936701974e-01,1.859704653237594374e-01,6.927870777646571554e+00,1.000000000000000000e+00,1.000000000000000000e+00,1.859699736497999467e-01
7.539999999999999147e+01,2.639268291963717261e-01,1.877767497689127041e-01,6.882610532138116355e+00,1.000000000000000000e+00,1.000000000000000000e+00,1.877762529332933639e-01
7.550000000000004263e+01,2.640137568630314679e-01,1.771780496454643805e-01,6.838818450912219404e+00,1.000000000000000000e+00,1.000000000000000000e+00,1.895837165549652259e-01
7.560000000000003695e+01,2.640901132739009727e-01,1.601877895389635376e-01,6.792648775376565418e+00,1.000000000000000000e+00,1.000000000000000000e+00,1.538018595859047544e-01
7.570000000000001705e+01,2.641614257204724647e-01,1.555893625893303989e-01,6.746120568288395347e+00,1.000000000000000000e+00,1.000000000000000000e+00,1.555889561559842815e-01
7.580000000000001137e+01,2.642335818092724220e-01,1.573774349494821145e-01,6.701149146456594430e+00,1.000000000000000000e+00,1.000000000000000000e+00,1.573770235769763326e-01
7.590000000000000568e+01,2.643065826715988997e-01,1.591664898662545902e-01,6.657656236815229889e+00,1.000000000000000000e+00,1.000000000000000000e+00,1.591660735426929374e-01
7.600000000000000000e+01,2.643804294527459797e-01,1.450755640668845992e-01,6.615568847067725855e+00,1.000000000000000000e+00,1.000000000000000000e+00,1.609561177717794833e-01
7.609999999999999432e+01,2.644404673669710770e-01,1.271469251547597823e-01,6.570623659449000620e+00,1.000000000000000000e+00,1.000000000000000000e+00,1.233113962123083135e-01
7.619999999999998863e+01,2.644977951386583981e-01,1.250839711240494534e-01,6.526191328649546541e+00,1.000000000000000000e+00,1.000000000000000000e+00,1.250836476397562402e-01
7.629999999999998295e+01,2.645559538298507540e-01,1.268570012872070607e-01,6.483235327592267616e+00,1.000000000000000000e+00,1.000000000000000000e+00,1.268566730449948443e-01
7.640000000000003411e+01,2.646149443432271875e-01,1.286308167537615899e-01,6.441682044307945887e+00,1.000000000000000000e+00,1.000000000000000000e+00,1.286304837441752391e-01
7.650000000000002842e+01,2.646747675948623590e-01,1.118373116826636288e-01,6.401462792607437891e+00,1.000000000000000000e+00,1.000000000000000000e+00,1.304050910730450430e-01
7.660000000000002274e+01,2.647182696308124084e-01,9.228290128901321665e-02,6.358251574360556546e+00,1.000000000000000000e+00,1.000000000000000000e+00,8.952285469354558101e-02
7.670000000000001705e+01,2.647600407865471350e-01,9.128268236372867606e-02,6.315861816708991050e+00,1.000000000000000000e+00,1.000000000000000000e+00,9.128244832786856777e-02
7.680000000000001137e+01,2.648026318889442066e-01,9.304284136242418901e-02,6.274870950189307628e+00,1.000000000000000000e+00,1.000000000000000000e+00,9.304260272172132362e-02
7.690000000000000568e+01,2.648460435933178148e-01,9.480357212398017597e-02,6.235209817155622503e+00,1.000000000000000000e+00,1.000000000000000000e+00,9.480332887186240787e-02
7.700000000000000000e+01,2.648902765678679549e-01,7.680605773700559247e-02,6.196813848780038825e+00,1.000000000000000000e+00,1.000000000000000000e+00,9.656463778916482554e-02
7.709999999999999432e+01,2.649170616614859863e-01,5.536472918363812695e-02,6.155678833536681438e+00,1.000000000000000000e+00,1.000000000000000000e+00,5.192164268058982457e-02
7.720000000000003126e+01,2.649414742703851688e-01,5.367197418717319091e-02,6.115233612922215123e+00,1.000000000000000000e+00,1.000000000000000000e+00,5.367183747104721514e-02
7.730000000000002558e+01,2.649666985879367553e-01,5.542250139894198263e-02,6.076115144139750512e+00,1.000000000000000000e+00,1.000000000000000000e+00,5.542236019164731992e-02
7.740000000000001990e+01,2.649927349997022730e-01,5.717336730494974179e-02,6.038258362302405757e+00,1.000000000000000000e+00,1.000000000000000000e+00,5.717322160241129075e-02
7.750000000000001421e+01,2.650195839037489676e-01,4.012229777011569465e-02,6.001602485409214260e+00,1.000000000000000000e+00,1.000000000000000000e+00,5.892443247165121689e-02
7.760000000000000853e+01,2.650298518510678103e-01,1.692967486475034644e-02,5.962823714777279349e+00,1.000000000000000000e+00,1.000000000000000000e+00,1.078857493698635699e-02
7.770000000000000284e+01,2.650352460319525538e-01,1.253417379824080767e-02,5.924270767110608737e+00,1.000000000000000000e+00,1.000000000000000000e+00,1.253414197448775476e-02
7.779999999999999716e+01,2.650414478110657557e-01,1.427982164433543380e-02,5.886975087674276352e+00,1.000000000000000000e+00,1.000000000000000000e+00,1.427978538650096808e-02
7.789999999999999147e+01,2.650484572828867846e-01,1.602555650690006342e-02,5.850875529804158148e+00,1.000000000000000000e+00,1.000000000000000000e+00,1.602551581385826956e-02
7.800000000000002842e+01,2.650562745542058285e-01,2.227896195425759819e-03,5.815914938524649358e+00,1.000000000000000000e+00,1.000000000000000000e+00,1.777134389951436771e-02
7.810000000000002274e+01,2.650505185790962837e-01,2.284049962795611094e-02,5.779685853804879869e+00,1.000000000000000000e+00,1.000000000000000000e+00,3.411295941331361076e-02
7.820000000000001705e+01,2.650351425046117981e-01,3.236578364998812796e-02,5.742955088611675585e+00,1.000000000000000000e+00,1.000000000000000000e+00,3.236570138684258247e-02
7.830000000000001137e+01,2.650205754658169210e-01,3.061871856285643123e-02,5.707415599570534681e+00,1.000000000000000000e+00,1.000000000000000000e+00,3.061864075045895792e-02
7.840000000000000568e+01,2.650068172405783407e-01,2.887184019249975503e-02,5.673009928529027412e+00,1.000000000000000000e+00,1.000000000000000000e+00,2.887176682876285011e-02
7.850000000000000000e+01,2.649938676191227471e-01,3.675023841909844102e-02,5.639684337081067866e+00,1.000000000000000000e+00,1.000000000000000000e+00,2.712506895091089040e-02
7.859999999999999432e+01,2.649728231562064606e-01,6.385301399056338145e-02,5.606116163528743535e+00,1.000000000000000000e+00,1.000000000000000000e+00,8.308552661713752840e-02
7.869999999999998863e+01,2.649348080739768463e-01,8.132861010866407336e-02,5.571123259872122979e+00,1.000000000000000000e+00,1.000000000000000000e+00,8.132840201926967716e-02
7.880000000000003979e+01,2.648976107063779617e-01,7.957197970700075063e-02,5.537259791910459583e+00,1.000000000000000000e+00,1.000000000000000000e+00,7.957177618064757707e-02
7.890000000000003411e+01,2.648612304824589647e-01,7.781583716050079202e-02,5.504471717987902579e+00,1.000000000000000000e+00,1.000000000000000000e+00,7.781563819146883332e-02
7.900000000000002842e+01,2.648256668439974981e-01,7.658566732517467501e-02,5.472708466835878305e+00,1.000000000000000000e+00,1.000000000000000000e+00,7.605997715392989744e-02
7.910000000000002274e+01,2.647904334688134798e-01,1.074334870998563118e-01,5.441861929843453183e+00,1.000000000000000000e+00,1.000000000000000000e+00,1.395347155994842436e-01
7.920000000000000284e+01,2.647263668262300751e-01,1.377561939626198162e-01,5.408341608631284991e+00,1.000000000000000000e+00,1.000000000000000000e+00,1.377558363085254756e-01
7.929999999999999716e+01,2.646631371930827092e-01,1.359781650383693752e-01,5.375902733849799553e+00,1.000000000000000000e+00,1.000000000000000000e+00,1.359778122021960411e-01
7.939999999999999147e+01,2.646007435846766676e-01,1.342009798677816779e-01,5.344493757770750086e+00,1.000000000000000000e+00,1.000000000000000000e+00,1.342006318393685615e-01
7.949999999999998579e+01,2.645391850298882130e-01,1.324246270307594120e-01,5.314066429926485924e+00,1.000000000000000000e+00,1.000000000000000000e+00,1.324242838000474209e-01
7.960000000000003695e+01,2.644784605711272829e-01,1.537306194152586181e-01,5.284575532523626329e+00,1.000000000000000000e+00,1.000000000000000000e+00,1.306487566850675908e-01
7.970000000000003126e+01,2.643972603090409823e-01,1.889312879966965619e-01,5.253705128264796187e+00,1.000000000000000000e+00,1.000000000000000000e+00,2.028428024788595518e-01
7.980000000000002558e+01,2.643040920038174368e-01,2.010268375962173393e-01,5.222473807277912883e+00,1.000000000000000000e+00,1.000000000000000000e+00,2.010263025477606602e-01
7.990000000000001990e+01,2.642117938881953232e-01,1.992116066108176875e-01,5.192238113826626922e+00,1.000000000000000000e+00,1.000000000000000000e+00,1.992110768346332106e-01
8.000000000000001421e+01,2.641203644888301394e-01,1.973976374714353221e-01,5.162951387479193244e+00,1.000000000000000000e+00,1.000000000000000000e+00,1.973971129517970990e-01
8.010000000000000853e+01,2.640298023474526579e-01,2.017722755880408392e-01,5.134569901155304095e+00,1.000000000000000000e+00,1.000000000000000000e+00,1.955843985441529098e-01
8.020000000000000284e+01,2.639344035175493763e-01,2.419854354025685605e-01,5.106518811345973852e+00,1.000000000000000000e+00,1.000000000000000000e+00,2.778825082261466295e-01
8.029999999999999716e+01,2.638068599873148457e-01,2.760040811087113855e-01,5.076309263319658704e+00,1.000000000000000000e+00,1.000000000000000000e+00,2.760033164317970966e-01
8.040000000000003411e+01,2.636802424934748257e-01,2.741266928566737371e-01,5.047070845929956029e+00,1.000000000000000000e+00,1.000000000000000000e+00,2.741259342435629076e-01
8.050000000000002842e+01,2.635545489324320756e-01,2.722511002004369129e-01,5.018757848489181050e+00,1.000000000000000000e+00,1.000000000000000000e+00,2.722503476275916490e-01
8.060000000000002274e+01,2.634297772183028519e-01,2.703772891544342083e-01,4.991327445970532573e+00,1.000000000000000000e+00,1.000000000000000000e+00,2.703765425987178506e-01
8.070000000000001705e+01,2.633059252828294783e-01,2.954262486711686786e-01,4.964739470493186424e+00,1.000000000000000000e+00,1.000000000000000000e+00,2.685045052200205062e-01
8.080000000000001137e+01,2.631582476835962470e-01,3.406617959169436771e-01,4.936973605556647549e+00,1.000000000000000000e+00,1.000000000000000000e+00,3.608934289160241060e-01
8.090000000000000568e+01,2.629929948644701976e-01,3.589230725962326840e-01,4.908631891060058372e+00,1.000000000000000000e+00,1.000000000000000000e+00,3.589220206286140025e-01
8.100000000000000000e+01,2.628287495788833583e-01,3.569541253883249943e-01,4.881197392686792647e+00,1.000000000000000000e+00,1.000000000000000000e+00,3.569530807240116066e-01
8.109999999999999432e+01,2.626655089406198518e-01,3.549876299912836375e-01,4.854627837973407800e+00,1.000000000000000000e+00,1.000000000000000000e+00,3.549865925961344093e-01
8.119999999999998863e+01,2.625032700853091594e-01,3.530235698701787994e-01,4.828883594715716043e+00,1.000000000000000000e+00,1.000000000000000000e+00,3.530225397100676399e-01
8.130000000000002558e+01,2.623420301702962809e-01,3.955339970078919909e-01,4.803927464115270496e+00,1.000000000000000000e+00,1.000000000000000000e+00,3.510609056014595275e-01
8.140000000000001990e+01,2.621410612362167769e-01,4.445528734005422256e-01,4.776927137723490979e+00,1.000000000000000000e+00,1.000000000000000000e+00,4.510773207107025007e-01
8.150000000000001421e+01,2.619352443197530689e-01,4.489799336413648478e-01,4.750393740777834495e+00,1.000000000000000000e+00,1.000000000000000000e+00,4.489785182189512946e-01
8.160000000000000853e+01,2.617305469902724835e-01,4.468844087233668216e-01,4.724706380536848549e+00,1.000000000000000000e+00,1.000000000000000000e+00,4.468830024626631592e-01
8.170000000000000284e+01,2.615269653793823035e-01,4.447921501396363553e-01,4.699826041667202858e+00,1.000000000000000000e+00,1.000000000000000000e+00,4.447907529905848478e-01
8.179999999999999716e+01,2.613244956467384306e-01,4.433138743009143456e-01,4.675716118764814411e+00,1.000000000000000000e+00,1.000000000000000000e+00,4.427017494549052579e-01
8.189999999999999147e+01,2.611225768690961790e-01,4.880483002030012729e-01,4.652308523975640320e+00,1.000000000000000000e+00,1.000000000000000000e+00,5.344136883453852738e-01
8.199999999999998579e+01,2.608796446267553915e-01,5.321737952053103848e-01,4.627120590961510516e+00,1.000000000000000000e+00,1.000000000000000000e+00,5.321719851893681463e-01
8.210000000000003695e+01,2.606379571929082206e-01,5.299362409990709954e-01,4.602735495533886834e+00,1.000000000000000000e+00,1.000000000000000000e+00,5.299344424298604306e-01
8.220000000000003126e+01,2.603975096406524470e-01,5.277028220934794067e-01,4.579116437207439105e+00,1.000000000000000000e+00,1.000000000000000000e+00,5.277010349015588409e-01
8.230000000000002558e+01,2.601582970787732485e-01,5.254735134661966400e-01,4.556228873334681850e+00,1.000000000000000000e+00,1.000000000000000000e+00,5.254717375823821923e-01
8.240000000000001990e+01,2.599203146514747487e-01,5.232482902361405008e-01,4.534040345371386671e+00,1.000000000000000000e+00,1.000000000000000000e+00,5.232465255922531533e-01
8.250000000000001421e+01,2.596835575381131189e-01,5.579261698039633677e-01,4.512520321149421143e+00,1.000000000000000000e+00,1.000000000000000000e+00,5.210253741918879911e-01
8.260000000000000853e+01,2.594145732029786156e-01,5.959840751612045517e-01,4.489935732523520961e+00,1.000000000000000000e+00,1.000000000000000000e+00,5.993715283663003657e-01
8.269999999999998863e+01,2.591438774576338422e-01,5.970038365042967810e-01,4.467897219335285719e+00,1.000000000000000000e+00,1.000000000000000000e+00,5.970016728632130398e-01
8.279999999999998295e+01,2.588745338131192564e-01,5.946389008007616495e-01,4.446533691860552473e+00,1.000000000000000000e+00,1.000000000000000000e+00,5.946367508351582121e-01
8.290000000000003411e+01,2.586065364194626293e-01,5.922788689086351255e-01,4.425815727795696652e+00,1.000000000000000000e+00,1.000000000000000000e+00,5.922767325295834606e-01
8.300000000000002842e+01,2.583398794696944445e-01,5.899237112571520392e-01,4.405715618369993258e+00,1.000000000000000000e+00,1.000000000000000000e+00,5.899215883768244018e-01
8.310000000000002274e+01,2.580745571995003984e-01,6.039900628667416171e-01,4.386207243146931667e+00,1.000000000000000000e+00,1.000000000000000000e+00,5.875712889884965318e-01
8.320000000000001705e+01,2.577957749323204761e-01,6.342779614721326675e-01,4.366610873030047024e+00,1.000000000000000000e+00,1.000000000000000000e+00,6.505639654430627195e-01
8.330000000000001137e+01,2.575037850414468865e-01,6.480852435077671947e-01,4.346957884140327799e+00,1.000000000000000000e+00,1.000000000000000000e+00,6.480827691807261592e-01
8.340000000000000568e+01,2.572132384709929775e-01,6.456096382096779829e-01,4.327886744512389861e+00,1.000000000000000000e+00,1.000000000000000000e+00,6.456071796328165524e-01
8.350000000000000000e+01,2.569241285737516312e-01,6.431396057198321969e-01,4.309373168435237211e+00,1.000000000000000000e+00,1.000000000000000000e+00,6.431371627854890471e-01
8.359999999999999432e+01,2.566364487522559967e-01,6.406751122441503021e-01,4.291394222022637983e+00,1.000000000000000000e+00,1.000000000000000000e+00,6.406726848456109069e-01
8.370000000000003126e+01,2.563501924583602709e-01,6.382161242068723483e-01,4.273928228789378281e+00,1.000000000000000000e+00,1.000000000000000000e+00,6.382137122387773198e-01
8.380000000000002558e+01,2.560653531928244186e-01,6.530498682622520867e-01,4.256954683132394557e+00,1.000000000000000000e+00,1.000000000000000000e+00,6.357602116073535203e-01
8.390000000000001990e+01,2.557664725174144671e-01,6.755311024043428869e-01,4.239866891882040356e+00,1.000000000000000000e+00,1.000000000000000000e+00,6.832063342427595609e-01
8.400000000000001421e+01,2.554622434747750859e-01,6.806520708417046484e-01,4.223006541968219452e+00,1.000000000000000000e+00,1.000000000000000000e+00,6.806493824576224094e-01
8.410000000000000853e+01,2.551595136575449674e-01,6.781011697184586851e-01,4.206620138415611443e+00,1.000000000000000000e+00,1.000000000000000000e+00,6.780984985692077860e-01
8.420000000000000284e+01,2.548582759010850629e-01,6.755562995534366566e-01,4.190689129881485897e+00,1.000000000000000000e+00,1.000000000000000000e+00,6.755536455178038358e-01
8.429999999999999716e+01,2.545585230950935252e-01,6.730174235339816402e-01,4.175195930600245298e+00,1.000000000000000000e+00,1.000000000000000000e+00,6.730147864920383860e-01
8.439999999999999147e+01,2.542602481831343630e-01,6.704845050938780249e-01,4.160123857295047856e+00,1.000000000000000000e+00,1.000000000000000000e+00,6.704818849266064307e-01
8.450000000000004263e+01,2.539634441621707595e-01,6.762508614958424591e-01,4.145457071032746299e+00,1.000000000000000000e+00,1.000000000000000000e+00,6.679549045000235941e-01
8.460000000000003695e+01,2.536607520270033334e-01,6.937799395077085540e-01,4.130938017089965442e+00,1.000000000000000000e+00,1.000000000000000000e+00,7.055908793680478741e-01
8.470000000000001705e+01,2.533491415287399962e-01,7.029826786970726493e-01,4.116468444731367526e+00,1.000000000000000000e+00,1.000000000000000000e+00,7.029798359502192895e-01
8.480000000000001137e+01,2.530390655444350601e-01,7.003780162447096336e-01,4.102385282204128458e+00,1.000000000000000000e+00,1.000000000000000000e+00,7.003751918290312961e-01
8.490000000000000568e+01,2.527305165610215232e-01,6.977797139131319826e-01,4.088674344614488199e+00,1.000000000000000000e+00,1.000000000000000000e+00,6.977769076973648898e-01
8.500000000000000000e+01,2.524234871229815158e-01,6.951877326630497844e-01,4.075322137024275371e+00,1.000000000000000000e+00,1.000000000000000000e+00,6.951849445171326414e-01
8.509999999999999432e+01,2.521179698318375406e-01,6.926020337217870804e-01,4.062315812309884144e+00,1.000000000000000000e+00,1.000000000000000000e+00,6.925992635167882439e-01
8.519999999999998863e+01,2.518139573456495972e-01,6.900225785806503032e-01,4.049643132109578048e+00,1.000000000000000000e+00,1.000000000000000000e+00,6.900198261888624840e-01
8.530000000000003979e+01,2.515114423785176356e-01,7.029393476985199563e-01,4.037292430595867287e+00,1.000000000000000000e+00,1.000000000000000000e+00,6.874465942875243041e-01
8.540000000000003411e+01,2.511968183844669467e-01,7.262031203492012033e-01,4.024866035188105151e+00,1.000000000000000000e+00,1.000000000000000000e+00,7.365931960387703814e-01
8.550000000000002842e+01,2.508746767567463509e-01,7.339074254774075046e-01,4.012502108746105023e+00,1.000000000000000000e+00,1.000000000000000000e+00,7.339043583367805823e-01
8.560000000000002274e+01,2.505541225709158604e-01,7.312254472993784393e-01,4.000452993472205065e+00,1.000000000000000000e+00,1.000000000000000000e+00,7.312224001197521472e-01
8.570000000000001705e+01,2.502351478004894991e-01,7.285503061076487041e-01,3.988707827871575962e+00,1.000000000000000000e+00,1.000000000000000000e+00,7.285472787423817875e-01
8.580000000000001137e+01,2.499177444813663052e-01,7.258819595558045901e-01,3.977256244745758895e+00,1.000000000000000000e+00,1.000000000000000000e+00,7.258789518596059365e-01
8.590000000000000568e+01,2.496019047112651712e-01,7.232203655946730647e-01,3.966088342939403599e+00,1.000000000000000000e+00,1.000000000000000000e+00,7.232173774237711239e-01
8.600000000000000000e+01,2.492876206491660973e-01,7.205654824699911920e-01,3.955194661025519753e+00,1.000000000000000000e+00,1.000000000000000000e+00,7.205625136818356591e-01
8.609999999999999432e+01,2.489748845147571610e-01,7.245278262767130828e-01,3.944566152774424683e+00,1.000000000000000000e+00,1.000000000000000000e+00,7.179143191726010675e-01
8.620000000000003126e+01,2.486579434428937418e-01,7.552309392582144953e-01,3.934051883752262668e+00,1.000000000000000000e+00,1.000000000000000000e+00,7.821028748562234290e-01
8.630000000000002558e+01,2.483193591906361630e-01,7.792972055521391050e-01,3.923225983980251907e+00,1.000000000000000000e+00,1.000000000000000000e+00,7.792937856736117386e-01
8.640000000000001990e+01,2.479824501191400243e-01,7.764957248153375735e-01,3.912666745071256447e+00,1.000000000000000000e+00,1.000000000000000000e+00,7.764923275401530711e-01
8.650000000000001421e+01,2.476472073707877974e-01,7.737018272486679837e-01,3.902365385392736474e+00,1.000000000000000000e+00,1.000000000000000000e+00,7.736984524046081058e-01
8.660000000000000853e+01,2.473136221583927263e-01,7.709154651509250167e-01,3.892313503024324106e+00,1.000000000000000000e+00,1.000000000000000000e+00,7.709121125676641206e-01
8.670000000000000284e+01,2.469816857645380226e-01,7.681365911697741744e-01,3.882503055135465786e+00,1.000000000000000000e+00,1.000000000000000000e+00,7.681332606785290507e-01
8.679999999999999716e+01,2.466513895409231660e-01,7.653651582979529300e-01,3.872926338707798344e+00,1.000000000000000000e+00,1.000000000000000000e+00,7.653618497315631819e-01
8.689999999999999147e+01,2.463227249077185599e-01,7.626011198701433402e-01,3.863575972500182143e+00,1.000000000000000000e+00,1.000000000000000000e+00,7.625978330629487045e-01
8.700000000000002842e+01,2.459956833529265419e-01,7.648374662608241614e-01,3.854444880163121034e+00,1.000000000000000000e+00,1.000000000000000000e+00,7.598411643473957922e-01
8.710000000000002274e+01,2.456659689764242038e-01,8.023699068118962385e-01,3.845434388753546706e+00,1.000000000000000000e+00,1.000000000000000000e+00,8.378529487235546469e-01
8.720000000000001705e+01,2.453076222695112774e-01,8.348906292216452529e-01,3.835994573177078149e+00,1.000000000000000000e+00,1.000000000000000000e+00,8.348867371549353322e-01
8.730000000000001137e+01,2.449510645389596786e-01,8.319330232468491459e-01,3.826780479932005985e+00,1.000000000000000000e+00,1.000000000000000000e+00,8.319291574608150830e-01
8.740000000000000568e+01,2.445962858276258811e-01,8.289839937906271494e-01,3.817784997255698531e+00,1.000000000000000000e+00,1.000000000000000000e+00,8.289801540767038901e-01
8.750000000000000000e+01,2.442432762599104634e-01,8.260434857124901997e-01,3.809001305953580996e+00,1.000000000000000000e+00,1.000000000000000000e+00,8.260396718640932168e-01
8.759999999999999432e+01,2.438920260409604135e-01,8.231114442935331121e-01,3.800422864282403168e+00,1.000000000000000000e+00,1.000000000000000000e+00,8.231076561061906327e-01
8.769999999999998863e+01,2.435425254558816477e-01,8.201878152326205207e-01,3.792043393771430626e+00,1.000000000000000000e+00,1.000000000000000000e+00,8.201840525037066287e-01
8.780000000000003979e+01,2.431947648689598285e-01,8.172725446413415806e-01,3.783856865913806100e+00,1.000000000000000000e+00,1.000000000000000000e+00,8.172688071706871726e-01
8.790000000000003411e+01,2.428487347228922288e-01,8.143655790408289574e-01,3.775857489665887190e+00,1.000000000000000000e+00,1.000000000000000000e+00,8.143618666304057729e-01
8.800000000000002842e+01,2.425044255380260916e-01,8.228412461107718068e-01,3.768039699697390610e+00,1.000000000000000000e+00,1.000000000000000000e+00,8.114631778112860738e-01
8.810000000000002274e+01,2.421521994967626157e-01,8.659631922655505187e-01,3.760220535410833786e+00,1.000000000000000000e+00,1.000000000000000000e+00,9.008066143190741615e-01
8.820000000000000284e+01,2.417724522811042220e-01,8.976544748278546537e-01,3.752046185275712542e+00,1.000000000000000000e+00,1.000000000000000000e+00,8.976499928319338073e-01
8.829999999999999716e+01,2.413946284312334933e-01,8.945076977254157180e-01,3.744062011866282624e+00,1.000000000000000000e+00,1.000000000000000000e+00,8.945032468078634169e-01
8.839999999999999147e+01,2.410187166476724374e-01,8.913707309920639865e-01,3.736262276309731956e+00,1.000000000000000000e+00,1.000000000000000000e+00,8.913663108948510772e-01
8.849999999999998579e+01,2.406447057267454559e-01,8.882435097992528172e-01,3.728641464315710419e+00,1.000000000000000000e+00,1.000000000000000000e+00,8.882391202668892261e-01
8.860000000000003695e+01,2.402725845595994336e-01,8.851259698385163244e-01,3.721194275139771079e+00,1.000000000000000000e+00,1.000000000000000000e+00,8.851216106185006982e-01
8.870000000000003126e+01,2.399023421312371229e-01,8.820180473167301693e-01,3.713915611198179700e+00,1.000000000000000000e+00,1.000000000000000000e+00,8.820137181593414866e-01
8.880000000000002558e+01,2.395339675195607698e-01,8.789196789512027097e-01,3.706800568289255526e+00,1.000000000000000000e+00,1.000000000000000000e+00,8.789153796088527981e-01
8.890000000000001990e+01,2.391674498944288962e-01,8.758308019632612407e-01,3.699844426380046958e+00,1.000000000000000000e+00,1.000000000000000000e+00,8.758265321909957102e-01
8.900000000000001421e+01,2.388027785167242956e-01,8.727513540734218589e-01,3.693042640920216169e+00,1.000000000000000000e+00,1.000000000000000000e+00,8.727471136290404496e-01
8.910000000000000853e+01,2.384399427374335745e-01,8.877083126015693493e-01,3.686390834648000769e+00,1.000000000000000000e+00,1.000000000000000000e+00,8.696770621404230628e-01
8.920000000000000284e+01,2.380639278683063520e-01,9.326383568987288708e-01,3.679647449307451357e+00,1.000000000000000000e+00,1.000000000000000000e+00,9.627923558031846740e-01
8.929999999999999716e+01,2.376649203800773602e-01,9.594399246563113381e-01,3.672664870071858711e+00,1.000000000000000000e+00,1.000000000000000000e+00,9.594347988244749104e-01
8.940000000000003411e+01,2.372679697183667225e-01,9.560935570015761664e-01,3.665840207833299669e+00,1.000000000000000000e+00,1.000000000000000000e+00,9.560884677163312695e-01
8.950000000000002842e+01,2.368730631820134824e-01,9.527583390422956766e-01,3.659168908207790061e+00,1.000000000000000000e+00,1.000000000000000000e+00,9.527532859876219895e-01
8.960000000000002274e+01,2.364801881813701767e-01,9.494341949290275862e-01,3.652646585669476309e+00,1.000000000000000000e+00,1.000000000000000000e+00,9.494291777914738439e-01
8.970000000000001705e+01,2.360893322371142022e-01,9.461210494484734168e-01,3.646269015691014470e+00,1.000000000000000000e+00,1.000000000000000000e+00,9.461160679183198141e-01
8.980000000000001137e+01,2.357004829790741995e-01,9.428188280179370384e-01,3.640032127323300504e+00,1.000000000000000000e+00,1.000000000000000000e+00,9.428138817890266976e-01
8.990000000000000568e+01,2.353136281450707301e-01,9.395274566787603643e-01,3.633931996185943536e+00,1.000000000000000000e+00,1.000000000000000000e+00,9.395225454481122007e-01
9.000000000000000000e+01,2.349287555797724414e-01,9.362468620891299942e-01,3.627964837841996637e+00,1.000000000000000000e+00,1.000000000000000000e+00,9.362419855570480731e-01
9.009999999999999432e+01,2.345458532335666646e-01,9.329769715176512435e-01,3.622127001532397195e+00,1.000000000000000000e+00,1.000000000000000000e+00,9.329721293876510613e-01
9.019999999999998863e+01,2.341649091614445011e-01,9.297177128370227583e-01,3.616414964247357311e+00,1.000000000000000000e+00,1.000000000000000000e+00,9.297129048155536868e-01
9.030000000000002558e+01,2.337859115218998973e-01,9.370653937280920553e-01,3.610825325113587780e+00,1.000000000000000000e+00,1.000000000000000000e+00,9.264642403137598459e-01
9.040000000000001990e+01,2.334002012227792133e-01,9.752858617972832711e-01,3.605237666039975419e+00,1.000000000000000000e+00,1.000000000000000000e+00,1.006353139006889164e+00
9.050000000000001421e+01,2.329913262371626770e-01,1.002852007167067683e+00,3.599433130186511232e+00,1.000000000000000000e+00,1.000000000000000000e+00,1.002846389174864017e+00
9.060000000000000853e+01,2.325845885505889166e-01,9.993574707314015759e-01,3.593755332236244548e+00,1.000000000000000000e+00,1.000000000000000000e+00,9.993518936150556087e-01
9.070000000000000284e+01,2.321799745176457153e-01,9.958751036322993633e-01,3.588200808445316969e+00,1.000000000000000000e+00,1.000000000000000000e+00,9.958695670274878564e-01
9.079999999999999716e+01,2.317774706157284259e-01,9.924048213063652035e-01,3.582766215305244195e+00,1.000000000000000000e+00,1.000000000000000000e+00,9.923993248529989764e-01
9.089999999999999147e+01,2.313770634436922713e-01,9.889465399230584763e-01,3.577448324304880245e+00,1.000000000000000000e+00,1.000000000000000000e+00,9.889410832650251670e-01
9.099999999999998579e+01,2.309787397205219084e-01,9.855001763767470280e-01,3.572244016966468205e+00,1.000000000000000000e+00,1.000000000000000000e+00,9.854947591614903191e-01
9.110000000000003695e+01,2.305824862840190059e-01,9.820656482772964768e-01,3.567150280139031793e+00,1.000000000000000000e+00,1.000000000000000000e+00,9.820602701568034165e-01
9.120000000000003126e+01,2.301882900895078077e-01,9.786428739438115532e-01,3.562164201533609909e+00,1.000000000000000000e+00,1.000000000000000000e+00,9.786375345739694032e-01
9.130000000000002558e+01,2.297961382085557114e-01,9.752317723967803831e-01,3.557282965485771165e+00,1.000000000000000000e+00,1.000000000000000000e+00,9.752264714367828713e-01
9.140000000000001990e+01,2.294060178277126938e-01,9.718322633492859630e-01,3.552503848932025754e+00,1.000000000000000000e+00,1.000000000000000000e+00,9.718270004621445413e-01
9.150000000000001421e+01,2.290179162472660568e-01,9.684442671999697883e-01,3.547824217587458584e+00,1.000000000000000000e+00,1.000000000000000000e+00,9.684390420524684462e-01
9.160000000000000853e+01,2.286318208800121876e-01,9.650677050254724554e-01,3.543241522312919223e+00,1.000000000000000000e+00,1.000000000000000000e+00,9.650625172881892588e-01
9.169999999999998863e+01,2.282477192500436403e-01,9.840273965719876781e-01,3.538753295660765463e+00,1.000000000000000000e+00,1.000000000000000000e+00,9.616973479203657638e-01
9.179999999999998295e+01,2.278478119674680058e-01,1.014370952473114373e+00,3.534152739375898022e+00,1.000000000000000000e+00,1.000000000000000000e+00,1.025817939541061818e+00
9.190000000000003411e+01,2.274409505700169254e-01,1.022248243002171986e+00,3.529545021582851216e+00,1.000000000000000000e+00,1.000000000000000000e+00,1.022242394040249414e+00
9.200000000000002842e+01,2.270362299833050823e-01,1.018685390457777062e+00,3.525033455140428984e+00,1.000000000000000000e+00,1.000000000000000000e+00,1.018679584445423725e+00
9.210000000000002274e+01,2.266336363400541509e-01,1.015135184690886261e+00,3.520615579942960149e+00,1.000000000000000000e+00,1.000000000000000000e+00,1.015129421240253516e+00
9.220000000000001705e+01,2.262331558991809710e-01,1.011597536968281030e+00,3.516289014364853749e+00,1.000000000000000000e+00,1.000000000000000000e+00,1.011591815696319507e+00
9.230000000000001137e+01,2.258347750443947810e-01,1.008072359336454893e+00,3.512051452119675510e+00,1.000000000000000000e+00,1.000000000000000000e+00,1.008066679864269677e+00
9.240000000000000568e+01,2.254384802828129641e-01,1.004559564612094169e+00,3.507900659270226207e+00,1.000000000000000000e+00,1.000000000000000000e+00,1.004553926565093791e+00
9.250000000000000000e+01,2.250442582435961958e-01,1.001059066373659823e+00,3.503834471381144233e+00,1.000000000000000000e+00,1.000000000000000000e+00,1.001053469381516070e+00
9.259999999999999432e+01,2.246520956766007437e-01,9.975707789533164727e-01,3.499850790806116052e+00,1.000000000000000000e+00,1.000000000000000000e+00,9.975652226495010932e-01
9.270000000000003126e+01,2.242619794510494202e-01,9.940946174271996227e-01,3.495947584102275130e+00,1.000000000000000000e+00,1.000000000000000000e+00,9.940891014498702827e-01
9.280000000000002558e+01,2.238738965542205195e-01,9.906304976087332292e-01,3.492122879564857563e+00,1.000000000000000000e+00,1.000000000000000000e+00,9.906250216000390685e-01
9.290000000000001990e+01,2.234878340901525484e-01,9.871783360403210139e-01,3.488374764875543654e+00,1.000000000000000000e+00,1.000000000000000000e+00,9.871728996458445371e-01
9.300000000000001421e+01,2.231037792783677753e-01,9.837380499839565307e-01,3.484701384858440498e+00,1.000000000000000000e+00,1.000000000000000000e+00,9.837326528534985348e-01
9.310000000000000853e+01,2.227217194526119604e-01,9.803095574143286806e-01,3.481100939337905764e+00,1.000000000000000000e+00,1.000000000000000000e+00,9.803041992016386930e-01
9.320000000000000284e+01,2.223416420596105170e-01,9.871822771081368852e-01,3.477571681092864964e+00,1.000000000000000000e+00,1.000000000000000000e+00,9.768874573734840361e-01
9.329999999999999716e+01,2.219555487839530161e-01,1.010307790210026813e+00,3.474033530712031581e+00,1.000000000000000000e+00,1.000000000000000000e+00,1.026657767656487641e+00
9.339999999999999147e+01,2.215588848585654802e-01,1.023085083378749038e+00,3.470443002847743763e+00,1.000000000000000000e+00,1.000000000000000000e+00,1.023079224294503708e+00
9.350000000000004263e+01,2.211643086887307430e-01,1.019519253976175488e+00,3.466923955095683407e+00,1.000000000000000000e+00,1.000000000000000000e+00,1.019513437932764166e+00
9.360000000000003695e+01,2.207718067424574437e-01,1.015966092259926068e+00,3.463474673019895977e+00,1.000000000000000000e+00,1.000000000000000000e+00,1.015960318868994738e+00
9.370000000000001705e+01,2.203813656109562813e-01,1.012425509313865657e+00,3.460093492171608442e+00,1.000000000000000000e+00,1.000000000000000000e+00,1.012419778190915221e+00
9.380000000000001137e+01,2.199929720072706651e-01,1.008897417002200259e+00,3.456778796261623654e+00,1.000000000000000000e+00,1.000000000000000000e+00,1.008891727767375457e+00
9.390000000000000568e+01,2.196066127649247690e-01,1.005381727961729421e+00,3.453529015412956760e+00,1.000000000000000000e+00,1.000000000000000000e+00,1.005376080239602121e+00
9.400000000000000000e+01,2.192222748365898477e-01,1.001878355593443404e+00,3.450342624489639132e+00,1.000000000000000000e+00,1.000000000000000000e+00,1.001872749012563846e+00
9.409999999999999432e+01,2.188399452927679845e-01,9.983872140533318618e-01,3.447218141497806254e+00,1.000000000000000000e+00,1.000000000000000000e+00,9.983816482464489273e-01
9.419999999999998863e+01,2.184596113204942402e-01,9.949082182443601541e-01,3.444154126055429366e+00,1.000000000000000000e+00,1.000000000000000000e+00,9.949026928482592735e-01
9.430000000000003979e+01,2.180812602220548735e-01,9.914412838076790413e-01,3.441149177927253167e+00,1.000000000000000000e+00,1.000000000000000000e+00,9.914357984635120413e-01
9.440000000000003411e+01,2.177048794137241006e-01,9.879863271150998161e-01,3.438201935621701288e+00,1.000000000000000000e+00,1.000000000000000000e+00,9.879808814680596241e-01
9.450000000000002842e+01,2.173304564245155113e-01,9.845432652612299274e-01,3.435311075046687090e+00,1.000000000000000000e+00,1.000000000000000000e+00,9.845378589600001229e-01
9.460000000000002274e+01,2.169579788949518584e-01,9.811120160544137825e-01,3.432475308221462740e+00,1.000000000000000000e+00,1.000000000000000000e+00,9.811066487517123846e-01
9.470000000000001705e+01,2.165874345758499742e-01,9.776924980094952033e-01,3.429693382041764327e+00,1.000000000000000000e+00,1.000000000000000000e+00,9.776871693619857417e-01
9.480000000000001137e+01,2.162188113271222567e-01,9.742846303401107022e-01,3.426964077095689731e+00,1.000000000000000000e+00,1.000000000000000000e+00,9.742793400082551125e-01
9.490000000000000568e+01,2.158520971165932278e-01,9.756589426101192064e-01,3.424286206527885401e+00,1.000000000000000000e+00,1.000000000000000000e+00,9.708830805989373536e-01
9.500000000000000000e+01,2.154836855268532636e-01,9.926740571445074046e-01,3.421628506206511933e+00,1.000000000000000000e+00,1.000000000000000000e+00,1.008406268379222315e+00
9.509999999999999432e+01,2.151054275846373820e-01,1.004897966133981857e+00,3.418923066964103530e+00,1.000000000000000000e+00,1.000000000000000000e+00,1.004892324105988166e+00
9.520000000000003126e+01,2.147291482519573802e-01,1.001396285191176849e+00,3.416268737840077563e+00,1.000000000000000000e+00,1.000000000000000000e+00,1.001390684253523622e+00
9.530000000000002558e+01,2.143548348770796530e-01,9.979068232990695453e-01,3.413664367050090576e+00,1.000000000000000000e+00,1.000000000000000000e+00,9.979012630854856569e-01
9.540000000000001990e+01,2.139824749222677402e-01,9.944294954635998218e-01,3.411108833203134072e+00,1.000000000000000000e+00,1.000000000000000000e+00,9.944239756111891149e-01
9.550000000000001421e+01,2.136120559625300508e-01,9.909642174270085757e-01,3.408601044296478033e+00,1.000000000000000000e+00,1.000000000000000000e+00,9.909587375773315499e-01
9.560000000000000853e+01,2.132435656843838234e-01,9.875109056612293434e-01,3.406139936750534059e+00,1.000000000000000000e+00,1.000000000000000000e+00,9.875054654598216519e-01
9.570000000000000284e+01,2.128769918846346310e-01,9.840694773594538258e-01,3.403724474481799600e+00,1.000000000000000000e+00,1.000000000000000000e+00,9.840640764557121445e-01
9.579999999999999716e+01,2.125123224691730650e-01,9.806398504279484341e-01,3.401353648012134911e+00,1.000000000000000000e+00,1.000000000000000000e+00,9.806344884752449254e-01
9.589999999999999147e+01,2.121495454517863533e-01,9.772219434788151915e-01,3.399026473612700716e+00,1.000000000000000000e+00,1.000000000000000000e+00,9.772166201339949065e-01
9.600000000000002842e+01,2.117886489529860472e-01,9.738156758208212915e-01,3.396741992481000061e+00,1.000000000000000000e+00,1.000000000000000000e+00,9.738103907451183261e-01
9.610000000000002274e+01,2.114296211988516694e-01,9.704209674534327590e-01,3.394499269949515341e+00,1.000000000000000000e+00,1.000000000000000000e+00,9.704157203117100838e-01
9.620000000000001705e+01,2.110724505198876555e-01,9.670377390588388300e-01,3.392297394724537618e+00,1.000000000000000000e+00,1.000000000000000000e+00,9.670325295192422344e-01
9.630000000000001137e+01,2.107171253498973662e-01,9.636659119934768425e-01,3.390135478153839976e+00,1.000000000000000000e+00,1.000000000000000000e+00,9.636607397281204967e-01
9.640000000000000568e+01,2.103636342248703661e-01,9.603054082819505455e-01,3.388012653521925266e+00,1.000000000000000000e+00,1.000000000000000000e+00,9.603002729663258075e-01
9.650000000000000000e+01,2.100119657818846353e-01,9.569561506089786507e-01,3.385928075371626544e+00,1.000000000000000000e+00,1.000000000000000000e+00,9.569510519221539058e-01
9.659999999999999432e+01,2.096621087580231302e-01,9.536180623123527988e-01,3.383880918850931785e+00,1.000000000000000000e+00,1.000000000000000000e+00,9.536129999370510646e-01
9.669999999999998863e+01,2.093140519893041673e-01,9.502910673764356497e-01,3.381870379083910638e+00,1.000000000000000000e+00,1.000000000000000000e+00,9.502860409985376400e-01
9.680000000000003979e+01,2.089677844096254067e-01,9.477006024076899404e-01,3.379895670564737387e+00,1.000000000000000000e+00,1.000000000000000000e+00,9.469700997332246573e-01
9.690000000000003411e+01,2.086227658357626691e-01,9.595625693012608259e-01,3.377952233758024114e+00,1.000000000000000000e+00,1.000000000000000000e+00,9.740958263421281016e-01
9.700000000000002842e+01,2.082690013617243263e-01,9.707054391494917001e-01,3.375968398842851048e+00,1.000000000000000000e+00,1.000000000000000000e+00,9.707001888368675946e-01
9.710000000000002274e+01,2.079170669024515417e-01,9.673212502860560891e-01,3.374019857749841922e+00,1.000000000000000000e+00,1.000000000000000000e+00,9.673160376032792218e-01
9.720000000000000284e+01,2.075669510577714261e-01,9.639484693266699988e-01,3.372105854214321852e+00,1.000000000000000000e+00,1.000000000000000000e+00,9.639432939454057880e-01
9.729999999999999716e+01,2.072186425282469546e-01,9.605870182398832391e-01,3.370225649926193778e+00,1.000000000000000000e+00,1.000000000000000000e+00,9.605818798354802679e-01
9.739999999999999147e+01,2.068721301140944990e-01,9.572368196554212894e-01,3.368378523996323981e+00,1.000000000000000000e+00,1.000000000000000000e+00,9.572317179066561765e-01
9.749999999999998579e+01,2.065274027141152935e-01,9.538977968568314036e-01,3.366563772441999447e+00,1.000000000000000000e+00,1.000000000000000000e+00,9.538927314458336415e-01
9.760000000000003695e+01,2.061844493246409726e-01,9.505698737737147130e-01,3.364780707690632866e+00,1.000000000000000000e+00,1.000000000000000000e+00,9.505648443865776231e-01
9.770000000000003126e+01,2.058432590384929872e-01,9.472529749760535411e-01,3.363028658100995827e+00,1.000000000000000000e+00,1.000000000000000000e+00,9.472479813021317252e-01
9.780000000000002558e+01,2.055038210439542323e-01,9.439470256668456294e-01,3.361306967501227483e+00,1.000000000000000000e+00,1.000000000000000000e+00,9.439420673985083887e-01
9.790000000000001990e+01,2.051661246237554415e-01,9.406519516744921150e-01,3.359614994742951666e+00,1.000000000000000000e+00,1.000000000000000000e+00,9.406470285076823368e-01
9.800000000000001421e+01,2.048301591540736266e-01,9.373676794470111595e-01,3.357952113270843419e+00,1.000000000000000000e+00,1.000000000000000000e+00,9.373627910808637331e-01
9.810000000000000853e+01,2.044959141035436467e-01,9.340941360449120934e-01,3.356317710707022339e+00,1.000000000000000000e+00,1.000000000000000000e+00,9.340892821818582714e-01
9.820000000000000284e+01,2.041633790322824604e-01,9.308312491347879858e-01,3.354711188449665205e+00,1.000000000000000000e+00,1.000000000000000000e+00,9.308264294805114192e-01
9.829999999999999716e+01,2.038325435909256744e-01,9.275789469832107503e-01,3.353131961285290341e+00,1.000000000000000000e+00,1.000000000000000000e+00,9.275741612462361507e-01
9.840000000000003411e+01,2.035033975196762490e-01,9.243371584491832937e-01,3.351579457014157715e+00,1.000000000000000000e+00,1.000000000000000000e+00,9.243324063416208380e-01
9.850000000000002842e+01,2.031759306473662208e-01,9.211058129790848925e-01,3.350053116088270944e+00,1.000000000000000000e+00,1.000000000000000000e+00,9.211010942161276249e-01
9.860000000000002274e+01,2.028501328905285006e-01,9.178848406003554672e-01,3.348552391261485628e+00,1.000000000000000000e+00,1.000000000000000000e+00,9.178801548998504201e-01
9.870000000000001705e+01,2.025259942524822998e-01,9.146741719143662852e-01,3.347076747251251039e+00,1.000000000000000000e+00,1.000000000000000000e+00,9.146695189973718110e-01
9.880000000000001137e+01,2.022035048224289089e-01,9.114737380912755205e-01,3.345625660411545077e+00,1.000000000000000000e+00,1.000000000000000000e+00,9.114691176816861473e-01
9.890000000000000568e+01,2.018826547745594113e-01,9.082834708634317522e-01,3.344198618416548197e+00,1.000000000000000000e+00,1.000000000000000000e+00,9.082788826882007838e-01
9.900000000000000000e+01,2.015634343671734996e-01,9.133048013974813806e-01,3.342795119954673932e+00,1.000000000000000000e+00,1.000000000000000000e+00,9.050987463088145946e-01
9.909999999999999432e+01,2.012400634564618096e-01,9.217297269268643900e-01,3.341379368463853083e+00,1.000000000000000000e+00,1.000000000000000000e+00,9.251402622625695127e-01
9.920000000000003126e+01,2.009159557908706262e-01,9.219110782338367782e-01,3.339972396834754331e+00,1.000000000000000000e+00,1.000000000000000000e+00,9.219063511775457131e-01
9.930000000000002558e+01,2.005935004913999564e-01,9.186875242291443477e-01,3.338588491118183121e+00,1.000000000000000000e+00,1.000000000000000000e+00,9.186828303056052691e-01
9.940000000000001990e+01,2.002726876552103907e-01,9.154742911792379534e-01,3.337227169847854835e+00,1.000000000000000000e+00,1.000000000000000000e+00,9.154696301085627486e-01
9.950000000000001421e+01,1.999535074645772681e-01,9.122713101128077096e-01,3.335887961766824006e+00,1.000000000000000000e+00,1.000000000000000000e+00,9.122666816181552729e-01
9.960000000000000853e+01,1.996359501860056618e-01,9.090785126225103818e-01,3.334570405557047312e+00,1.000000000000000000e+00,1.000000000000000000e+00,9.090739164300225550e-01
9.970000000000000284e+01,1.993200061693566061e-01,9.058958308589265540e-01,3.333274049577564568e+00,1.000000000000000000e+00,1.000000000000000000e+00,9.058912666977658734e-01
9.979999999999999716e+01,1.990056658469842588e-01,9.027231975249256912e-01,3.331998451610976630e+00,1.000000000000000000e+00,1.000000000000000000e+00,9.027186651270800999e-01
9.989999999999999147e+01,1.986929197328837493e-01,8.995605458698108237e-01,3.330743178617916467e+00,1.000000000000000000e+00,1.000000000000000000e+00,8.995560449699591121e-01
9.999999999999998579e+01,1.983817584218498520e-01,8.964078096834853238e-01,3.329507806499210520e+00,1.000000000000000000e+00,1.000000000000000000e+00,8.964033400189731493e-01
1.001000000000000369e+02,1.980721725886460671e-01,8.932649232901245240e-01,3.328291919865458137e+00,1.000000000000000000e+00,1.000000000000000000e+00,8.932604846016153344e-01
1.002000000000000313e+02,1.977641529871846104e-01,8.901318215439272263e-01,3.327095111813764827e+00,1.000000000000000000e+00,1.000000000000000000e+00,8.901274135747272442e-01
1.003000000000000256e+02,1.974576904497151175e-01,8.870084398234758805e-01,3.325916983711345143e+00,1.000000000000000000e+00,1.000000000000000000e+00,8.870040623189755502e-01
1.004000000000000199e+02,1.971527758860249779e-01,8.838947140248467615e-01,3.324757144985787338e+00,1.000000000000000000e+00,1.000000000000000000e+00,8.838903667334139236e-01
1.005000000000000142e+02,1.968494002826489953e-01,8.807905805573079672e-01,3.323615212921700035e+00,1.000000000000000000e+00,1.000000000000000000e+00,8.807862632301033390e-01
1.006000000000000085e+02,1.965475547020886504e-01,8.776959763381561030e-01,3.322490812463549492e+00,1.000000000000000000e+00,1.000000000000000000e+00,8.776916887288008784e-01
1.006999999999999886e+02,1.962472302820410519e-01,8.746108387871346368e-01,3.321383576024445450e+00,1.000000000000000000e+00,1.000000000000000000e+00,8.746065806517123731e-01
1.007999999999999829e+02,1.959484182346375447e-01,8.715351058213640645e-01,3.320293143300671712e+00,1.000000000000000000e+00,1.000000000000000000e+00,8.715308769183096604e-01
1.009000000000000341e+02,1.956511098456914233e-01,8.684687158493773484e-01,3.319219161091766512e+00,1.000000000000000000e+00,1.000000000000000000e+00,8.684645159402095693e-01
1.010000000000000284e+02,1.953552964739556919e-01,8.654116077675851892e-01,3.318161283125954597e+00,1.000000000000000000e+00,1.000000000000000000e+00,8.654074366161229603e-01
1.011000000000000227e+02,1.950609695503880414e-01,8.623637209546921589e-01,3.317119169890741404e+00,1.000000000000000000e+00,1.000000000000000000e+00,8.623595783268488413e-01
1.012000000000000171e+02,1.947681205774270674e-01,8.593249952660246826e-01,3.316092488468498800e+00,1.000000000000000000e+00,1.000000000000000000e+00,8.593208809303476414e-01
1.013000000000000114e+02,1.944767411282755376e-01,8.562953710295561072e-01,3.315080912376866529e+00,1.000000000000000000e+00,1.000000000000000000e+00,8.562912847568598940e-01
1.014000000000000057e+02,1.941868228461935408e-01,8.622356943332355472e-01,3.314084121413809481e+00,1.000000000000000000e+00,1.000000000000000000e+00,8.532707306040943074e-01
1.015000000000000000e+02,1.938922833847905314e-01,8.684102522762227050e-01,3.313069865121615720e+00,1.000000000000000000e+00,1.000000000000000000e+00,8.686324951024823049e-01
1.015999999999999943e+02,1.935990725854953576e-01,8.655790808866902220e-01,3.312069542845599290e+00,1.000000000000000000e+00,1.000000000000000000e+00,8.655749081634507291e-01
1.017000000000000313e+02,1.933073352132736178e-01,8.625306897592076583e-01,3.311083651491765867e+00,1.000000000000000000e+00,1.000000000000000000e+00,8.625265455723803987e-01
1.018000000000000256e+02,1.930170628437867242e-01,8.594914630430030567e-01,3.310111883322953918e+00,1.000000000000000000e+00,1.000000000000000000e+00,8.594873471611836901e-01
1.019000000000000199e+02,1.927282471228567995e-01,8.564613410405791383e-01,3.309153936445894395e+00,1.000000000000000000e+00,1.000000000000000000e+00,8.564572532343172062e-01
1.020000000000000142e+02,1.924408797657659320e-01,8.534402645216290217e-01,3.308209514673182028e+00,1.000000000000000000e+00,1.000000000000000000e+00,8.534362045639670713e-01
1.021000000000000085e+02,1.921549525565630634e-01,8.504281747189428309e-01,3.307278327389164385e+00,1.000000000000000000e+00,1.000000000000000000e+00,8.504241423852864079e-01
1.022000000000000028e+02,1.918704573473797026e-01,8.474250133235240456e-01,3.306360089419637216e+00,1.000000000000000000e+00,1.000000000000000000e+00,8.474210083916897673e-01
1.022999999999999972e+02,1.915873860577536059e-01,8.444307224802433121e-01,3.305454520905207971e+00,1.000000000000000000e+00,1.000000000000000000e+00,8.444267447302054030e-01
1.023999999999999915e+02,1.913057306739607277e-01,8.414452447831215487e-01,3.304561347178217368e+00,1.000000000000000000e+00,1.000000000000000000e+00,8.414412939968823890e-01
1.025000000000000426e+02,1.910254832483551934e-01,8.384685232699955471e-01,3.303680298643092872e+00,1.000000000000000000e+00,1.000000000000000000e+00,8.384645992322514729e-01
1.026000000000000369e+02,1.907466358987177646e-01,8.355005014192281587e-01,3.302811110660032412e+00,1.000000000000000000e+00,1.000000000000000000e+00,8.354966039168463254e-01
1.027000000000000171e+02,1.904691808076107717e-01,8.325411231453226923e-01,3.301953523431894411e+00,1.000000000000000000e+00,1.000000000000000000e+00,8.325372519667666449e-01
1.028000000000000114e+02,1.901931102217420955e-01,8.295903327930909121e-01,3.301107281894221313e+00,1.000000000000000000e+00,1.000000000000000000e+00,8.295864877293025463e-01
1.029000000000000057e+02,1.899184164513363915e-01,8.266480751345123279e-01,3.300272135608252722e+00,1.000000000000000000e+00,1.000000000000000000e+00,8.266442559786109090e-01
1.030000000000000000e+02,1.896450918695133936e-01,8.237142953643373788e-01,3.299447838656873078e+00,1.000000000000000000e+00,1.000000000000000000e+00,8.237105019114379090e-01
1.030999999999999943e+02,1.893731289116741268e-01,8.207889390956342179e-01,3.298634149543379745e+00,1.000000000000000000e+00,1.000000000000000000e+00,8.207851711428958419e-01
1.031999999999999886e+02,1.891025200748940593e-01,8.178719523558797277e-01,3.297830831092983583e+00,1.000000000000000000e+00,1.000000000000000000e+00,8.178682097022875741e-01
1.033000000000000398e+02,1.888332579173236381e-01,8.149632815820391230e-01,3.297037650356961613e+00,1.000000000000000000e+00,1.000000000000000000e+00,8.149595640289809539e-01
1.034000000000000341e+02,1.885653350575962617e-01,8.120628736173707285e-01,3.296254378519376083e+00,1.000000000000000000e+00,1.000000000000000000e+00,8.120591809683348483e-01
1.035000000000000284e+02,1.882987441742423329e-01,8.091706757075746159e-01,3.295480790806276872e+00,1.000000000000000000e+00,1.000000000000000000e+00,8.091670077676643702e-01
1.036000000000000227e+02,1.880334780051110266e-01,8.062866354960618320e-01,3.294716666397317972e+00,1.000000000000000000e+00,1.000000000000000000e+00,8.062829920722598409e-01
1.037000000000000171e+02,1.877695293467985527e-01,8.034107010201655408e-01,3.293961788339703212e+00,1.000000000000000000e+00,1.000000000000000000e+00,8.034070819214530479e-01
1.038000000000000114e+02,1.875068910540833578e-01,8.005428207073302938e-01,3.293215943464399498e+00,1.000000000000000000e+00,1.000000000000000000e+00,8.005392257447245807e-01
1.039000000000000057e+02,1.872455560393676832e-01,7.976829433714949236e-01,3.292478922304539424e+00,1.000000000000000000e+00,1.000000000000000000e+00,7.976793723578599060e-01
1.040000000000000000e+02,1.869855172721257841e-01,7.989141639767661784e-01,3.291750519015954168e+00,1.000000000000000000e+00,1.000000000000000000e+00,7.948274709591476306e-01
1.040999999999999943e+02,1.867241026985570762e-01,8.030562933936683523e-01,3.291018423146433225e+00,1.000000000000000000e+00,1.000000000000000000e+00,8.059719083133065620e-01
1.042000000000000313e+02,1.864620931488319422e-01,8.031004872202919254e-01,3.290286188504323306e+00,1.000000000000000000e+00,1.000000000000000000e+00,8.030968707379418925e-01
1.043000000000000256e+02,1.862013842745176562e-01,8.002334739548504494e-01,3.289562304744438670e+00,1.000000000000000000e+00,1.000000000000000000e+00,8.002298815885113825e-01
1.044000000000000199e+02,1.859419690424510274e-01,7.973744581598257719e-01,3.288846574046153215e+00,1.000000000000000000e+00,1.000000000000000000e+00,7.973708897223044101e-01
1.045000000000000142e+02,1.856838404760934036e-01,7.945233890725929005e-01,3.288138801969333613e+00,1.000000000000000000e+00,1.000000000000000000e+00,7.945198443787071518e-01
1.046000000000000085e+02,1.854269916549895481e-01,7.916802163089706745e-01,3.287438797383105626e+00,1.000000000000000000e+00,1.000000000000000000e+00,7.916766951754495851e-01
1.047000000000000028e+02,1.851714157142331507e-01,7.888448898594969672e-01,3.286746372396449622e+00,1.000000000000000000e+00,1.000000000000000000e+00,7.888413921048963440e-01
1.047999999999999972e+02,1.849171058439382509e-01,7.860173600859595711e-01,3.286061342290544030e+00,1.000000000000000000e+00,1.000000000000000000e+00,7.860138855303805405e-01
1.048999999999999915e+02,1.846640552887169884e-01,7.831975777171953368e-01,3.285383525452831410e+00,1.000000000000000000e+00,1.000000000000000000e+00,7.831941261825804412e-01
1.050000000000000284e+02,1.844122573471635995e-01,7.803854938454473089e-01,3.284712743312732552e+00,1.000000000000000000e+00,1.000000000000000000e+00,7.803820651559348898e-01
1.051000000000000227e+02,1.841617053713442420e-01,7.775810599239375565e-01,3.284048820278978820e+00,1.000000000000000000e+00,1.000000000000000000e+00,7.775776539051073577e-01
1.052000000000000171e+02,1.839123927662921487e-01,7.747842277626447727e-01,3.283391583678505476e+00,1.000000000000000000e+00,1.000000000000000000e+00,7.747808442414774177e-01
1.053000000000000114e+02,1.836643129895096371e-01,7.719949495241277271e-01,3.282740863696859801e+00,1.000000000000000000e+00,1.000000000000000000e+00,7.719915883296836201e-01
1.054000000000000057e+02,1.834174595504752814e-01,7.692131777213128130e-01,3.282096493320089792e+00,1.000000000000000000e+00,1.000000000000000000e+00,7.692098386842018964e-01
1.055000000000000000e+02,1.831718260101565521e-01,7.664388652137033020e-01,3.281458308278060620e+00,1.000000000000000000e+00,1.000000000000000000e+00,7.664355481659610447e-01
1.055999999999999943e+02,1.829274059805285069e-01,7.636719652034772432e-01,3.280826146989164194e+00,1.000000000000000000e+00,1.000000000000000000e+00,7.636686699789990707e-01
1.056999999999999886e+02,1.826841931240978933e-01,7.609124312329103024e-01,3.280199850506372528e+00,1.000000000000000000e+00,1.000000000000000000e+00,7.609091576671561663e-01
1.058000000000000398e+02,1.824421811534323312e-01,7.581602171807021451e-01,3.279579262464618061e+00,1.000000000000000000e+00,1.000000000000000000e+00,7.581569651108027719e-01
1.059000000000000341e+02,1.822013638306954897e-01,7.554152772588067499e-01,3.278964229029433852e+00,1.000000000000000000e+00,1.000000000000000000e+00,7.554120465236134896e-01
1.060000000000000284e+02,1.819617349671869000e-01,7.526775660098258269e-01,3.278354598846842549e+00,1.000000000000000000e+00,1.000000000000000000e+00,7.526743564493614258e-01
1.061000000000000227e+02,1.817232884228872913e-01,7.499470383027779796e-01,3.277750222994447071e+00,1.000000000000000000e+00,1.000000000000000000e+00,7.499438497587634922e-01
1.062000000000000028e+02,1.814860181060094779e-01,7.472236493306517735e-01,3.277150954933694127e+00,1.000000000000000000e+00,1.000000000000000000e+00,7.472204816463536847e-01
1.062999999999999972e+02,1.812499179725535203e-01,7.445073546072619175e-01,3.276556650463270159e+00,1.000000000000000000e+00,1.000000000000000000e+00,7.445042076273918896e-01
1.063999999999999915e+02,1.810149820258677711e-01,7.417981099638847331e-01,3.275967167673615066e+00,1.000000000000000000e+00,1.000000000000000000e+00,7.417949835348089938e-01
1.064999999999999858e+02,1.807812043162142224e-01,7.390958715469961859e-01,3.275382366902497289e+00,1.000000000000000000e+00,1.000000000000000000e+00,7.390927655161849685e-01
1.066000000000000369e+02,1.805485789403389330e-01,7.364005958139079322e-01,3.274802110691649393e+00,1.000000000000000000e+00,1.000000000000000000e+00,7.363975100307570409e-01
1.067000000000000313e+02,1.803171000410479785e-01,7.337122395311329592e-01,3.274226263744413057e+00,1.000000000000000000e+00,1.000000000000000000e+00,7.337091738464726065e-01
1.068000000000000256e+02,1.800867618067866494e-01,7.310307597714540417e-01,3.273654692884374384e+00,1.000000000000000000e+00,1.000000000000000000e+00,7.310277140370559090e-01
1.069000000000000199e+02,1.798575584712248931e-01,7.297761593923890455e-01,3.273087267014969104e+00,1.000000000000000000e+00,1.000000000000000000e+00,7.283530879791245694e-01
1.070000000000000142e+02,1.796285927780230107e-01,7.323606672399816109e-01,3.272520361831809499e+00,1.000000000000000000e+00,1.000000000000000000e+00,7.362095214494094320e-01
1.071000000000000085e+02,1.793983521660475478e-01,7.335247312164475675e-01,3.271948022141148993e+00,1.000000000000000000e+00,1.000000000000000000e+00,7.335216669299290393e-01
1.072000000000000028e+02,1.791692461065173825e-01,7.308437301449765000e-01,3.271379635188985890e+00,1.000000000000000000e+00,1.000000000000000000e+00,7.308406857985207949e-01
1.072999999999999972e+02,1.789412688650974248e-01,7.281695600058859519e-01,3.270815074946254786e+00,1.000000000000000000e+00,1.000000000000000000e+00,7.281665354528502609e-01
1.074000000000000341e+02,1.787144147520137172e-01,7.255021784949653441e-01,3.270254217331737490e+00,1.000000000000000000e+00,1.000000000000000000e+00,7.254991735904158245e-01
1.075000000000000284e+02,1.784886781216503127e-01,7.228415436052781917e-01,3.269696940175619737e+00,1.000000000000000000e+00,1.000000000000000000e+00,7.228385582057296199e-01
1.076000000000000227e+02,1.782640533721495668e-01,7.201876136244825810e-01,3.269143123183873012e+00,1.000000000000000000e+00,1.000000000000000000e+00,7.201846475875141040e-01
1.077000000000000171e+02,1.780405349450178976e-01,7.175403471313683834e-01,3.268592647903453052e+00,1.000000000000000000e+00,1.000000000000000000e+00,7.175374003159462610e-01
1.078000000000000114e+02,1.778181173247353475e-01,7.148997029934913705e-01,3.268045397688279508e+00,1.000000000000000000e+00,1.000000000000000000e+00,7.148967752599203473e-01
1.079000000000000057e+02,1.775967950383698368e-01,7.122656403643010670e-01,3.267501257665989201e+00,1.000000000000000000e+00,1.000000000000000000e+00,7.122627315743457199e-01
1.080000000000000000e+02,1.773765626551954411e-01,7.096381186809275210e-01,3.266960114705430573e+00,1.000000000000000000e+00,1.000000000000000000e+00,7.096352286974733081e-01
1.080999999999999943e+02,1.771574147863148596e-01,7.070170976611066527e-01,3.266421857384885552e+00,1.000000000000000000e+00,1.000000000000000000e+00,7.070142263482481759e-01
1.082000000000000313e+02,1.769393460842863530e-01,7.044025373001384649e-01,3.265886375961008614e+00,1.000000000000000000e+00,1.000000000000000000e+00,7.043996845236952797e-01
1.083000000000000256e+02,1.767223512427547605e-01,7.017943978694535234e-01,3.265353562338443982e+00,1.000000000000000000e+00,1.000000000000000000e+00,7.017915634963330929e-01
1.084000000000000199e+02,1.765064249960859033e-01,6.991926399135652836e-01,3.264823310040122273e+00,1.000000000000000000e+00,1.000000000000000000e+00,6.991898238116078801e-01
1.085000000000000142e+02,1.762915621190059845e-01,6.965972242469208320e-01,3.264295514178209956e+00,1.000000000000000000e+00,1.000000000000000000e+00,6.965944262853654978e-01
1.086000000000000085e+02,1.760777574262443468e-01,6.940081119519685426e-01,3.263770071425698749e+00,1.000000000000000000e+00,1.000000000000000000e+00,6.940053320013440663e-01
1.087000000000000028e+02,1.758650057721803939e-01,6.914252643765971262e-01,3.263246879988614957e+00,1.000000000000000000e+00,1.000000000000000000e+00,6.914225023086970623e-01
1.087999999999999972e+02,1.756533020504941756e-01,6.888486431319388315e-01,3.262725839578834108e+00,1.000000000000000000e+00,1.000000000000000000e+00,6.888458988195391708e-01
1.088999999999999915e+02,1.754426411938208308e-01,6.862782100893664028e-01,3.262206851387492446e+00,1.000000000000000000e+00,1.000000000000000000e+00,6.862754834065225573e-01
1.089999999999999858e+02,1.752330181734091108e-01,6.837139273785769467e-01,3.261689818058961965e+00,1.000000000000000000e+00,1.000000000000000000e+00,6.837112182004355665e-01
1.091000000000000369e+02,1.750244279987830109e-01,6.811557573846483971e-01,3.261174643665403217e+00,1.000000000000000000e+00,1.000000000000000000e+00,6.811530655878280660e-01
1.092000000000000313e+02,1.748168657174080376e-01,6.786036627465532600e-01,3.260661233681848792e+00,1.000000000000000000e+00,1.000000000000000000e+00,6.786009882086661005e-01
1.093000000000000256e+02,1.746103264143596123e-01,6.760576063545127301e-01,3.260149494961831707e+00,1.000000000000000000e+00,1.000000000000000000e+00,6.760549489540010892e-01
1.094000000000000199e+02,1.744048052119967496e-01,6.735175513468550923e-01,3.259639335713530706e+00,1.000000000000000000e+00,1.000000000000000000e+00,6.735149109636751064e-01
1.095000000000000142e+02,1.742002972696380936e-01,6.709834611091254342e-01,3.259130665476419608e+00,1.000000000000000000e+00,1.000000000000000000e+00,6.709808376240438132e-01
1.096000000000000085e+02,1.739967977832417856e-01,6.684552992707074592e-01,3.258623395098418030e+00,1.000000000000000000e+00,1.000000000000000000e+00,6.684526925657249263e-01
1.096999999999999886e+02,1.737943019850891335e-01,6.659330297030586765e-01,3.258117436713519499e+00,1.000000000000000000e+00,1.000000000000000000e+00,6.659304396613716648e-01
1.097999999999999829e+02,1.735928051434710573e-01,6.634166165179702368e-01,3.257612703719890312e+00,1.000000000000000000e+00,1.000000000000000000e+00,6.634140430234668484e-01
1.099000000000000341e+02,1.733923025623782532e-01,6.609060240641573269e-01,3.257109110758432902e+00,1.000000000000000000e+00,1.000000000000000000e+00,6.609034670021413094e-01
1.100000000000000284e+02,1.731927895811950779e-01,6.584012169259737535e-01,3.256606573691790629e+00,1.000000000000000000e+00,1.000000000000000000e+00,6.583986761830205037e-01
1.101000000000000227e+02,1.729942615743957912e-01,6.559021599218888277e-01,3.256105009583796672e+00,1.000000000000000000e+00,1.000000000000000000e+00,6.558996353850804484e-01
1.102000000000000171e+02,1.727967139512446015e-01,6.568468310041154501e-01,3.255604336679339905e+00,1.000000000000000000e+00,1.000000000000000000e+00,6.534063096585398522e-01
1.103000000000000114e+02,1.725980684344075866e-01,6.586132728519413781e-01,3.255097514535439274e+00,1.000000000000000000e+00,1.000000000000000000e+00,6.594305286427417645e-01
1.104000000000000057e+02,1.723999120237534044e-01,6.569316529620776723e-01,3.254589876170594032e+00,1.000000000000000000e+00,1.000000000000000000e+00,6.569291217581834097e-01
1.105000000000000000e+02,1.722027340480400126e-01,6.544359593880656467e-01,3.254083007010059259e+00,1.000000000000000000e+00,1.000000000000000000e+00,6.544334443245092281e-01
1.105999999999999943e+02,1.720065299546945647e-01,6.519459605613482367e-01,3.253576828307075619e+00,1.000000000000000000e+00,1.000000000000000000e+00,6.519434615268764333e-01
1.107000000000000313e+02,1.718112952253304515e-01,6.494616218935314045e-01,3.253071262428202992e+00,1.000000000000000000e+00,1.000000000000000000e+00,6.494591387783714698e-01
1.108000000000000256e+02,1.716170253754569497e-01,6.469829090227334767e-01,3.252566232834993354e+00,1.000000000000000000e+00,1.000000000000000000e+00,6.469804417179570999e-01
1.109000000000000199e+02,1.714237159541909805e-01,6.445097878111603062e-01,3.252061664066034030e+00,1.000000000000000000e+00,1.000000000000000000e+00,6.445073362084288160e-01
1.110000000000000142e+02,1.712313625439731424e-01,6.420422243421530784e-01,3.251557481719358211e+00,1.000000000000000000e+00,1.000000000000000000e+00,6.420397883344046708e-01
1.111000000000000085e+02,1.710399607602861027e-01,6.395801849192215283e-01,3.251053612435212070e+00,1.000000000000000000e+00,1.000000000000000000e+00,6.395777644003300955e-01
1.112000000000000028e+02,1.708495062513760154e-01,6.371236360636325369e-01,3.250549983879167382e+00,1.000000000000000000e+00,1.000000000000000000e+00,6.371212309285037012e-01
1.112999999999999972e+02,1.706599946979771021e-01,6.346725445127349152e-01,3.250046524725573871e+00,1.000000000000000000e+00,1.000000000000000000e+00,6.346701546571239527e-01
1.113999999999999915e+02,1.704714218130387593e-01,6.322268772179552299e-01,3.249543164641347293e+00,1.000000000000000000e+00,1.000000000000000000e+00,6.322245025383548267e-01
1.115000000000000426e+02,1.702837833414559687e-01,6.297866013420870823e-01,3.249039834270073701e+00,1.000000000000000000e+00,1.000000000000000000e+00,6.297842417364117873e-01
1.116000000000000369e+02,1.700970750598025938e-01,6.273516842586773778e-01,3.248536465216440572e+00,1.000000000000000000e+00,1.000000000000000000e+00,6.273493396256721866e-01
1.117000000000000171e+02,1.699112927760666747e-01,6.249220935498297491e-01,3.248032990030965017e+00,1.000000000000000000e+00,1.000000000000000000e+00,6.249197637887918821e-01
1.118000000000000114e+02,1.697264323293894983e-01,6.224977970035361352e-01,3.247529342195033752e+00,1.000000000000000000e+00,1.000000000000000000e+00,6.224954820148553836e-01
1.119000000000000057e+02,1.695424895898068884e-01,6.200787626126464946e-01,3.247025456106233499e+00,1.000000000000000000e+00,1.000000000000000000e+00,6.200764622975368789e-01
1.120000000000000000e+02,1.693594604579932439e-01,6.176649585725795255e-01,3.246521267063970928e+00,1.000000000000000000e+00,1.000000000000000000e+00,6.176626728332816896e-01
1.120999999999999943e+02,1.691773408650084909e-01,6.152563532798782653e-01,3.246016711255373277e+00,1.000000000000000000e+00,1.000000000000000000e+00,6.152540820195058213e-01
1.121999999999999886e+02,1.689961267720472282e-01,6.128529153305424249e-01,3.245511725741467846e+00,1.000000000000000000e+00,1.000000000000000000e+00,6.128506584528148338e-01
1.123000000000000398e+02,1.688158141701908699e-01,6.104546135174213628e-01,3.245006248443620844e+00,1.000000000000000000e+00,1.000000000000000000e+00,6.104523709272370313e-01
1.124000000000000341e+02,1.686363990801624801e-01,6.080614168294030675e-01,3.244500218130257352e+00,1.000000000000000000e+00,1.000000000000000000e+00,6.080591884324827445e-01
1.125000000000000284e+02,1.684578775520834959e-01,6.056732944495339943e-01,3.243993574403817970e+00,1.000000000000000000e+00,1.000000000000000000e+00,6.056710801522084964e-01
1.126000000000000227e+02,1.682802456652337242e-01,6.032902157527674225e-01,3.243486257687979268e+00,1.000000000000000000e+00,1.000000000000000000e+00,6.032880154623088131e-01
1.127000000000000171e+02,1.681034995278133937e-01,6.009121503046200852e-01,3.242978209215119367e+00,1.000000000000000000e+00,1.000000000000000000e+00,6.009099639292221351e-01
1.128000000000000114e+02,1.679276352767078984e-01,5.985390678596534952e-01,3.242469371014018442e+00,1.000000000000000000e+00,1.000000000000000000e+00,5.985368953082512711e-01
1.129000000000000057e+02,1.677526490772546508e-01,5.961709383596859313e-01,3.241959685897798149e+00,1.000000000000000000e+00,1.000000000000000000e+00,5.961687795419041702e-01
1.130000000000000000e+02,1.675785371230127385e-01,5.938077319319708947e-01,3.241449097452087980e+00,1.000000000000000000e+00,1.000000000000000000e+00,5.938055867582476832e-01
1.131000000000000369e+02,1.674052956355346622e-01,5.914494188874848124e-01,3.240937550023422542e+00,1.000000000000000000e+00,1.000000000000000000e+00,5.914472872692794203e-01
1.132000000000000313e+02,1.672329208641407661e-01,5.890959697197064582e-01,3.240424988707851561e+00,1.000000000000000000e+00,1.000000000000000000e+00,5.890938515693193711e-01
1.133000000000000256e+02,1.670614090856954170e-01,5.867473551032755807e-01,3.239911359339764374e+00,1.000000000000000000e+00,1.000000000000000000e+00,5.867452503334068536e-01
1.134000000000000199e+02,1.668907566043859036e-01,5.844035458914802472e-01,3.239396608480933359e+00,1.000000000000000000e+00,1.000000000000000000e+00,5.844014544157248858e-01
1.135000000000000142e+02,1.667209597515037223e-01,5.820645131150927742e-01,3.238880683409753214e+00,1.000000000000000000e+00,1.000000000000000000e+00,5.820624348480329946e-01
1.136000000000000085e+02,1.665520148852277504e-01,5.797302279814696702e-01,3.238363532110687615e+00,1.000000000000000000e+00,1.000000000000000000e+00,5.797281628381186769e-01
1.137000000000000028e+02,1.663839183904096131e-01,5.774122687958258560e-01,3.237845103263909508e+00,1.000000000000000000e+00,1.000000000000000000e+00,5.773986097682617391e-01
1.137999999999999972e+02,1.662166599371830700e-01,5.797506136058816484e-01,3.237325326921171254e+00,1.000000000000000000e+00,1.000000000000000000e+00,5.844190007707789070e-01
1.138999999999999915e+02,1.660475438392331193e-01,5.820820238827754123e-01,3.236796474847373872e+00,1.000000000000000000e+00,1.000000000000000000e+00,5.820799455169287651e-01
1.140000000000000284e+02,1.658792763071841592e-01,5.797477032774510652e-01,3.236266295466151632e+00,1.000000000000000000e+00,1.000000000000000000e+00,5.797456380359699013e-01
1.141000000000000227e+02,1.657118537403194369e-01,5.774181019099969836e-01,3.235734739017724237e+00,1.000000000000000000e+00,1.000000000000000000e+00,5.774160497088827171e-01
1.142000000000000171e+02,1.655452725642771461e-01,5.750931913338764856e-01,3.235201756406896667e+00,1.000000000000000000e+00,1.000000000000000000e+00,5.750911520896282436e-01
1.143000000000000114e+02,1.653795292308414266e-01,5.727729432735668702e-01,3.234667299193463741e+00,1.000000000000000000e+00,1.000000000000000000e+00,5.727709169036486747e-01
1.144000000000000057e+02,1.652146202177352252e-01,5.704573296237760438e-01,3.234131319582793207e+00,1.000000000000000000e+00,1.000000000000000000e+00,5.704553160463748940e-01
1.145000000000000000e+02,1.650505420284151259e-01,5.681463224479194052e-01,3.233593770416580249e+00,1.000000000000000000e+00,1.000000000000000000e+00,5.681443215817514325e-01
1.145999999999999943e+02,1.648872911918684292e-01,5.658398939762391278e-01,3.233054605163771189e+00,1.000000000000000000e+00,1.000000000000000000e+00,5.658379057407748602e-01
1.146999999999999886e+02,1.647248642624123682e-01,5.635380166047191386e-01,3.232513777911651509e+00,1.000000000000000000e+00,1.000000000000000000e+00,5.635360409200449450e-01
1.148000000000000398e+02,1.645632578194950735e-01,5.612406628932132824e-01,3.231971243357098178e+00,1.000000000000000000e+00,1.000000000000000000e+00,5.612386996803325756e-01
1.149000000000000341e+02,1.644024684674990910e-01,5.589478055643725130e-01,3.231426956797988304e+00,1.000000000000000000e+00,1.000000000000000000e+00,5.589458547451618964e-01
1.150000000000000284e+02,1.642424928355461500e-01,5.566594175027526070e-01,3.230880874124760549e+00,1.000000000000000000e+00,1.000000000000000000e+00,5.566574789993994354e-01
1.151000000000000227e+02,1.640833275773043443e-01,5.543754717525033460e-01,3.230332951812138198e+00,1.000000000000000000e+00,1.000000000000000000e+00,5.543735454878653268e-01
1.152000000000000028e+02,1.639249693707973410e-01,5.520959415161988959e-01,3.229783146910986780e+00,1.000000000000000000e+00,1.000000000000000000e+00,5.520940274139520820e-01
1.152999999999999972e+02,1.637674149182153094e-01,5.498208001538025247e-01,3.229231417040329344e+00,1.000000000000000000e+00,1.000000000000000000e+00,5.498188981382597929e-01
1.153999999999999915e+02,1.636106609457277650e-01,5.475500211811329399e-01,3.228677720379498517e+00,1.000000000000000000e+00,1.000000000000000000e+00,5.475481311772425475e-01
1.154999999999999858e+02,1.634547042032983843e-01,5.452835782686568100e-01,3.228122015660429334e+00,1.000000000000000000e+00,1.000000000000000000e+00,5.452817002018678361e-01
1.156000000000000369e+02,1.632995414645015131e-01,5.430214452395891733e-01,3.227564262160090180e+00,1.000000000000000000e+00,1.000000000000000000e+00,5.430195790362879471e-01
1.157000000000000313e+02,1.631451695263410051e-01,5.407635960692436239e-01,3.227004419693045634e+00,1.000000000000000000e+00,1.000000000000000000e+00,5.407617416565301260e-01
1.158000000000000256e+02,1.629915852090700057e-01,5.385100048839415177e-01,3.226442448604152524e+00,1.000000000000000000e+00,1.000000000000000000e+00,5.385081621891865122e-01
1.159000000000000199e+02,1.628387853560132881e-01,5.362606459588341590e-01,3.225878309761384344e+00,1.000000000000000000e+00,1.000000000000000000e+00,5.362588149101288337e-01
1.160000000000000142e+02,1.626867668333911165e-01,5.340154937171294192e-01,3.225311964548779553e+00,1.000000000000000000e+00,1.000000000000000000e+00,5.340136742432288752e-01
1.161000000000000085e+02,1.625355265301448304e-01,5.317745227287755672e-01,3.224743374859518230e+00,1.000000000000000000e+00,1.000000000000000000e+00,5.317727147590923797e-01
1.162000000000000028e+02,1.623850613577642321e-01,5.295377077092346951e-01,3.224172503089113295e+00,1.000000000000000000e+00,1.000000000000000000e+00,5.295359111738048297e-01
1.162999999999999972e+02,1.622353682501166128e-01,5.273050235184452150e-01,3.223599312128725636e+00,1.000000000000000000e+00,1.000000000000000000e+00,5.273032383476886631e-01
1.164000000000000341e+02,1.620864441632774433e-01,5.250764451588976200e-01,3.223023765358592474e+00,1.000000000000000000e+00,1.000000000000000000e+00,5.250746712840720365e-01
1.165000000000000284e+02,1.619382860753631748e-01,5.228519477748770905e-01,3.222445826641572975e+00,1.000000000000000000e+00,1.000000000000000000e+00,5.228501851280721313e-01
1.166000000000000227e+02,1.617908909863650102e-01,5.206315066520015300e-01,3.221865460316798657e+00,1.000000000000000000e+00,1.000000000000000000e+00,5.206297551653821243e-01
1.167000000000000171e+02,1.616442559179845917e-01,5.184150972146929215e-01,3.221282631193442825e+00,1.000000000000000000e+00,1.000000000000000000e+00,5.184133568210769205e-01
1.168000000000000114e+02,1.614983779134717967e-01,5.162026950254088309e-01,3.220697304544585915e+00,1.000000000000000000e+00,1.000000000000000000e+00,5.162009656584275463e-01
1.169000000000000057e+02,1.613532540374634228e-01,5.139942757839253140e-01,3.220109446101199424e+00,1.000000000000000000e+00,1.000000000000000000e+00,5.139925573777255341e-01
1.170000000000000000e+02,1.612088813758239259e-01,5.117898153259774485e-01,3.219519022046219536e+00,1.000000000000000000e+00,1.000000000000000000e+00,5.117881078151187424e-01
1.170999999999999943e+02,1.610652570354873803e-01,5.095892896218497947e-01,3.218925999008729999e+00,1.000000000000000000e+00,1.000000000000000000e+00,5.095875929414578343e-01
1.172000000000000313e+02,1.609223781443014922e-01,5.073926747751607014e-01,3.218330344058241366e+00,1.000000000000000000e+00,1.000000000000000000e+00,5.073909888611523034e-01
1.173000000000000256e+02,1.607802418508726960e-01,5.051999470222899857e-01,3.217732024699068827e+00,1.000000000000000000e+00,1.000000000000000000e+00,5.051982718110428205e-01
1.174000000000000199e+02,1.606388453244129155e-01,5.030110827309201005e-01,3.217131008864802855e+00,1.000000000000000000e+00,1.000000000000000000e+00,5.030094181592724700e-01
1.175000000000000142e+02,1.604981857545878798e-01,5.008260583988725090e-01,3.216527264912875772e+00,1.000000000000000000e+00,1.000000000000000000e+00,5.008244044041789689e-01
1.176000000000000085e+02,1.603582603513669103e-01,4.986448506529970182e-01,3.215920761619216695e+00,1.000000000000000000e+00,1.000000000000000000e+00,4.986432071731914939e-01
1.177000000000000028e+02,1.602190663448742058e-01,4.995912425522326394e-01,3.215311468173000620e+00,1.000000000000000000e+00,1.000000000000000000e+00,4.964658032217399986e-01
1.177999999999999972e+02,1.600788539339447758e-01,5.026328765406912202e-01,3.214695181340311514e+00,1.000000000000000000e+00,1.000000000000000000e+00,5.047299941890235342e-01
1.178999999999999915e+02,1.599382048381107480e-01,5.025436257423802067e-01,3.214073318672404866e+00,1.000000000000000000e+00,1.000000000000000000e+00,5.025419634372225719e-01
1.179999999999999858e+02,1.597982890265916278e-01,5.003594193161342574e-01,3.213448663907882974e+00,1.000000000000000000e+00,1.000000000000000000e+00,5.003577675744783626e-01
1.181000000000000369e+02,1.596591037253078382e-01,4.981790244956465497e-01,3.212821187010849844e+00,1.000000000000000000e+00,1.000000000000000000e+00,4.981773832556759540e-01
1.182000000000000313e+02,1.595206461802191056e-01,4.960024180630548951e-01,3.212190858345549849e+00,1.000000000000000000e+00,1.000000000000000000e+00,4.960007872634714099e-01
1.183000000000000256e+02,1.593829136571779381e-01,4.938295769273889912e-01,3.211557648671413912e+00,1.000000000000000000e+00,1.000000000000000000e+00,4.938279565072060673e-01
1.184000000000000199e+02,1.592459034417847419e-01,4.916604781230385357e-01,3.210921529138198061e+00,1.000000000000000000e+00,1.000000000000000000e+00,4.916588680218408891e-01
1.185000000000000142e+02,1.591096128392444076e-01,4.894950988089228350e-01,3.210282471281197925e+00,1.000000000000000000e+00,1.000000000000000000e+00,4.894934989668938141e-01
1.186000000000000085e+02,1.589740391742241188e-01,4.873334162676677406e-01,3.209640447016542275e+00,1.000000000000000000e+00,1.000000000000000000e+00,4.873318266253907072e-01
1.186999999999999886e+02,1.588391797907126035e-01,4.851754079041380452e-01,3.208995428636568281e+00,1.000000000000000000e+00,1.000000000000000000e+00,4.851738284028222492e-01
1.187999999999999829e+02,1.587050320518809399e-01,4.830210512450259785e-01,3.208347388805267375e+00,1.000000000000000000e+00,1.000000000000000000e+00,4.830194818261129841e-01
1.189000000000000341e+02,1.585715933399441946e-01,4.808703239367970728e-01,3.207696300553809721e+00,1.000000000000000000e+00,1.000000000000000000e+00,4.808687645425968604e-01
1.190000000000000284e+02,1.584388610560255040e-01,4.787232037456415901e-01,3.207042137276141069e+00,1.000000000000000000e+00,1.000000000000000000e+00,4.787216543190079276e-01
1.191000000000000227e+02,1.583068326200198495e-01,4.765796685566912050e-01,3.206384872724650670e+00,1.000000000000000000e+00,1.000000000000000000e+00,4.765781290404685899e-01
1.192000000000000171e+02,1.581755054704606644e-01,4.744396963716315252e-01,3.205724481005910675e+00,1.000000000000000000e+00,1.000000000000000000e+00,4.744381667094983990e-01
1.193000000000000114e+02,1.580448770643869960e-01,4.723032653089863087e-01,3.205060936576486164e+00,1.000000000000000000e+00,1.000000000000000000e+00,4.723017454450266772e-01
1.194000000000000057e+02,1.579149448772119990e-01,4.701703536026545227e-01,3.204394214238810878e+00,1.000000000000000000e+00,1.000000000000000000e+00,4.701688434814129680e-01
1.195000000000000000e+02,1.577857064025929290e-01,4.680409396010088985e-01,3.203724289137129588e+00,1.000000000000000000e+00,1.000000000000000000e+00,4.680394391674776444e-01
1.195999999999999943e+02,1.576571591523021343e-01,4.659150017659565157e-01,3.203051136753511496e+00,1.000000000000000000e+00,1.000000000000000000e+00,4.659135109655410667e-01
1.197000000000000313e+02,1.575293006560995468e-01,4.637925186716561066e-01,3.202374732903916943e+00,1.000000000000000000e+00,1.000000000000000000e+00,4.637910374504700672e-01
1.198000000000000256e+02,1.574021284616063387e-01,4.616734690042558764e-01,3.201695053734342267e+00,1.000000000000000000e+00,1.000000000000000000e+00,4.616719973087363149e-01
1.199000000000000199e+02,1.572756401341794952e-01,4.595578315605358122e-01,3.201012075717012184e+00,1.000000000000000000e+00,1.000000000000000000e+00,4.595563693374756231e-01
1.200000000000000142e+02,1.571498332567881351e-01,4.574455852467617101e-01,3.200325775646641002e+00,1.000000000000000000e+00,1.000000000000000000e+00,4.574441324435627454e-01
1.201000000000000085e+02,1.570247054298906098e-01,4.553367090784125049e-01,3.199636130636754228e+00,1.000000000000000000e+00,1.000000000000000000e+00,4.553352656426911116e-01
1.202000000000000028e+02,1.569002542713128501e-01,4.532311821785064976e-01,3.198943118116065687e+00,1.000000000000000000e+00,1.000000000000000000e+00,4.532297480584603355e-01
1.202999999999999972e+02,1.567764774161282404e-01,4.511289837770516842e-01,3.198246715824912378e+00,1.000000000000000000e+00,1.000000000000000000e+00,4.511275589214726600e-01
1.203999999999999915e+02,1.566533725165381030e-01,4.490300932107683107e-01,3.197546901811747500e+00,1.000000000000000000e+00,1.000000000000000000e+00,4.490286775684361742e-01
1.205000000000000426e+02,1.565309372417535427e-01,4.469344899206953992e-01,3.196843654429690762e+00,1.000000000000000000e+00,1.000000000000000000e+00,4.469330834412751918e-01
1.206000000000000369e+02,1.564091692778790399e-01,4.448421534525999754e-01,3.196136952333126668e+00,1.000000000000000000e+00,1.000000000000000000e+00,4.448407560862540633e-01
1.207000000000000171e+02,1.562880663277958493e-01,4.427530634561907541e-01,3.195426774474366294e+00,1.000000000000000000e+00,1.000000000000000000e+00,4.427516751530965466e-01
1.208000000000000114e+02,1.561676261110477859e-01,4.406671996832759453e-01,3.194713100100350811e+00,1.000000000000000000e+00,1.000000000000000000e+00,4.406658203941249963e-01
1.209000000000000057e+02,1.560478463637273716e-01,4.385845419874647710e-01,3.193995908749416746e+00,1.000000000000000000e+00,1.000000000000000000e+00,4.385831716633999955e-01
1.210000000000000000e+02,1.559287248383635083e-01,4.365050703231216356e-01,3.193275180248106082e+00,1.000000000000000000e+00,1.000000000000000000e+00,4.365037089158695371e-01
1.210999999999999943e+02,1.558102593038099004e-01,4.344287647449512346e-01,3.192550894708026998e+00,1.000000000000000000e+00,1.000000000000000000e+00,4.344274122065246990e-01
1.211999999999999886e+02,1.556924475451346435e-01,4.323556054069907506e-01,3.191823032522766113e+00,1.000000000000000000e+00,1.000000000000000000e+00,4.323542616895634239e-01
1.213000000000000398e+02,1.555752873635108668e-01,4.302855725610059690e-01,3.191091574364845140e+00,1.000000000000000000e+00,1.000000000000000000e+00,4.302842376175583516e-01
1.214000000000000341e+02,1.554587765761088480e-01,4.282186465566922839e-01,3.190356501182730398e+00,1.000000000000000000e+00,1.000000000000000000e+00,4.282173203406392514e-01
1.215000000000000284e+02,1.553429130159881821e-01,4.261548078409299611e-01,3.189617794197882716e+00,1.000000000000000000e+00,1.000000000000000000e+00,4.261534903056710122e-01
1.216000000000000227e+02,1.552276945319919221e-01,4.240940369559810241e-01,3.188875434901854433e+00,1.000000000000000000e+00,1.000000000000000000e+00,4.240927280554470102e-01
1.217000000000000171e+02,1.551131189886413297e-01,4.220363145392925230e-01,3.188129405053440557e+00,1.000000000000000000e+00,1.000000000000000000e+00,4.220350142278881389e-01
1.218000000000000114e+02,1.549991842660317087e-01,4.199816213226039707e-01,3.187379686675854806e+00,1.000000000000000000e+00,1.000000000000000000e+00,4.199803295552451132e-01
1.219000000000000057e+02,1.548858882597292097e-01,4.179299381315386697e-01,3.186626262053970482e+00,1.000000000000000000e+00,1.000000000000000000e+00,4.179286548633113774e-01
1.220000000000000000e+02,1.547732288806684398e-01,4.176592794570083145e-01,3.185869113731587987e+00,1.000000000000000000e+00,1.000000000000000000e+00,4.158799710706382324e-01
1.221000000000000369e+02,1.546602434537665827e-01,4.212504163432618243e-01,3.185106362360031973e+00,1.000000000000000000e+00,1.000000000000000000e+00,4.251192754413433694e-01
1.222000000000000313e+02,1.545458100637841226e-01,4.230613495082882758e-01,3.184335859814709124e+00,1.000000000000000000e+00,1.000000000000000000e+00,4.230600449224388715e-01
1.223000000000000256e+02,1.544320159664295533e-01,4.210051491677123670e-01,3.183561659867844451e+00,1.000000000000000000e+00,1.000000000000000000e+00,4.210038531483126234e-01
1.224000000000000199e+02,1.543188590580704400e-01,4.189519683963013330e-01,3.182783745476208903e+00,1.000000000000000000e+00,1.000000000000000000e+00,4.189506808982413344e-01
1.225000000000000142e+02,1.542063372504316743e-01,4.169017880659728892e-01,3.182002099850242072e+00,1.000000000000000000e+00,1.000000000000000000e+00,4.169005090446501471e-01
1.226000000000000085e+02,1.540944484704943329e-01,4.148545891411629105e-01,3.181216706451453824e+00,1.000000000000000000e+00,1.000000000000000000e+00,4.148533185523332611e-01
1.227000000000000028e+02,1.539831906603950917e-01,4.128103526779685062e-01,3.180427548989859687e+00,1.000000000000000000e+00,1.000000000000000000e+00,4.128090904776813286e-01
1.227999999999999972e+02,1.538725617773270549e-01,4.107690598232095480e-01,3.179634611421453982e+00,1.000000000000000000e+00,1.000000000000000000e+00,4.107678059679149563e-01
1.228999999999999915e+02,1.537625597934411670e-01,4.087306918139266831e-01,3.178837877945727808e+00,1.000000000000000000e+00,1.000000000000000000e+00,4.087294462603244805e-01
1.230000000000000284e+02,1.536531826957487912e-01,4.066952299760750456e-01,3.178037333003218112e+00,1.000000000000000000e+00,1.000000000000000000e+00,4.066939926815150153e-01
1.231000000000000227e+02,1.535444284860252862e-01,4.046626557245338596e-01,3.177232961273101175e+00,1.000000000000000000e+00,1.000000000000000000e+00,4.046614266466634913e-01
1.232000000000000171e+02,1.534362951807140274e-01,4.026329505621600302e-01,3.176424747670811843e+00,1.000000000000000000e+00,1.000000000000000000e+00,4.026317296587703654e-01
1.233000000000000114e+02,1.533287808108319272e-01,4.006060960785523539e-01,3.175612677345713397e+00,1.000000000000000000e+00,1.000000000000000000e+00,4.006048833079280946e-01
1.234000000000000057e+02,1.532218834218755377e-01,3.985820739499293386e-01,3.174796735678787396e+00,1.000000000000000000e+00,1.000000000000000000e+00,3.985808692705906653e-01
1.235000000000000000e+02,1.531156010737280415e-01,3.965608659378396794e-01,3.173976908280370157e+00,1.000000000000000000e+00,1.000000000000000000e+00,3.965596693088498381e-01
1.235999999999999943e+02,1.530099318405674369e-01,3.945424538890389132e-01,3.173153180987917654e+00,1.000000000000000000e+00,1.000000000000000000e+00,3.945412652697180556e-01
1.236999999999999886e+02,1.529048738107749716e-01,3.925268197345113674e-01,3.172325539863805499e+00,1.000000000000000000e+00,1.000000000000000000e+00,3.925256390844151233e-01
1.238000000000000398e+02,1.528004250868452152e-01,3.905139454884115069e-01,3.171493971193159123e+00,1.000000000000000000e+00,1.000000000000000000e+00,3.905127727676617200e-01
1.239000000000000341e+02,1.526965837852964081e-01,3.885038132480731488e-01,3.170658461481725698e+00,1.000000000000000000e+00,1.000000000000000000e+00,3.885026484169823435e-01
1.240000000000000284e+02,1.525933480365818662e-01,3.864964051926922384e-01,3.169818997453762499e+00,1.000000000000000000e+00,1.000000000000000000e+00,3.864952482120046495e-01
1.241000000000000227e+02,1.524907159850023564e-01,3.844917035831303953e-01,3.168975566049972770e+00,1.000000000000000000e+00,1.000000000000000000e+00,3.844905544137733333e-01
1.242000000000000028e+02,1.523886857886189161e-01,3.824896907608079655e-01,3.168128154425462917e+00,1.000000000000000000e+00,1.000000000000000000e+00,3.824885493640654555e-01
1.242999999999999972e+02,1.522872556191671167e-01,3.804903491470931209e-01,3.167276749947731229e+00,1.000000000000000000e+00,1.000000000000000000e+00,3.804892154847116514e-01
1.243999999999999915e+02,1.521864236619714927e-01,3.784936612429803948e-01,3.166421340194690348e+00,1.000000000000000000e+00,1.000000000000000000e+00,3.784925352769230034e-01
1.244999999999999858e+02,1.520861881158612483e-01,3.764996096281199578e-01,3.165561912952716384e+00,1.000000000000000000e+00,1.000000000000000000e+00,3.764984913206227413e-01
1.246000000000000369e+02,1.519865471930864631e-01,3.745081769600306920e-01,3.164698456214726008e+00,1.000000000000000000e+00,1.000000000000000000e+00,3.745070662737824962e-01
1.247000000000000313e+02,1.518874991192354640e-01,3.725193459736553248e-01,3.163830958178284192e+00,1.000000000000000000e+00,1.000000000000000000e+00,3.725182428717692118e-01
1.248000000000000256e+02,1.517890421331525019e-01,3.705330994811045775e-01,3.162959407243739918e+00,1.000000000000000000e+00,1.000000000000000000e+00,3.705320039266863374e-01
1.249000000000000199e+02,1.516911744868564837e-01,3.685494203700681592e-01,3.162083792012388539e+00,1.000000000000000000e+00,1.000000000000000000e+00,3.685483323267304545e-01
1.250000000000000142e+02,1.515938944454607029e-01,3.665682916038776606e-01,3.161204101284660783e+00,1.000000000000000000e+00,1.000000000000000000e+00,3.665672110355479019e-01
1.251000000000000085e+02,1.514972002870927370e-01,3.645896962208692305e-01,3.160320324058341068e+00,1.000000000000000000e+00,1.000000000000000000e+00,3.645886230915981185e-01
1.252000000000000028e+02,1.514010903028157051e-01,3.626136173330921642e-01,3.159432449526808906e+00,1.000000000000000000e+00,1.000000000000000000e+00,3.626125516075199284e-01
1.252999999999999972e+02,1.513055627965500249e-01,3.606400381266754440e-01,3.158540467077308289e+00,1.000000000000000000e+00,1.000000000000000000e+00,3.606389797695055410e-01
1.254000000000000341e+02,1.512106160849956416e-01,3.586689418602845847e-01,3.157644366289241056e+00,1.000000000000000000e+00,1.000000000000000000e+00,3.586678908366751628e-01
1.255000000000000284e+02,1.511162484975557552e-01,3.567003118649716975e-01,3.156744136932489564e+00,1.000000000000000000e+00,1.000000000000000000e+00,3.566992681404645982e-01
1.256000000000000227e+02,1.510224583762602713e-01,3.547341315439041520e-01,3.155839768965756242e+00,1.000000000000000000e+00,1.000000000000000000e+00,3.547330950840046349e-01
1.257000000000000171e+02,1.509292440756908049e-01,3.527703843708067111e-01,3.154931252534934671e+00,1.000000000000000000e+00,1.000000000000000000e+00,3.527693551415171935e-01
1.258000000000000114e+02,1.508366039629060740e-01,3.508090538900675015e-01,3.154018577971501092e+00,1.000000000000000000e+00,1.000000000000000000e+00,3.508080318577104784e-01
1.259000000000000057e+02,1.507445364173679581e-01,3.488501237159823409e-01,3.153101735790930338e+00,1.000000000000000000e+00,1.000000000000000000e+00,3.488491088471785684e-01
1.260000000000000000e+02,1.506530398308683905e-01,3.468935775322419257e-01,3.152180716691134865e+00,1.000000000000000000e+00,1.000000000000000000e+00,3.468925697938077812e-01
1.260999999999999943e+02,1.505621126074567773e-01,3.449393990911884256e-01,3.151255511550927757e+00,1.000000000000000000e+00,1.000000000000000000e+00,3.449383984501849243e-01
1.262000000000000313e+02,1.504717531633683603e-01,3.429875722129985816e-01,3.150326111428503495e+00,1.000000000000000000e+00,1.000000000000000000e+00,3.429865786370116520e-01
1.263000000000000256e+02,1.503819599269531349e-01,3.410380807857985586e-01,3.149392507559948928e+00,1.000000000000000000e+00,1.000000000000000000e+00,3.410370942425255958e-01
1.264000000000000199e+02,1.502927313386052122e-01,3.390909087645987974e-01,3.148454691357768009e+00,1.000000000000000000e+00,1.000000000000000000e+00,3.390899292219172745e-01
1.265000000000000142e+02,1.502040658506933468e-01,3.371460401705238530e-01,3.147512654409434951e+00,1.000000000000000000e+00,1.000000000000000000e+00,3.371450675967616051e-01
1.266000000000000085e+02,1.501159619274917423e-01,3.352034590907663203e-01,3.146566388475958487e+00,1.000000000000000000e+00,1.000000000000000000e+00,3.352024934544478030e-01
1.267000000000000028e+02,1.500284180451116334e-01,3.332631496776219393e-01,3.145615885490482988e+00,1.000000000000000000e+00,1.000000000000000000e+00,3.332621909476142230e-01
1.267999999999999972e+02,1.499414326914336182e-01,3.367271392240722694e-01,3.144661137556891362e+00,1.000000000000000000e+00,1.000000000000000000e+00,3.313241442935888625e-01
1.268999999999999915e+02,1.498521769672855886e-01,3.407433297502979186e-01,3.143697945371444646e+00,1.000000000000000000e+00,1.000000000000000000e+00,3.412935688390376643e-01
1.270000000000000426e+02,1.497631957246479406e-01,3.393470799000295468e-01,3.142730130488397222e+00,1.000000000000000000e+00,1.000000000000000000e+00,3.393460994375848694e-01
1.271000000000000369e+02,1.496747757570130177e-01,3.374019090202867721e-01,3.141758115188731271e+00,1.000000000000000000e+00,1.000000000000000000e+00,3.374009355310264580e-01
1.272000000000000313e+02,1.495869155326276234e-01,3.354590277457620839e-01,3.140781891831599282e+00,1.000000000000000000e+00,1.000000000000000000e+00,3.354580611981201055e-01
1.273000000000000256e+02,1.494996135315419250e-01,3.335184202202493009e-01,3.139801452945121252e+00,1.000000000000000000e+00,1.000000000000000000e+00,3.335174605829476224e-01
1.274000000000000199e+02,1.494128682455418689e-01,3.315800706523367447e-01,3.138816791225049752e+00,1.000000000000000000e+00,1.000000000000000000e+00,3.315791178943539030e-01
1.275000000000000142e+02,1.493266781780822061e-01,3.296439633146632242e-01,3.137827899533446541e+00,1.000000000000000000e+00,1.000000000000000000e+00,3.296430174053888718e-01
1.276000000000000085e+02,1.492410418442202957e-01,3.277100825437405662e-01,3.136834770897383162e+00,1.000000000000000000e+00,1.000000000000000000e+00,3.277091434527558689e-01
1.276999999999999886e+02,1.491559577705502126e-01,3.257784127391749052e-01,3.135837398507658413e+00,1.000000000000000000e+00,1.000000000000000000e+00,3.257774804362619792e-01
1.277999999999999829e+02,1.490714244951379386e-01,3.238489383629742924e-01,3.134835775717535356e+00,1.000000000000000000e+00,1.000000000000000000e+00,3.238480128182732454e-01
1.279000000000000341e+02,1.489874405674568025e-01,3.219216439392668105e-01,3.133829896041497420e+00,1.000000000000000000e+00,1.000000000000000000e+00,3.219207251231729350e-01
1.280000000000000284e+02,1.489040045483237817e-01,3.199965140536813468e-01,3.132819753154020948e+00,1.000000000000000000e+00,1.000000000000000000e+00,3.199956019368285220e-01
1.281000000000000227e+02,1.488211150098362190e-01,3.180735333528719178e-01,3.131805340888367262e+00,1.000000000000000000e+00,1.000000000000000000e+00,3.180726279060520079e-01
1.282000000000000171e+02,1.487387705353093170e-01,3.161526865435969613e-01,3.130786653235388517e+00,1.000000000000000000e+00,1.000000000000000000e+00,3.161517877380751185e-01
1.283000000000000114e+02,1.486569697192142714e-01,3.142339583929043556e-01,3.129763684342356633e+00,1.000000000000000000e+00,1.000000000000000000e+00,3.142330662000226149e-01
1.284000000000000057e+02,1.485757111671165975e-01,3.123173337270184202e-01,3.128736428511805556e+00,1.000000000000000000e+00,1.000000000000000000e+00,3.123164481183896557e-01
1.285000000000000000e+02,1.484949934956157624e-01,3.104027974309571114e-01,3.127704880200388171e+00,1.000000000000000000e+00,1.000000000000000000e+00,3.104019183785244884e-01
1.285999999999999943e+02,1.484148153322846220e-01,3.084903344484032361e-01,3.126669034017756754e+00,1.000000000000000000e+00,1.000000000000000000e+00,3.084894619241135283e-01
1.287000000000000455e+02,1.483351753156100239e-01,3.065799297802730417e-01,3.125628884725450973e+00,1.000000000000000000e+00,1.000000000000000000e+00,3.065790637566692678e-01
1.288000000000000398e+02,1.482560720949338828e-01,3.046715684851974970e-01,3.124584427235812534e+00,1.000000000000000000e+00,1.000000000000000000e+00,3.046707089350270126e-01
1.289000000000000341e+02,1.481775043303944217e-01,3.027652356789182209e-01,3.123535656610902045e+00,1.000000000000000000e+00,1.000000000000000000e+00,3.027643825748352890e-01
1.290000000000000284e+02,1.480994706928684401e-01,3.008609165328088308e-01,3.122482568061445640e+00,1.000000000000000000e+00,1.000000000000000000e+00,3.008600698480589641e-01
1.291000000000000227e+02,1.480219698639141934e-01,2.989585962745255343e-01,3.121425156945784263e+00,1.000000000000000000e+00,1.000000000000000000e+00,2.989577559824816433e-01
1.292000000000000171e+02,1.479450005357141884e-01,2.970582601870898065e-01,3.120363418768850927e+00,1.000000000000000000e+00,1.000000000000000000e+00,2.970574262612121208e-01
1.293000000000000114e+02,1.478685614110193947e-01,2.951598936080065960e-01,3.119297349181148871e+00,1.000000000000000000e+00,1.000000000000000000e+00,2.951590660221943829e-01
1.294000000000000057e+02,1.477926512030933448e-01,2.932634819294980266e-01,3.118226943977759458e+00,1.000000000000000000e+00,1.000000000000000000e+00,2.932626606577208306e-01
1.295000000000000284e+02,1.477172686356570674e-01,2.913690105972705502e-01,3.117152199097348753e+00,1.000000000000000000e+00,1.000000000000000000e+00,2.913681956139478335e-01
1.296000000000000227e+02,1.476424124428346585e-01,2.894764651107201714e-01,3.116073110621204734e+00,1.000000000000000000e+00,1.000000000000000000e+00,2.894756563904193891e-01
1.297000000000000171e+02,1.475680813690989357e-01,2.875858310222092484e-01,3.114989674772274508e+00,1.000000000000000000e+00,1.000000000000000000e+00,2.875850285395842865e-01
1.298000000000000114e+02,1.474942741692182036e-01,2.856970939362748485e-01,3.113901887914222399e+00,1.000000000000000000e+00,1.000000000000000000e+00,2.856962976663265930e-01
1.299000000000000057e+02,1.474209896082031290e-01,2.838102395095775665e-01,3.112809746550502243e+00,1.000000000000000000e+00,1.000000000000000000e+00,2.838094494274937540e-01
1.300000000000000000e+02,1.473482264612543391e-01,2.819252534502436625e-01,3.111713247323442566e+00,1.000000000000000000e+00,1.000000000000000000e+00,2.819244695314295779e-01
1.300999999999999943e+02,1.472759835137104345e-01,2.800421215173021228e-01,3.110612387013340641e+00,1.000000000000000000e+00,1.000000000000000000e+00,2.800413437375095516e-01
1.301999999999999886e+02,1.472042595609966698e-01,2.781608295206473014e-01,3.109507162537577418e+00,1.000000000000000000e+00,1.000000000000000000e+00,2.781600578556798209e-01
1.303000000000000398e+02,1.471330534085737718e-01,2.762813633200716934e-01,3.108397570949738231e+00,1.000000000000000000e+00,1.000000000000000000e+00,2.762805977459978357e-01
1.304000000000000341e+02,1.470623638718878967e-01,2.744037088249321465e-01,3.107283609438751704e+00,1.000000000000000000e+00,1.000000000000000000e+00,2.744029493181813772e-01
1.305000000000000284e+02,1.469921897763203922e-01,2.725278519941289890e-01,3.106165275328037545e+00,1.000000000000000000e+00,1.000000000000000000e+00,2.725270985311499250e-01
1.306000000000000227e+02,1.469225299571385313e-01,2.706537788349906437e-01,3.105042566074670773e+00,1.000000000000000000e+00,1.000000000000000000e+00,2.706530313925797904e-01
1.307000000000000171e+02,1.468533832594466071e-01,2.687814754032807341e-01,3.103915479268549049e+00,1.000000000000000000e+00,1.000000000000000000e+00,2.687807339584563082e-01
1.308000000000000114e+02,1.467847485381374162e-01,2.669109278028153343e-01,3.102784012631588428e+00,1.000000000000000000e+00,1.000000000000000000e+00,2.669101923326309689e-01
1.309000000000000057e+02,1.467166246578442967e-01,2.650421221845261077e-01,3.101648164016916009e+00,1.000000000000000000e+00,1.000000000000000000e+00,2.650413926663799380e-01
1.310000000000000000e+02,1.466490104928938332e-01,2.631750447464848430e-01,3.100507931408078566e+00,1.000000000000000000e+00,1.000000000000000000e+00,2.631743211579666841e-01
1.311000000000000512e+02,1.465819049272586161e-01,2.613096817332134503e-01,3.099363312918267610e+00,1.000000000000000000e+00,1.000000000000000000e+00,2.613089640522056056e-01
1.312000000000000455e+02,1.465153068545110293e-01,2.594460194354145099e-01,3.098214306789552452e+00,1.000000000000000000e+00,1.000000000000000000e+00,2.594453076400342617e-01
1.313000000000000398e+02,1.464492151777768703e-01,2.575840441897456201e-01,3.097060911392121252e+00,1.000000000000000000e+00,1.000000000000000000e+00,2.575833382580769992e-01
1.314000000000000057e+02,1.463836288096899696e-01,2.557237423777671270e-01,3.095903125223540275e+00,1.000000000000000000e+00,1.000000000000000000e+00,2.557230422882225129e-01
1.315000000000000000e+02,1.463185466723470607e-01,2.538651004259095401e-01,3.094740946908018930e+00,1.000000000000000000e+00,1.000000000000000000e+00,2.538644061571984079e-01
1.315999999999999943e+02,1.462539676972631209e-01,2.520081048051590611e-01,3.093574375195686343e+00,1.000000000000000000e+00,1.000000000000000000e+00,2.520074163361497588e-01
1.316999999999999886e+02,1.461898908253271012e-01,2.501527420306230987e-01,3.092403408961882594e+00,1.000000000000000000e+00,1.000000000000000000e+00,2.501520593402198345e-01
1.317999999999999829e+02,1.461263150067581840e-01,2.482989986606493893e-01,3.091228047206455720e+00,1.000000000000000000e+00,1.000000000000000000e+00,2.482983217281335420e-01
1.318999999999999773e+02,1.460632392010626501e-01,2.477766757081178439e-01,3.090048289053070718e+00,1.000000000000000000e+00,1.000000000000000000e+00,2.464461901017841183e-01
1.320000000000000284e+02,1.459999843619534110e-01,2.518727194105706002e-01,3.088863434645308992e+00,1.000000000000000000e+00,1.000000000000000000e+00,2.564969067185223217e-01
1.321000000000000227e+02,1.459348757739213909e-01,2.546382782647747534e-01,3.087671789457021365e+00,1.000000000000000000e+00,1.000000000000000000e+00,2.546375815766466211e-01
1.322000000000000171e+02,1.458702693783310300e-01,2.527805992484202235e-01,3.086475803292687115e+00,1.000000000000000000e+00,1.000000000000000000e+00,2.527799083687173320e-01
1.323000000000000114e+02,1.458061641151592869e-01,2.509245586839708442e-01,3.085275475488229890e+00,1.000000000000000000e+00,1.000000000000000000e+00,2.509238735916206609e-01
1.324000000000000057e+02,1.457425589337051908e-01,2.490701431118576559e-01,3.084070805502974633e+00,1.000000000000000000e+00,1.000000000000000000e+00,2.490694637859979521e-01
1.325000000000000000e+02,1.456794527925467098e-01,2.472173391158135891e-01,3.082861792918976995e+00,1.000000000000000000e+00,1.000000000000000000e+00,2.472166655358299658e-01
1.325999999999999943e+02,1.456168446594976185e-01,2.453661333225145291e-01,3.081648437440365651e+00,1.000000000000000000e+00,1.000000000000000000e+00,2.453654654680253733e-01
1.326999999999999886e+02,1.455547335115652263e-01,2.435165124013735916e-01,3.080430738892693920e+00,1.000000000000000000e+00,1.000000000000000000e+00,2.435158502520099744e-01
1.328000000000000398e+02,1.454931183349080226e-01,2.416684630635603237e-01,3.079208697222296731e+00,1.000000000000000000e+00,1.000000000000000000e+00,2.416678065993186630e-01
1.329000000000000341e+02,1.454319981247945703e-01,2.398219720621006246e-01,3.077982312495668005e+00,1.000000000000000000e+00,1.000000000000000000e+00,2.398213212631943592e-01
1.330000000000000284e+02,1.453713718855617620e-01,2.379770261915314655e-01,3.076751584898832270e+00,1.000000000000000000e+00,1.000000000000000000e+00,2.379763810381791966e-01
1.331000000000000227e+02,1.453112386305745463e-01,2.361336122868328002e-01,3.075516514736741147e+00,1.000000000000000000e+00,1.000000000000000000e+00,2.361329727597183958e-01
1.332000000000000171e+02,1.452515973821853768e-01,2.342917172240999990e-01,3.074277102432667164e+00,1.000000000000000000e+00,1.000000000000000000e+00,2.342910833037618878e-01
1.333000000000000114e+02,1.451924471716942444e-01,2.324513279189639181e-01,3.073033348527615782e+00,1.000000000000000000e+00,1.000000000000000000e+00,2.324506995863676873e-01
1.334000000000000057e+02,1.451337870393095697e-01,2.306124313270242754e-01,3.071785253679739647e+00,1.000000000000000000e+00,1.000000000000000000e+00,2.306118085633100390e-01
1.335000000000000000e+02,1.450756160341086509e-01,2.287750144433448596e-01,3.070532818663768371e+00,1.000000000000000000e+00,1.000000000000000000e+00,2.287743972296874262e-01
1.336000000000000227e+02,1.450179332139994448e-01,2.269390643015535836e-01,3.069276044370436551e+00,1.000000000000000000e+00,1.000000000000000000e+00,2.269384526195332152e-01
1.337000000000000171e+02,1.449607376456820973e-01,2.251045679741945915e-01,3.068014931805938872e+00,1.000000000000000000e+00,1.000000000000000000e+00,2.251039618054335445e-01
1.338000000000000114e+02,1.449040284046111682e-01,2.232715125717550930e-01,3.066749482091371437e+00,1.000000000000000000e+00,1.000000000000000000e+00,2.232709118981367202e-01
1.339000000000000057e+02,1.448478045749582721e-01,2.214398852426696374e-01,3.065479696462200643e+00,1.000000000000000000e+00,1.000000000000000000e+00,2.214392900461753244e-01
1.340000000000000000e+02,1.447920652495749139e-01,2.196096731726573659e-01,3.064205576267728048e+00,1.000000000000000000e+00,1.000000000000000000e+00,2.196090834354852694e-01
1.340999999999999943e+02,1.447368095299560731e-01,2.177808635844886709e-01,3.062927122970572569e+00,1.000000000000000000e+00,1.000000000000000000e+00,2.177802792890279615e-01
1.341999999999999886e+02,1.446820365262037611e-01,2.159534437376336991e-01,3.061644338146152666e+00,1.000000000000000000e+00,1.000000000000000000e+00,2.159528648664149064e-01
1.342999999999999829e+02,1.446277453569913829e-01,2.141274009277367441e-01,3.060357223482184974e+00,1.000000000000000000e+00,1.000000000000000000e+00,2.141268274635338698e-01
1.344000000000000341e+02,1.445739351495281544e-01,2.123027224863566764e-01,3.059065780778183363e+00,1.000000000000000000e+00,1.000000000000000000e+00,2.123021544121764248e-01
1.345000000000000284e+02,1.445206050395241859e-01,2.104793957808091531e-01,3.057770011944971333e+00,1.000000000000000000e+00,1.000000000000000000e+00,2.104788330796723839e-01
1.346000000000000227e+02,1.444677541711555657e-01,2.086574082133401398e-01,3.056469919004200619e+00,1.000000000000000000e+00,1.000000000000000000e+00,2.086568508685168744e-01
1.347000000000000171e+02,1.444153816970304427e-01,2.068367472210056179e-01,3.055165504087876904e+00,1.000000000000000000e+00,1.000000000000000000e+00,2.068361952160076567e-01
1.348000000000000114e+02,1.443634867781547482e-01,2.050174002754887315e-01,3.053856769437892638e+00,1.000000000000000000e+00,1.000000000000000000e+00,2.050168535938823033e-01
1.349000000000000057e+02,1.443120685838989448e-01,2.031993548823027296e-01,3.052543717405573176e+00,1.000000000000000000e+00,1.000000000000000000e+00,2.031988135079548785e-01
1.350000000000000000e+02,1.442611262919647197e-01,2.013825985809220842e-01,3.051226350451218039e+00,1.000000000000000000e+00,1.000000000000000000e+00,2.013820624977575302e-01
1.350999999999999943e+02,1.442106590883522332e-01,1.995671189441344529e-01,3.049904671143666146e+00,1.000000000000000000e+00,1.000000000000000000e+00,1.995665881361821103e-01
1.352000000000000455e+02,1.441606661673277001e-01,1.977529035773844812e-01,3.048578682159853503e+00,1.000000000000000000e+00,1.000000000000000000e+00,1.977523780291232380e-01
1.353000000000000398e+02,1.441111467313915262e-01,1.959399401191566636e-01,3.047248386284387767e+00,1.000000000000000000e+00,1.000000000000000000e+00,1.959394198151289401e-01
1.354000000000000341e+02,1.440620999912462508e-01,1.941282162402494793e-01,3.045913786409125912e+00,1.000000000000000000e+00,1.000000000000000000e+00,1.941277011650411055e-01
1.355000000000000284e+02,1.440135251657655990e-01,1.923177196432606373e-01,3.044574885532758124e+00,1.000000000000000000e+00,1.000000000000000000e+00,1.923172097816507886e-01
1.356000000000000227e+02,1.439654214819632294e-01,1.905084380623414675e-01,3.043231686760403676e+00,1.000000000000000000e+00,1.000000000000000000e+00,1.905079333993467960e-01
1.357000000000000171e+02,1.439177881749624521e-01,1.887003592629986626e-01,3.041884193303206807e+00,1.000000000000000000e+00,1.000000000000000000e+00,1.886998597837703517e-01
1.358000000000000114e+02,1.438706244879656149e-01,1.868934710416135236e-01,3.040532408477946813e+00,1.000000000000000000e+00,1.000000000000000000e+00,1.868929767314689017e-01
1.359000000000000057e+02,1.438239296722245986e-01,1.850877612251184967e-01,3.039176335706649024e+00,1.000000000000000000e+00,1.000000000000000000e+00,1.850872720695530826e-01
1.360000000000000284e+02,1.437777029870108969e-01,1.832832176707229199e-01,3.037815978516203330e+00,1.000000000000000000e+00,1.000000000000000000e+00,1.832827336553541631e-01
1.361000000000000227e+02,1.437319436995867783e-01,1.814798282654095929e-01,3.036451340537997812e+00,1.000000000000000000e+00,1.000000000000000000e+00,1.814793493760875343e-01
1.362000000000000171e+02,1.436866510851761425e-01,1.796775809258675527e-01,3.035082425507543480e+00,1.000000000000000000e+00,1.000000000000000000e+00,1.796771071485086801e-01
1.363000000000000114e+02,1.436418244269362376e-01,1.778764635976432251e-01,3.033709237264116343e+00,1.000000000000000000e+00,1.000000000000000000e+00,1.778759949185802769e-01
1.364000000000000057e+02,1.435974630159294607e-01,1.760764642556677251e-01,3.032331779750408796e+00,1.000000000000000000e+00,1.000000000000000000e+00,1.760760006611363782e-01
1.365000000000000000e+02,1.435535661510953243e-01,1.742775709032290676e-01,3.030950057012176124e+00,1.000000000000000000e+00,1.000000000000000000e+00,1.742771123795480437e-01
1.365999999999999943e+02,1.435101331392232837e-01,1.724797715716004931e-01,3.029564073197899887e+00,1.000000000000000000e+00,1.000000000000000000e+00,1.724793181053924374e-01
1.366999999999999886e+02,1.434671632949253983e-01,1.706830543199951145e-01,3.028173832558449075e+00,1.000000000000000000e+00,1.000000000000000000e+00,1.706826058981212035e-01
1.367999999999999829e+02,1.434246559406096855e-01,1.688874072353482580e-01,3.026779339446754147e+00,1.000000000000000000e+00,1.000000000000000000e+00,1.688869638447328680e-01
1.369000000000000341e+02,1.433826104064533924e-01,1.670928184317612142e-01,3.025380598317484626e+00,1.000000000000000000e+00,1.000000000000000000e+00,1.670923800594432962e-01
1.370000000000000284e+02,1.433410260303771278e-01,1.652992760500486269e-01,3.023977613726732905e+00,1.000000000000000000e+00,1.000000000000000000e+00,1.652988426833643942e-01
1.371000000000000227e+02,1.432999021580188548e-01,1.635067682577795167e-01,3.022570390331700718e+00,1.000000000000000000e+00,1.000000000000000000e+00,1.635063398841734017e-01
1.372000000000000171e+02,1.432592381427084949e-01,1.617152832489238967e-01,3.021158932890399829e+00,1.000000000000000000e+00,1.000000000000000000e+00,1.617148598557945072e-01
1.373000000000000114e+02,1.432190333454425868e-01,1.599248092429940427e-01,3.019743246261347824e+00,1.000000000000000000e+00,1.000000000000000000e+00,1.599243908180755513e-01
1.374000000000000057e+02,1.431792871348598062e-01,1.581353344852333698e-01,3.018323335403280794e+00,1.000000000000000000e+00,1.000000000000000000e+00,1.581349210164682828e-01
1.375000000000000000e+02,1.431399988872160134e-01,1.581254545027433733e-01,3.016899205374861559e+00,1.000000000000000000e+00,1.000000000000000000e+00,1.563464387217095852e-01
1.375999999999999943e+02,1.431002793001679152e-01,1.617656687580591446e-01,3.015470360834166641e+00,1.000000000000000000e+00,1.000000000000000000e+00,1.654184652974654002e-01
1.377000000000000455e+02,1.430591946374887846e-01,1.636263225513165664e-01,3.014036310714696132e+00,1.000000000000000000e+00,1.000000000000000000e+00,1.636258938448251488e-01
1.378000000000000398e+02,1.430185690935013298e-01,1.618347696748324849e-01,3.012598102759939334e+00,1.000000000000000000e+00,1.000000000000000000e+00,1.618343459498237380e-01
1.379000000000000341e+02,1.429784020297778235e-01,1.600442285865147640e-01,3.011155742255933188e+00,1.000000000000000000e+00,1.000000000000000000e+00,1.600438098305884960e-01
1.380000000000000284e+02,1.429386928155211567e-01,1.582546875298982969e-01,3.009709234588734628e+00,1.000000000000000000e+00,1.000000000000000000e+00,1.582542737308731129e-01
1.381000000000000227e+02,1.428994408275402750e-01,1.564661347738134090e-01,3.008258585244143912e+00,1.000000000000000000e+00,1.000000000000000000e+00,1.564657259197376471e-01
1.382000000000000171e+02,1.428606454502260592e-01,1.546785586122295109e-01,3.006803799807432398e+00,1.000000000000000000e+00,1.000000000000000000e+00,1.546781546912307237e-01
1.383000000000000114e+02,1.428223060755273166e-01,1.528919473636480009e-01,3.005344883963086300e+00,1.000000000000000000e+00,1.000000000000000000e+00,1.528915483640741757e-01
1.384000000000000057e+02,1.427844221029274385e-01,1.511062893711014044e-01,3.003881843494539794e+00,1.000000000000000000e+00,1.000000000000000000e+00,1.511058952813477130e-01
1.385000000000000284e+02,1.427469929394208636e-01,1.493215730014794962e-01,3.002414684283928548e+00,1.000000000000000000e+00,1.000000000000000000e+00,1.493211838101748956e-01
1.386000000000000227e+02,1.427100179994905405e-01,1.475377866454060660e-01,3.000943412311841474e+00,1.000000000000000000e+00,1.000000000000000000e+00,1.475374023414148250e-01
1.387000000000000171e+02,1.426734967050849179e-01,1.457549187172225147e-01,2.999468033657075594e+00,1.000000000000000000e+00,1.000000000000000000e+00,1.457545392893451197e-01
1.388000000000000114e+02,1.426374284855958796e-01,1.439729576540186573e-01,2.997988554496402891e+00,1.000000000000000000e+00,1.000000000000000000e+00,1.439725830913569093e-01
1.389000000000000057e+02,1.426018127778366784e-01,1.421918919158842165e-01,2.996504981104336274e+00,1.000000000000000000e+00,1.000000000000000000e+00,1.421915222076450824e-01
1.390000000000000000e+02,1.425666490260202035e-01,1.404117099854306494e-01,2.995017319852906201e+00,1.000000000000000000e+00,1.000000000000000000e+00,1.404113451209011987e-01
1.390999999999999943e+02,1.425319366817376088e-01,1.386324003671966509e-01,2.993525577211436861e+00,1.000000000000000000e+00,1.000000000000000000e+00,1.386320403360080944e-01
1.391999999999999886e+02,1.424976752039373296e-01,1.368539515879960700e-01,2.992029759746330786e+00,1.000000000000000000e+00,1.000000000000000000e+00,1.368535963797342658e-01
1.393000000000000398e+02,1.424638640589039884e-01,1.350763521960348934e-01,2.990529874120858800e+00,1.000000000000000000e+00,1.000000000000000000e+00,1.350760018004308338e-01
1.394000000000000341e+02,1.424305027202383001e-01,1.332995907606915609e-01,2.989025927094955293e+00,1.000000000000000000e+00,1.000000000000000000e+00,1.332992451677313672e-01
1.395000000000000284e+02,1.423975906688365323e-01,1.315236558725167704e-01,2.987517925525013940e+00,1.000000000000000000e+00,1.000000000000000000e+00,1.315233150722464606e-01
1.396000000000000227e+02,1.423651273928708549e-01,1.297485361425580741e-01,2.986005876363692302e+00,1.000000000000000000e+00,1.000000000000000000e+00,1.297482001252666661e-01
1.397000000000000171e+02,1.423331123877695781e-01,1.279742202024063968e-01,2.984489786659724864e+00,1.000000000000000000e+00,1.000000000000000000e+00,1.279738889584628170e-01
1.398000000000000114e+02,1.423015451561979172e-01,1.262006967037348770e-01,2.982969663557730300e+00,1.000000000000000000e+00,1.000000000000000000e+00,1.262003702235881542e-01
1.399000000000000057e+02,1.422704252080388976e-01,1.244279543178892500e-01,2.981445514298034727e+00,1.000000000000000000e+00,1.000000000000000000e+00,1.244276325921813975e-01
1.400000000000000000e+02,1.422397520603747578e-01,1.226559817357531501e-01,2.979917346216493179e+00,1.000000000000000000e+00,1.000000000000000000e+00,1.226556647552711765e-01
1.401000000000000512e+02,1.422095252374683538e-01,1.208847676673297372e-01,2.978385166744317303e+00,1.000000000000000000e+00,1.000000000000000000e+00,1.208844554230806417e-01
1.402000000000000455e+02,1.421797442707452008e-01,1.191143008415983806e-01,2.976848983407909266e+00,1.000000000000000000e+00,1.000000000000000000e+00,1.191139933247372940e-01
1.403000000000000398e+02,1.421504086987753768e-01,1.173445700064236069e-01,2.975308803828696558e+00,1.000000000000000000e+00,1.000000000000000000e+00,1.173442672079743204e-01
1.404000000000000057e+02,1.421215180672560363e-01,1.155755639275087981e-01,2.973764635722977445e+00,1.000000000000000000e+00,1.000000000000000000e+00,1.155752658388433662e-01
1.405000000000000000e+02,1.420930719289942579e-01,1.138072713886879722e-01,2.972216486901762433e+00,1.000000000000000000e+00,1.000000000000000000e+00,1.138069780014227955e-01
1.405999999999999943e+02,1.420650698438898352e-01,1.120396811918225599e-01,2.970664365270630380e+00,1.000000000000000000e+00,1.000000000000000000e+00,1.120393924975277011e-01
1.406999999999999886e+02,1.420375113789185961e-01,1.102727821559667809e-01,2.969108278829580172e+00,1.000000000000000000e+00,1.000000000000000000e+00,1.102724981464210663e-01
1.407999999999999829e+02,1.420103961081160271e-01,1.085065631174803175e-01,2.967548235672893053e+00,1.000000000000000000e+00,1.000000000000000000e+00,1.085062837845264944e-01
1.409000000000000341e+02,1.419837236125609525e-01,1.067410129294096982e-01,2.965984243988992741e+00,1.000000000000000000e+00,1.000000000000000000e+00,1.067407382651395648e-01
1.410000000000000284e+02,1.419574934803598809e-01,1.049761204614256399e-01,2.964416312060323300e+00,1.000000000000000000e+00,1.000000000000000000e+00,1.049758504581463081e-01
1.411000000000000227e+02,1.419317053066311285e-01,1.032118745998691911e-01,2.962844448263209252e+00,1.000000000000000000e+00,1.000000000000000000e+00,1.032116092497317172e-01
1.412000000000000171e+02,1.419063586934895538e-01,1.014482642466179307e-01,2.961268661067744556e+00,1.000000000000000000e+00,1.000000000000000000e+00,1.014480035420994158e-01
1.413000000000000114e+02,1.418814532500316528e-01,9.968527831940465767e-02,2.959688959037666045e+00,1.000000000000000000e+00,1.000000000000000000e+00,9.968502225318784382e-02
1.414000000000000057e+02,1.418569885923205431e-01,9.792290575168523248e-02,2.958105350830243729e+00,1.000000000000000000e+00,1.000000000000000000e+00,9.792265431638653983e-02
1.415000000000000000e+02,1.418329643433715315e-01,9.616113549171799446e-02,2.956517845196171557e+00,1.000000000000000000e+00,1.000000000000000000e+00,9.616088868025562952e-02
1.415999999999999943e+02,1.418093801331379578e-01,9.439995650281687856e-02,2.954926450979455943e+00,1.000000000000000000e+00,1.000000000000000000e+00,9.439971430824370402e-02
1.416999999999999886e+02,1.417862355984970402e-01,9.263935776309706327e-02,2.953331177117321626e+00,1.000000000000000000e+00,1.000000000000000000e+00,9.263912017840802982e-02
1.418000000000000398e+02,1.417635303832362470e-01,9.087932826460058677e-02,2.951732032640108638e+00,1.000000000000000000e+00,1.000000000000000000e+00,9.087909528313455054e-02
1.419000000000000341e+02,1.417412641380399740e-01,8.911985701365207624e-02,2.950129026671183929e+00,1.000000000000000000e+00,1.000000000000000000e+00,8.911962862886207981e-02
1.420000000000000284e+02,1.417194365204761386e-01,8.736093303048317327e-02,2.948522168426846335e+00,1.000000000000000000e+00,1.000000000000000000e+00,8.736070923579984659e-02
1.421000000000000227e+02,1.416980471949834397e-01,8.560254534846063745e-02,2.946911467216245306e+00,1.000000000000000000e+00,1.000000000000000000e+00,8.560232613765286769e-02
1.422000000000000171e+02,1.416770958328587293e-01,8.384468301460197559e-02,2.945296932441300530e+00,1.000000000000000000e+00,1.000000000000000000e+00,8.384446838134536339e-02
1.423000000000000114e+02,1.416565821122444113e-01,8.208733508851763505e-02,2.943678573596620218e+00,1.000000000000000000e+00,1.000000000000000000e+00,8.208712502674452016e-02
1.424000000000000057e+02,1.416365057181167286e-01,8.033049064252785476e-02,2.942056400269432714e+00,1.000000000000000000e+00,1.000000000000000000e+00,8.033028514638551609e-02
1.425000000000000000e+02,1.416168663422734952e-01,7.857413876155339150e-02,2.940430422139514555e+00,1.000000000000000000e+00,1.000000000000000000e+00,7.857393782519692116e-02
1.426000000000000227e+02,1.415976636833228275e-01,7.681826854244151737e-02,2.938800648979125185e+00,1.000000000000000000e+00,1.000000000000000000e+00,7.681807216022594476e-02
1.427000000000000171e+02,1.415788974466715977e-01,7.506286909401953256e-02,2.937167090652948342e+00,1.000000000000000000e+00,1.000000000000000000e+00,7.506267726036919274e-02
1.428000000000000114e+02,1.415605673445145263e-01,7.330792953664026779e-02,2.935529757118030325e+00,1.000000000000000000e+00,1.000000000000000000e+00,7.330774224609427903e-02
1.429000000000000057e+02,1.415426730958232460e-01,7.155343900194975626e-02,2.933888658423728035e+00,1.000000000000000000e+00,1.000000000000000000e+00,7.155325624917152627e-02
1.430000000000000000e+02,1.415252144263358935e-01,6.979938663237156282e-02,2.932243804711659685e+00,1.000000000000000000e+00,1.000000000000000000e+00,6.979920841240223883e-02
1.430999999999999943e+02,1.415081910685468125e-01,6.804576158159988952e-02,2.930595206215658610e+00,1.000000000000000000e+00,1.000000000000000000e+00,6.804558788934707281e-02
1.431999999999999886e+02,1.414916027616962835e-01,6.629255301363008723e-02,2.928942873261729307e+00,1.000000000000000000e+00,1.000000000000000000e+00,6.629238384405657103e-02
1.432999999999999829e+02,1.414754492517610873e-01,6.453975010240416144e-02,2.927286816268010128e+00,1.000000000000000000e+00,1.000000000000000000e+00,6.453958545080057396e-02
1.434000000000000341e+02,1.414597302914447907e-01,6.278734203201663533e-02,2.925627045744738197e+00,1.000000000000000000e+00,1.000000000000000000e+00,6.278718189379947634e-02
1.435000000000000284e+02,1.414444456401685868e-01,6.507929440796134113e-02,2.923963572294218327e+00,1.000000000000000000e+00,1.000000000000000000e+00,6.103516236695802344e-02
1.436000000000000227e+02,1.414275984143731624e-01,6.814675768665379163e-02,2.922296221780581682e+00,1.000000000000000000e+00,1.000000000000000000e+00,6.892206331376674044e-02
1.437000000000000171e+02,1.414108032589626585e-01,6.716882388009685900e-02,2.920625187448294025e+00,1.000000000000000000e+00,1.000000000000000000e+00,6.716865245044005561e-02
1.438000000000000114e+02,1.413944427529280623e-01,6.541581955824558869e-02,2.918950518394902716e+00,1.000000000000000000e+00,1.000000000000000000e+00,6.541565264901072485e-02
1.439000000000000057e+02,1.413785166457696141e-01,6.366321548233247474e-02,2.917272225481927439e+00,1.000000000000000000e+00,1.000000000000000000e+00,6.366305308875978841e-02
1.440000000000000000e+02,1.413630246937052637e-01,6.191100084132877129e-02,2.915590319663376562e+00,1.000000000000000000e+00,1.000000000000000000e+00,6.191084295878415689e-02
1.440999999999999943e+02,1.413479666596620110e-01,6.015916483356160971e-02,2.913904811985729815e+00,1.000000000000000000e+00,1.000000000000000000e+00,6.015901145772895725e-02
1.442000000000000455e+02,1.413333423132666633e-01,5.840769666708311991e-02,2.912215713587915644e+00,1.000000000000000000e+00,1.000000000000000000e+00,5.840754779351836623e-02
1.443000000000000398e+02,1.413191514308373697e-01,5.665658555851865036e-02,2.910523035701296557e+00,1.000000000000000000e+00,1.000000000000000000e+00,5.665644118309199478e-02
1.444000000000000341e+02,1.413053937953753225e-01,5.490582073348809766e-02,2.908826789649658906e+00,1.000000000000000000e+00,1.000000000000000000e+00,5.490568085213247407e-02
1.445000000000000284e+02,1.412920691965564579e-01,5.315539142601293648e-02,2.907126986849201344e+00,1.000000000000000000e+00,1.000000000000000000e+00,5.315525603480288075e-02
1.446000000000000227e+02,1.412791774307238235e-01,5.140528687837124522e-02,2.905423638808533493e+00,1.000000000000000000e+00,1.000000000000000000e+00,5.140515597347914550e-02
1.447000000000000171e+02,1.412667183008797234e-01,4.965549634078250674e-02,2.903716757128671055e+00,1.000000000000000000e+00,1.000000000000000000e+00,4.965536991848518850e-02
1.448000000000000114e+02,1.412546916166786126e-01,4.790600907097776473e-02,2.902006353503041147e+00,1.000000000000000000e+00,1.000000000000000000e+00,4.790588712782739567e-02
1.449000000000000057e+02,1.412430971944198255e-01,4.615681433450019577e-02,2.900292439717487181e+00,1.000000000000000000e+00,1.000000000000000000e+00,4.615669686693000401e-02
1.450000000000000284e+02,1.412319348570406918e-01,4.440790140359671123e-02,2.898575027650276859e+00,1.000000000000000000e+00,1.000000000000000000e+00,4.440778840836962643e-02
1.451000000000000227e+02,1.412212044341101813e-01,4.265925955757146615e-02,2.896854129272117717e+00,1.000000000000000000e+00,1.000000000000000000e+00,4.265915103161473793e-02
1.452000000000000171e+02,1.412109057618222141e-01,4.091087808263171172e-02,2.895129756646170005e+00,1.000000000000000000e+00,1.000000000000000000e+00,4.091077402275705710e-02
1.453000000000000114e+02,1.412010386829897490e-01,3.916274627094355754e-02,2.893401921928066667e+00,1.000000000000000000e+00,1.000000000000000000e+00,3.916264667425153195e-02
1.454000000000000057e+02,1.411916030470389272e-01,3.741485342098157391e-02,2.891670637365937768e+00,1.000000000000000000e+00,1.000000000000000000e+00,3.741475828465232883e-02
1.455000000000000000e+02,1.411825987100033541e-01,3.566718883691985531e-02,2.889935915300437141e+00,1.000000000000000000e+00,1.000000000000000000e+00,3.566709815835069491e-02
1.455999999999999943e+02,1.411740255345189099e-01,3.391974182864124221e-02,2.888197768164769474e+00,1.000000000000000000e+00,1.000000000000000000e+00,3.391965560531167573e-02
1.456999999999999886e+02,1.411658833898183918e-01,3.217250171146388005e-02,2.886456208484725838e+00,1.000000000000000000e+00,1.000000000000000000e+00,3.217241994081312950e-02
1.458000000000000398e+02,1.411581721517268240e-01,3.042545780530325414e-02,2.884711248878718770e+00,1.000000000000000000e+00,1.000000000000000000e+00,3.042538048518223306e-02
1.459000000000000341e+02,1.411508917026568777e-01,2.867859943529768238e-02,2.882962902057823129e+00,1.000000000000000000e+00,1.000000000000000000e+00,2.867852656353771582e-02
1.460000000000000284e+02,1.411440419316042361e-01,2.693191593108103590e-02,2.881211180825818285e+00,1.000000000000000000e+00,1.000000000000000000e+00,2.693184750552364212e-02
1.461000000000000227e+02,1.411376227341437362e-01,2.518539662622327341e-02,2.879456098079232973e+00,1.000000000000000000e+00,1.000000000000000000e+00,2.518533264505128794e-02
1.462000000000000171e+02,1.411316340124253721e-01,2.343903085868421360e-02,2.877697666807398136e+00,1.000000000000000000e+00,1.000000000000000000e+00,2.343897132003773878e-02
1.463000000000000114e+02,1.411260756751705758e-01,2.169280796991437943e-02,2.875935900092496667e+00,1.000000000000000000e+00,1.000000000000000000e+00,2.169275287214520245e-02
1.464000000000000057e+02,1.411209476376690253e-01,1.994671730496907699e-02,2.874170811109622914e+00,1.000000000000000000e+00,1.000000000000000000e+00,1.994666664652068599e-02
1.465000000000000000e+02,1.411162498217752304e-01,1.820074821217110284e-02,2.872402413126837306e+00,1.000000000000000000e+00,1.000000000000000000e+00,1.820070199153560331e-02
1.465999999999999943e+02,1.411119821559058685e-01,1.645489004243459383e-02,2.870630719505235184e+00,1.000000000000000000e+00,1.000000000000000000e+00,1.645484825852602112e-02
1.467000000000000455e+02,1.411081445750370644e-01,1.470913214994059963e-02,2.868855743699004091e+00,1.000000000000000000e+00,1.000000000000000000e+00,1.470909480153113902e-02
1.468000000000000398e+02,1.411047370207017537e-01,1.296346389112174903e-02,2.867077499255505035e+00,1.000000000000000000e+00,1.000000000000000000e+00,1.296343097703773171e-02
1.469000000000000341e+02,1.411017594409878229e-01,1.121787462437876318e-02,2.865295999815331562e+00,1.000000000000000000e+00,1.000000000000000000e+00,1.121784614371483871e-02
1.470000000000000284e+02,1.410992117905359722e-01,9.472353710134705576e-03,2.863511259112392793e+00,1.000000000000000000e+00,1.000000000000000000e+00,9.472329662158218699e-03
1.471000000000000227e+02,1.410970940305381893e-01,7.726890510550688679e-03,2.861723290973991141e+00,1.000000000000000000e+00,1.000000000000000000e+00,7.726870894628922425e-03
1.472000000000000171e+02,1.410954061287361117e-01,5.981474389241275141e-03,2.859932109320902693e+00,1.000000000000000000e+00,1.000000000000000000e+00,5.981459204795509278e-03
1.473000000000000114e+02,1.410941480594199993e-01,4.236094710933160576e-03,2.858137728167463365e+00,1.000000000000000000e+00,1.000000000000000000e+00,4.236083957473344395e-03
1.473999999999999773e+02,1.410933198034276248e-01,2.490740841123655503e-03,2.856340161621655493e+00,1.000000000000000000e+00,1.000000000000000000e+00,2.490734518365857273e-03
1.475000000000000284e+02,1.410929213481437738e-01,7.454021459643739864e-04,2.854539423885197102e+00,1.000000000000000000e+00,1.000000000000000000e+00,7.454002538049353055e-04
1.476000000000000227e+02,1.410929526874995510e-01,9.999320077988364808e-04,2.852735529253644930e+00,1.000000000000000000e+00,1.000000000000000000e+00,9.999294695053769465e-04
1.477000000000000171e+02,1.410934138219722689e-01,2.745272253618675964e-03,2.850928492116481916e+00,1.000000000000000000e+00,1.000000000000000000e+00,2.745265284752741990e-03
1.478000000000000114e+02,1.410943047585855037e-01,4.490629224924790053e-03,2.849118326957219782e+00,1.000000000000000000e+00,1.000000000000000000e+00,4.490617825272684091e-03
1.479000000000000057e+02,1.410956255109092339e-01,6.236013555522053158e-03,2.847305048353507839e+00,1.000000000000000000e+00,1.000000000000000000e+00,6.235997724808262088e-03
1.480000000000000000e+02,1.410973760990604509e-01,7.981435879988760945e-03,2.845488670977233348e+00,1.000000000000000000e+00,1.000000000000000000e+00,7.981415617769256274e-03
1.480999999999999943e+02,1.410995565497038529e-01,9.726906833792910156e-03,2.843669209594634761e+00,1.000000000000000000e+00,1.000000000000000000e+00,9.726882139491049850e-03
1.481999999999999886e+02,1.411021668960528719e-01,1.147243705363368456e-02,2.841846679066413639e+00,1.000000000000000000e+00,1.000000000000000000e+00,1.147240792649475288e-02
1.483000000000000398e+02,1.411052071778708950e-01,1.321803717744460607e-02,2.840021094347850550e+00,1.000000000000000000e+00,1.000000000000000000e+00,1.321800361674646887e-02
1.484000000000000341e+02,1.411086774414726519e-01,1.496371784512892655e-02,2.838192470488924979e+00,1.000000000000000000e+00,1.000000000000000000e+00,1.496367984991380656e-02
1.485000000000000284e+02,1.411125777397261583e-01,1.670948969850572646e-02,2.836360822634434342e+00,1.000000000000000000e+00,1.000000000000000000e+00,1.670944726762981294e-02
1.486000000000000227e+02,1.411169081320544361e-01,1.845536338142471366e-02,2.834526166024120553e+00,1.000000000000000000e+00,1.000000000000000000e+00,1.845531651375017027e-02
1.487000000000000171e+02,1.411216686844378732e-01,2.020134954038762393e-02,2.832688515992800138e+00,1.000000000000000000e+00,1.000000000000000000e+00,2.020129823461252680e-02
1.488000000000000114e+02,1.411268594694166101e-01,2.194745882460565414e-02,2.830847887970491250e+00,1.000000000000000000e+00,1.000000000000000000e+00,2.194740307929733680e-02
1.489000000000000057e+02,1.411324805660932880e-01,2.369370188633801791e-02,2.829004297482551333e+00,1.000000000000000000e+00,1.000000000000000000e+00,2.369364169988713575e-02
1.490000000000000000e+02,1.411385320601359628e-01,2.544008938094817138e-02,2.827157760149810350e+00,1.000000000000000000e+00,1.000000000000000000e+00,2.544002475172682520e-02
1.491000000000000512e+02,1.411450140437812417e-01,2.718663196746645000e-02,2.825308291688713336e+00,1.000000000000000000e+00,1.000000000000000000e+00,2.718656289368502274e-02
1.492000000000000455e+02,1.411519266158378361e-01,2.893334030887012923e-02,2.823455907911466500e+00,1.000000000000000000e+00,1.000000000000000000e+00,2.893326678841090516e-02
1.493000000000000398e+02,1.411592698816901970e-01,3.068022507168678692e-02,2.821600624726174011e+00,1.000000000000000000e+00,1.000000000000000000e+00,3.068014710259986400e-02
1.494000000000000057e+02,1.411670439533022348e-01,3.242729692700520305e-02,2.819742458136995644e+00,1.000000000000000000e+00,1.000000000000000000e+00,3.242721450725124382e-02
1.495000000000000000e+02,1.411752489492218154e-01,3.417456655080912398e-02,2.817881424244295108e+00,1.000000000000000000e+00,1.000000000000000000e+00,3.417447967792999752e-02
1.495999999999999943e+02,1.411838849945850072e-01,3.592204462346530042e-02,2.816017539244792367e+00,1.000000000000000000e+00,1.000000000000000000e+00,3.592195329502842482e-02
1.496999999999999886e+02,1.411929522211206878e-01,3.392804706305647261e-02,2.814150819431729289e+00,1.000000000000000000e+00,1.000000000000000000e+00,3.766964604402697758e-02
1.497999999999999829e+02,1.412006066490197331e-01,3.119100441292418924e-02,2.812281927661397063e+00,1.000000000000000000e+00,1.000000000000000000e+00,3.044783683231996191e-02
1.499000000000000341e+02,1.412083257400169323e-01,3.219496057017930124e-02,2.810410389658156483e+00,1.000000000000000000e+00,1.000000000000000000e+00,3.219487874240455766e-02
1.500000000000000284e+02,1.412164758684212873e-01,3.394220327921357305e-02,2.808536095978696689e+00,1.000000000000000000e+00,1.000000000000000000e+00,3.394211699860916892e-02
1.501000000000000227e+02,1.412250571585298986e-01,3.568965301660946554e-02,2.806659063214506311e+00,1.000000000000000000e+00,1.000000000000000000e+00,3.568956228066965525e-02
1.502000000000000171e+02,1.412340697412338142e-01,3.743732046694440985e-02,2.804779308054312192e+00,1.000000000000000000e+00,1.000000000000000000e+00,3.743722527337511180e-02
1.503000000000000114e+02,1.412435137540232755e-01,3.918521632083477729e-02,2.802896847284242376e+00,1.000000000000000000e+00,1.000000000000000000e+00,3.918511666683016648e-02
1.504000000000000057e+02,1.412533893409928243e-01,4.093335127397042250e-02,2.801011697787990418e+00,1.000000000000000000e+00,1.000000000000000000e+00,4.093324715671714520e-02
1.505000000000000000e+02,1.412636966528464377e-01,4.268173602794979316e-02,2.799123876546985468e+00,1.000000000000000000e+00,1.000000000000000000e+00,4.268162744455861191e-02
1.505999999999999943e+02,1.412744358469034123e-01,4.443038129066314429e-02,2.797233400640567247e+00,1.000000000000000000e+00,1.000000000000000000e+00,4.443026823797958241e-02
1.506999999999999886e+02,1.412856070871040537e-01,4.617929777605554731e-02,2.795340287246157018e+00,1.000000000000000000e+00,1.000000000000000000e+00,4.617918025097123014e-02
1.508000000000000398e+02,1.412972105440158110e-01,4.792849620495776702e-02,2.793444553639437000e+00,1.000000000000000000e+00,1.000000000000000000e+00,4.792837420415427957e-02
1.509000000000000341e+02,1.413092463948397437e-01,4.967798730495898846e-02,2.791546217194533774e+00,1.000000000000000000e+00,1.000000000000000000e+00,4.967786082503982542e-02
1.510000000000000284e+02,1.413217148234169607e-01,5.142778181084097650e-02,2.789645295384196810e+00,1.000000000000000000e+00,1.000000000000000000e+00,5.142765084829838129e-02
1.511000000000000227e+02,1.413346160202356705e-01,5.317789046489788951e-02,2.787741805779989424e+00,1.000000000000000000e+00,1.000000000000000000e+00,5.317775501602056004e-02
1.512000000000000171e+02,1.413479501824381479e-01,5.492832401708594436e-02,2.785835766052474849e+00,1.000000000000000000e+00,1.000000000000000000e+00,5.492818407798291669e-02
1.513000000000000114e+02,1.413617175138282278e-01,5.667909322517138138e-02,2.783927193971411640e+00,1.000000000000000000e+00,1.000000000000000000e+00,5.667894879191319457e-02
1.514000000000000057e+02,1.413759182248787161e-01,5.843020885515803203e-02,2.782016107405945515e+00,1.000000000000000000e+00,1.000000000000000000e+00,5.843005992375591151e-02
1.515000000000000000e+02,1.413905525327394663e-01,6.018168168165683590e-02,2.780102524324808311e+00,1.000000000000000000e+00,1.000000000000000000e+00,6.018152824793816108e-02
1.516000000000000227e+02,1.414056206612453459e-01,6.193352248808474403e-02,2.778186462796520040e+00,1.000000000000000000e+00,1.000000000000000000e+00,6.193336454763720411e-02
1.517000000000000171e+02,1.414211228409247845e-01,6.368574206663685233e-02,2.776267940989592731e+00,1.000000000000000000e+00,1.000000000000000000e+00,6.368557961504377196e-02
1.518000000000000114e+02,1.414370593090081007e-01,6.543835121893161466e-02,2.774346977172731599e+00,1.000000000000000000e+00,1.000000000000000000e+00,6.543818425163475117e-02
1.519000000000000057e+02,1.414534303094367451e-01,6.719136075626003235e-02,2.772423589715049541e+00,1.000000000000000000e+00,1.000000000000000000e+00,6.719118926843746509e-02
1.520000000000000000e+02,1.414702360928721259e-01,6.894478149932721511e-02,2.770497797086278080e+00,1.000000000000000000e+00,1.000000000000000000e+00,6.894460548629907648e-02
1.520999999999999943e+02,1.414874769167051016e-01,7.069862427934085758e-02,2.768569617856980081e+00,1.000000000000000000e+00,1.000000000000000000e+00,7.069844373615538635e-02
1.521999999999999886e+02,1.415051530450657236e-01,7.245289993786079019e-02,2.766639070698769132e+00,1.000000000000000000e+00,1.000000000000000000e+00,7.245271485930022959e-02
1.522999999999999829e+02,1.415232647488330331e-01,7.420761932681503581e-02,2.764706174384528925e+00,1.000000000000000000e+00,1.000000000000000000e+00,7.420742970765538404e-02
1.524000000000000341e+02,1.415418123056451927e-01,7.596279330907579341e-02,2.762770947788637521e+00,1.000000000000000000e+00,1.000000000000000000e+00,7.596259914404231151e-02
1.525000000000000284e+02,1.415607959999099497e-01,7.771843275880796487e-02,2.760833409887192058e+00,1.000000000000000000e+00,1.000000000000000000e+00,7.771823404244905531e-02
1.526000000000000227e+02,1.415802161228153222e-01,7.947454856170291237e-02,2.758893579758237902e+00,1.000000000000000000e+00,1.000000000000000000e+00,7.947434528830786549e-02
1.527000000000000171e+02,1.416000729723405627e-01,8.123115161498524472e-02,2.756951476582000016e+00,1.000000000000000000e+00,1.000000000000000000e+00,8.123094377876374783e-02
1.528000000000000114e+02,1.416203668532672322e-01,8.298825282769799194e-02,2.755007119641116997e+00,1.000000000000000000e+00,1.000000000000000000e+00,8.298804042294770367e-02
1.529000000000000057e+02,1.416410980771906913e-01,8.474586312160273249e-02,2.753060528320879996e+00,1.000000000000000000e+00,1.000000000000000000e+00,8.474564614225117698e-02
1.530000000000000000e+02,1.416622669625320075e-01,8.650399343078536696e-02,2.751111722109469415e+00,1.000000000000000000e+00,1.000000000000000000e+00,8.650377187059940520e-02
1.530999999999999943e+02,1.416838738345496396e-01,8.826265470193357665e-02,2.749160720598200047e+00,1.000000000000000000e+00,1.000000000000000000e+00,8.826242855472650473e-02
1.532000000000000455e+02,1.417059190253518730e-01,9.002185789511620018e-02,2.747207543481764880e+00,1.000000000000000000e+00,1.000000000000000000e+00,9.002162715445208296e-02
1.533000000000000398e+02,1.417284028739092816e-01,9.178161398360572265e-02,2.745252210558486450e+00,1.000000000000000000e+00,1.000000000000000000e+00,9.178137864295358994e-02
1.534000000000000341e+02,1.417513257260674675e-01,9.354193395431523173e-02,2.743294741730561093e+00,1.000000000000000000e+00,1.000000000000000000e+00,9.354169400704837045e-02
1.535000000000000284e+02,1.417746879345601341e-01,9.530282880823243152e-02,2.741335157004321843e+00,1.000000000000000000e+00,1.000000000000000000e+00,9.530258424746820833e-02
1.536000000000000227e+02,1.417984898590224363e-01,9.706430956034553525e-02,2.739373476490485348e+00,1.000000000000000000e+00,1.000000000000000000e+00,9.706406037913800633e-02
1.537000000000000171e+02,1.418227318660044145e-01,9.882638724007139497e-02,2.737409720404418323e+00,1.000000000000000000e+00,1.000000000000000000e+00,9.882613343145522922e-02
1.538000000000000114e+02,1.418474143289849554e-01,1.005890728919041216e-01,2.735443909066396451e+00,1.000000000000000000e+00,1.000000000000000000e+00,1.005888144485695967e-01
1.539000000000000057e+02,1.418725376283859474e-01,1.023523775750516257e-01,2.733476062901869952e+00,1.000000000000000000e+00,1.000000000000000000e+00,1.023521144896636370e-01
1.540000000000000284e+02,1.418981021515864638e-01,1.041163123641341559e-01,2.731506202441726927e+00,1.000000000000000000e+00,1.000000000000000000e+00,1.041160446292351688e-01
1.541000000000000227e+02,1.419241082929376674e-01,1.058808883493746883e-01,2.729534348322574466e+00,1.000000000000000000e+00,1.000000000000000000e+00,1.058806159573758565e-01
1.542000000000000171e+02,1.419505564537774933e-01,1.076461166368982147e-01,2.727560521286997997e+00,1.000000000000000000e+00,1.000000000000000000e+00,1.076458395800593271e-01
1.543000000000000114e+02,1.419774470424461088e-01,1.094120083490274370e-01,2.725584742183846831e+00,1.000000000000000000e+00,1.000000000000000000e+00,1.094117266194221533e-01
1.544000000000000057e+02,1.420047804743011510e-01,1.111785746244069867e-01,2.723607031968507730e+00,1.000000000000000000e+00,1.000000000000000000e+00,1.111782882140488898e-01
1.545000000000000000e+02,1.420325571717336588e-01,1.129458266185720955e-01,2.721627411703189114e+00,1.000000000000000000e+00,1.000000000000000000e+00,1.129455355192578447e-01
1.545999999999999943e+02,1.420607775641840043e-01,1.147137755039534524e-01,2.719645902557203065e+00,1.000000000000000000e+00,1.000000000000000000e+00,1.147134797073877110e-01
1.546999999999999886e+02,1.420894420881582410e-01,1.164824324703265107e-01,2.717662525807250873e+00,1.000000000000000000e+00,1.000000000000000000e+00,1.164821319680846706e-01
1.548000000000000398e+02,1.421185511872446738e-01,1.182518087251447636e-01,2.715677302837717466e+00,1.000000000000000000e+00,1.000000000000000000e+00,1.182515035085922039e-01
1.549000000000000341e+02,1.421481053121307903e-01,1.200219154935334570e-01,2.713690255140959184e+00,1.000000000000000000e+00,1.000000000000000000e+00,1.200216055540360149e-01
1.550000000000000284e+02,1.421781049206202463e-01,1.217927640190070576e-01,2.711701404317599096e+00,1.000000000000000000e+00,1.000000000000000000e+00,1.217924493477201831e-01
1.551000000000000227e+02,1.422085504776505749e-01,1.235643655635665639e-01,2.709710772076826313e+00,1.000000000000000000e+00,1.000000000000000000e+00,1.235640461514144611e-01
1.552000000000000171e+02,1.422394424553106440e-01,1.253367314077377115e-01,2.707718380236694422e+00,1.000000000000000000e+00,1.000000000000000000e+00,1.253364072456474299e-01
1.553000000000000114e+02,1.422707813328588089e-01,1.271098728513314069e-01,2.705724250724428792e+00,1.000000000000000000e+00,1.000000000000000000e+00,1.271095439299997354e-01
1.554000000000000057e+02,1.423025675967411752e-01,1.288838012134174704e-01,2.703728405576725446e+00,1.000000000000000000e+00,1.000000000000000000e+00,1.288834675233981042e-01
1.555000000000000000e+02,1.423348017406101673e-01,1.306585278326852784e-01,2.701730866940066367e+00,1.000000000000000000e+00,1.000000000000000000e+00,1.306581893644106207e-01
1.555999999999999943e+02,1.423674842653434025e-01,1.324340640678001446e-01,2.699731657071027691e+00,1.000000000000000000e+00,1.000000000000000000e+00,1.324337208115431985e-01
1.557000000000000455e+02,1.424006156790628697e-01,1.342104212975874789e-01,2.697730798336593239e+00,1.000000000000000000e+00,1.000000000000000000e+00,1.342100732435373978e-01
1.558000000000000398e+02,1.424341964971543306e-01,1.359876109213803974e-01,2.695728313214475147e+00,1.000000000000000000e+00,1.000000000000000000e+00,1.359872580596655223e-01
1.559000000000000341e+02,1.424682272422871099e-01,1.377656443596972369e-01,2.693724224293426062e+00,1.000000000000000000e+00,1.000000000000000000e+00,1.377652866800354592e-01
1.560000000000000284e+02,1.425027084444342729e-01,1.365057266489177190e-01,2.691718554273570874e+00,1.000000000000000000e+00,1.000000000000000000e+00,1.395441705458878856e-01
1.561000000000000227e+02,1.425361290526157565e-01,1.341201075828839240e-01,2.689712436604265733e+00,1.000000000000000000e+00,1.000000000000000000e+00,1.329942686509788530e-01
1.562000000000000171e+02,1.425694392267901345e-01,1.347712321310605976e-01,2.687705215848595675e+00,1.000000000000000000e+00,1.000000000000000000e+00,1.347708825607720207e-01
1.563000000000000114e+02,1.426031994691529525e-01,1.365486868379574836e-01,2.685696506536140671e+00,1.000000000000000000e+00,1.000000000000000000e+00,1.365483324567515755e-01
1.563999999999999773e+02,1.426374103052600872e-01,1.383269889681315590e-01,2.683686331716798268e+00,1.000000000000000000e+00,1.000000000000000000e+00,1.383266297656620958e-01
1.565000000000000284e+02,1.426720722679853115e-01,1.401061499693586343e-01,2.681674714552733541e+00,1.000000000000000000e+00,1.000000000000000000e+00,1.401057859354775947e-01
1.566000000000000227e+02,1.427071858975410279e-01,1.418861813115649129e-01,2.679661678318708162e+00,1.000000000000000000e+00,1.000000000000000000e+00,1.418858124357002259e-01
1.567000000000000171e+02,1.427427517414990576e-01,1.436670944861491439e-01,2.677647246402401038e+00,1.000000000000000000e+00,1.000000000000000000e+00,1.436667207576688143e-01
1.568000000000000114e+02,1.427787703548114850e-01,1.454489010065826149e-01,2.675631442304740482e+00,1.000000000000000000e+00,1.000000000000000000e+00,1.454485224148600875e-01
1.569000000000000057e+02,1.428152422998321958e-01,1.472316124091701539e-01,2.673614289640235508e+00,1.000000000000000000e+00,1.000000000000000000e+00,1.472312289431945975e-01
1.570000000000000000e+02,1.428521681463385540e-01,1.490152402527483155e-01,2.671595812137311565e+00,1.000000000000000000e+00,1.000000000000000000e+00,1.490148519013443085e-01
1.570999999999999943e+02,1.428895484715532460e-01,1.507997961189356528e-01,2.669576033638645374e+00,1.000000000000000000e+00,1.000000000000000000e+00,1.507994028710400447e-01
1.571999999999999886e+02,1.429273838601665403e-01,1.525852916131568704e-01,2.667554978101505991e+00,1.000000000000000000e+00,1.000000000000000000e+00,1.525848934573813542e-01
1.573000000000000398e+02,1.429656749043591024e-01,1.543717383643811725e-01,2.665532669598096760e+00,1.000000000000000000e+00,1.000000000000000000e+00,1.543713352891478430e-01
1.574000000000000341e+02,1.430044222038245882e-01,1.561591480254123088e-01,2.663509132315901251e+00,1.000000000000000000e+00,1.000000000000000000e+00,1.561587400191071506e-01
1.575000000000000284e+02,1.430436263657930696e-01,1.579475322735069687e-01,2.661484390558027435e+00,1.000000000000000000e+00,1.000000000000000000e+00,1.579471193243340288e-01
1.576000000000000227e+02,1.430832880050544043e-01,1.597369028104866362e-01,2.659458468743561621e+00,1.000000000000000000e+00,1.000000000000000000e+00,1.597364849065209813e-01
1.577000000000000171e+02,1.431234077439821895e-01,1.615272713632888990e-01,2.657431391407917509e+00,1.000000000000000000e+00,1.000000000000000000e+00,1.615268484922950110e-01
1.578000000000000114e+02,1.431639862125578810e-01,1.633186496837906176e-01,2.655403183203194128e+00,1.000000000000000000e+00,1.000000000000000000e+00,1.633182218335351432e-01
1.579000000000000057e+02,1.432050240483951353e-01,1.651110495495702601e-01,2.653373868898532884e+00,1.000000000000000000e+00,1.000000000000000000e+00,1.651106167076903386e-01
1.580000000000000000e+02,1.432465218967647891e-01,1.669044827643302031e-01,2.651343473380477267e+00,1.000000000000000000e+00,1.000000000000000000e+00,1.669040449181001529e-01
1.581000000000000512e+02,1.432884804106198950e-01,1.686989611575363812e-01,2.649312021653334348e+00,1.000000000000000000e+00,1.000000000000000000e+00,1.686985182943166739e-01
1.582000000000000455e+02,1.433309002506210073e-01,1.704944965854957306e-01,2.647279538839546920e+00,1.000000000000000000e+00,1.000000000000000000e+00,1.704940486924237664e-01
1.583000000000000398e+02,1.433737820851622435e-01,1.722911009313162767e-01,2.645246050180051878e+00,1.000000000000000000e+00,1.000000000000000000e+00,1.722906479953667802e-01
1.584000000000000057e+02,1.434171265903970427e-01,1.740887861053616315e-01,2.643211581034657698e+00,1.000000000000000000e+00,1.000000000000000000e+00,1.740883281132748206e-01
1.585000000000000000e+02,1.434609344502649486e-01,1.758875640454763412e-01,2.641176156882415693e+00,1.000000000000000000e+00,1.000000000000000000e+00,1.758871009837886801e-01
1.585999999999999943e+02,1.435052063565179781e-01,1.776874467170953265e-01,2.639139803321996158e+00,1.000000000000000000e+00,1.000000000000000000e+00,1.776869785723895478e-01
1.586999999999999886e+02,1.435499430087479600e-01,1.794884461140666687e-01,2.637102546072066289e+00,1.000000000000000000e+00,1.000000000000000000e+00,1.794879728727296064e-01
1.587999999999999829e+02,1.435951451144138191e-01,1.812905742589687175e-01,2.635064410971670767e+00,1.000000000000000000e+00,1.000000000000000000e+00,1.812900959069634055e-01
1.589000000000000341e+02,1.436408133888695815e-01,1.830938432027009455e-01,2.633025423980615898e+00,1.000000000000000000e+00,1.000000000000000000e+00,1.830933597260825663e-01
1.590000000000000284e+02,1.436869485553919634e-01,1.848982650254538396e-01,2.630985611179858630e+00,1.000000000000000000e+00,1.000000000000000000e+00,1.848977764102469057e-01
1.591000000000000227e+02,1.437335513452093760e-01,1.867038518374480593e-01,2.628944998771887587e+00,1.000000000000000000e+00,1.000000000000000000e+00,1.867033580691263850e-01
1.592000000000000171e+02,1.437806224975304026e-01,1.885106157781740732e-01,2.626903613081120969e+00,1.000000000000000000e+00,1.000000000000000000e+00,1.885101168422361750e-01
1.593000000000000114e+02,1.438281627595729417e-01,1.903185690173954669e-01,2.624861480554299131e+00,1.000000000000000000e+00,1.000000000000000000e+00,1.903180648992768842e-01
1.594000000000000057e+02,1.438761728865937117e-01,1.921277237556465733e-01,2.622818627760878041e+00,1.000000000000000000e+00,1.000000000000000000e+00,1.921272144404760351e-01
1.595000000000000000e+02,1.439246536419181710e-01,1.939380922241152327e-01,2.620775081393431183e+00,1.000000000000000000e+00,1.000000000000000000e+00,1.939375776969323451e-01
1.595999999999999943e+02,1.439736057969704941e-01,1.957496866854024908e-01,2.618730868268049683e+00,1.000000000000000000e+00,1.000000000000000000e+00,1.957491669309593951e-01
1.597000000000000455e+02,1.440230301313044081e-01,1.975625194334462709e-01,2.616686015324745096e+00,1.000000000000000000e+00,1.000000000000000000e+00,1.975619944364336855e-01
1.598000000000000398e+02,1.440729274326336684e-01,1.993766027941009933e-01,2.614640549627860189e+00,1.000000000000000000e+00,1.000000000000000000e+00,1.993760725391401367e-01
1.599000000000000341e+02,1.441232984968637276e-01,2.011919491257635750e-01,2.612594498366472173e+00,1.000000000000000000e+00,1.000000000000000000e+00,2.011914135971266393e-01
1.600000000000000284e+02,1.441741441281230718e-01,2.030085708191651517e-01,2.610547888854807930e+00,1.000000000000000000e+00,1.000000000000000000e+00,2.030080300010529692e-01
1.601000000000000227e+02,1.442254651387953335e-01,2.048264802982578126e-01,2.608500748532657010e+00,1.000000000000000000e+00,1.000000000000000000e+00,2.048259341745463646e-01
1.602000000000000171e+02,1.442772623495516271e-01,2.066456900199356017e-01,2.606453104965788192e+00,1.000000000000000000e+00,1.000000000000000000e+00,2.066451385745553815e-01
1.603000000000000114e+02,1.443295365893830784e-01,2.084662124751266721e-01,2.604404985846370035e+00,1.000000000000000000e+00,1.000000000000000000e+00,2.084656556917095227e-01
1.604000000000000057e+02,1.443822886956342699e-01,2.102880601887181788e-01,2.602356418993390097e+00,1.000000000000000000e+00,1.000000000000000000e+00,2.102874980506770908e-01
1.605000000000000000e+02,1.444355195140362980e-01,2.121112457199157697e-01,2.600307432353082149e+00,1.000000000000000000e+00,1.000000000000000000e+00,2.121106782105273703e-01
1.606000000000000227e+02,1.444892298987409673e-01,2.139357816626488440e-01,2.598258053999348949e+00,1.000000000000000000e+00,1.000000000000000000e+00,2.139352087650948087e-01
1.607000000000000171e+02,1.445434207123546255e-01,2.157616806460783965e-01,2.596208312134197005e+00,1.000000000000000000e+00,1.000000000000000000e+00,2.157611023433405606e-01
1.608000000000000114e+02,1.445980928259731901e-01,2.175889553349299455e-01,2.594158235088163789e+00,1.000000000000000000e+00,1.000000000000000000e+00,2.175883716097249398e-01
1.609000000000000057e+02,1.446532471192167324e-01,2.194176184296545984e-01,2.592107851320752943e+00,1.000000000000000000e+00,1.000000000000000000e+00,2.194170292645736264e-01
1.610000000000000000e+02,1.447088844802651708e-01,2.212476826670751184e-01,2.590057189420872152e+00,1.000000000000000000e+00,1.000000000000000000e+00,2.212470880444492027e-01
1.610999999999999943e+02,1.447650058058937705e-01,2.230791608203097631e-01,2.588006278107272351e+00,1.000000000000000000e+00,1.000000000000000000e+00,2.230785607225252154e-01
1.611999999999999886e+02,1.448216120015093922e-01,2.249120656999502588e-01,2.585955146228990031e+00,1.000000000000000000e+00,1.000000000000000000e+00,2.249114601089610699e-01
1.612999999999999829e+02,1.448787039811871846e-01,2.267464101536925680e-01,2.583903822765789116e+00,1.000000000000000000e+00,1.000000000000000000e+00,2.267457990512796451e-01
1.614000000000000341e+02,1.449362826677072502e-01,2.285822070668384332e-01,2.581852336828609928e+00,1.000000000000000000e+00,1.000000000000000000e+00,2.285815904347483218e-01
1.615000000000000284e+02,1.449943489925921980e-01,2.304194693629515178e-01,2.579800717660021725e+00,1.000000000000000000e+00,1.000000000000000000e+00,2.304188471827564588e-01
1.616000000000000227e+02,1.450529038961447525e-01,2.322582100042299147e-01,2.577748994634666779e+00,1.000000000000000000e+00,1.000000000000000000e+00,2.322575822572054971e-01
1.617000000000000171e+02,1.451119483274861122e-01,2.340984419917045423e-01,2.575697197259721793e+00,1.000000000000000000e+00,1.000000000000000000e+00,2.340978086588910156e-01
1.618000000000000114e+02,1.451714832445942793e-01,2.359401783655382945e-01,2.573645355175351312e+00,1.000000000000000000e+00,1.000000000000000000e+00,2.359395394278926139e-01
1.619000000000000057e+02,1.452315096143431961e-01,2.377834322057540140e-01,2.571593498155167801e+00,1.000000000000000000e+00,1.000000000000000000e+00,2.377827876439639887e-01
1.620000000000000000e+02,1.452920284125420736e-01,2.396282166322397933e-01,2.569541656106694383e+00,1.000000000000000000e+00,1.000000000000000000e+00,2.396275664269264249e-01
1.620999999999999943e+02,1.453530406239751660e-01,2.414745448056214439e-01,2.567489859071828473e+00,1.000000000000000000e+00,1.000000000000000000e+00,2.414738889370637298e-01
1.622000000000000455e+02,1.454145472424421826e-01,2.428233643101849193e-01,2.565438137227307624e+00,1.000000000000000000e+00,1.000000000000000000e+00,2.433217683755209970e-01
1.623000000000000398e+02,1.454762959488215268e-01,2.406301223948728862e-01,2.563386778501724805e+00,1.000000000000000000e+00,1.000000000000000000e+00,2.370917999800316311e-01
1.624000000000000341e+02,1.455367411603789296e-01,2.389366516882842073e-01,2.561337394373671916e+00,1.000000000000000000e+00,1.000000000000000000e+00,2.389360036003815024e-01
1.625000000000000284e+02,1.455976803227702066e-01,2.407823997547856587e-01,2.559288194829793195e+00,1.000000000000000000e+00,1.000000000000000000e+00,2.407817460109544783e-01
1.626000000000000227e+02,1.456591144282348704e-01,2.426296998169383823e-01,2.557239210446758282e+00,1.000000000000000000e+00,1.000000000000000000e+00,2.426290403975343568e-01
1.627000000000000171e+02,1.457210444780698277e-01,2.444785651019020234e-01,2.555190471936842123e+00,1.000000000000000000e+00,1.000000000000000000e+00,2.444778999870149960e-01
1.628000000000000114e+02,1.457834714826703182e-01,2.463290088783455511e-01,2.553142010148387264e+00,1.000000000000000000e+00,1.000000000000000000e+00,2.463283380478018814e-01
1.629000000000000057e+02,1.458463964615714092e-01,2.481810444568961771e-01,2.551093856066262155e+00,1.000000000000000000e+00,1.000000000000000000e+00,2.481803678902156640e-01
1.630000000000000284e+02,1.459098204434898238e-01,2.500346851901959488e-01,2.549046040812326108e+00,1.000000000000000000e+00,1.000000000000000000e+00,2.500340028668999737e-01
1.631000000000000227e+02,1.459737444663661288e-01,2.518899444738207927e-01,2.546998595645900032e+00,1.000000000000000000e+00,1.000000000000000000e+00,2.518892563732256229e-01
1.632000000000000171e+02,1.460381695774077004e-01,2.537468357465331725e-01,2.544951551964227843e+00,1.000000000000000000e+00,1.000000000000000000e+00,2.537461418477080510e-01
1.633000000000000114e+02,1.461030968331317181e-01,2.556053724907433322e-01,2.542904941302952526e+00,1.000000000000000000e+00,1.000000000000000000e+00,2.556046727724172185e-01
1.634000000000000057e+02,1.461685272994090456e-01,2.574655682325776573e-01,2.540858795336585985e+00,1.000000000000000000e+00,1.000000000000000000e+00,2.574648626733949675e-01
1.635000000000000000e+02,1.462344620515079463e-01,2.593274365425361494e-01,2.538813145878987765e+00,1.000000000000000000e+00,1.000000000000000000e+00,2.593267251210732427e-01
1.635999999999999943e+02,1.463009021741389915e-01,2.611909910362453235e-01,2.536768024883838457e+00,1.000000000000000000e+00,1.000000000000000000e+00,2.611902737306965872e-01
1.636999999999999886e+02,1.463678487614998580e-01,2.630562453744398899e-01,2.534723464445123309e+00,1.000000000000000000e+00,1.000000000000000000e+00,2.630555221627450813e-01
1.638000000000000398e+02,1.464353029173209308e-01,2.649232132634216641e-01,2.532679496797609620e+00,1.000000000000000000e+00,1.000000000000000000e+00,2.649224841233631667e-01
1.639000000000000341e+02,1.465032657549110440e-01,2.667919084554536413e-01,2.530636154317338349e+00,1.000000000000000000e+00,1.000000000000000000e+00,2.667911733647845840e-01
1.640000000000000284e+02,1.465717383972039989e-01,2.686623447496299111e-01,2.528593469522101511e+00,1.000000000000000000e+00,1.000000000000000000e+00,2.686616036857703005e-01
1.641000000000000227e+02,1.466407219768054715e-01,2.705345359919735237e-01,2.526551475071936448e+00,1.000000000000000000e+00,1.000000000000000000e+00,2.705337889320397204e-01
1.642000000000000171e+02,1.467102176360403076e-01,2.724084960756861240e-01,2.524510203769613881e+00,1.000000000000000000e+00,1.000000000000000000e+00,2.724077429967098340e-01
1.643000000000000114e+02,1.467802265270002904e-01,2.742842389419819504e-01,2.522469688561134404e+00,1.000000000000000000e+00,1.000000000000000000e+00,2.742834798207344216e-01
1.644000000000000057e+02,1.468507498115926013e-01,2.761617785804749148e-01,2.520429962536218760e+00,1.000000000000000000e+00,1.000000000000000000e+00,2.761610133933488087e-01
1.645000000000000000e+02,1.469217886615885316e-01,2.780411290290667470e-01,2.518391058928809212e+00,1.000000000000000000e+00,1.000000000000000000e+00,2.780403577525153436e-01
1.645999999999999943e+02,1.469933442586726369e-01,2.799223043751764561e-01,2.516353011117567373e+00,1.000000000000000000e+00,1.000000000000000000e+00,2.799215269853722599e-01
1.647000000000000455e+02,1.470654177944928365e-01,2.818053187559811934e-01,2.514315852626374248e+00,1.000000000000000000e+00,1.000000000000000000e+00,2.818045352286875360e-01
1.648000000000000398e+02,1.471380104707104564e-01,2.836901863583215500e-01,2.512279617124839159e+00,1.000000000000000000e+00,1.000000000000000000e+00,2.836893966693093683e-01
1.649000000000000341e+02,1.472111234990510498e-01,2.855769214199448403e-01,2.510244338428799349e+00,1.000000000000000000e+00,1.000000000000000000e+00,2.855761255446301883e-01
1.650000000000000284e+02,1.472847581013558560e-01,2.874655382294378780e-01,2.508210050500833788e+00,1.000000000000000000e+00,1.000000000000000000e+00,2.874647361430437420e-01
1.651000000000000227e+02,1.473589155096333703e-01,2.893560511268493118e-01,2.506176787450768551e+00,1.000000000000000000e+00,1.000000000000000000e+00,2.893552428044103286e-01
1.652000000000000171e+02,1.474335969661119128e-01,2.912484745043519285e-01,2.504144583536194180e+00,1.000000000000000000e+00,1.000000000000000000e+00,2.912476599205240380e-01
1.653000000000000114e+02,1.475088037232923366e-01,2.931428228061899177e-01,2.502113473162976387e+00,1.000000000000000000e+00,1.000000000000000000e+00,2.931420019355828188e-01
1.653999999999999773e+02,1.475845370440013737e-01,2.950391105297998640e-01,2.500083490885775639e+00,1.000000000000000000e+00,1.000000000000000000e+00,2.950382833466625998e-01
1.655000000000000284e+02,1.476607982014457310e-01,2.969373522257299780e-01,2.498054671408564520e+00,1.000000000000000000e+00,1.000000000000000000e+00,2.969365187041943521e-01
1.656000000000000227e+02,1.477375884792662131e-01,2.988375624984635492e-01,2.496027049585151314e+00,1.000000000000000000e+00,1.000000000000000000e+00,2.988367226124401532e-01
1.657000000000000171e+02,1.478149091715930674e-01,3.007397560069560161e-01,2.494000660419699145e+00,1.000000000000000000e+00,1.000000000000000000e+00,3.007389097299827396e-01
1.658000000000000114e+02,1.478927615831012177e-01,3.026439474647834582e-01,2.491975539067255330e+00,1.000000000000000000e+00,1.000000000000000000e+00,3.026430947702080099e-01
1.659000000000000057e+02,1.479711470290665243e-01,3.045501516408666842e-01,2.489951720834275406e+00,1.000000000000000000e+00,1.000000000000000000e+00,3.045492925017957986e-01
1.660000000000000000e+02,1.480500668354222393e-01,3.064583833598052975e-01,2.487929241179158257e+00,1.000000000000000000e+00,1.000000000000000000e+00,3.064575177492127600e-01
1.660999999999999943e+02,1.481295223388162940e-01,3.083686575027331789e-01,2.485908135712771472e+00,1.000000000000000000e+00,1.000000000000000000e+00,3.083677853932097479e-01
1.661999999999999886e+02,1.482095148866690582e-01,3.102809890074607613e-01,2.483888440198990466e+00,1.000000000000000000e+00,1.000000000000000000e+00,3.102801103713214714e-01
1.663000000000000398e+02,1.482900458372315711e-01,3.121953928688712687e-01,2.481870190555231392e+00,1.000000000000000000e+00,1.000000000000000000e+00,3.121945076783712580e-01
1.664000000000000341e+02,1.483711165596443837e-01,3.141118841398913841e-01,2.479853422852993372e+00,1.000000000000000000e+00,1.000000000000000000e+00,3.141109923669746506e-01
1.665000000000000284e+02,1.484527284339971775e-01,3.160304779318018342e-01,2.477838173318393178e+00,1.000000000000000000e+00,1.000000000000000000e+00,3.160295795480549952e-01
1.666000000000000227e+02,1.485348828513886610e-01,3.179511894144794737e-01,2.475824478332712353e+00,1.000000000000000000e+00,1.000000000000000000e+00,3.179502843913551424e-01
1.667000000000000171e+02,1.486175812139872154e-01,3.198740338173201025e-01,2.473812374432942107e+00,1.000000000000000000e+00,1.000000000000000000e+00,3.198731221259554225e-01
1.668000000000000114e+02,1.487008249350921796e-01,3.217990264295547687e-01,2.471801898312325552e+00,1.000000000000000000e+00,1.000000000000000000e+00,3.217981080407956163e-01
1.669000000000000057e+02,1.487846154391955777e-01,3.237261826006582188e-01,2.469793086820911920e+00,1.000000000000000000e+00,1.000000000000000000e+00,3.237252574852009235e-01
1.670000000000000000e+02,1.488689541620445422e-01,3.256555177412217006e-01,2.467785976966104577e+00,1.000000000000000000e+00,1.000000000000000000e+00,3.256545858694099849e-01
1.671000000000000512e+02,1.489538425507044295e-01,3.275870473231132785e-01,2.465780605913215684e+00,1.000000000000000000e+00,1.000000000000000000e+00,3.275861086651096765e-01
1.672000000000000455e+02,1.490392820636222693e-01,3.295207868803168849e-01,2.463777010986022198e+00,1.000000000000000000e+00,1.000000000000000000e+00,3.295198414059679615e-01
1.673000000000000398e+02,1.491252741706912688e-01,3.314567520092728259e-01,2.461775229667320541e+00,1.000000000000000000e+00,1.000000000000000000e+00,3.314557996881798418e-01
1.674000000000000057e+02,1.492118203533153997e-01,3.333949583694686414e-01,2.459775299599488818e+00,1.000000000000000000e+00,1.000000000000000000e+00,3.333939991710087591e-01
1.675000000000000000e+02,1.492989221044751791e-01,3.353354216841711866e-01,2.457777258585048585e+00,1.000000000000000000e+00,1.000000000000000000e+00,3.353344555773359326e-01
1.675999999999999943e+02,1.493865809287936164e-01,3.372781577406093745e-01,2.455781144587227516e+00,1.000000000000000000e+00,1.000000000000000000e+00,3.372771846942128060e-01
1.676999999999999886e+02,1.494747983426030769e-01,3.392231823908837263e-01,2.453786995730525611e+00,1.000000000000000000e+00,1.000000000000000000e+00,3.392222023734178804e-01
1.677999999999999829e+02,1.495635758740126997e-01,3.411705115523790410e-01,2.451794850301285855e+00,1.000000000000000000e+00,1.000000000000000000e+00,3.411695245320177650e-01
1.679000000000000341e+02,1.496529150629764826e-01,3.431201612081057339e-01,2.449804746748260875e+00,1.000000000000000000e+00,1.000000000000000000e+00,3.431191671529321696e-01
1.680000000000000284e+02,1.497428174613618934e-01,3.450721474077670381e-01,2.447816723683191142e+00,1.000000000000000000e+00,1.000000000000000000e+00,3.450711462855002298e-01
1.681000000000000227e+02,1.498332846330195367e-01,3.470264862681155527e-01,2.445830819881372076e+00,1.000000000000000000e+00,1.000000000000000000e+00,3.470254780460589883e-01
1.682000000000000171e+02,1.499243181538529868e-01,3.489831939731325994e-01,2.443847074282237575e+00,1.000000000000000000e+00,1.000000000000000000e+00,3.489821786185176022e-01
1.683000000000000114e+02,1.500159196118895921e-01,3.487256838222826949e-01,2.441865525989936447e+00,1.000000000000000000e+00,1.000000000000000000e+00,3.509412642549395445e-01
1.684000000000000057e+02,1.501069298735833724e-01,3.468024207624184618e-01,2.439887563745576138e+00,1.000000000000000000e+00,1.000000000000000000e+00,3.451373174772074948e-01
1.685000000000000000e+02,1.501976343807461256e-01,3.470927376874033965e-01,2.437912900332075861e+00,1.000000000000000000e+00,1.000000000000000000e+00,3.470917292242683416e-01
1.685999999999999943e+02,1.502889066563566356e-01,3.490495259296780839e-01,2.435940562350438210e+00,1.000000000000000000e+00,1.000000000000000000e+00,3.490485103327055638e-01
1.687000000000000455e+02,1.503807482926841355e-01,3.510086998207233577e-01,2.433970589339383039e+00,1.000000000000000000e+00,1.000000000000000000e+00,3.510076770569028892e-01
1.688000000000000398e+02,1.504731608942249943e-01,3.529702756841355815e-01,2.432003021002419718e+00,1.000000000000000000e+00,1.000000000000000000e+00,3.529692457200024891e-01
1.689000000000000341e+02,1.505661460777749927e-01,3.549342699127588929e-01,2.430037897208395137e+00,1.000000000000000000e+00,1.000000000000000000e+00,3.549332327145013344e-01
1.690000000000000284e+02,1.506597054725023199e-01,3.569006989692568022e-01,2.428075257992059033e+00,1.000000000000000000e+00,1.000000000000000000e+00,3.568996545028428891e-01
1.691000000000000227e+02,1.507538407200212371e-01,3.588695793868227346e-01,2.426115143554621767e+00,1.000000000000000000e+00,1.000000000000000000e+00,3.588685276180177408e-01
1.692000000000000171e+02,1.508485534744665457e-01,3.608409277700806439e-01,2.424157594264318760e+00,1.000000000000000000e+00,1.000000000000000000e+00,3.608398686641682840e-01
1.693000000000000114e+02,1.509438454025688325e-01,3.628147607952256770e-01,2.422202650656973155e+00,1.000000000000000000e+00,1.000000000000000000e+00,3.628136943171976214e-01
1.694000000000000057e+02,1.510397181837301317e-01,3.647910952106735993e-01,2.420250353436563362e+00,1.000000000000000000e+00,1.000000000000000000e+00,3.647900213253835178e-01
1.695000000000000000e+02,1.511361735101006409e-01,3.667699478381088452e-01,2.418300743475791048e+00,1.000000000000000000e+00,1.000000000000000000e+00,3.667688665099969048e-01
1.696000000000000227e+02,1.512332130866560764e-01,3.687513355726689812e-01,2.416353861816648685e+00,1.000000000000000000e+00,1.000000000000000000e+00,3.687502467659255490e-01
1.697000000000000171e+02,1.513308386312756382e-01,3.707352753837397930e-01,2.414409749670998639e+00,1.000000000000000000e+00,1.000000000000000000e+00,3.707341790622990518e-01
1.698000000000000114e+02,1.514290518748209469e-01,3.727217843157802912e-01,2.412468448421138945e+00,1.000000000000000000e+00,1.000000000000000000e+00,3.727206804431268394e-01
1.699000000000000057e+02,1.515278545612156191e-01,3.747108794886003791e-01,2.410529999620383279e+00,1.000000000000000000e+00,1.000000000000000000e+00,3.747097680279327658e-01
1.700000000000000000e+02,1.516272484475255367e-01,3.767025780980899352e-01,2.408594444993636952e+00,1.000000000000000000e+00,1.000000000000000000e+00,3.767014590123983764e-01
1.700999999999999943e+02,1.517272353040400035e-01,3.786968974171864843e-01,2.406661826437981766e+00,1.000000000000000000e+00,1.000000000000000000e+00,3.786957706690110004e-01
1.701999999999999886e+02,1.518278169143537359e-01,3.806938547960336261e-01,2.404732186023249785e+00,1.000000000000000000e+00,1.000000000000000000e+00,3.806927203477168953e-01
1.702999999999999829e+02,1.519289950754493246e-01,3.826934676632700039e-01,2.402805565992614412e+00,1.000000000000000000e+00,1.000000000000000000e+00,3.826923254765790539e-01
1.704000000000000341e+02,1.520307715977811391e-01,3.846957535257747862e-01,2.400882008763170372e+00,1.000000000000000000e+00,1.000000000000000000e+00,3.846946035624415616e-01
1.705000000000000284e+02,1.521331483053589007e-01,3.867007299700154221e-01,2.398961556926528349e+00,1.000000000000000000e+00,1.000000000000000000e+00,3.866995721915939543e-01
1.706000000000000227e+02,1.522361270358335572e-01,3.887084146632098225e-01,2.397044253249398071e+00,1.000000000000000000e+00,1.000000000000000000e+00,3.887072490304516181e-01
1.707000000000000171e+02,1.523397096405827433e-01,3.907188253526369115e-01,2.395130140674183838e+00,1.000000000000000000e+00,1.000000000000000000e+00,3.907176518262300280e-01
1.708000000000000114e+02,1.524438979847975717e-01,3.927319798674845930e-01,2.393219262319577378e+00,1.000000000000000000e+00,1.000000000000000000e+00,3.927307984076316982e-01
1.709000000000000057e+02,1.525486939475703685e-01,3.947478961187904090e-01,2.391311661481155149e+00,1.000000000000000000e+00,1.000000000000000000e+00,3.947467066855350759e-01
1.710000000000000000e+02,1.526540994219827418e-01,3.967665921006642282e-01,2.389407381631976079e+00,1.000000000000000000e+00,1.000000000000000000e+00,3.967653946536906506e-01
1.710999999999999943e+02,1.527601163151952879e-01,3.987880858910133886e-01,2.387506466423183316e+00,1.000000000000000000e+00,1.000000000000000000e+00,3.987868803894225045e-01
1.712000000000000455e+02,1.528667465485373800e-01,4.008123956514630937e-01,2.385608959684601516e+00,1.000000000000000000e+00,1.000000000000000000e+00,4.008111820543357462e-01
1.713000000000000398e+02,1.529739920575981793e-01,4.028395396290734842e-01,2.383714905425352804e+00,1.000000000000000000e+00,1.000000000000000000e+00,4.028383178950254440e-01
1.714000000000000341e+02,1.530818547923187001e-01,4.048695361566229667e-01,2.381824347834452293e+00,1.000000000000000000e+00,1.000000000000000000e+00,4.048683062438012126e-01
1.715000000000000284e+02,1.531903367170843466e-01,4.069024036530759503e-01,2.379937331281422264e+00,1.000000000000000000e+00,1.000000000000000000e+00,4.069011655194068044e-01
1.716000000000000227e+02,1.532994398108186163e-01,4.089381606247499135e-01,2.378053900316905889e+00,1.000000000000000000e+00,1.000000000000000000e+00,4.089369142277520797e-01
1.717000000000000171e+02,1.534091660670776625e-01,4.109768256658841157e-01,2.376174099673279638e+00,1.000000000000000000e+00,1.000000000000000000e+00,4.109755709626487508e-01
1.718000000000000114e+02,1.535195174941457186e-01,4.130184174592329005e-01,2.374297974265267896e+00,1.000000000000000000e+00,1.000000000000000000e+00,4.130171544065528444e-01
1.719000000000000057e+02,1.536304961151314097e-01,4.150629547770986472e-01,2.372425569190564687e+00,1.000000000000000000e+00,1.000000000000000000e+00,4.150616833313127141e-01
1.720000000000000284e+02,1.537421039680651746e-01,4.171104564816103255e-01,2.370556929730454510e+00,1.000000000000000000e+00,1.000000000000000000e+00,4.171091765989246025e-01
1.721000000000000227e+02,1.538543431059971878e-01,4.191609415261142724e-01,2.368692101350435397e+00,1.000000000000000000e+00,1.000000000000000000e+00,4.191596531622897581e-01
1.722000000000000171e+02,1.539672155970970013e-01,4.212144289558081844e-01,2.366831129700845526e+00,1.000000000000000000e+00,1.000000000000000000e+00,4.212131320659868727e-01
1.723000000000000114e+02,1.540807235247532991e-01,4.232709379079362955e-01,2.364974060617491602e+00,1.000000000000000000e+00,1.000000000000000000e+00,4.232696324470419658e-01
1.724000000000000057e+02,1.541948689876751488e-01,4.253304876130911683e-01,2.363120940122282132e+00,1.000000000000000000e+00,1.000000000000000000e+00,4.253291735357091485e-01
1.725000000000000000e+02,1.543096540999939759e-01,4.273930973959682578e-01,2.361271814423860693e+00,1.000000000000000000e+00,1.000000000000000000e+00,4.273917746562567732e-01
1.725999999999999943e+02,1.544250809913667588e-01,4.294587866761417350e-01,2.359426729918242760e+00,1.000000000000000000e+00,1.000000000000000000e+00,4.294574552277608537e-01
1.726999999999999886e+02,1.545411518070799739e-01,4.315275749686052764e-01,2.357585733189455190e+00,1.000000000000000000e+00,1.000000000000000000e+00,4.315262347649044261e-01
1.728000000000000398e+02,1.546578687081546499e-01,4.335994818846932719e-01,2.355748871010180157e+00,1.000000000000000000e+00,1.000000000000000000e+00,4.335981328787845146e-01
1.729000000000000341e+02,1.547752338714523945e-01,4.356745271332288505e-01,2.353916190342401737e+00,1.000000000000000000e+00,1.000000000000000000e+00,4.356731692777223164e-01
1.730000000000000284e+02,1.548932494897826695e-01,4.377527305211237896e-01,2.352087738338048961e+00,1.000000000000000000e+00,1.000000000000000000e+00,4.377513637680884306e-01
1.731000000000000227e+02,1.550119177720107599e-01,4.398341119540002397e-01,2.350263562339653500e+00,1.000000000000000000e+00,1.000000000000000000e+00,4.398327362551263109e-01
1.732000000000000171e+02,1.551312409431670203e-01,4.419186914370371033e-01,2.348443709880999819e+00,1.000000000000000000e+00,1.000000000000000000e+00,4.419173067437868196e-01
1.733000000000000114e+02,1.552512212445569528e-01,4.440064890761937222e-01,2.346628228687785533e+00,1.000000000000000000e+00,1.000000000000000000e+00,4.440050953395702771e-01
1.734000000000000057e+02,1.553718609338727852e-01,4.460975250790399915e-01,2.344817166678280884e+00,1.000000000000000000e+00,1.000000000000000000e+00,4.460961222493737277e-01
1.735000000000000000e+02,1.554931622853056861e-01,4.481918197550421312e-01,2.343010571963993982e+00,1.000000000000000000e+00,1.000000000000000000e+00,4.481904077823476995e-01
1.736000000000000512e+02,1.556151275896592023e-01,4.502893935166358275e-01,2.341208492850334721e+00,1.000000000000000000e+00,1.000000000000000000e+00,4.502879723507596244e-01
1.737000000000000455e+02,1.557377591544637785e-01,4.523902668805694360e-01,2.339410977837293348e+00,1.000000000000000000e+00,1.000000000000000000e+00,4.523888364708595899e-01
1.738000000000000398e+02,1.558610593040926640e-01,4.544944604685983158e-01,2.337618075620103486e+00,1.000000000000000000e+00,1.000000000000000000e+00,4.544930207637656872e-01
1.739000000000000341e+02,1.559850303798785698e-01,4.566019950079418521e-01,2.335829835089931361e+00,1.000000000000000000e+00,1.000000000000000000e+00,4.566005459563448055e-01
1.740000000000000284e+02,1.561096747402316021e-01,4.568371523774836240e-01,2.334046305334549043e+00,1.000000000000000000e+00,1.000000000000000000e+00,4.587114328821062514e-01
1.741000000000000227e+02,1.562339726226509851e-01,4.550121836767792027e-01,2.332268699095005005e+00,1.000000000000000000e+00,1.000000000000000000e+00,4.529538051115792330e-01
1.742000000000000171e+02,1.563578199322567808e-01,4.550603271178071396e-01,2.330497180455077366e+00,1.000000000000000000e+00,1.000000000000000000e+00,4.550588849069924224e-01
1.743000000000000114e+02,1.564823407966787205e-01,4.571687627600867221e-01,2.328730519582152603e+00,1.000000000000000000e+00,1.000000000000000000e+00,4.571673111885520835e-01
1.743999999999999773e+02,1.566075375859610486e-01,4.592805658031276494e-01,2.326968765973606690e+00,1.000000000000000000e+00,1.000000000000000000e+00,4.592791048185708713e-01
1.745000000000000284e+02,1.567334126874279920e-01,4.613957572171908383e-01,2.325211969321996808e+00,1.000000000000000000e+00,1.000000000000000000e+00,4.613942867671503856e-01
1.746000000000000227e+02,1.568599685058044146e-01,4.635143580816138420e-01,2.323460179515716817e+00,1.000000000000000000e+00,1.000000000000000000e+00,4.635128781130869458e-01
1.747000000000000171e+02,1.569872074633383852e-01,4.656363895854566670e-01,2.321713446639635858e+00,1.000000000000000000e+00,1.000000000000000000e+00,4.656349000447975173e-01
1.748000000000000114e+02,1.571151319999240514e-01,4.677618730280628245e-01,2.319971820975759602e+00,1.000000000000000000e+00,1.000000000000000000e+00,4.677603738612422513e-01
1.749000000000000057e+02,1.572437445732264016e-01,4.698908298202422174e-01,2.318235353003885280e+00,1.000000000000000000e+00,1.000000000000000000e+00,4.698893209728607356e-01
1.750000000000000000e+02,1.573730476588066918e-01,4.720232814852621250e-01,2.316504093402262487e+00,1.000000000000000000e+00,1.000000000000000000e+00,4.720217629025151296e-01
1.750999999999999943e+02,1.575030437502496772e-01,4.741592496601028106e-01,2.314778093048257990e+00,1.000000000000000000e+00,1.000000000000000000e+00,4.741577212864418467e-01
1.751999999999999886e+02,1.576337353592916768e-01,4.762987560957644972e-01,2.313057403019026292e+00,1.000000000000000000e+00,1.000000000000000000e+00,4.762972178752120089e-01
1.753000000000000398e+02,1.577651250159499419e-01,4.784418226582949907e-01,2.311342074592180662e+00,1.000000000000000000e+00,1.000000000000000000e+00,4.784402745347003938e-01
1.754000000000000341e+02,1.578972152686532737e-01,4.805884713304311995e-01,2.309632159246478800e+00,1.000000000000000000e+00,1.000000000000000000e+00,4.805869132470593774e-01
1.755000000000000284e+02,1.580300086843743068e-01,4.827387242121896072e-01,2.307927708662492972e+00,1.000000000000000000e+00,1.000000000000000000e+00,4.827371561117103638e-01
1.756000000000000227e+02,1.581635078487624857e-01,4.848926035217718256e-01,2.306228774723307229e+00,1.000000000000000000e+00,1.000000000000000000e+00,4.848910253463343811e-01
1.757000000000000171e+02,1.582977153662789016e-01,4.870501315965780620e-01,2.304535409515204858e+00,1.000000000000000000e+00,1.000000000000000000e+00,4.870485432878770560e-01
1.758000000000000114e+02,1.584326338603319062e-01,4.892113308942305228e-01,2.302847665328366045e+00,1.000000000000000000e+00,1.000000000000000000e+00,4.892097323935613584e-01
1.759000000000000057e+02,1.585682659734146127e-01,4.913762239939541421e-01,2.301165594657569091e+00,1.000000000000000000e+00,1.000000000000000000e+00,4.913746152419082858e-01
1.760000000000000000e+02,1.587046143672433962e-01,4.935448335971116540e-01,2.299489250202897850e+00,1.000000000000000000e+00,1.000000000000000000e+00,4.935432145337691479e-01
1.761000000000000512e+02,1.588416817228978373e-01,4.957171825280990429e-01,2.297818684870454042e+00,1.000000000000000000e+00,1.000000000000000000e+00,4.957155530933660126e-01
1.762000000000000455e+02,1.589794707409618868e-01,4.978932937361467137e-01,2.296153951773075796e+00,1.000000000000000000e+00,1.000000000000000000e+00,4.978916538693367588e-01
1.763000000000000398e+02,1.591179841416670016e-01,5.000731902962234354e-01,2.294495104231057514e+00,1.000000000000000000e+00,1.000000000000000000e+00,5.000715399358016677e-01
1.764000000000000057e+02,1.592572246650360290e-01,5.022568954093972193e-01,2.292842195772883951e+00,1.000000000000000000e+00,1.000000000000000000e+00,5.022552344934269053e-01
1.765000000000000000e+02,1.593971950710287855e-01,5.044444324043512173e-01,2.291195280135959855e+00,1.000000000000000000e+00,1.000000000000000000e+00,5.044427608705045474e-01
1.765999999999999943e+02,1.595378981396890494e-01,5.066358247387025004e-01,2.289554411267357370e+00,1.000000000000000000e+00,1.000000000000000000e+00,5.066341425240411533e-01
1.766999999999999886e+02,1.596793366712931650e-01,5.088310959998729732e-01,2.287919643324557661e+00,1.000000000000000000e+00,1.000000000000000000e+00,5.088294030408552215e-01
1.767999999999999829e+02,1.598215134864998388e-01,5.110302699062644338e-01,2.286291030676209868e+00,1.000000000000000000e+00,1.000000000000000000e+00,5.110285661386867462e-01
1.769000000000000341e+02,1.599644314265017409e-01,5.132333703078376663e-01,2.284668627902886939e+00,1.000000000000000000e+00,1.000000000000000000e+00,5.132316556673157670e-01
1.770000000000000284e+02,1.601080933531779937e-01,5.154404211881371545e-01,2.283052489797860130e+00,1.000000000000000000e+00,1.000000000000000000e+00,5.154386956096870254e-01
1.771000000000000227e+02,1.602525021492492985e-01,5.176514466653668878e-01,2.281442671367866382e+00,1.000000000000000000e+00,1.000000000000000000e+00,5.176497100830566023e-01
1.772000000000000171e+02,1.603976607184334491e-01,5.198664709925763239e-01,2.279839227833893478e+00,1.000000000000000000e+00,1.000000000000000000e+00,5.198647233401365586e-01
1.773000000000000114e+02,1.605435719856030119e-01,5.220855185595835168e-01,2.278242214631971851e+00,1.000000000000000000e+00,1.000000000000000000e+00,5.220837597702566724e-01
1.774000000000000057e+02,1.606902388969443929e-01,5.243086138942500973e-01,2.276651687413966840e+00,1.000000000000000000e+00,1.000000000000000000e+00,5.243068439005356129e-01
1.775000000000000000e+02,1.608376644201187367e-01,5.265357816632582066e-01,2.275067702048388707e+00,1.000000000000000000e+00,1.000000000000000000e+00,5.265340003970633287e-01
1.775999999999999943e+02,1.609858515444239635e-01,5.287670466734819552e-01,2.273490314621203989e+00,1.000000000000000000e+00,1.000000000000000000e+00,5.287652540660938705e-01
1.777000000000000455e+02,1.611348032809589992e-01,5.310024338727599158e-01,2.271919581436655289e+00,1.000000000000000000e+00,1.000000000000000000e+00,5.310006298552514270e-01
1.778000000000000398e+02,1.612845226627888373e-01,5.332419683520992493e-01,2.270355559018097491e+00,1.000000000000000000e+00,1.000000000000000000e+00,5.332401528547400238e-01
1.779000000000000341e+02,1.614350127451126271e-01,5.354856753463870245e-01,2.268798304108829544e+00,1.000000000000000000e+00,1.000000000000000000e+00,5.354838482985795345e-01
1.780000000000000284e+02,1.615862766054317889e-01,5.377335802350553529e-01,2.267247873672949776e+00,1.000000000000000000e+00,1.000000000000000000e+00,5.377317415658372513e-01
1.781000000000000227e+02,1.617383173437211552e-01,5.399857085442145710e-01,2.265704324896208099e+00,1.000000000000000000e+00,1.000000000000000000e+00,5.399838581818813266e-01
1.782000000000000171e+02,1.618911380826009994e-01,5.422420859473034982e-01,2.264167715186879981e+00,1.000000000000000000e+00,1.000000000000000000e+00,5.422402238196415425e-01
1.783000000000000114e+02,1.620447419675112855e-01,5.445027382667155802e-01,2.262638102176638188e+00,1.000000000000000000e+00,1.000000000000000000e+00,5.445008643008837357e-01
1.784000000000000057e+02,1.621991321668873887e-01,5.467676914751219419e-01,2.261115543721444965e+00,1.000000000000000000e+00,1.000000000000000000e+00,5.467658055974956577e-01
1.785000000000000000e+02,1.623543118723378975e-01,5.490369716964896840e-01,2.259600097902448645e+00,1.000000000000000000e+00,1.000000000000000000e+00,5.490350738327862690e-01
1.786000000000000227e+02,1.625102842988237484e-01,5.513106052070938512e-01,2.258091823026893152e+00,1.000000000000000000e+00,1.000000000000000000e+00,5.513086952827954690e-01
1.787000000000000171e+02,1.626670526848394693e-01,5.535886184380842678e-01,2.256590777629040367e+00,1.000000000000000000e+00,1.000000000000000000e+00,5.535866963776147065e-01
1.788000000000000114e+02,1.628246202925966724e-01,5.558710379755903430e-01,2.255097020471100056e+00,1.000000000000000000e+00,1.000000000000000000e+00,5.558691037027296833e-01
1.789000000000000057e+02,1.629829904082082948e-01,5.581578905622390785e-01,2.253610610544174442e+00,1.000000000000000000e+00,1.000000000000000000e+00,5.581559440003619477e-01
1.790000000000000000e+02,1.631421663418759216e-01,5.604492030993868390e-01,2.252131607069216113e+00,1.000000000000000000e+00,1.000000000000000000e+00,5.604472441708351349e-01
1.790999999999999943e+02,1.633021514280783015e-01,5.627450026472408107e-01,2.250660069497994353e+00,1.000000000000000000e+00,1.000000000000000000e+00,5.627430312739470919e-01
1.791999999999999886e+02,1.634629490257617779e-01,5.650453164272104534e-01,2.249196057514078806e+00,1.000000000000000000e+00,1.000000000000000000e+00,5.650433325303589882e-01
1.792999999999999829e+02,1.636245625185332175e-01,5.640758070930257384e-01,2.247739631033833341e+00,1.000000000000000000e+00,1.000000000000000000e+00,5.673481753229966396e-01
1.794000000000000341e+02,1.637851251369771277e-01,5.624142096544976210e-01,2.246292600964575392e+00,1.000000000000000000e+00,1.000000000000000000e+00,5.617183555557168084e-01
1.795000000000000284e+02,1.639461048118396325e-01,5.640186180363814250e-01,2.244853632917979791e+00,1.000000000000000000e+00,1.000000000000000000e+00,5.640166397359075434e-01
1.796000000000000227e+02,1.641079016355403708e-01,5.663214440852065712e-01,2.243422413285260930e+00,1.000000000000000000e+00,1.000000000000000000e+00,5.663194532170332529e-01
1.797000000000000171e+02,1.642705190169690410e-01,5.686288269880971358e-01,2.241999002309492006e+00,1.000000000000000000e+00,1.000000000000000000e+00,5.686268234725081472e-01
1.798000000000000114e+02,1.644339603900635272e-01,5.709407943838253896e-01,2.240583460463809296e+00,1.000000000000000000e+00,1.000000000000000000e+00,5.709387781402155415e-01
1.799000000000000057e+02,1.645982292140084069e-01,5.732573740771340631e-01,2.239175848452396700e+00,1.000000000000000000e+00,1.000000000000000000e+00,5.732553450239445958e-01
