theta_degrees,alpha,central_lhs,beta_c1,is_spectral,beta_less_10,exact_polygon_lhs
-1.800000000000000000e+02,2.172513743253026985e-01,7.036441743696671969e-01,2.267611941582912127e+00,1.000000000000000000e+00,1.000000000000000000e+00,7.036413269533293713e-01
-1.799000000000000057e+02,2.175188372830399453e-01,7.062568652732725827e-01,2.265763008622463381e+00,1.000000000000000000e+00,1.000000000000000000e+00,7.062539993595491339e-01
-1.798000000000000114e+02,2.177876238482621685e-01,7.088760052661779998e-01,2.263923882181742897e+00,1.000000000000000000e+00,1.000000000000000000e+00,7.088731207207449314e-01
-1.796999999999999886e+02,2.180577405743538144e-01,7.115016342720520415e-01,2.262094636207183207e+00,1.000000000000000000e+00,1.000000000000000000e+00,7.114987309595922627e-01
-1.795999999999999943e+02,2.183291940654852326e-01,7.141337924920651004e-01,2.260275345080185794e+00,1.000000000000000000e+00,1.000000000000000000e+00,7.141308702760893468e-01
-1.795000000000000000e+02,2.186019909770701986e-01,7.167725204077012302e-01,2.258466083620740417e+00,1.000000000000000000e+00,1.000000000000000000e+00,7.167695791501689229e-01
-1.794000000000000057e+02,2.188761380162277115e-01,7.194178587827745330e-01,2.256666927091109720e+00,1.000000000000000000e+00,1.000000000000000000e+00,7.194148983443323653e-01
-1.792999999999999829e+02,2.191516419422493145e-01,7.220698486662123772e-01,2.254877951199572905e+00,1.000000000000000000e+00,1.000000000000000000e+00,7.220668689063169943e-01
-1.791999999999999886e+02,2.194285095670713837e-01,7.247285313949453078e-01,2.253099232104232907e+00,1.000000000000000000e+00,1.000000000000000000e+00,7.247255321717881449e-01
-1.790999999999999943e+02,2.197067477557531345e-01,7.273939485968647922e-01,2.251330846416882636e+00,1.000000000000000000e+00,1.000000000000000000e+00,7.273909297670669849e-01
-1.790000000000000000e+02,2.199863634269597634e-01,7.300661421931227135e-01,2.249572871206945379e+00,1.000000000000000000e+00,1.000000000000000000e+00,7.300631036118843120e-01
-1.788999999999999773e+02,2.202673635534509178e-01,7.327451544006801099e-01,2.247825384005471605e+00,1.000000000000000000e+00,1.000000000000000000e+00,7.327420959221656593e-01
-1.788000000000000114e+02,2.205497551625746067e-01,7.354310277360742720e-01,2.246088462809215258e+00,1.000000000000000000e+00,1.000000000000000000e+00,7.354279492128444895e-01
-1.787000000000000171e+02,2.208335453367674950e-01,7.381238050176501808e-01,2.244362186084767341e+00,1.000000000000000000e+00,1.000000000000000000e+00,7.381207063007149127e-01
-1.786000000000000227e+02,2.211187412140595832e-01,7.408235293682553513e-01,2.242646632772771653e+00,1.000000000000000000e+00,1.000000000000000000e+00,7.408204103073061653e-01
-1.785000000000000000e+02,2.214053499885857423e-01,7.428788769098081390e-01,2.240941882292208476e+00,1.000000000000000000e+00,1.000000000000000000e+00,7.435271046617962787e-01
-1.784000000000000057e+02,2.216928755015729890e-01,7.407090377272055326e-01,2.239248537567228858e+00,1.000000000000000000e+00,1.000000000000000000e+00,7.364955698930155670e-01
-1.783000000000000114e+02,2.219785507299990024e-01,7.391941850169152506e-01,2.237569524311988189e+00,1.000000000000000000e+00,1.000000000000000000e+00,7.391910782458837037e-01
-1.782000000000000171e+02,2.222656410884715217e-01,7.418966778876546764e-01,2.235901509200896253e+00,1.000000000000000000e+00,1.000000000000000000e+00,7.418935507125972162e-01
-1.780999999999999943e+02,2.225541538272374498e-01,7.446061785766613372e-01,2.234244572557547936e+00,1.000000000000000000e+00,1.000000000000000000e+00,7.446030308452182833e-01
-1.780000000000000000e+02,2.228440962536371306e-01,7.473227309490707571e-01,2.232598795191303331e+00,1.000000000000000000e+00,1.000000000000000000e+00,7.473195625075756965e-01
-1.779000000000000057e+02,2.231354757326323157e-01,7.500463791851246231e-01,2.230964258401794797e+00,1.000000000000000000e+00,1.000000000000000000e+00,7.500431898782577989e-01
-1.778000000000000114e+02,2.234282996873395988e-01,7.527771677827488350e-01,2.229341043983518844e+00,1.000000000000000000e+00,1.000000000000000000e+00,7.527739574536338463e-01
-1.776999999999999886e+02,2.237225755995701504e-01,7.555151415604972609e-01,2.227729234230511057e+00,1.000000000000000000e+00,1.000000000000000000e+00,7.555119100509121166e-01
-1.775999999999999943e+02,2.240183110103753372e-01,7.582603456611762827e-01,2.226128911941104072e+00,1.000000000000000000e+00,1.000000000000000000e+00,7.582570928112289943e-01
-1.775000000000000000e+02,2.243155135205993078e-01,7.610128255545072218e-01,2.224540160422772139e+00,1.000000000000000000e+00,1.000000000000000000e+00,7.610095512027797993e-01
-1.774000000000000057e+02,2.246141907914368518e-01,7.637726270405379436e-01,2.222963063497067182e+00,1.000000000000000000e+00,1.000000000000000000e+00,7.637693310239775935e-01
-1.772999999999999829e+02,2.249143505449989477e-01,7.665397962526218079e-01,2.221397705504642772e+00,1.000000000000000000e+00,1.000000000000000000e+00,7.665364784066531767e-01
-1.771999999999999886e+02,2.252160005648833896e-01,7.693143796606775053e-01,2.219844171310376257e+00,1.000000000000000000e+00,1.000000000000000000e+00,7.693110398192857247e-01
-1.770999999999999943e+02,2.255191486967534631e-01,7.720964240750353147e-01,2.218302546308576595e+00,1.000000000000000000e+00,1.000000000000000000e+00,7.720930620702785019e-01
-1.770000000000000000e+02,2.258238028489223115e-01,7.748859766490014955e-01,2.216772916428301432e+00,1.000000000000000000e+00,1.000000000000000000e+00,7.748825923112638847e-01
-1.768999999999999773e+02,2.261299709929444901e-01,7.776830848821864040e-01,2.215255368138765668e+00,1.000000000000000000e+00,1.000000000000000000e+00,7.776796780404510168e-01
-1.767999999999999829e+02,2.264376611642139603e-01,7.804877966244831988e-01,2.213749988454856155e+00,1.000000000000000000e+00,1.000000000000000000e+00,7.804843671060074373e-01
-1.766999999999999886e+02,2.267468814625699380e-01,7.833001600793167984e-01,2.212256864942747647e+00,1.000000000000000000e+00,1.000000000000000000e+00,7.832967077094868946e-01
-1.765999999999999943e+02,2.270576400529087657e-01,7.861202238068730752e-01,2.210776085725632445e+00,1.000000000000000000e+00,1.000000000000000000e+00,7.861167484092889124e-01
-1.765000000000000000e+02,2.273699451658037773e-01,7.889480367273711270e-01,2.209307739489550393e+00,1.000000000000000000e+00,1.000000000000000000e+00,7.889445381241623201e-01
-1.764000000000000057e+02,2.276838050981313810e-01,7.917836481252878977e-01,2.207851915489341010e+00,1.000000000000000000e+00,1.000000000000000000e+00,7.917801261367458654e-01
-1.763000000000000114e+02,2.279992282137060511e-01,7.946271076527710031e-01,2.206408703554702200e+00,1.000000000000000000e+00,1.000000000000000000e+00,7.946235620971567881e-01
-1.762000000000000171e+02,2.283162229439210655e-01,7.974784653326754125e-01,2.204978194096371524e+00,1.000000000000000000e+00,1.000000000000000000e+00,7.974748960266128117e-01
-1.760999999999999943e+02,2.286347977883980143e-01,8.003377715626723843e-01,2.203560478112427390e+00,1.000000000000000000e+00,1.000000000000000000e+00,8.003341783211014304e-01
-1.760000000000000000e+02,2.289549613156430796e-01,8.032050771192462690e-01,2.202155647194712351e+00,1.000000000000000000e+00,1.000000000000000000e+00,8.032014597550876100e-01
-1.759000000000000057e+02,2.292767221637121711e-01,8.060804331610144091e-01,2.200763793535384316e+00,1.000000000000000000e+00,1.000000000000000000e+00,8.060767914852721150e-01
-1.758000000000000114e+02,2.296000890408824713e-01,8.089638912325247677e-01,2.199385009933593427e+00,1.000000000000000000e+00,1.000000000000000000e+00,8.089602250543845852e-01
-1.756999999999999886e+02,2.299250707263333915e-01,8.118555032682720496e-01,2.198019389802298829e+00,1.000000000000000000e+00,1.000000000000000000e+00,8.118518123950291265e-01
-1.755999999999999943e+02,2.302516760708342991e-01,8.147553215965922524e-01,2.196667027175213782e+00,1.000000000000000000e+00,1.000000000000000000e+00,8.147516058335669831e-01
-1.755000000000000000e+02,2.305799139974417378e-01,8.176633989435592165e-01,2.195328016713891994e+00,1.000000000000000000e+00,1.000000000000000000e+00,8.176596580940540537e-01
-1.754000000000000057e+02,2.309097935022036141e-01,8.192408998388562846e-01,2.194002453714959611e+00,1.000000000000000000e+00,1.000000000000000000e+00,8.205760223022179334e-01
-1.752999999999999829e+02,2.312402444741993024e-01,8.171265395249167618e-01,2.192691233607828138e+00,1.000000000000000000e+00,1.000000000000000000e+00,8.134436811750774821e-01
-1.751999999999999886e+02,2.315693622954790587e-01,8.163517342407092814e-01,2.191395815730915242e+00,1.000000000000000000e+00,1.000000000000000000e+00,8.163480047219247027e-01
-1.750999999999999943e+02,2.319001257154127693e-01,8.192643709373615968e-01,2.190114064293994467e+00,1.000000000000000000e+00,1.000000000000000000e+00,8.192606162232813904e-01
-1.750000000000000000e+02,2.322325438150573129e-01,8.221853491364158328e-01,2.188846075741387232e+00,1.000000000000000000e+00,1.000000000000000000e+00,8.221815690272280541e-01
-1.749000000000000057e+02,2.325666257499356404e-01,8.251147225958180842e-01,2.187591947168235240e+00,1.000000000000000000e+00,1.000000000000000000e+00,8.251109168897742263e-01
-1.747999999999999829e+02,2.329023807507669963e-01,8.280525454855505174e-01,2.186351776328261387e+00,1.000000000000000000e+00,1.000000000000000000e+00,8.280487139789610707e-01
-1.746999999999999886e+02,2.332398181242056612e-01,8.309988723919711218e-01,2.185125661641677208e+00,1.000000000000000000e+00,1.000000000000000000e+00,8.309950148790068436e-01
-1.745999999999999943e+02,2.335789472535889644e-01,8.339537583218968875e-01,2.183913702203262641e+00,1.000000000000000000e+00,1.000000000000000000e+00,8.339498745945088665e-01
-1.745000000000000000e+02,2.339197775996938178e-01,8.369172587066721070e-01,2.182715997790613205e+00,1.000000000000000000e+00,1.000000000000000000e+00,8.369133485546902396e-01
-1.743999999999999773e+02,2.342623187015027142e-01,8.398894294065214483e-01,2.181532648872551494e+00,1.000000000000000000e+00,1.000000000000000000e+00,8.398854926176999580e-01
-1.743000000000000114e+02,2.346065801769786907e-01,8.428703267148085487e-01,2.180363756617726079e+00,1.000000000000000000e+00,1.000000000000000000e+00,8.428663630749603231e-01
-1.742000000000000171e+02,2.349525717238498956e-01,8.458600073631444838e-01,2.179209422903378268e+00,1.000000000000000000e+00,1.000000000000000000e+00,8.458560166555746385e-01
-1.741000000000000227e+02,2.353003031204040363e-01,8.488585285251363244e-01,2.178069750324303389e+00,1.000000000000000000e+00,1.000000000000000000e+00,8.488545105307799821e-01
-1.740000000000000000e+02,2.356497842262915421e-01,8.518659478204101410e-01,2.176944842201993691e+00,1.000000000000000000e+00,1.000000000000000000e+00,8.518619023184582639e-01
-1.739000000000000057e+02,2.360010249833390528e-01,8.548823233206137573e-01,2.175834802593983763e+00,1.000000000000000000e+00,1.000000000000000000e+00,8.548782500876965784e-01
-1.738000000000000114e+02,2.363540354163734813e-01,8.579077135531369969e-01,2.174739736303382465e+00,1.000000000000000000e+00,1.000000000000000000e+00,8.579036123634119493e-01
-1.737000000000000171e+02,2.367088256340547647e-01,8.609421775055643433e-01,2.173659748888618903e+00,1.000000000000000000e+00,1.000000000000000000e+00,8.609380481310221489e-01
-1.735999999999999943e+02,2.370654058297200217e-01,8.639857746308065023e-01,2.172594946673392702e+00,1.000000000000000000e+00,1.000000000000000000e+00,8.639816168411806885e-01
-1.735000000000000000e+02,2.374237862822372036e-01,8.670385648520022581e-01,2.171545436756836978e+00,1.000000000000000000e+00,1.000000000000000000e+00,8.670343784145615462e-01
-1.734000000000000057e+02,2.377839773568702075e-01,8.701006085672481349e-01,2.170511327023899817e+00,1.000000000000000000e+00,1.000000000000000000e+00,8.700963932467136175e-01
-1.733000000000000114e+02,2.381459895061535936e-01,8.731719666542958613e-01,2.169492726155952678e+00,1.000000000000000000e+00,1.000000000000000000e+00,8.731677222129635707e-01
-1.731999999999999886e+02,2.385098332707789870e-01,8.762527004755722437e-01,2.168489743641626166e+00,1.000000000000000000e+00,1.000000000000000000e+00,8.762484266733854277e-01
-1.730999999999999943e+02,2.388755192804916105e-01,8.793428718833855573e-01,2.167502489787883402e+00,1.000000000000000000e+00,1.000000000000000000e+00,8.793385684778257660e-01
-1.730000000000000000e+02,2.392430582549989193e-01,8.824425432252404056e-01,2.166531075731329636e+00,1.000000000000000000e+00,1.000000000000000000e+00,8.824382099709991989e-01
-1.729000000000000057e+02,2.396124610048897263e-01,8.855517773484316013e-01,2.165575613449776338e+00,1.000000000000000000e+00,1.000000000000000000e+00,8.855474139976372561e-01
-1.727999999999999829e+02,2.399837384325650969e-01,8.886706376053060685e-01,2.164636215774053962e+00,1.000000000000000000e+00,1.000000000000000000e+00,8.886662439077073206e-01
-1.726999999999999886e+02,2.403569015331805669e-01,8.917991878590200150e-01,2.163712996400083188e+00,1.000000000000000000e+00,1.000000000000000000e+00,8.917947635616912949e-01
-1.725999999999999943e+02,2.407319613956008242e-01,8.949374924887510963e-01,2.162806069901218819e+00,1.000000000000000000e+00,1.000000000000000000e+00,8.949330373359368762e-01
-1.725000000000000000e+02,2.411089292033655462e-01,8.949299754089823367e-01,2.161915551740857921e+00,1.000000000000000000e+00,1.000000000000000000e+00,8.980811301280666736e-01
-1.723999999999999773e+02,2.414851603569085625e-01,8.932308984075331137e-01,2.161042625335392930e+00,1.000000000000000000e+00,1.000000000000000000e+00,8.915356744634964636e-01
-1.722999999999999829e+02,2.418618712475118782e-01,8.946775917357391306e-01,2.160186837094114409e+00,1.000000000000000000e+00,1.000000000000000000e+00,8.946731391443359938e-01
-1.721999999999999886e+02,2.422404983533172351e-01,8.978249011400836199e-01,2.159347712561180188e+00,1.000000000000000000e+00,1.000000000000000000e+00,8.978204174563001461e-01
-1.720999999999999943e+02,2.426210529999358323e-01,9.009820898172138381e-01,2.158525368979877346e+00,1.000000000000000000e+00,1.000000000000000000e+00,9.009775747799989576e-01
-1.720000000000000000e+02,2.430035466100064490e-01,9.041492236821238038e-01,2.157719924519107657e+00,1.000000000000000000e+00,1.000000000000000000e+00,9.041446770278891432e-01
-1.719000000000000057e+02,2.433879907042017232e-01,9.073263691875426140e-01,2.156931498287163240e+00,1.000000000000000000e+00,1.000000000000000000e+00,9.073217906498824981e-01
-1.718000000000000114e+02,2.437743969022485580e-01,9.105135933295612771e-01,2.156160210345809514e+00,1.000000000000000000e+00,1.000000000000000000e+00,9.105089826390365682e-01
-1.717000000000000171e+02,2.441627769239599621e-01,9.137109636529897605e-01,2.155406181724687009e+00,1.000000000000000000e+00,1.000000000000000000e+00,9.137063205373037178e-01
-1.715999999999999943e+02,2.445531425902811029e-01,9.169185482571851065e-01,2.154669534436038703e+00,1.000000000000000000e+00,1.000000000000000000e+00,9.169138724413617991e-01
-1.715000000000000000e+02,2.449455058243475147e-01,9.201364158024420981e-01,2.153950391489772631e+00,1.000000000000000000e+00,1.000000000000000000e+00,9.201317070085113237e-01
-1.714000000000000057e+02,2.453398786525583242e-01,9.233646355159532693e-01,2.153248876908861131e+00,1.000000000000000000e+00,1.000000000000000000e+00,9.233598934626561228e-01
-1.713000000000000114e+02,2.457362732056616039e-01,9.266032771971864923e-01,2.152565115745099789e+00,1.000000000000000000e+00,1.000000000000000000e+00,9.265985016003511765e-01
-1.711999999999999886e+02,2.461347017198545761e-01,9.298524112243845563e-01,2.151899234095217217e+00,1.000000000000000000e+00,1.000000000000000000e+00,9.298476017969323770e-01
-1.710999999999999943e+02,2.465351765378972493e-01,9.331121085609468402e-01,2.151251359117360984e+00,1.000000000000000000e+00,1.000000000000000000e+00,9.331072650127202328e-01
-1.710000000000000000e+02,2.469377101102411542e-01,9.363824407617808987e-01,2.150621619047957012e+00,1.000000000000000000e+00,1.000000000000000000e+00,9.363775627993093931e-01
-1.709000000000000057e+02,2.473423149961718470e-01,9.396634799792371595e-01,2.150010143218958891e+00,1.000000000000000000e+00,1.000000000000000000e+00,9.396585673059320021e-01
-1.708000000000000114e+02,2.477490038649665105e-01,9.429552989700642485e-01,2.149417062075496876e+00,1.000000000000000000e+00,1.000000000000000000e+00,9.429503512859054304e-01
-1.706999999999999886e+02,2.481577894970665721e-01,9.462579711011914751e-01,2.148842507193929663e+00,1.000000000000000000e+00,1.000000000000000000e+00,9.462529881031634948e-01
-1.705999999999999943e+02,2.485686847852647818e-01,9.495715703570333233e-01,2.148286611300321614e+00,1.000000000000000000e+00,1.000000000000000000e+00,9.495665517388685029e-01
-1.705000000000000000e+02,2.489817027359089996e-01,9.528961713463997008e-01,2.147749508289344522e+00,1.000000000000000000e+00,1.000000000000000000e+00,9.528911167981143349e-01
-1.703999999999999773e+02,2.493968564701204982e-01,9.562318493081596316e-01,2.147231333243619034e+00,1.000000000000000000e+00,1.000000000000000000e+00,9.562267585167112394e-01
-1.702999999999999829e+02,2.498141592250282816e-01,9.595786801192238702e-01,2.146732222453512584e+00,1.000000000000000000e+00,1.000000000000000000e+00,9.595735527680577803e-01
-1.701999999999999886e+02,2.502336243550203343e-01,9.629367403011891424e-01,2.146252313437397419e+00,1.000000000000000000e+00,1.000000000000000000e+00,9.629315760701090410e-01
-1.700999999999999943e+02,2.506552653330101355e-01,9.663061070270220210e-01,2.145791744962382008e+00,1.000000000000000000e+00,1.000000000000000000e+00,9.663009055924274282e-01
-1.700000000000000000e+02,2.510790957517205491e-01,9.696868581287826361e-01,2.145350657065534961e+00,1.000000000000000000e+00,1.000000000000000000e+00,9.696816191633305104e-01
-1.698999999999999773e+02,2.515051293249843112e-01,9.722319194772509610e-01,2.144929191075608532e+00,1.000000000000000000e+00,1.000000000000000000e+00,9.730737952771311150e-01
-1.698000000000000114e+02,2.519326361580821461e-01,9.705541732093385665e-01,2.144527520389379216e+00,1.000000000000000000e+00,1.000000000000000000e+00,9.663432356289952674e-01
-1.697000000000000171e+02,2.523586451457613955e-01,9.697293319130682043e-01,2.144145833960496628e+00,1.000000000000000000e+00,1.000000000000000000e+00,9.697240924749177537e-01
-1.696000000000000227e+02,2.527868686423572209e-01,9.731216901565254984e-01,2.143784066285898238e+00,1.000000000000000000e+00,1.000000000000000000e+00,9.731164128524671941e-01
-1.695000000000000000e+02,2.532173205558985729e-01,9.765255914421906436e-01,2.143442361428721465e+00,1.000000000000000000e+00,1.000000000000000000e+00,9.765202759377769048e-01
-1.694000000000000057e+02,2.536500149188217756e-01,9.799411156307986648e-01,2.143120864812366744e+00,1.000000000000000000e+00,1.000000000000000000e+00,9.799357615878319105e-01
-1.693000000000000114e+02,2.540849658893303831e-01,9.833683432716395778e-01,2.142819723244467678e+00,1.000000000000000000e+00,1.000000000000000000e+00,9.833629503480021405e-01
-1.692000000000000171e+02,2.545221877527729104e-01,9.868073556099932198e-01,2.142539084941433192e+00,1.000000000000000000e+00,1.000000000000000000e+00,9.868019234596716593e-01
-1.690999999999999943e+02,2.549616949230388285e-01,9.902582345945972753e-01,2.142279099553580313e+00,1.000000000000000000e+00,1.000000000000000000e+00,9.902527628679661520e-01
-1.690000000000000000e+02,2.554035019439729326e-01,9.937210628862616080e-01,2.142039918190865588e+00,1.000000000000000000e+00,1.000000000000000000e+00,9.937155512295866577e-01
-1.689000000000000057e+02,2.558476234908094726e-01,9.971959238651775248e-01,2.141821693449239561e+00,1.000000000000000000e+00,1.000000000000000000e+00,9.971903719207487748e-01
-1.688000000000000114e+02,2.562940743716239922e-01,1.000682901639048383e+00,2.141624579437635845e+00,1.000000000000000000e+00,1.000000000000000000e+00,1.000677309045221230e+00
-1.686999999999999886e+02,2.567428695288061502e-01,1.004182081051515851e+00,2.141448731805607686e+00,1.000000000000000000e+00,1.000000000000000000e+00,1.004176447442478803e+00
-1.685999999999999943e+02,2.571940240405510281e-01,1.007693547690013069e+00,2.141294307771643535e+00,1.000000000000000000e+00,1.000000000000000000e+00,1.007687872695956832e+00
-1.685000000000000000e+02,2.576475531223714199e-01,1.011217387894701947e+00,2.141161466152158965e+00,1.000000000000000000e+00,1.000000000000000000e+00,1.011211671141424961e+00
-1.684000000000000057e+02,2.581034721286301070e-01,1.014753688766567352e+00,2.141050367391205356e+00,1.000000000000000000e+00,1.000000000000000000e+00,1.014747929875467136e+00
-1.682999999999999829e+02,2.585617965540928931e-01,1.018302538175464234e+00,2.140961173590894440e+00,1.000000000000000000e+00,1.000000000000000000e+00,1.018296736764077393e+00
-1.681999999999999886e+02,2.590225420355021235e-01,1.021864024770018364e+00,2.140894048542573369e+00,1.000000000000000000e+00,1.000000000000000000e+00,1.021858180451369558e+00
-1.680999999999999943e+02,2.594857243531731861e-01,1.025438237985963674e+00,2.140849157758759613e+00,1.000000000000000000e+00,1.000000000000000000e+00,1.025432350368411960e+00
-1.680000000000000000e+02,2.599513594326106625e-01,1.029025268054657660e+00,2.140826668505865893e+00,1.000000000000000000e+00,1.000000000000000000e+00,1.029019336742172941e+00
-1.678999999999999773e+02,2.604194633461481834e-01,1.032625206012476982e+00,2.140826749837726695e+00,1.000000000000000000e+00,1.000000000000000000e+00,1.032619230604594707e+00
-1.677999999999999829e+02,2.608900523146093220e-01,1.036238143710110915e+00,2.140849572629955677e+00,1.000000000000000000e+00,1.000000000000000000e+00,1.036232123801783311e+00
-1.676999999999999886e+02,2.613631427089926906e-01,1.039864173822033777e+00,2.140895309615153064e+00,1.000000000000000000e+00,1.000000000000000000e+00,1.039858109003334974e+00
-1.675999999999999943e+02,2.618387510521788530e-01,1.043503389855428676e+00,2.140964135418988779e+00,1.000000000000000000e+00,1.000000000000000000e+00,1.043497279711779857e+00
-1.675000000000000000e+02,2.623168940206615507e-01,1.047155886160062499e+00,2.141056226597182643e+00,1.000000000000000000e+00,1.000000000000000000e+00,1.047149730272160850e+00
-1.674000000000000057e+02,2.627975884463022438e-01,1.047204829783147995e+00,2.141171761673405616e+00,1.000000000000000000e+00,1.000000000000000000e+00,1.050815555881740249e+00
-1.673000000000000114e+02,2.632775333773998416e-01,1.045745313275011634e+00,2.141309713584859331e+00,1.000000000000000000e+00,1.000000000000000000e+00,1.044228427367222212e+00
-1.672000000000000171e+02,2.637586408971451801e-01,1.047889716706319696e+00,2.141470813027484876e+00,1.000000000000000000e+00,1.000000000000000000e+00,1.047883551596983986e+00
-1.670999999999999943e+02,2.642423163678309095e-01,1.051558281427195096e+00,2.141655722184123700e+00,1.000000000000000000e+00,1.000000000000000000e+00,1.051552070063769051e+00
-1.670000000000000000e+02,2.647285768974631526e-01,1.055240337048558796e+00,2.141864624204410372e+00,1.000000000000000000e+00,1.000000000000000000e+00,1.055234079000919145e+00
-1.669000000000000057e+02,2.652174397541804396e-01,1.058935980683035849e+00,2.142097704338161712e+00,1.000000000000000000e+00,1.000000000000000000e+00,1.058929675515837721e+00
-1.668000000000000114e+02,2.657089223680966783e-01,1.062645310327265946e+00,2.142355149977643425e+00,1.000000000000000000e+00,1.000000000000000000e+00,1.062638957600131606e+00
-1.666999999999999886e+02,2.662030423331700479e-01,1.066368424872310428e+00,2.142637150700910986e+00,1.000000000000000000e+00,1.000000000000000000e+00,1.066362024139897224e+00
-1.665999999999999943e+02,2.666998174090978169e-01,1.070105424114491388e+00,2.142943898316247875e+00,1.000000000000000000e+00,1.000000000000000000e+00,1.070098974926147584e+00
-1.665000000000000000e+02,2.671992655232381941e-01,1.073856408765688109e+00,2.143275586907729124e+00,1.000000000000000000e+00,1.000000000000000000e+00,1.073849910665390261e+00
-1.664000000000000057e+02,2.677014047725583268e-01,1.077621480464159509e+00,2.143632412881954163e+00,1.000000000000000000e+00,1.000000000000000000e+00,1.077614932990345720e+00
-1.662999999999999829e+02,2.682062534256105524e-01,1.081400741784977360e+00,2.144014575015964486e+00,1.000000000000000000e+00,1.000000000000000000e+00,1.081394144470822383e+00
-1.661999999999999886e+02,2.687138299245351858e-01,1.085194296251312585e+00,2.144422274506396775e+00,1.000000000000000000e+00,1.000000000000000000e+00,1.085187648624736934e+00
-1.660999999999999943e+02,2.692241528870931155e-01,1.089002248346480295e+00,2.144855715019899023e+00,1.000000000000000000e+00,1.000000000000000000e+00,1.088995549929299811e+00
-1.660000000000000000e+02,2.697372411087264332e-01,1.092824703523957330e+00,2.145315102744836722e+00,1.000000000000000000e+00,1.000000000000000000e+00,1.092817953832349920e+00
-1.659000000000000057e+02,2.702531135646477622e-01,1.096661768219384658e+00,2.145800646444349535e+00,1.000000000000000000e+00,1.000000000000000000e+00,1.096654966763853656e+00
-1.657999999999999829e+02,2.707717894119602842e-01,1.100513549862219165e+00,2.146312557510774433e+00,1.000000000000000000e+00,1.000000000000000000e+00,1.100506696147567354e+00
-1.656999999999999886e+02,2.712932879918069640e-01,1.104380156887793341e+00,2.146851050021481022e+00,1.000000000000000000e+00,1.000000000000000000e+00,1.104373250412860719e+00
-1.655999999999999943e+02,2.718176288315516942e-01,1.108261698749578583e+00,2.147416340796172829e+00,1.000000000000000000e+00,1.000000000000000000e+00,1.108254739006716560e+00
-1.654999999999999716e+02,2.723448316469906927e-01,1.112158285929890411e+00,2.148008649455679819e+00,1.000000000000000000e+00,1.000000000000000000e+00,1.112151272405897506e+00
-1.653999999999999773e+02,2.728749163445952086e-01,1.116070029953877052e+00,2.148628198482293250e+00,1.000000000000000000e+00,1.000000000000000000e+00,1.116062962129282132e+00
-1.653000000000000114e+02,2.734079030237884789e-01,1.119997043401718129e+00,2.149275213281689911e+00,1.000000000000000000e+00,1.000000000000000000e+00,1.119989920750389834e+00
-1.652000000000000171e+02,2.739438119792532156e-01,1.122484793476060672e+00,2.149949922246492839e+00,1.000000000000000000e+00,1.000000000000000000e+00,1.123932261910075336e+00
-1.651000000000000227e+02,2.744812727059074420e-01,1.120921639315976659e+00,2.150651474996583268e+00,1.000000000000000000e+00,1.000000000000000000e+00,1.116879898142099314e+00
-1.650000000000000000e+02,2.750177898560802192e-01,1.120817186516380071e+00,2.151378013699657643e+00,1.000000000000000000e+00,1.000000000000000000e+00,1.120810052374647148e+00
-1.649000000000000057e+02,2.755572495687340084e-01,1.124762802571140252e+00,2.152132699664148774e+00,1.000000000000000000e+00,1.000000000000000000e+00,1.124755612958891593e+00
-1.648000000000000114e+02,2.760996724901159660e-01,1.128723940465673259e+00,2.152915768694029452e+00,1.000000000000000000e+00,1.000000000000000000e+00,1.128716694842611501e+00
-1.647000000000000171e+02,2.766450794680485603e-01,1.132700716250438111e+00,2.153727459811491052e+00,1.000000000000000000e+00,1.000000000000000000e+00,1.132693414069618987e+00
-1.645999999999999943e+02,2.771934915543598499e-01,1.136693247084832548e+00,2.154568015328387709e+00,1.000000000000000000e+00,1.000000000000000000e+00,1.136685887793053906e+00
-1.645000000000000000e+02,2.777449300073496774e-01,1.140701651251761151e+00,2.155437680919604304e+00,1.000000000000000000e+00,1.000000000000000000e+00,1.140694234288873066e+00
-1.644000000000000057e+02,2.782994162942923899e-01,1.144726048170561672e+00,2.156336705698388201e+00,1.000000000000000000e+00,1.000000000000000000e+00,1.144718572969541492e+00
-1.643000000000000114e+02,2.788569720939749197e-01,1.148766558411382643e+00,2.157265342293722910e+00,1.000000000000000000e+00,1.000000000000000000e+00,1.148759024397915107e+00
-1.641999999999999886e+02,2.794176192992738339e-01,1.152823303708339520e+00,2.158223846929786749e+00,1.000000000000000000e+00,1.000000000000000000e+00,1.152815710301334562e+00
-1.640999999999999943e+02,2.799813800197676339e-01,1.156896406974535552e+00,2.159212479507577331e+00,1.000000000000000000e+00,1.000000000000000000e+00,1.156888753585915142e+00
-1.640000000000000000e+02,2.805482765843909099e-01,1.160985992317233206e+00,2.160231503688759602e+00,1.000000000000000000e+00,1.000000000000000000e+00,1.160978278351061599e+00
-1.639000000000000057e+02,2.811183315441250219e-01,1.165092185050970341e+00,2.161281186981803160e+00,1.000000000000000000e+00,1.000000000000000000e+00,1.165084409904185714e+00
-1.637999999999999829e+02,2.816915676747297481e-01,1.169215111713414856e+00,2.162361800830491898e+00,1.000000000000000000e+00,1.000000000000000000e+00,1.169207274775646344e+00
-1.636999999999999886e+02,2.822680079795152897e-01,1.173354900080748386e+00,2.163473620704862377e+00,1.000000000000000000e+00,1.000000000000000000e+00,1.173347000733904411e+00
-1.635999999999999943e+02,2.828476756921559643e-01,1.177511679182902116e+00,2.164616926194666391e+00,1.000000000000000000e+00,1.000000000000000000e+00,1.177503716800918143e+00
-1.635000000000000000e+02,2.834305942795453115e-01,1.181685579318846768e+00,2.165792001105419473e+00,1.000000000000000000e+00,1.000000000000000000e+00,1.181677553267750591e+00
-1.633999999999999773e+02,2.840167874446941632e-01,1.185876732072254747e+00,2.166999133557129475e+00,1.000000000000000000e+00,1.000000000000000000e+00,1.185868641710420945e+00
-1.632999999999999829e+02,2.846062791296717354e-01,1.190085270328230749e+00,2.168238616085782056e+00,1.000000000000000000e+00,1.000000000000000000e+00,1.190077115005985897e+00
-1.631999999999999886e+02,2.851990935185920173e-01,1.194311328289676011e+00,2.169510745747675440e+00,1.000000000000000000e+00,1.000000000000000000e+00,1.194303107348871462e+00
-1.630999999999999943e+02,2.857952550406441250e-01,1.193908646466400381e+00,2.170815824226696833e+00,1.000000000000000000e+00,1.000000000000000000e+00,1.198546754267442838e+00
-1.630000000000000000e+02,2.863901530661253081e-01,1.192498725609779653e+00,2.172148436382525638e+00,1.000000000000000000e+00,1.000000000000000000e+00,1.191474164623681942e+00
-1.629000000000000057e+02,2.869873843578849004e-01,1.195714229173109766e+00,2.173513059407810033e+00,1.000000000000000000e+00,1.000000000000000000e+00,1.195705986363114537e+00
-1.628000000000000114e+02,2.875879896327490082e-01,1.199963817158652857e+00,2.174911232920621718e+00,1.000000000000000000e+00,1.000000000000000000e+00,1.199955507841063085e+00
-1.627000000000000171e+02,2.881919937889509398e-01,1.204231242890504650e+00,2.176343270987713296e+00,1.000000000000000000e+00,1.000000000000000000e+00,1.204222866387569812e+00
-1.625999999999999943e+02,2.887994219784502103e-01,1.208516645080711660e+00,2.177809492713946860e+00,1.000000000000000000e+00,1.000000000000000000e+00,1.208508200706224223e+00
-1.625000000000000000e+02,2.894102996101360903e-01,1.212820163832729836e+00,2.179310222364239102e+00,1.000000000000000000e+00,1.000000000000000000e+00,1.212811650891586712e+00
-1.624000000000000057e+02,2.900246523530815579e-01,1.217141940658800214e+00,2.180845789489021413e+00,1.000000000000000000e+00,1.000000000000000000e+00,1.217133358446880420e+00
-1.623000000000000114e+02,2.906425061398450471e-01,1.221482118497736025e+00,2.182416529053310406e+00,1.000000000000000000e+00,1.000000000000000000e+00,1.221473466301942645e+00
-1.621999999999999886e+02,2.912638871698244869e-01,1.225840841733401465e+00,2.184022781569523008e+00,1.000000000000000000e+00,1.000000000000000000e+00,1.225832118831463147e+00
-1.620999999999999943e+02,2.918888219126613559e-01,1.230218256213039263e+00,2.185664893234155137e+00,1.000000000000000000e+00,1.000000000000000000e+00,1.230209461873488896e+00
-1.620000000000000000e+02,2.925173371116984167e-01,1.234614509266553917e+00,2.187343216068451834e+00,1.000000000000000000e+00,1.000000000000000000e+00,1.234605642748226595e+00
-1.619000000000000057e+02,2.931494597874900188e-01,1.239029749724815277e+00,2.189058108063209218e+00,1.000000000000000000e+00,1.000000000000000000e+00,1.239020810277126072e+00
-1.618000000000000114e+02,2.937852172413666918e-01,1.243464127940000052e+00,2.190809933327837911e+00,1.000000000000000000e+00,1.000000000000000000e+00,1.243455114802260342e+00
-1.616999999999999886e+02,2.944246370590560269e-01,1.247917795804068808e+00,2.192599062243845154e+00,1.000000000000000000e+00,1.000000000000000000e+00,1.247908708206010298e+00
-1.615999999999999943e+02,2.950677471143576258e-01,1.252390906769542234e+00,2.194425871622874169e+00,1.000000000000000000e+00,1.000000000000000000e+00,1.252381743931044289e+00
-1.615000000000000000e+02,2.957145755728783909e-01,1.256883615870551640e+00,2.196290744869466849e+00,1.000000000000000000e+00,1.000000000000000000e+00,1.256874377000624543e+00
-1.613999999999999773e+02,2.963651508958239367e-01,1.261396079741523346e+00,2.198194072148709211e+00,1.000000000000000000e+00,1.000000000000000000e+00,1.261386764039219122e+00
-1.612999999999999829e+02,2.970195018438496759e-01,1.264157089536980916e+00,2.200136250558924811e+00,1.000000000000000000e+00,1.000000000000000000e+00,1.265919063293434732e+00
-1.611999999999999886e+02,2.976758209388099541e-01,1.262926389601974897e+00,2.202114587339691010e+00,1.000000000000000000e+00,1.000000000000000000e+00,1.258940611592096026e+00
-1.610999999999999943e+02,2.983317892514211755e-01,1.263471458806258996e+00,2.204125321371832591e+00,1.000000000000000000e+00,1.000000000000000000e+00,1.263462107609767626e+00
-1.610000000000000000e+02,2.989915677675539785e-01,1.268013018155230043e+00,2.206175718896415283e+00,1.000000000000000000e+00,1.000000000000000000e+00,1.268003588939069726e+00
-1.608999999999999773e+02,2.996551858557429115e-01,1.272574724293686010e+00,2.208266196789625990e+00,1.000000000000000000e+00,1.000000000000000000e+00,1.272565216230641783e+00
-1.608000000000000114e+02,3.003226731954379836e-01,1.277156739558250820e+00,2.210397179550755986e+00,1.000000000000000000e+00,1.000000000000000000e+00,1.277147151810145598e+00
-1.607000000000000171e+02,3.009940597810941698e-01,1.281759227983216176e+00,2.212569099501002778e+00,1.000000000000000000e+00,1.000000000000000000e+00,1.281749559700374297e+00
-1.605999999999999943e+02,3.016693759263239794e-01,1.286382355321612492e+00,2.214782396988407065e+00,1.000000000000000000e+00,1.000000000000000000e+00,1.286372605643696820e+00
-1.605000000000000000e+02,3.023486522681163580e-01,1.291026289070087207e+00,2.217037520599149047e+00,1.000000000000000000e+00,1.000000000000000000e+00,1.291016457124863237e+00
-1.604000000000000057e+02,3.030319197711247026e-01,1.295691198490820151e+00,2.219334927375443467e+00,1.000000000000000000e+00,1.000000000000000000e+00,1.295681283394181316e+00
-1.603000000000000114e+02,3.037192097320202122e-01,1.300377254634800472e+00,2.221675083040256737e+00,1.000000000000000000e+00,1.000000000000000000e+00,1.300367255491050811e+00
-1.602000000000000171e+02,3.044105537839179032e-01,1.305084630366749820e+00,2.224058462229106414e+00,1.000000000000000000e+00,1.000000000000000000e+00,1.305074546267881885e+00
-1.600999999999999943e+02,3.051059839008719021e-01,1.309813500388248064e+00,2.226485548729200126e+00,1.000000000000000000e+00,1.000000000000000000e+00,1.309803330414397227e+00
-1.600000000000000000e+02,3.058055324024437360e-01,1.314564041263630134e+00,2.228956835726183972e+00,1.000000000000000000e+00,1.000000000000000000e+00,1.314553784482318077e+00
-1.599000000000000057e+02,3.065092319583451186e-01,1.319336431444562141e+00,2.231472826058785941e+00,1.000000000000000000e+00,1.000000000000000000e+00,1.319326086910463935e+00
-1.598000000000000114e+02,3.072171155931546771e-01,1.324130851295256983e+00,2.234034032481646559e+00,1.000000000000000000e+00,1.000000000000000000e+00,1.324120418050240833e+00
-1.596999999999999886e+02,3.079292166911122286e-01,1.328947483118576356e+00,2.236640977936645402e+00,1.000000000000000000e+00,1.000000000000000000e+00,1.328936960191556826e+00
-1.595999999999999943e+02,3.086455690009903829e-01,1.329938355152527230e+00,2.239294195833041456e+00,1.000000000000000000e+00,1.000000000000000000e+00,1.333775897589146053e+00
-1.595000000000000000e+02,3.093620607290175628e-01,1.328690729389238934e+00,2.241985194076702825e+00,1.000000000000000000e+00,1.000000000000000000e+00,1.326440196992651588e+00
-1.594000000000000057e+02,3.100803919691342836e-01,1.331278081647985667e+00,2.244717819548773807e+00,1.000000000000000000e+00,1.000000000000000000e+00,1.331267515124872292e+00
-1.592999999999999829e+02,3.108030158321175018e-01,1.336127975741156160e+00,2.247497822321541161e+00,1.000000000000000000e+00,1.000000000000000000e+00,1.336117318072073124e+00
-1.591999999999999886e+02,3.115299668171497283e-01,1.341000542869996259e+00,2.250325766756727131e+00,1.000000000000000000e+00,1.000000000000000000e+00,1.340989793050630485e+00
-1.590999999999999943e+02,3.122612798025961034e-01,1.345895972297183052e+00,2.253202228830148979e+00,1.000000000000000000e+00,1.000000000000000000e+00,1.345885129308989514e+00
-1.590000000000000000e+02,3.129969900511899161e-01,1.350814455345121123e+00,2.256127796458431867e+00,1.000000000000000000e+00,1.000000000000000000e+00,1.350803518155525129e+00
-1.588999999999999773e+02,3.137371332153038317e-01,1.355756185424347393e+00,2.259103069836664979e+00,1.000000000000000000e+00,1.000000000000000000e+00,1.355745152986862490e+00
-1.587999999999999829e+02,3.144817453423081055e-01,1.360721358063110564e+00,2.262128661787414785e+00,1.000000000000000000e+00,1.000000000000000000e+00,1.360710229316665743e+00
-1.586999999999999886e+02,3.152308628800186141e-01,1.365710170936637491e+00,2.265205198121556851e+00,1.000000000000000000e+00,1.000000000000000000e+00,1.365698944804911719e+00
-1.585999999999999943e+02,3.159845226822344255e-01,1.370722823895898834e+00,2.268333318011382715e+00,1.000000000000000000e+00,1.000000000000000000e+00,1.370711499287637691e+00
-1.585000000000000000e+02,3.167427620143675737e-01,1.375759518997982767e+00,2.271513674376485437e+00,1.000000000000000000e+00,1.000000000000000000e+00,1.375748094807190514e+00
-1.584000000000000057e+02,3.175056185591671465e-01,1.380820460537998340e+00,2.274746934282927402e+00,1.000000000000000000e+00,1.000000000000000000e+00,1.380808935642979796e+00
-1.583000000000000114e+02,3.182731304225403512e-01,1.385905855079870630e+00,2.278033779356243294e+00,1.000000000000000000e+00,1.000000000000000000e+00,1.385894228342750223e+00
-1.582000000000000171e+02,3.190453361394698373e-01,1.391015911487505585e+00,2.281374906208824438e+00,1.000000000000000000e+00,1.000000000000000000e+00,1.391004181754373681e+00
-1.580999999999999943e+02,3.198222746800316041e-01,1.391664667059233640e+00,2.284771026882291167e+00,1.000000000000000000e+00,1.000000000000000000e+00,1.396139007058178061e+00
-1.580000000000000000e+02,3.205989771342976913e-01,1.390065670325478342e+00,2.288209423843223789e+00,1.000000000000000000e+00,1.000000000000000000e+00,1.387803301874446005e+00
-1.579000000000000057e+02,3.213778993206007906e-01,1.392934305227558012e+00,2.291696867162157147e+00,1.000000000000000000e+00,1.000000000000000000e+00,1.392922536657190902e+00
-1.578000000000000114e+02,3.221615993892350538e-01,1.398078596133268681e+00,2.295240769203189313e+00,1.000000000000000000e+00,1.000000000000000000e+00,1.398066722954975916e+00
-1.577000000000000171e+02,3.229501171713041185e-01,1.403248054186436944e+00,2.298841888064433903e+00,1.000000000000000000e+00,1.000000000000000000e+00,1.403236075207052957e+00
-1.575999999999999943e+02,3.237434929505799697e-01,1.408442896254225918e+00,2.302500999094859946e+00,1.000000000000000000e+00,1.000000000000000000e+00,1.408430810264094335e+00
-1.575000000000000000e+02,3.245417674699117572e-01,1.413663341650239547e+00,2.306218895416436876e+00,1.000000000000000000e+00,1.000000000000000000e+00,1.413651147422404053e+00
-1.574000000000000057e+02,3.253449819377464136e-01,1.418909612169475976e+00,2.309996388465211492e+00,1.000000000000000000e+00,1.000000000000000000e+00,1.418897308458722417e+00
-1.572999999999999829e+02,3.261531780347585729e-01,1.424181932121864502e+00,2.313834308552105146e+00,1.000000000000000000e+00,1.000000000000000000e+00,1.424169517665620388e+00
-1.571999999999999886e+02,3.269663979205943982e-01,1.429480528369964976e+00,2.317733505444297126e+00,1.000000000000000000e+00,1.000000000000000000e+00,1.429468001887494122e+00
-1.570999999999999943e+02,3.277846842407332595e-01,1.434805630365403095e+00,2.321694848968081093e+00,1.000000000000000000e+00,1.000000000000000000e+00,1.434792990557193004e+00
-1.570000000000000000e+02,3.286080801334658186e-01,1.440157470185454924e+00,2.325719229634131135e+00,1.000000000000000000e+00,1.000000000000000000e+00,1.440144715733267855e+00
-1.569000000000000057e+02,3.294366292369941274e-01,1.445536282571486586e+00,2.329807559286165564e+00,1.000000000000000000e+00,1.000000000000000000e+00,1.445523412137869279e+00
-1.567999999999999829e+02,3.302703756966543502e-01,1.449314108004678081e+00,2.333960771774045373e+00,1.000000000000000000e+00,1.000000000000000000e+00,1.450929317195299939e+00
-1.566999999999999886e+02,3.311074870873315090e-01,1.447496551083414795e+00,2.338173832934026031e+00,1.000000000000000000e+00,1.000000000000000000e+00,1.441917533893500636e+00
-1.565999999999999943e+02,3.319433678425675605e-01,1.447318096049971858e+00,2.342432478311164523e+00,1.000000000000000000e+00,1.000000000000000000e+00,1.447305187027314144e+00
-1.564999999999999716e+02,3.327844959254174784e-01,1.452733154614426647e+00,2.346757948477879996e+00,1.000000000000000000e+00,1.000000000000000000e+00,1.452720127801168770e+00
-1.563999999999999773e+02,3.336309164706898756e-01,1.458175743281445946e+00,2.351151244200877510e+00,1.000000000000000000e+00,1.000000000000000000e+00,1.458162597294555329e+00
-1.563000000000000114e+02,3.344826751412015575e-01,1.463646105946019516e+00,2.355613391065773055e+00,1.000000000000000000e+00,1.000000000000000000e+00,1.463632839381585171e+00
-1.562000000000000171e+02,3.353398181354801943e-01,1.469144489338038317e+00,2.360145440282438667e+00,1.000000000000000000e+00,1.000000000000000000e+00,1.469131100771826848e+00
-1.561000000000000227e+02,3.362023921956029948e-01,1.474671143065350298e+00,2.364748469521818386e+00,1.000000000000000000e+00,1.000000000000000000e+00,1.474657631051864648e+00
-1.560000000000000000e+02,3.370704446151747136e-01,1.480226319654946776e+00,2.369423583785691623e+00,1.000000000000000000e+00,1.000000000000000000e+00,1.480212682727593432e+00
-1.559000000000000057e+02,3.379440232474442696e-01,1.485810274596532921e+00,2.374171916310895636e+00,1.000000000000000000e+00,1.000000000000000000e+00,1.485796511267250875e+00
-1.558000000000000114e+02,3.388231765135683582e-01,1.491423266387526203e+00,2.378994629509651126e+00,1.000000000000000000e+00,1.000000000000000000e+00,1.491409375145226202e+00
-1.556999999999999886e+02,3.397079534110203913e-01,1.497065556575034373e+00,2.383892915947679381e+00,1.000000000000000000e+00,1.000000000000000000e+00,1.497051535886640083e+00
-1.555999999999999943e+02,3.405984035221479855e-01,1.501602208748976430e+00,2.388867999361923289e+00,1.000000000000000000e+00,1.000000000000000000e+00,1.502723258112712124e+00
-1.555000000000000000e+02,3.414932273679213703e-01,1.499207174626101757e+00,2.393916096751225187e+00,1.000000000000000000e+00,1.000000000000000000e+00,1.492304282909176383e+00
-1.554000000000000057e+02,3.423855128028213124e-01,1.497965166356549194e+00,2.399011961305694385e+00,1.000000000000000000e+00,1.000000000000000000e+00,1.497951124948931012e+00
-1.553000000000000114e+02,3.432835217875186973e-01,1.503641743484968929e+00,2.404187139393056505e+00,1.000000000000000000e+00,1.000000000000000000e+00,1.503627570825546655e+00
-1.551999999999999886e+02,3.441873049683066843e-01,1.509348194300807577e+00,2.409442949355725894e+00,1.000000000000000000e+00,1.000000000000000000e+00,1.509333888806344337e+00
-1.550999999999999943e+02,3.450969135998652182e-01,1.515084790291833183e+00,2.414780744958522352e+00,1.000000000000000000e+00,1.000000000000000000e+00,1.515070350355498086e+00
-1.550000000000000000e+02,3.460123995543832320e-01,1.520851806191779731e+00,2.420201916621584015e+00,1.000000000000000000e+00,1.000000000000000000e+00,1.520837230182041644e+00
-1.549000000000000057e+02,3.469338153308448303e-01,1.526649520028327212e+00,2.425707892705222690e+00,1.000000000000000000e+00,1.000000000000000000e+00,1.526634806288726054e+00
-1.547999999999999829e+02,3.478612140644833928e-01,1.532478213172301151e+00,2.431300140849371072e+00,1.000000000000000000e+00,1.000000000000000000e+00,1.532463360021772303e+00
-1.546999999999999886e+02,3.487946495364070976e-01,1.538338170389750736e+00,2.436980169370326355e+00,1.000000000000000000e+00,1.000000000000000000e+00,1.538323176121516589e+00
-1.545999999999999943e+02,3.497341761834019680e-01,1.544229679893315943e+00,2.442749528717761187e+00,1.000000000000000000e+00,1.000000000000000000e+00,1.544214542773996168e+00
-1.545000000000000000e+02,3.506798491079117785e-01,1.547992643330176055e+00,2.448609812995029777e+00,1.000000000000000000e+00,1.000000000000000000e+00,1.550137751663458019e+00
-1.543999999999999773e+02,3.516290795469533270e-01,1.545439997785765573e+00,2.454551260661680168e+00,1.000000000000000000e+00,1.000000000000000000e+00,1.539145462834215161e+00
-1.542999999999999829e+02,3.525767484905002469e-01,1.545056423772289911e+00,2.460552497154808282e+00,1.000000000000000000e+00,1.000000000000000000e+00,1.545041266528688118e+00
-1.541999999999999886e+02,3.535306191533866826e-01,1.550984255650857735e+00,2.466647998091166638e+00,1.000000000000000000e+00,1.000000000000000000e+00,1.550968953548201190e+00
-1.540999999999999943e+02,3.544907478421355784e-01,1.556944268382461471e+00,2.472839492798482475e+00,1.000000000000000000e+00,1.000000000000000000e+00,1.556928819629891603e+00
-1.540000000000000000e+02,3.554571915562332318e-01,1.562936761345128156e+00,2.479128760728473324e+00,1.000000000000000000e+00,1.000000000000000000e+00,1.562921164124755347e+00
-1.539000000000000057e+02,3.564300079987789971e-01,1.568962037587638303e+00,2.485517633328415688e+00,1.000000000000000000e+00,1.000000000000000000e+00,1.568946290053250037e+00
-1.538000000000000114e+02,3.574092555873350507e-01,1.575020403885734277e+00,2.492007995997737702e+00,1.000000000000000000e+00,1.000000000000000000e+00,1.575004504161945595e+00
-1.537000000000000171e+02,3.583949934649742208e-01,1.581112170798968375e+00,2.498601790134203249e+00,1.000000000000000000e+00,1.000000000000000000e+00,1.581096116981208555e+00
-1.535999999999999943e+02,3.593872815115359831e-01,1.587237652729525994e+00,2.505301015274575160e+00,1.000000000000000000e+00,1.000000000000000000e+00,1.587221442883971712e+00
-1.535000000000000000e+02,3.603861803550905130e-01,1.589441446302104932e+00,2.512107731334949801e+00,1.000000000000000000e+00,1.000000000000000000e+00,1.593380800145590026e+00
-1.534000000000000057e+02,3.613867751447453758e-01,1.586455361016616550e+00,2.518999564998938290e+00,1.000000000000000000e+00,1.000000000000000000e+00,1.581272816819112137e+00
-1.533000000000000114e+02,3.623874586052554525e-01,1.587415336976505387e+00,2.525969380728187552e+00,1.000000000000000000e+00,1.000000000000000000e+00,1.587399122588861511e+00
-1.531999999999999886e+02,3.633948092952767328e-01,1.593575841419503369e+00,2.533051015175235232e+00,1.000000000000000000e+00,1.000000000000000000e+00,1.593559468982256089e+00
-1.530999999999999943e+02,3.644088891326400237e-01,1.599770710836390109e+00,2.540246716586573861e+00,1.000000000000000000e+00,1.000000000000000000e+00,1.599754178353624656e+00
-1.530000000000000000e+02,3.654297608137204723e-01,1.606000271640942056e+00,2.547558803203761713e+00,1.000000000000000000e+00,1.000000000000000000e+00,1.605983577084662439e+00
-1.529000000000000057e+02,3.664574878256677271e-01,1.612264854337359221e+00,2.554989666063348874e+00,1.000000000000000000e+00,1.000000000000000000e+00,1.612247995647761112e+00
-1.528000000000000114e+02,3.674921344588689132e-01,1.618564793586040551e+00,2.562541771933529056e+00,1.000000000000000000e+00,1.000000000000000000e+00,1.618547768670545839e+00
-1.526999999999999886e+02,3.685337658196484178e-01,1.624900428268875707e+00,2.570217666395479217e+00,1.000000000000000000e+00,1.000000000000000000e+00,1.624883235001638226e+00
-1.525999999999999943e+02,3.695824478432087057e-01,1.626523675162652394e+00,2.578019977077842917e+00,1.000000000000000000e+00,1.000000000000000000e+00,1.631254737777665609e+00
-1.525000000000000000e+02,3.706321214278631149e-01,1.624334211884889578e+00,2.585917339496233591e+00,1.000000000000000000e+00,1.000000000000000000e+00,1.620511698459563332e+00
-1.523999999999999773e+02,3.716839305003084015e-01,1.626875566602468792e+00,2.593917201898645164e+00,1.000000000000000000e+00,1.000000000000000000e+00,1.626858320607827313e+00
-1.522999999999999829e+02,3.727428650469167826e-01,1.633258503844986720e+00,2.602049383283696837e+00,1.000000000000000000e+00,1.000000000000000000e+00,1.633241086661130881e+00
-1.521999999999999886e+02,3.738089926227162740e-01,1.639677936058130836e+00,2.610316782302159133e+00,1.000000000000000000e+00,1.000000000000000000e+00,1.639660345479557524e+00
-1.520999999999999943e+02,3.748823816490554628e-01,1.646134216585329213e+00,2.618722394258923281e+00,1.000000000000000000e+00,1.000000000000000000e+00,1.646116450370983753e+00
-1.520000000000000000e+02,3.759631014274899541e-01,1.652627703289778482e+00,2.627269315250788662e+00,1.000000000000000000e+00,1.000000000000000000e+00,1.652609759162438463e+00
-1.518999999999999773e+02,3.770512221539374931e-01,1.659158758626836816e+00,2.635960746521101239e+00,1.000000000000000000e+00,1.000000000000000000e+00,1.659140634272844306e+00
-1.518000000000000114e+02,3.781468149331062567e-01,1.661640598817468728e+00,2.644799999044765038e+00,1.000000000000000000e+00,1.000000000000000000e+00,1.665709442787159489e+00
-1.517000000000000171e+02,3.792445568300558123e-01,1.660440841392712308e+00,2.653756923214370289e+00,1.000000000000000000e+00,1.000000000000000000e+00,1.656745980805205853e+00
-1.515999999999999943e+02,3.803449284988453249e-01,1.663319102805254968e+00,2.662836183552467428e+00,1.000000000000000000e+00,1.000000000000000000e+00,1.663300862971033522e+00
-1.515000000000000000e+02,3.814528695211599763e-01,1.669912337648360667e+00,2.672071212163631415e+00,1.000000000000000000e+00,1.000000000000000000e+00,1.669893913725476686e+00
-1.514000000000000057e+02,3.825684530183059984e-01,1.676544118367634617e+00,2.681465703720809390e+00,1.000000000000000000e+00,1.000000000000000000e+00,1.676525507941163395e+00
-1.513000000000000114e+02,3.836917530662713460e-01,1.683214824743284765e+00,2.691023484427593093e+00,1.000000000000000000e+00,1.000000000000000000e+00,1.683196025359043224e+00
-1.512000000000000171e+02,3.848228447113116735e-01,1.689924841504598207e+00,2.700748518031914180e+00,1.000000000000000000e+00,1.000000000000000000e+00,1.689905850667932086e+00
-1.510999999999999943e+02,3.859618039858425664e-01,1.694794810316383238e+00,2.710644912177078147e+00,1.000000000000000000e+00,1.000000000000000000e+00,1.696655373585621351e+00
-1.510000000000000000e+02,3.871061754136235211e-01,1.694409424441206014e+00,2.720699474371836679e+00,1.000000000000000000e+00,1.000000000000000000e+00,1.689157387574082181e+00
-1.509000000000000057e+02,3.882513839774385245e-01,1.695921637588523767e+00,2.730883290417493114e+00,1.000000000000000000e+00,1.000000000000000000e+00,1.695902474472868349e+00
-1.507999999999999829e+02,3.894045782925325550e-01,1.702706969019712968e+00,2.741248836541181788e+00,1.000000000000000000e+00,1.000000000000000000e+00,1.702687609627486331e+00
-1.506999999999999886e+02,3.905658367865690317e-01,1.709532750765506481e+00,2.751800746372480067e+00,1.000000000000000000e+00,1.000000000000000000e+00,1.709513192481111554e+00
-1.505999999999999943e+02,3.917352389275425839e-01,1.716399387585345382e+00,2.762543828910361654e+00,1.000000000000000000e+00,1.000000000000000000e+00,1.716379627749307302e+00
-1.505000000000000000e+02,3.929128652410376898e-01,1.723307289598911440e+00,2.773483077054877288e+00,1.000000000000000000e+00,1.000000000000000000e+00,1.723287325507555368e+00
-1.504000000000000057e+02,3.940987973278344270e-01,1.725870029601802136e+00,2.784623676649000235e+00,1.000000000000000000e+00,1.000000000000000000e+00,1.730236701280546852e+00
-1.502999999999999829e+02,3.952870830587913442e-01,1.726521939390541549e+00,2.795924770571391882e+00,1.000000000000000000e+00,1.000000000000000000e+00,1.724572667470173348e+00
-1.501999999999999886e+02,3.964810733944437171e-01,1.731550026761182526e+00,2.807415206151258946e+00,1.000000000000000000e+00,1.000000000000000000e+00,1.731529816978658376e+00
-1.500999999999999943e+02,3.976835137176663038e-01,1.738549564359367583e+00,2.819120765139321527e+00,1.000000000000000000e+00,1.000000000000000000e+00,1.738529144253873504e+00
-1.499999999999999716e+02,3.988944885025107467e-01,1.745591710328391555e+00,2.831047371488180531e+00,1.000000000000000000e+00,1.000000000000000000e+00,1.745571077048812647e+00
-1.498999999999999773e+02,4.001140833629110438e-01,1.752676898215278722e+00,2.843201188897114040e+00,1.000000000000000000e+00,1.000000000000000000e+00,1.752656048862228477e+00
-1.497999999999999829e+02,4.013423850719278207e-01,1.755193314121962445e+00,2.855588633301620938e+00,1.000000000000000000e+00,1.000000000000000000e+00,1.759784499035702332e+00
-1.496999999999999886e+02,4.025730200487839250e-01,1.756200388153809744e+00,2.868161914134386592e+00,1.000000000000000000e+00,1.000000000000000000e+00,1.754645423391113734e+00
-1.495999999999999943e+02,4.038102767738235843e-01,1.761807243730090011e+00,2.880961280493782972e+00,1.000000000000000000e+00,1.000000000000000000e+00,1.761786113560980693e+00
-1.495000000000000000e+02,4.050563997209300493e-01,1.768992206032789172e+00,2.894011714465196228e+00,1.000000000000000000e+00,1.000000000000000000e+00,1.768970852993789089e+00
-1.494000000000000057e+02,4.063114788525785115e-01,1.776221673698094472e+00,2.907320619258498606e+00,1.000000000000000000e+00,1.000000000000000000e+00,1.776200094724430745e+00
-1.493000000000000114e+02,4.075756053627539455e-01,1.780460621137765376e+00,2.920895716553190358e+00,1.000000000000000000e+00,1.000000000000000000e+00,1.783474297963064670e+00
-1.492000000000000171e+02,4.088445530917345638e-01,1.779413223792191800e+00,2.934705501582711484e+00,1.000000000000000000e+00,1.000000000000000000e+00,1.774125954000269845e+00
-1.490999999999999943e+02,4.101150713074688814e-01,1.781408980634769934e+00,2.948725177518477292e+00,1.000000000000000000e+00,1.000000000000000000e+00,1.781387238502819548e+00
-1.490000000000000000e+02,4.113947677055491137e-01,1.788715789539231604e+00,2.963030973092498410e+00,1.000000000000000000e+00,1.000000000000000000e+00,1.788693816097114198e+00
-1.489000000000000057e+02,4.126837363050738783e-01,1.796068364786635119e+00,2.977631807844463463e+00,1.000000000000000000e+00,1.000000000000000000e+00,1.796046156823348561e+00
-1.488000000000000114e+02,4.139820724241113359e-01,1.798458943189999548e+00,2.992537004895040376e+00,1.000000000000000000e+00,1.000000000000000000e+00,1.803444737189332736e+00
-1.487000000000000171e+02,4.152826354449362656e-01,1.794700723593849245e+00,3.007684007647885238e+00,1.000000000000000000e+00,1.000000000000000000e+00,1.788560698064406207e+00
-1.485999999999999943e+02,4.165836882941207908e-01,1.795934407027762747e+00,3.023060452162351197e+00,1.000000000000000000e+00,1.000000000000000000e+00,1.795912203352965308e+00
-1.485000000000000000e+02,4.178941959667478723e-01,1.803332380970064985e+00,3.038763675725355995e+00,1.000000000000000000e+00,1.000000000000000000e+00,1.803309939568001674e+00
-1.484000000000000057e+02,4.192142559967007576e-01,1.810777072128353149e+00,3.054804439595307120e+00,1.000000000000000000e+00,1.000000000000000000e+00,1.810754389676324294e+00
-1.482999999999999829e+02,4.205439672745798774e-01,1.805566401952942046e+00,3.071194017188058734e+00,1.000000000000000000e+00,1.000000000000000000e+00,1.818246043336385842e+00
-1.481999999999999886e+02,4.218647830139014010e-01,1.799283053106889074e+00,3.087740279381313346e+00,1.000000000000000000e+00,1.000000000000000000e+00,1.798155210978042096e+00
-1.480999999999999943e+02,4.231935661149489603e-01,1.805589604857753327e+00,3.104630874917711836e+00,1.000000000000000000e+00,1.000000000000000000e+00,1.805567090562914867e+00
-1.480000000000000000e+02,4.245320437102860778e-01,1.813048588483827661e+00,3.121895685892483563e+00,1.000000000000000000e+00,1.000000000000000000e+00,1.813025832118491776e+00
-1.479000000000000057e+02,4.258803162705667722e-01,1.809085467532833835e+00,3.139547725825385882e+00,1.000000000000000000e+00,1.000000000000000000e+00,1.820531927359568369e+00
-1.477999999999999829e+02,4.272214351370924867e-01,1.800464436153440984e+00,3.157399628208101383e+00,1.000000000000000000e+00,1.000000000000000000e+00,1.795796002193533081e+00
-1.476999999999999886e+02,4.285653203209999762e-01,1.803215443811251761e+00,3.175572012079872497e+00,1.000000000000000000e+00,1.000000000000000000e+00,1.803193006180743296e+00
-1.475999999999999943e+02,4.299190006850340806e-01,1.810659395026601448e+00,3.194159310357749249e+00,1.000000000000000000e+00,1.000000000000000000e+00,1.810636716399132595e+00
-1.474999999999999716e+02,4.312825776279297640e-01,1.805042288336793366e+00,3.213176533483364850e+00,1.000000000000000000e+00,1.000000000000000000e+00,1.818127622400808052e+00
-1.473999999999999773e+02,4.326364200044223729e-01,1.795363361553691917e+00,3.232388037514246637e+00,1.000000000000000000e+00,1.000000000000000000e+00,1.791283833752464361e+00
-1.473000000000000114e+02,4.339939102389900327e-01,1.798674733162280770e+00,3.251967854964651128e+00,1.000000000000000000e+00,1.000000000000000000e+00,1.798652441639484900e+00
-1.472000000000000171e+02,4.353612764853955763e-01,1.805629390352760488e+00,3.272009038938426873e+00,1.000000000000000000e+00,1.000000000000000000e+00,1.806067458931790215e+00
-1.471000000000000227e+02,4.367379207854004686e-01,1.799871864903432206e+00,3.292519500053821879e+00,1.000000000000000000e+00,1.000000000000000000e+00,1.787250213155417988e+00
-1.470000000000000000e+02,4.381051864300314902e-01,1.794615658769807665e+00,3.313257998122574044e+00,1.000000000000000000e+00,1.000000000000000000e+00,1.794593497282894079e+00
-1.469000000000000057e+02,4.394823827141401962e-01,1.802005325247583611e+00,3.334497644183073817e+00,1.000000000000000000e+00,1.000000000000000000e+00,1.801982926621855885e+00
-1.468000000000000114e+02,4.408696120150697451e-01,1.805282836401741253e+00,3.356257919876914464e+00,1.000000000000000000e+00,1.000000000000000000e+00,1.809418982953960420e+00
-1.466999999999999886e+02,4.422605780731200809e-01,1.804842048408460187e+00,3.378465375988812358e+00,1.000000000000000000e+00,1.000000000000000000e+00,1.801101679363828145e+00
-1.465999999999999943e+02,4.436558922417923601e-01,1.808554775262158243e+00,3.401143260528517676e+00,1.000000000000000000e+00,1.000000000000000000e+00,1.808532164957270538e+00
-1.465000000000000000e+02,4.450613986197848870e-01,1.815310697954240826e+00,3.424396502107256435e+00,1.000000000000000000e+00,1.000000000000000000e+00,1.816009707552293850e+00
-1.464000000000000057e+02,4.464760815298235985e-01,1.819802800351553174e+00,3.448231187601571435e+00,1.000000000000000000e+00,1.000000000000000000e+00,1.817497749838922427e+00
-1.463000000000000114e+02,4.478975531511057984e-01,1.825055480082905524e+00,3.472631213066429634e+00,1.000000000000000000e+00,1.000000000000000000e+00,1.825032330175565765e+00
-1.461999999999999886e+02,4.493294780307212077e-01,1.833006423428543474e+00,3.497677388949022248e+00,1.000000000000000000e+00,1.000000000000000000e+00,1.832615063472823991e+00
-1.460999999999999943e+02,4.507725426406127833e-01,1.842748441390163361e+00,3.523407267030052914e+00,1.000000000000000000e+00,1.000000000000000000e+00,1.844444756803170327e+00
-1.460000000000000000e+02,4.522290298212079951e-01,1.852176531900509016e+00,3.549888399415682461e+00,1.000000000000000000e+00,1.000000000000000000e+00,1.852152475318567637e+00
-1.458999999999999773e+02,4.536963461151347632e-01,1.861689866832748397e+00,3.577108121223324222e+00,1.000000000000000000e+00,1.000000000000000000e+00,1.859910187682402238e+00
-1.457999999999999829e+02,4.551773862179954167e-01,1.874771428834802744e+00,3.605150192362385653e+00,1.000000000000000000e+00,1.000000000000000000e+00,1.878218309908459727e+00
-1.456999999999999886e+02,4.566751119718358010e-01,1.886171870445133125e+00,3.634106786063362904e+00,1.000000000000000000e+00,1.000000000000000000e+00,1.886146642168909038e+00
-1.455999999999999943e+02,4.581841268800610489e-01,1.895008260886021034e+00,3.663919953608026248e+00,1.000000000000000000e+00,1.000000000000000000e+00,1.894127346185318528e+00
-1.455000000000000000e+02,4.597059205682920702e-01,1.904248124378300711e+00,3.694657901834654812e+00,1.000000000000000000e+00,1.000000000000000000e+00,1.904568081919850275e+00
-1.453999999999999773e+02,4.612398288687490355e-01,1.911075214335360428e+00,3.726351585029597402e+00,1.000000000000000000e+00,1.000000000000000000e+00,1.912671327070674554e+00
-1.452999999999999829e+02,4.627828103926606707e-01,1.913713134706549246e+00,3.758984896832783917e+00,1.000000000000000000e+00,1.000000000000000000e+00,1.909841291845875144e+00
-1.451999999999999886e+02,4.643312731262187465e-01,1.917021691338981260e+00,3.792526490774479786e+00,1.000000000000000000e+00,1.000000000000000000e+00,1.917979835139146383e+00
-1.450999999999999943e+02,4.658899611465718293e-01,1.912195342761821681e+00,3.827119881681377844e+00,1.000000000000000000e+00,1.000000000000000000e+00,1.900293937481350559e+00
-1.450000000000000000e+02,4.674410051920528386e-01,1.907466081702516636e+00,3.862419940420661835e+00,1.000000000000000000e+00,1.000000000000000000e+00,1.908368644033435535e+00
-1.449000000000000057e+02,4.690023295275524418e-01,1.893738459419687103e+00,3.898858553010710271e+00,1.000000000000000000e+00,1.000000000000000000e+00,1.873060622877203096e+00
-1.448000000000000114e+02,4.705412954980114359e-01,1.875416096847873915e+00,3.935725858665409138e+00,1.000000000000000000e+00,1.000000000000000000e+00,1.880955004248862306e+00
-1.447000000000000171e+02,4.720826985435883638e-01,1.853073120198392543e+00,3.973617900435724604e+00,1.000000000000000000e+00,1.000000000000000000e+00,1.828642392745092771e+00
-1.446000000000000227e+02,4.735949366793207882e-01,1.821061638718997067e+00,4.011794317122839182e+00,1.000000000000000000e+00,1.000000000000000000e+00,1.836248268587078680e+00
-1.445000000000000000e+02,4.750932015118963236e-01,1.797326920472000156e+00,4.050626262255621057e+00,1.000000000000000000e+00,1.000000000000000000e+00,1.781328341124836845e+00
-1.444000000000000057e+02,4.765756022992573837e-01,1.762265746569930958e+00,4.090078177675778193e+00,1.000000000000000000e+00,1.000000000000000000e+00,1.788634550592693717e+00
-1.443000000000000114e+02,4.780248410382986202e-01,1.729907231626577779e+00,4.129691769268504231e+00,1.000000000000000000e+00,1.000000000000000000e+00,1.738244879803835463e+00
-1.441999999999999886e+02,4.794621626582816765e-01,1.709167607819606971e+00,4.170031306111627423e+00,1.000000000000000000e+00,1.000000000000000000e+00,1.695902718826732158e+00
-1.440999999999999943e+02,4.808853700495273054e-01,1.683205545217980381e+00,4.211054669272137119e+00,1.000000000000000000e+00,1.000000000000000000e+00,1.664980816793573348e+00
-1.440000000000000000e+02,4.822876026064256694e-01,1.662895357038140176e+00,4.252576643267068413e+00,1.000000000000000000e+00,1.000000000000000000e+00,1.671583674150018739e+00
-1.439000000000000057e+02,4.836848565804616196e-01,1.652536630842444731e+00,4.295083662872461794e+00,1.000000000000000000e+00,1.000000000000000000e+00,1.651984564774453990e+00
-1.438000000000000114e+02,4.850777101852936091e-01,1.642431048038770935e+00,4.338637116357165979e+00,1.000000000000000000e+00,1.000000000000000000e+00,1.634991027314422585e+00
-1.436999999999999886e+02,4.864658875697964180e-01,1.628287439720161434e+00,4.383276524601400048e+00,1.000000000000000000e+00,1.000000000000000000e+00,1.616136186699333566e+00
-1.435999999999999943e+02,4.878426827585399805e-01,1.610721267705833126e+00,4.428831931412331890e+00,1.000000000000000000e+00,1.000000000000000000e+00,1.622457972963791795e+00
-1.435000000000000000e+02,4.892087722677327943e-01,1.590620001759183166e+00,4.475362754677957966e+00,1.000000000000000000e+00,1.000000000000000000e+00,1.599570387928179072e+00
-1.433999999999999773e+02,4.905589221214320950e-01,1.562398274295832667e+00,4.522727722645571546e+00,1.000000000000000000e+00,1.000000000000000000e+00,1.569366269983690998e+00
-1.432999999999999829e+02,4.918841819397067883e-01,1.523715407610899408e+00,4.570634314779765894e+00,1.000000000000000000e+00,1.000000000000000000e+00,1.529582274711493772e+00
-1.431999999999999886e+02,4.931751410232466104e-01,1.478302975097407934e+00,4.618739265575666941e+00,1.000000000000000000e+00,1.000000000000000000e+00,1.484538395740595762e+00
-1.430999999999999943e+02,4.944290893811084109e-01,1.435799550342856667e+00,4.666917776736654311e+00,1.000000000000000000e+00,1.000000000000000000e+00,1.442780347331287683e+00
-1.430000000000000000e+02,4.956531632100212303e-01,1.405851778975413024e+00,4.715421000319816258e+00,1.000000000000000000e+00,1.000000000000000000e+00,1.411447711748666789e+00
-1.428999999999999773e+02,4.968614321720621341e-01,1.392222051980351205e+00,4.764811413310346744e+00,1.000000000000000000e+00,1.000000000000000000e+00,1.394715035757940091e+00
-1.428000000000000114e+02,4.980677963593635460e-01,1.387622638084122784e+00,4.815709973894169771e+00,1.000000000000000000e+00,1.000000000000000000e+00,1.391222623102576827e+00
-1.427000000000000171e+02,4.992739315058782323e-01,1.381494343425300642e+00,4.868289537874024298e+00,1.000000000000000000e+00,1.000000000000000000e+00,1.387428894788438116e+00
-1.425999999999999943e+02,5.004754575101734160e-01,1.368434130111561009e+00,4.922477718761100185e+00,1.000000000000000000e+00,1.000000000000000000e+00,1.377565209650243538e+00
-1.425000000000000000e+02,5.016645707577056523e-01,1.342884707375845865e+00,4.978038797069119781e+00,1.000000000000000000e+00,1.000000000000000000e+00,1.358051664279453785e+00
-1.424000000000000057e+02,5.028270362338697064e-01,1.290516643951138187e+00,5.034410768395837898e+00,1.000000000000000000e+00,1.000000000000000000e+00,1.322628204836603816e+00
-1.423000000000000114e+02,5.039296823062456854e-01,1.205333382737398873e+00,5.090064050757689529e+00,1.000000000000000000e+00,1.000000000000000000e+00,1.187646682740556736e+00
-1.422000000000000171e+02,5.049472736188843625e-01,1.101316735979870787e+00,5.143691650065172816e+00,1.000000000000000000e+00,1.000000000000000000e+00,1.106343287542144171e+00
-1.420999999999999943e+02,5.058708615272977660e-01,9.880926921999291235e-01,5.194686966784312965e+00,1.000000000000000000e+00,1.000000000000000000e+00,9.501078347504076094e-01
-1.420000000000000000e+02,5.066920698524634004e-01,8.897776721904416819e-01,5.242447078325611187e+00,1.000000000000000000e+00,1.000000000000000000e+00,8.903398336780971034e-01
-1.419000000000000057e+02,5.074446014930058535e-01,7.942769621108419775e-01,5.288550116780767141e+00,1.000000000000000000e+00,1.000000000000000000e+00,8.317241983825615081e-01
-1.417999999999999829e+02,5.080989851957528058e-01,6.651270173631826932e-01,5.331366244271418253e+00,1.000000000000000000e+00,1.000000000000000000e+00,6.857745541532859201e-01
-1.416999999999999886e+02,5.086242707999618640e-01,4.442504605622263902e-01,5.369086167089328399e+00,1.000000000000000000e+00,1.000000000000000000e+00,4.461074643450071986e-01
-1.415999999999999943e+02,5.088877224063336202e-01,5.721656916178192304e-02,5.394271035801742720e+00,1.000000000000000000e+00,1.000000000000000000e+00,6.555679336503503207e-02
-1.415000000000000000e+02,5.087259076388777057e-01,4.329991109423245721e-01,5.397737102637790940e+00,1.000000000000000000e+00,1.000000000000000000e+00,3.808363605238551663e-01
-1.414000000000000057e+02,5.081188076011142751e-01,8.822024047661476409e-01,5.378622310284357333e+00,1.000000000000000000e+00,1.000000000000000000e+00,8.893201582766138147e-01
-1.412999999999999829e+02,5.071611723729223531e-01,2.256470594839223409e+00,5.342817457745279164e+00,1.000000000000000000e+00,1.000000000000000000e+00,1.371602163655299300e+00
-1.411999999999999886e+02,5.041241180025815005e-01,3.192086030490667969e+00,5.206063454074935315e+00,1.000000000000000000e+00,1.000000000000000000e+00,5.713449955174942474e+00
-1.410999999999999943e+02,5.015439783373929483e-01,1.087915712106736654e+00,5.101379201295537236e+00,1.000000000000000000e+00,1.000000000000000000e+00,7.382119640414043227e-01
-1.409999999999999716e+02,5.022194835635956922e-01,1.917194638766774317e-01,5.148725061014529203e+00,1.000000000000000000e+00,1.000000000000000000e+00,2.449920240133899085e+00
-1.408999999999999773e+02,5.018800772645931607e-01,8.397189464042741358e-01,5.150484231868125207e+00,0.000000000000000000e+00,1.000000000000000000e+00,1.295757044109520084e+00
-1.407999999999999829e+02,5.007483866929939298e-01,1.291101709854896917e+00,5.116619732107569263e+00,0.000000000000000000e+00,1.000000000000000000e+00,1.291091876569331998e+00
-1.406999999999999886e+02,4.996233068575554603e-01,1.286457437578377494e+00,5.084476921546565720e+00,0.000000000000000000e+00,1.000000000000000000e+00,1.286447686574428984e+00
-1.405999999999999943e+02,4.985047864677883411e-01,1.281833974440494961e+00,5.053894666258406332e+00,0.000000000000000000e+00,1.000000000000000000e+00,1.281824304845703422e+00
-1.405000000000000000e+02,4.973927747759744333e-01,1.277231152916316947e+00,5.024731477906813737e+00,0.000000000000000000e+00,1.000000000000000000e+00,1.277221563869980203e+00
-1.404000000000000057e+02,4.962872215700656064e-01,1.272648807224203926e+00,4.996862596835399017e+00,0.000000000000000000e+00,1.000000000000000000e+00,1.272639297876842157e+00
-1.403000000000000114e+02,4.951880771666939962e-01,1.268086773302819381e+00,4.970177581428625757e+00,0.000000000000000000e+00,1.000000000000000000e+00,1.268077342815813635e+00
-1.402000000000000171e+02,4.940952924042918415e-01,1.263544888788318277e+00,4.944578303851721479e+00,0.000000000000000000e+00,1.000000000000000000e+00,1.263535536333907361e+00
-1.400999999999999943e+02,4.930088186363191238e-01,1.259022992991622347e+00,4.919977274234550890e+00,0.000000000000000000e+00,1.000000000000000000e+00,1.259013717753517225e+00
-1.400000000000000000e+02,4.919286077245972888e-01,1.254520926878309295e+00,4.896296232026783990e+00,0.000000000000000000e+00,1.000000000000000000e+00,1.254511728050660802e+00
-1.399000000000000057e+02,4.908546120327429985e-01,1.250038533046535116e+00,4.873464956003181747e+00,0.000000000000000000e+00,1.000000000000000000e+00,1.250029409833547600e+00
-1.398000000000000114e+02,4.897867844197081877e-01,1.245575655705082108e+00,4.851420254234433571e+00,0.000000000000000000e+00,1.000000000000000000e+00,1.245566607321491492e+00
-1.397000000000000171e+02,4.887250782334167654e-01,1.241132140653675497e+00,4.830105102983152321e+00,0.000000000000000000e+00,1.000000000000000000e+00,1.241123166324140881e+00
-1.395999999999999943e+02,4.876694473045006806e-01,1.236707835261476207e+00,4.809467909467805669e+00,0.000000000000000000e+00,1.000000000000000000e+00,1.236698934221030610e+00
-1.395000000000000000e+02,4.866198459401327447e-01,1.232302588447847347e+00,4.789461878151572094e+00,0.000000000000000000e+00,1.000000000000000000e+00,1.232293759941452960e+00
-1.394000000000000057e+02,4.855762289179519908e-01,1.227916250662811182e+00,4.770044463950283031e+00,0.000000000000000000e+00,1.000000000000000000e+00,1.227907493944625061e+00
-1.392999999999999829e+02,4.845385514800834570e-01,1.223548673866196257e+00,4.751176898735294252e+00,0.000000000000000000e+00,1.000000000000000000e+00,1.223539988200169182e+00
-1.391999999999999886e+02,4.835067693272498968e-01,1.219199711509269646e+00,4.732823779898055250e+00,0.000000000000000000e+00,1.000000000000000000e+00,1.219191096168890320e+00
-1.390999999999999943e+02,4.824808386129709192e-01,1.214869218516128724e+00,4.714952711671935859e+00,0.000000000000000000e+00,1.000000000000000000e+00,1.214860672783838469e+00
-1.390000000000000000e+02,4.814607159378517798e-01,1.210557051264204320e+00,4.697533991470199233e+00,0.000000000000000000e+00,1.000000000000000000e+00,1.210548574431663971e+00
-1.389000000000000057e+02,4.804463583439584351e-01,1.206263067566414104e+00,4.680540334772467226e+00,0.000000000000000000e+00,1.000000000000000000e+00,1.206254658934254875e+00
-1.387999999999999829e+02,4.794377233092768642e-01,1.201987126652829030e+00,4.663946633134250952e+00,0.000000000000000000e+00,1.000000000000000000e+00,1.201978785530647187e+00
-1.386999999999999886e+02,4.784347687422569328e-01,1.197729089153161564e+00,4.647729740750927263e+00,0.000000000000000000e+00,1.000000000000000000e+00,1.197720814859213334e+00
-1.385999999999999943e+02,4.774374529764366382e-01,1.193488817079328523e+00,4.631868285714746847e+00,0.000000000000000000e+00,1.000000000000000000e+00,1.193480608940109322e+00
-1.384999999999999716e+02,4.764457347651483432e-01,1.189266173807067561e+00,4.616342502689844807e+00,0.000000000000000000e+00,1.000000000000000000e+00,1.189258031157991446e+00
-1.384000000000000057e+02,4.754595732763045590e-01,1.185061024060303447e+00,4.601134084218032605e+00,0.000000000000000000e+00,1.000000000000000000e+00,1.185052946244994354e+00
-1.383000000000000114e+02,4.744789280872587778e-01,1.180873233893945384e+00,4.586226048275640288e+00,0.000000000000000000e+00,1.000000000000000000e+00,1.180865220263947357e+00
-1.382000000000000171e+02,4.735037591797461864e-01,1.176702670676682549e+00,4.571602620043409004e+00,0.000000000000000000e+00,1.000000000000000000e+00,1.176694720591858312e+00
-1.381000000000000227e+02,4.725340269348971556e-01,1.172549203075629487e+00,4.557249126138609441e+00,0.000000000000000000e+00,1.000000000000000000e+00,1.172541315903630865e+00
-1.380000000000000000e+02,4.715696921283253351e-01,1.168412701039393875e+00,4.543151899801176619e+00,0.000000000000000000e+00,1.000000000000000000e+00,1.168404876156023953e+00
-1.379000000000000057e+02,4.706107159252889693e-01,1.164293035783350971e+00,4.529298195730980581e+00,0.000000000000000000e+00,1.000000000000000000e+00,1.164285272571855989e+00
-1.378000000000000114e+02,4.696570598759210458e-01,1.160190079773462557e+00,4.515676113447576689e+00,0.000000000000000000e+00,1.000000000000000000e+00,1.160182377624424888e+00
-1.376999999999999886e+02,4.687086859105329961e-01,1.156103706709948886e+00,4.502274528192531378e+00,0.000000000000000000e+00,1.000000000000000000e+00,1.156096065022173880e+00
-1.375999999999999943e+02,4.677655563349853995e-01,1.152033791514313954e+00,4.489083028521029028e+00,0.000000000000000000e+00,1.000000000000000000e+00,1.152026209693575609e+00
-1.375000000000000000e+02,4.668276338261247438e-01,1.147980210312985250e+00,4.476091859838289722e+00,0.000000000000000000e+00,1.000000000000000000e+00,1.147972687772227829e+00
-1.374000000000000057e+02,4.658948814272907968e-01,1.143942840422703666e+00,4.463291873229644047e+00,0.000000000000000000e+00,1.000000000000000000e+00,1.143935376582182251e+00
-1.373000000000000114e+02,4.649672625438852069e-01,1.139921560336681683e+00,4.450674479013346563e+00,0.000000000000000000e+00,1.000000000000000000e+00,1.139914154623474118e+00
-1.371999999999999886e+02,4.640447409390076050e-01,1.135916249709202352e+00,4.438231604514732531e+00,0.000000000000000000e+00,1.000000000000000000e+00,1.135908901557866946e+00
-1.370999999999999943e+02,4.631272807291536009e-01,1.131926789343035145e+00,4.425955655620165352e+00,0.000000000000000000e+00,1.000000000000000000e+00,1.131919498194804863e+00
-1.370000000000000000e+02,4.622148463799738982e-01,1.127953061175179572e+00,4.413839481721378633e+00,0.000000000000000000e+00,1.000000000000000000e+00,1.127945826477560365e+00
-1.368999999999999773e+02,4.613074027020962475e-01,1.123994948261758831e+00,4.401876343706049077e+00,0.000000000000000000e+00,1.000000000000000000e+00,1.123987769469587006e+00
-1.367999999999999829e+02,4.604049148470081287e-01,1.120052334766558966e+00,4.390059884689744507e+00,0.000000000000000000e+00,1.000000000000000000e+00,1.120045211341074598e+00
-1.366999999999999886e+02,4.595073483029946670e-01,1.116125105947097795e+00,4.378384103218881052e+00,0.000000000000000000e+00,1.000000000000000000e+00,1.116118037355675607e+00
-1.365999999999999943e+02,4.586146688911396097e-01,1.112213148140721142e+00,4.366843328704390181e+00,0.000000000000000000e+00,1.000000000000000000e+00,1.112206133857447155e+00
-1.365000000000000000e+02,4.577268427613798152e-01,1.108316348753020097e+00,4.355432198872135174e+00,0.000000000000000000e+00,1.000000000000000000e+00,1.108309388257961103e+00
-1.363999999999999773e+02,4.568438363886174747e-01,1.104434596243627276e+00,4.344145639039282081e+00,0.000000000000000000e+00,1.000000000000000000e+00,1.104427689023602444e+00
-1.362999999999999829e+02,4.559656165688884544e-01,1.100567780115377703e+00,4.332978843046242368e+00,0.000000000000000000e+00,1.000000000000000000e+00,1.100560925663055967e+00
-1.361999999999999886e+02,4.550921504155814312e-01,1.096715790901451104e+00,4.321927255691653258e+00,0.000000000000000000e+00,1.000000000000000000e+00,1.096708988714950372e+00
-1.360999999999999943e+02,4.542234053557148710e-01,1.092878520151412847e+00,4.310986556533893399e+00,0.000000000000000000e+00,1.000000000000000000e+00,1.092871769735698217e+00
-1.360000000000000000e+02,4.533593491262650210e-01,1.089055860421853650e+00,4.300152644936448887e+00,0.000000000000000000e+00,1.000000000000000000e+00,1.089049161287498180e+00
-1.359000000000000057e+02,4.524999497705429752e-01,1.085247705263477469e+00,4.289421626246987529e+00,0.000000000000000000e+00,1.000000000000000000e+00,1.085241056926498748e+00
-1.358000000000000114e+02,4.516451756346269719e-01,1.081453949208788234e+00,4.278789799011023298e+00,0.000000000000000000e+00,1.000000000000000000e+00,1.081447351191140882e+00
-1.357000000000000171e+02,4.507949953638413776e-01,1.077674487761464350e+00,4.268253643130783814e+00,0.000000000000000000e+00,1.000000000000000000e+00,1.077667939590653878e+00
-1.356000000000000227e+02,4.499493778992868509e-01,1.073909217384734660e+00,4.257809808888679548e+00,0.000000000000000000e+00,1.000000000000000000e+00,1.073902718593717998e+00
-1.355000000000000000e+02,4.491082924744174143e-01,1.070158035489852777e+00,4.247455106762465071e+00,0.000000000000000000e+00,1.000000000000000000e+00,1.070151585617278522e+00
-1.354000000000000057e+02,4.482717086116672078e-01,1.066420840425572836e+00,4.237186497966258791e+00,0.000000000000000000e+00,1.000000000000000000e+00,1.066414439015524351e+00
-1.353000000000000114e+02,4.474395961191212634e-01,1.062697531467663437e+00,4.227001085657594359e+00,0.000000000000000000e+00,1.000000000000000000e+00,1.062691178069007591e+00
-1.351999999999999886e+02,4.466119250872346291e-01,1.058988008806506453e+00,4.216896106756447438e+00,0.000000000000000000e+00,1.000000000000000000e+00,1.058981702973922134e+00
-1.350999999999999943e+02,4.457886658855972351e-01,1.055292173538229683e+00,4.206868924327000769e+00,0.000000000000000000e+00,1.000000000000000000e+00,1.055285914831530336e+00
-1.350000000000000000e+02,4.449697891597403365e-01,1.051609927654049148e+00,4.196917020477425098e+00,0.000000000000000000e+00,1.000000000000000000e+00,1.051603715637727365e+00
-1.349000000000000057e+02,4.441552658279903087e-01,1.047941174028930833e+00,4.187037989737035559e+00,0.000000000000000000e+00,1.000000000000000000e+00,1.047935008272755875e+00
-1.348000000000000114e+02,4.433450670783638525e-01,1.044285816412505508e+00,4.177229532873691475e+00,0.000000000000000000e+00,1.000000000000000000e+00,1.044279696491060339e+00
-1.346999999999999886e+02,4.425391643655058882e-01,1.040643759418166114e+00,4.167489451117655896e+00,0.000000000000000000e+00,1.000000000000000000e+00,1.040637684911277061e+00
-1.345999999999999943e+02,4.417375294076705261e-01,1.037014908514303446e+00,4.157815640761019615e+00,0.000000000000000000e+00,1.000000000000000000e+00,1.037008879006366291e+00
-1.345000000000000000e+02,4.409401341837402843e-01,1.033399170013969748e+00,4.148206088104453571e+00,0.000000000000000000e+00,1.000000000000000000e+00,1.033393185093868016e+00
-1.343999999999999773e+02,4.401469509302897154e-01,1.029796451064396878e+00,4.138658864725498709e+00,0.000000000000000000e+00,1.000000000000000000e+00,1.029790510326302977e+00
-1.342999999999999829e+02,4.393579521386863918e-01,1.026206659639324226e+00,4.129172123044709153e+00,0.000000000000000000e+00,1.000000000000000000e+00,1.026200762681696022e+00
-1.341999999999999886e+02,4.385731105522309159e-01,1.022629704528411843e+00,4.119744092167977101e+00,0.000000000000000000e+00,1.000000000000000000e+00,1.022623850954225588e+00
-1.340999999999999943e+02,4.377923991633377310e-01,1.019065495328172810e+00,4.110373073985150505e+00,0.000000000000000000e+00,1.000000000000000000e+00,1.019059684745006189e+00
-1.340000000000000000e+02,4.370157912107515696e-01,1.015513942433381223e+00,4.101057439506666569e+00,0.000000000000000000e+00,1.000000000000000000e+00,1.015508174452987911e+00
-1.339000000000000057e+02,4.362432601768029827e-01,1.011974957026948951e+00,4.091795625421398519e+00,0.000000000000000000e+00,1.000000000000000000e+00,1.011969231265981817e+00
-1.338000000000000114e+02,4.354747797847008384e-01,1.008448451072545549e+00,4.082586130860290652e+00,0.000000000000000000e+00,1.000000000000000000e+00,1.008442767151809472e+00
-1.337000000000000171e+02,4.347103239958587384e-01,1.004934337305434910e+00,4.073427514351473100e+00,0.000000000000000000e+00,1.000000000000000000e+00,1.004928694849556603e+00
-1.335999999999999943e+02,4.339498670072601816e-01,1.001432529222641588e+00,4.064318390953847171e+00,0.000000000000000000e+00,1.000000000000000000e+00,1.001426927860959104e+00
-1.335000000000000000e+02,4.331933832488576996e-01,9.979429410758354768e-01,4.055257429556966997e+00,0.000000000000000000e+00,1.000000000000000000e+00,9.979373804418970595e-01
-1.334000000000000057e+02,4.324408473810056885e-01,9.944654878630417860e-01,4.046243350336056643e+00,0.000000000000000000e+00,1.000000000000000000e+00,9.944599675939976846e-01
-1.333000000000000114e+02,4.316922342919281008e-01,9.910000853189845360e-01,4.037274922351865136e+00,0.000000000000000000e+00,1.000000000000000000e+00,9.909946050563549491e-01
-1.332000000000000171e+02,4.309475190952209989e-01,9.875466499081499983e-01,4.028350961285821263e+00,0.000000000000000000e+00,1.000000000000000000e+00,9.875412092973580025e-01
-1.330999999999999943e+02,4.302066771273849732e-01,9.841050988161497148e-01,4.019470327301615242e+00,0.000000000000000000e+00,1.000000000000000000e+00,9.840996975066235164e-01
-1.330000000000000000e+02,4.294696839453941428e-01,9.806753499418751074e-01,4.010631923025099965e+00,0.000000000000000000e+00,1.000000000000000000e+00,9.806699875870400485e-01
-1.329000000000000057e+02,4.287365153242929661e-01,9.772573218901812186e-01,4.001834691634857499e+00,0.000000000000000000e+00,1.000000000000000000e+00,9.772519981469086625e-01
-1.327999999999999829e+02,4.280071472548280243e-01,9.738509339628316219e-01,3.993077615056470631e+00,0.000000000000000000e+00,1.000000000000000000e+00,9.738456484921932388e-01
-1.326999999999999886e+02,4.272815559411093922e-01,9.704561061522100074e-01,3.984359712253957575e+00,0.000000000000000000e+00,1.000000000000000000e+00,9.704508586188722585e-01
-1.325999999999999943e+02,4.265597177983020405e-01,9.670727591331338413e-01,3.975680037612277395e+00,0.000000000000000000e+00,1.000000000000000000e+00,9.670675492053818489e-01
-1.325000000000000000e+02,4.258416094503488791e-01,9.637008142553356027e-01,3.967037679405344797e+00,0.000000000000000000e+00,1.000000000000000000e+00,9.636956416051676300e-01
-1.324000000000000057e+02,4.251272077277220562e-01,9.603401935365518671e-01,3.958431758344265194e+00,0.000000000000000000e+00,1.000000000000000000e+00,9.603350578393260450e-01
-1.322999999999999829e+02,4.244164896652042329e-01,9.569908196544002488e-01,3.949861426200949932e+00,0.000000000000000000e+00,1.000000000000000000e+00,9.569857205893429475e-01
-1.321999999999999886e+02,4.237094324996991679e-01,9.536526159400756653e-01,3.941325864502576604e+00,0.000000000000000000e+00,1.000000000000000000e+00,9.536475531899303304e-01
-1.320999999999999943e+02,4.230060136680688365e-01,9.503255063713434980e-01,3.932824283292639223e+00,0.000000000000000000e+00,1.000000000000000000e+00,9.503204796219449912e-01
-1.319999999999999716e+02,4.223062108050001928e-01,9.470094155644838141e-01,3.924355919954694905e+00,0.000000000000000000e+00,1.000000000000000000e+00,9.470044245054077825e-01
-1.318999999999999773e+02,4.216100017408992984e-01,9.437042687685794906e-01,3.915920038095109135e+00,0.000000000000000000e+00,1.000000000000000000e+00,9.436993130926116802e-01
-1.317999999999999829e+02,4.209173644998109309e-01,9.404099918579920114e-01,3.907515926481344160e+00,0.000000000000000000e+00,1.000000000000000000e+00,9.404050712613090113e-01
-1.316999999999999886e+02,4.202282772973675584e-01,9.371265113259545920e-01,3.899142898032649907e+00,0.000000000000000000e+00,1.000000000000000000e+00,9.371216255079997115e-01
-1.315999999999999943e+02,4.195427185387614610e-01,9.338537542780632750e-01,3.890800288860099876e+00,0.000000000000000000e+00,1.000000000000000000e+00,9.338489029412907483e-01
-1.315000000000000000e+02,4.188606668167457192e-01,9.305916484249007192e-01,3.882487457353207994e+00,0.000000000000000000e+00,1.000000000000000000e+00,9.305868312753519112e-01
-1.314000000000000057e+02,4.181821009096589603e-01,9.273401220766490649e-01,3.874203783310500526e+00,0.000000000000000000e+00,1.000000000000000000e+00,9.273353388234480965e-01
-1.313000000000000114e+02,4.175069997794754184e-01,9.240991041364444714e-01,3.865948667111583692e+00,0.000000000000000000e+00,1.000000000000000000e+00,9.240943544915537489e-01
-1.311999999999999886e+02,4.168353425698799741e-01,9.208685240934173510e-01,3.857721528928413690e+00,0.000000000000000000e+00,1.000000000000000000e+00,9.208638077720493476e-01
-1.310999999999999943e+02,4.161671086043683410e-01,9.176483120169869334e-01,3.849521807973635301e+00,0.000000000000000000e+00,1.000000000000000000e+00,9.176436287375006051e-01
-1.310000000000000000e+02,4.155022773843697892e-01,9.144383985509433321e-01,3.841348961783921379e+00,0.000000000000000000e+00,1.000000000000000000e+00,9.144337480345081648e-01
-1.309000000000000057e+02,4.148408285873947388e-01,9.112387149067786574e-01,3.833202465536490688e+00,0.000000000000000000e+00,1.000000000000000000e+00,9.112340968776405647e-01
-1.308000000000000114e+02,4.141827420652053893e-01,9.080491928581867489e-01,3.825081811396960685e+00,0.000000000000000000e+00,1.000000000000000000e+00,9.080446070434431416e-01
-1.307000000000000171e+02,4.135279978420089431e-01,9.048697647349830397e-01,3.816986507896908520e+00,0.000000000000000000e+00,1.000000000000000000e+00,9.048652108645172110e-01
-1.305999999999999943e+02,4.128765761126741429e-01,9.017003634168639925e-01,3.808916079339558003e+00,0.000000000000000000e+00,1.000000000000000000e+00,9.016958412236779630e-01
-1.305000000000000000e+02,4.122284572409700698e-01,8.985409223282485591e-01,3.800870065232121675e+00,0.000000000000000000e+00,1.000000000000000000e+00,8.985364315481852993e-01
-1.304000000000000057e+02,4.115836217578261458e-01,8.953913754327492702e-01,3.792848019743400467e+00,0.000000000000000000e+00,1.000000000000000000e+00,8.953869158040393961e-01
-1.302999999999999829e+02,4.109420503596143970e-01,8.922516572265009049e-01,3.784849511185359283e+00,0.000000000000000000e+00,1.000000000000000000e+00,8.922472284903539830e-01
-1.301999999999999886e+02,4.103037239064540320e-01,8.891217027332823930e-01,3.776874121517438621e+00,0.000000000000000000e+00,1.000000000000000000e+00,8.891173046337998986e-01
-1.300999999999999943e+02,4.096686234205351718e-01,8.860014474994059031e-01,3.768921445872439158e+00,0.000000000000000000e+00,1.000000000000000000e+00,8.859970797831100420e-01
-1.300000000000000000e+02,4.090367300844647280e-01,8.828908275875149148e-01,3.760991092102898392e+00,0.000000000000000000e+00,1.000000000000000000e+00,8.828864900036580421e-01
-1.299000000000000057e+02,4.084080252396324884e-01,8.797897795717791736e-01,3.753082680346943700e+00,0.000000000000000000e+00,1.000000000000000000e+00,8.797854718721024314e-01
-1.297999999999999829e+02,4.077824903845968518e-01,8.766982405320494776e-01,3.745195842612627501e+00,0.000000000000000000e+00,1.000000000000000000e+00,8.766939624710939905e-01
-1.296999999999999886e+02,4.071601071734917698e-01,8.736161480492299347e-01,3.737330222379863010e+00,0.000000000000000000e+00,1.000000000000000000e+00,8.736118993840537028e-01
-1.295999999999999943e+02,4.065408574144511178e-01,8.705434402000135075e-01,3.729485474219059959e+00,0.000000000000000000e+00,1.000000000000000000e+00,8.705392206900050001e-01
-1.294999999999999716e+02,4.059247230680547158e-01,8.674800555512056643e-01,3.721661263425688482e+00,0.000000000000000000e+00,1.000000000000000000e+00,8.674758649584779491e-01
-1.294000000000000057e+02,4.053116862457918912e-01,8.644259331554088321e-01,3.713857265669975760e+00,0.000000000000000000e+00,1.000000000000000000e+00,8.644217712444728363e-01
-1.293000000000000114e+02,4.047017292085443030e-01,8.613810125458455369e-01,3.706073166661010276e+00,0.000000000000000000e+00,1.000000000000000000e+00,8.613768790834808176e-01
-1.292000000000000171e+02,4.040948343650870855e-01,8.583452337311395786e-01,3.698308661824574184e+00,0.000000000000000000e+00,1.000000000000000000e+00,8.583411284865701818e-01
-1.291000000000000227e+02,4.034909842706088656e-01,8.553185371906527612e-01,3.690563455994062103e+00,0.000000000000000000e+00,1.000000000000000000e+00,8.553144599355285704e-01
-1.290000000000000000e+02,4.028901616252488771e-01,8.523008638696782935e-01,3.682837263113847293e+00,0.000000000000000000e+00,1.000000000000000000e+00,8.522968143780657035e-01
-1.289000000000000057e+02,4.022923492726527273e-01,8.492921551748846554e-01,3.675129805954542306e+00,0.000000000000000000e+00,1.000000000000000000e+00,8.492881332230751701e-01
-1.288000000000000114e+02,4.016975301985444835e-01,8.462923529694295066e-01,3.667440815839573709e+00,0.000000000000000000e+00,1.000000000000000000e+00,8.462883583359462891e-01
-1.286999999999999886e+02,4.011056875293174673e-01,8.433013995681335473e-01,3.659770032382580585e+00,0.000000000000000000e+00,1.000000000000000000e+00,8.432974320339405860e-01
-1.285999999999999943e+02,4.005168045306408686e-01,8.403192377334796070e-01,3.652117203235120790e+00,0.000000000000000000e+00,1.000000000000000000e+00,8.403152970816205602e-01
-1.285000000000000000e+02,3.999308646060835137e-01,8.373458106706974657e-01,3.644482083844217790e+00,0.000000000000000000e+00,1.000000000000000000e+00,8.373418966863290791e-01
-1.284000000000000057e+02,3.993478512957543414e-01,8.343810620230038833e-01,3.636864437219314183e+00,0.000000000000000000e+00,1.000000000000000000e+00,8.343771744937278356e-01
-1.283000000000000114e+02,3.987677482749594216e-01,8.314249358681202740e-01,3.629264033708211823e+00,0.000000000000000000e+00,1.000000000000000000e+00,8.314210745833878757e-01
-1.281999999999999886e+02,3.981905393528735182e-01,8.284773767127727728e-01,3.621680650781572641e+00,0.000000000000000000e+00,1.000000000000000000e+00,8.284735414644281981e-01
-1.280999999999999943e+02,3.976162084712306366e-01,8.255383294892313373e-01,3.614114072825646229e+00,0.000000000000000000e+00,1.000000000000000000e+00,8.255345200712146392e-01
-1.280000000000000000e+02,3.970447397030258951e-01,8.226077395512388923e-01,3.606564090942812051e+00,0.000000000000000000e+00,1.000000000000000000e+00,8.226039557590973939e-01
-1.278999999999999773e+02,3.964761172512368814e-01,8.196855526682723658e-01,3.599030502759635208e+00,0.000000000000000000e+00,1.000000000000000000e+00,8.196817943002100426e-01
-1.277999999999999829e+02,3.959103254475582756e-01,8.167717150232748358e-01,3.591513112242096906e+00,0.000000000000000000e+00,1.000000000000000000e+00,8.167679818793140978e-01
-1.276999999999999886e+02,3.953473487511507956e-01,8.138661732076191146e-01,3.584011729517673217e+00,0.000000000000000000e+00,1.000000000000000000e+00,8.138624650896872925e-01
-1.276000000000000085e+02,3.947871717474069064e-01,8.109688742170596543e-01,3.576526170703998364e+00,0.000000000000000000e+00,1.000000000000000000e+00,8.109651909290691574e-01
-1.275000000000000142e+02,3.942297791467291312e-01,8.080797654478886205e-01,3.569056257743806970e+00,0.000000000000000000e+00,1.000000000000000000e+00,8.080761067956450105e-01
-1.273999999999999915e+02,3.936751557833245152e-01,8.051987946925256434e-01,3.561601818245914597e+00,0.000000000000000000e+00,1.000000000000000000e+00,8.051951604840846821e-01
-1.272999999999999972e+02,3.931232866140121351e-01,8.023259101365270984e-01,3.554162685331954563e+00,0.000000000000000000e+00,1.000000000000000000e+00,8.023223001816229827e-01
-1.272000000000000028e+02,3.925741567170444868e-01,7.994610603540724947e-01,3.546738697488646785e+00,0.000000000000000000e+00,1.000000000000000000e+00,7.994574744641842479e-01
-1.270999999999999801e+02,3.920277512909436934e-01,7.966041943037817097e-01,3.539329698425372595e+00,0.000000000000000000e+00,1.000000000000000000e+00,7.966006322925553995e-01
-1.269999999999999858e+02,3.914840556533508154e-01,7.937552613257238265e-01,3.531935536936835707e+00,0.000000000000000000e+00,1.000000000000000000e+00,7.937517230086039710e-01
-1.268999999999999915e+02,3.909430552398880376e-01,7.909142111374369843e-01,3.524556066770577978e+00,0.000000000000000000e+00,1.000000000000000000e+00,7.909106963315345462e-01
-1.267999999999999972e+02,3.904047356030350135e-01,7.880809938299266904e-01,3.517191146499185184e+00,0.000000000000000000e+00,1.000000000000000000e+00,7.880775023541923829e-01
-1.267000000000000028e+02,3.898690824110178088e-01,7.852555598643837786e-01,3.509840639396978546e+00,0.000000000000000000e+00,1.000000000000000000e+00,7.852520915394103351e-01
-1.265999999999999943e+02,3.893360814467107245e-01,7.824378600679131601e-01,3.502504413320995713e+00,0.000000000000000000e+00,1.000000000000000000e+00,7.824344147163933005e-01
-1.265000000000000000e+02,3.888057186065517756e-01,7.796278456308037841e-01,3.495182340596131976e+00,0.000000000000000000e+00,1.000000000000000000e+00,7.796244230771512962e-01
-1.264000000000000057e+02,3.882779798994686615e-01,7.768254681028625708e-01,3.487874297904214327e+00,0.000000000000000000e+00,1.000000000000000000e+00,7.768220681729641752e-01
-1.263000000000000114e+02,3.877528514458193909e-01,7.740306793894554671e-01,3.480580166176912904e+00,0.000000000000000000e+00,1.000000000000000000e+00,7.740273019108934172e-01
-1.261999999999999886e+02,3.872303194763435097e-01,7.712434317481657864e-01,3.473299830492304618e+00,0.000000000000000000e+00,1.000000000000000000e+00,7.712400765503311106e-01
-1.260999999999999943e+02,3.867103703311268736e-01,7.684636777855802237e-01,3.466033179974959300e+00,0.000000000000000000e+00,1.000000000000000000e+00,7.684603446995915688e-01
-1.260000000000000000e+02,3.861929904585765794e-01,7.656913704540050380e-01,3.458780107699395590e+00,0.000000000000000000e+00,1.000000000000000000e+00,7.656880593125334755e-01
-1.259000000000000057e+02,3.856781664144092736e-01,7.629264630479039022e-01,3.451540510596801337e+00,0.000000000000000000e+00,1.000000000000000000e+00,7.629231736852294388e-01
-1.258000000000000114e+02,3.851658848606497321e-01,7.601689092008040438e-01,3.444314289364871495e+00,0.000000000000000000e+00,1.000000000000000000e+00,7.601656414526671846e-01
-1.256999999999999886e+02,3.846561325646419283e-01,7.574186628814355560e-01,3.437101348380653398e+00,0.000000000000000000e+00,1.000000000000000000e+00,7.574154165854906084e-01
-1.255999999999999943e+02,3.841488963980711491e-01,7.546756783913753930e-01,3.429901595616295928e+00,0.000000000000000000e+00,1.000000000000000000e+00,7.546724533867784634e-01
-1.255000000000000000e+02,3.836441633359963244e-01,7.519399103617303570e-01,3.422714942557557816e+00,0.000000000000000000e+00,1.000000000000000000e+00,7.519367064888541341e-01
-1.253999999999999915e+02,3.831419204558944580e-01,7.492113137490110653e-01,3.415541304125013333e+00,0.000000000000000000e+00,1.000000000000000000e+00,7.492081308501359338e-01
-1.252999999999999972e+02,3.826421549367161057e-01,7.464898438330653807e-01,3.408380598597839484e+00,0.000000000000000000e+00,1.000000000000000000e+00,7.464866817520238174e-01
-1.252000000000000028e+02,3.821448540579499564e-01,7.437754562140534986e-01,3.401232747540064327e+00,0.000000000000000000e+00,1.000000000000000000e+00,7.437723147958140713e-01
-1.251000000000000085e+02,3.816500051986995157e-01,7.410681068084163936e-01,3.394097675729230268e+00,0.000000000000000000e+00,1.000000000000000000e+00,7.410649858996554151e-01
-1.250000000000000142e+02,3.811575958367700023e-01,7.383677518467901546e-01,3.386975311087345286e+00,0.000000000000000000e+00,1.000000000000000000e+00,7.383646512955349683e-01
-1.248999999999999915e+02,3.806676135477645162e-01,7.356743478703415828e-01,3.379865584614056395e+00,0.000000000000000000e+00,1.000000000000000000e+00,7.356712675262981893e-01
-1.247999999999999972e+02,3.801800460041923069e-01,7.329878517283925365e-01,3.372768430321972488e+00,0.000000000000000000e+00,1.000000000000000000e+00,7.329847914427060074e-01
-1.247000000000000028e+02,3.796948809745843700e-01,7.303082205757194245e-01,3.365683785174023335e+00,0.000000000000000000e+00,1.000000000000000000e+00,7.303051802005147142e-01
-1.245999999999999801e+02,3.792121063226213673e-01,7.276354118683484584e-01,3.358611589022828969e+00,0.000000000000000000e+00,1.000000000000000000e+00,7.276323912575984876e-01
-1.244999999999999858e+02,3.787317100062706499e-01,7.249693833620760586e-01,3.351551784551983548e+00,0.000000000000000000e+00,1.000000000000000000e+00,7.249663823710997823e-01
-1.243999999999999915e+02,3.782536800769317753e-01,7.223100931093329180e-01,3.344504317219166634e+00,0.000000000000000000e+00,1.000000000000000000e+00,7.223071115946075871e-01
-1.242999999999999972e+02,3.777780046785931267e-01,7.196574994559282734e-01,3.337469135201054815e+00,0.000000000000000000e+00,1.000000000000000000e+00,7.196545372753704317e-01
-1.242000000000000028e+02,3.773046720469969695e-01,7.170115610386490479e-01,3.330446189339949292e+00,0.000000000000000000e+00,1.000000000000000000e+00,7.170086180515403695e-01
-1.240999999999999943e+02,3.768336705088142780e-01,7.143722367824159036e-01,3.323435433092059021e+00,0.000000000000000000e+00,1.000000000000000000e+00,7.143693128494434941e-01
-1.240000000000000000e+02,3.763649884808283885e-01,7.117394858977530436e-01,3.316436822477391910e+00,0.000000000000000000e+00,1.000000000000000000e+00,7.117365808808856498e-01
-1.239000000000000057e+02,3.758986144691278120e-01,7.091132678780691645e-01,3.309450316031178119e+00,0.000000000000000000e+00,1.000000000000000000e+00,7.091103816404801252e-01
-1.237999999999999829e+02,3.754345370683079275e-01,7.064935424967936362e-01,3.302475874756796159e+00,0.000000000000000000e+00,1.000000000000000000e+00,7.064906749030104294e-01
-1.236999999999999886e+02,3.749727449606818364e-01,7.038802698049589912e-01,3.295513462080146727e+00,0.000000000000000000e+00,1.000000000000000000e+00,7.038774207208206013e-01
-1.235999999999999943e+02,3.745132269154993199e-01,7.012734101287312338e-01,3.288563043805396102e+00,0.000000000000000000e+00,1.000000000000000000e+00,7.012705794212299448e-01
-1.235000000000000000e+02,3.740559717881748458e-01,6.986729240666288421e-01,3.281624588072084681e+00,0.000000000000000000e+00,1.000000000000000000e+00,6.986701116039805148e-01
-1.234000000000000057e+02,3.736009685195239016e-01,6.960787724869433868e-01,3.274698065313526030e+00,0.000000000000000000e+00,1.000000000000000000e+00,6.960759781387091394e-01
-1.232999999999999829e+02,3.731482061350079316e-01,6.934909165254505847e-01,3.267783448216457831e+00,0.000000000000000000e+00,1.000000000000000000e+00,6.934881401624473085e-01
-1.231999999999999886e+02,3.726976737439870457e-01,6.909093175830307576e-01,3.260880711681912736e+00,0.000000000000000000e+00,1.000000000000000000e+00,6.909065590771494847e-01
-1.231000000000000085e+02,3.722493605389812776e-01,6.883339373229447888e-01,3.253989832787251402e+00,0.000000000000000000e+00,1.000000000000000000e+00,6.883311965472437288e-01
-1.229999999999999858e+02,3.718032557949398909e-01,6.857647376683614349e-01,3.247110790749339504e+00,0.000000000000000000e+00,1.000000000000000000e+00,6.857620144972124132e-01
-1.228999999999999915e+02,3.713593488685187349e-01,6.832016808001412089e-01,3.240243566888814541e+00,0.000000000000000000e+00,1.000000000000000000e+00,6.831989751091993579e-01
-1.227999999999999972e+02,3.709176291973651507e-01,6.806447291548803902e-01,3.233388144595408242e+00,0.000000000000000000e+00,1.000000000000000000e+00,6.806420408206370620e-01
-1.227000000000000028e+02,3.704780862994104251e-01,6.780938454218464750e-01,3.226544509294298368e+00,0.000000000000000000e+00,1.000000000000000000e+00,6.780911743219041332e-01
-1.226000000000000085e+02,3.700407097721710725e-01,6.755489925406416019e-01,3.219712648413453060e+00,0.000000000000000000e+00,1.000000000000000000e+00,6.755463385540065868e-01
-1.225000000000000142e+02,3.696054892920565549e-01,6.730101336996484607e-01,3.212892551351929527e+00,0.000000000000000000e+00,1.000000000000000000e+00,6.730074967062824598e-01
-1.223999999999999915e+02,3.691724146136846629e-01,6.704772323330273620e-01,3.206084209449096889e+00,0.000000000000000000e+00,1.000000000000000000e+00,6.704746122141305165e-01
-1.222999999999999972e+02,3.687414755692050572e-01,6.679502521190519015e-01,3.199287615954772068e+00,0.000000000000000000e+00,1.000000000000000000e+00,6.679476487567665988e-01
-1.221999999999999744e+02,3.683126620676285823e-01,6.654291569772997628e-01,3.192502766000192782e+00,0.000000000000000000e+00,1.000000000000000000e+00,6.654265702549949646e-01
-1.220999999999999943e+02,3.678859640941660736e-01,6.629139110668846868e-01,3.185729656569873836e+00,0.000000000000000000e+00,1.000000000000000000e+00,6.629113408690158193e-01
-1.220000000000000000e+02,3.674613717095714382e-01,6.604044787844541853e-01,3.178968286474231686e+00,0.000000000000000000e+00,1.000000000000000000e+00,6.604019249962416183e-01
-1.219000000000000057e+02,3.670388750494943952e-01,6.579008247611602966e-01,3.172218656323028796e+00,0.000000000000000000e+00,1.000000000000000000e+00,6.578982872691478967e-01
-1.218000000000000114e+02,3.666184643238386553e-01,6.554029138613368666e-01,3.165480768499567166e+00,0.000000000000000000e+00,1.000000000000000000e+00,6.554003925531404207e-01
-1.217000000000000171e+02,3.662001298161274288e-01,6.529107111805090291e-01,3.158754627135620385e+00,0.000000000000000000e+00,1.000000000000000000e+00,6.529082059444448749e-01
-1.215999999999999943e+02,3.657838618828750943e-01,6.504241820423808385e-01,3.152040238087078450e+00,0.000000000000000000e+00,1.000000000000000000e+00,6.504216927680206428e-01
-1.215000000000000000e+02,3.653696509529673619e-01,6.479432919974493776e-01,3.145337608910296900e+00,0.000000000000000000e+00,1.000000000000000000e+00,6.479408185754962357e-01
-1.213999999999999773e+02,3.649574875270453767e-01,6.454680068212160782e-01,3.138646748839090339e+00,0.000000000000000000e+00,1.000000000000000000e+00,6.454655491431218195e-01
-1.212999999999999829e+02,3.645473621768987038e-01,6.429982925113330028e-01,3.131967668762404511e+00,0.000000000000000000e+00,1.000000000000000000e+00,6.429958504697493860e-01
-1.211999999999999886e+02,3.641392655448634774e-01,6.405341152864760801e-01,3.125300381202595013e+00,0.000000000000000000e+00,1.000000000000000000e+00,6.405316887748283561e-01
-1.210999999999999943e+02,3.637331883432270985e-01,6.380754415837674998e-01,3.118644900294323286e+00,0.000000000000000000e+00,1.000000000000000000e+00,6.380730304964231658e-01
-1.210000000000000000e+02,3.633291213536398168e-01,6.356222380567495556e-01,3.112001241764043247e+00,0.000000000000000000e+00,1.000000000000000000e+00,6.356198422892541666e-01
-1.209000000000000057e+02,3.629270554265320303e-01,6.331744715741796092e-01,3.105369422910055466e+00,0.000000000000000000e+00,1.000000000000000000e+00,6.331720910227552901e-01
-1.207999999999999972e+02,3.625269814805373025e-01,6.307321092171105370e-01,3.098749462583114678e+00,0.000000000000000000e+00,1.000000000000000000e+00,6.307297437791506978e-01
-1.207000000000000028e+02,3.621288905019231508e-01,6.282951182778411248e-01,3.092141381167582637e+00,0.000000000000000000e+00,1.000000000000000000e+00,6.282927678515576320e-01
-1.205999999999999801e+02,3.617327735440250547e-01,6.258634662575506269e-01,3.085545200563078350e+00,0.000000000000000000e+00,1.000000000000000000e+00,6.258611307420977043e-01
-1.204999999999999858e+02,3.613386217266897904e-01,6.234371208644911011e-01,3.078960944166660774e+00,0.000000000000000000e+00,1.000000000000000000e+00,6.234348001600401590e-01
-1.203999999999999915e+02,3.609464262357211517e-01,6.210160500126215011e-01,3.072388636855468036e+00,0.000000000000000000e+00,1.000000000000000000e+00,6.210137440199511305e-01
-1.202999999999999972e+02,3.605561783223343308e-01,6.186002218188693114e-01,3.065828304969855367e+00,0.000000000000000000e+00,1.000000000000000000e+00,6.185979304398724343e-01
-1.202000000000000028e+02,3.601678693026142963e-01,6.161896046021978490e-01,3.059279976296970904e+00,0.000000000000000000e+00,1.000000000000000000e+00,6.161873277395121251e-01
-1.201000000000000085e+02,3.597814905569804433e-01,6.137841668813507345e-01,3.052743680054788022e+00,0.000000000000000000e+00,1.000000000000000000e+00,6.137819044384558165e-01
-1.199999999999999858e+02,3.593970335296567953e-01,6.113838773729048937e-01,3.046219446876554660e+00,0.000000000000000000e+00,1.000000000000000000e+00,6.113816292543950981e-01
-1.198999999999999915e+02,3.590144897281479786e-01,6.089887049902074079e-01,3.039707308795676077e+00,0.000000000000000000e+00,1.000000000000000000e+00,6.089864711013776022e-01
-1.197999999999999829e+02,3.586338507227195271e-01,6.065986188410817936e-01,3.033207299230969767e+00,0.000000000000000000e+00,1.000000000000000000e+00,6.065963990880649526e-01
-1.196999999999999886e+02,3.582551081458854036e-01,6.042135882262414937e-01,3.026719452972350233e+00,0.000000000000000000e+00,1.000000000000000000e+00,6.042113825160209117e-01
-1.195999999999999943e+02,3.578782536918988511e-01,6.018335826377562148e-01,3.020243806166851730e+00,0.000000000000000000e+00,1.000000000000000000e+00,6.018313908780055232e-01
-1.195000000000000000e+02,3.575032791162502943e-01,5.994585717568122751e-01,3.013780396305044906e+00,0.000000000000000000e+00,1.000000000000000000e+00,5.994563938562927907e-01
-1.194000000000000057e+02,3.571301762351693498e-01,5.970885254529028074e-01,3.007329262207796283e+00,0.000000000000000000e+00,1.000000000000000000e+00,5.970863613210039000e-01
-1.193000000000000114e+02,3.567589369251319975e-01,5.947234137816060917e-01,3.000890444013367908e+00,0.000000000000000000e+00,1.000000000000000000e+00,5.947212633284544303e-01
-1.192000000000000171e+02,3.563895531223735258e-01,5.923632069829481983e-01,2.994463983164856291e+00,0.000000000000000000e+00,1.000000000000000000e+00,5.923610701195214379e-01
-1.190999999999999943e+02,3.560220168224058068e-01,5.900078754797790648e-01,2.988049922397942204e+00,0.000000000000000000e+00,1.000000000000000000e+00,5.900057521180233078e-01
-1.190000000000000000e+02,3.556563200795402335e-01,5.876573898766935811e-01,2.981648305728963777e+00,0.000000000000000000e+00,1.000000000000000000e+00,5.876552799291202556e-01
-1.188999999999999773e+02,3.552924550064142095e-01,5.853117209577199942e-01,2.975259178443275587e+00,0.000000000000000000e+00,1.000000000000000000e+00,5.853096243377233776e-01
-1.187999999999999829e+02,3.549304137735247444e-01,5.829708396850890040e-01,2.968882587083913283e+00,0.000000000000000000e+00,1.000000000000000000e+00,5.829687563069282374e-01
-1.186999999999999886e+02,3.545701886087641586e-01,5.806347171981123267e-01,2.962518579440523325e+00,0.000000000000000000e+00,1.000000000000000000e+00,5.806326469764547804e-01
-1.186000000000000085e+02,3.542117717969626711e-01,5.783033248106874691e-01,2.956167204538576065e+00,0.000000000000000000e+00,1.000000000000000000e+00,5.783012676611100078e-01
-1.185000000000000142e+02,3.538551556794347075e-01,5.759766340102514537e-01,2.949828512628836386e+00,0.000000000000000000e+00,1.000000000000000000e+00,5.759745898492607541e-01
-1.184000000000000199e+02,3.535003326535302026e-01,5.736546164566659334e-01,2.943502555177090585e+00,0.000000000000000000e+00,1.000000000000000000e+00,5.736525852013245608e-01
-1.182999999999999972e+02,3.531472951721896236e-01,5.713372439802689717e-01,2.937189384854110852e+00,0.000000000000000000e+00,1.000000000000000000e+00,5.713352255482720965e-01
-1.182000000000000028e+02,3.527960357435049321e-01,5.690244885801230001e-01,2.930889055525871534e+00,0.000000000000000000e+00,1.000000000000000000e+00,5.690224828901485621e-01
-1.180999999999999801e+02,3.524465469302839327e-01,5.667163224232306673e-01,2.924601622243966581e+00,0.000000000000000000e+00,1.000000000000000000e+00,5.667143293946029781e-01
-1.179999999999999858e+02,3.520988213496192842e-01,5.644127178427824632e-01,2.918327141236280564e+00,0.000000000000000000e+00,1.000000000000000000e+00,5.644107373954392326e-01
-1.178999999999999915e+02,3.517528516724620080e-01,5.621136473366984410e-01,2.912065669897842213e+00,0.000000000000000000e+00,1.000000000000000000e+00,5.621116793911741238e-01
-1.177999999999999972e+02,3.514086306231992141e-01,5.598190835659648812e-01,2.905817266781897779e+00,0.000000000000000000e+00,1.000000000000000000e+00,5.598171280436138320e-01
-1.177000000000000028e+02,3.510661509792364909e-01,5.575289993535390565e-01,2.899581991591178465e+00,0.000000000000000000e+00,1.000000000000000000e+00,5.575270561764430477e-01
-1.176000000000000085e+02,3.507254055705837370e-01,5.552433676830558218e-01,2.893359905169356594e+00,0.000000000000000000e+00,1.000000000000000000e+00,5.552414367738266465e-01
-1.175000000000000000e+02,3.503863872794458212e-01,5.529621616968329878e-01,2.887151069492677191e+00,0.000000000000000000e+00,1.000000000000000000e+00,5.529602429790246854e-01
-1.174000000000000057e+02,3.500490890398174626e-01,5.506853546953561773e-01,2.880955547661783189e+00,0.000000000000000000e+00,1.000000000000000000e+00,5.506834480930246079e-01
-1.172999999999999829e+02,3.497135038370810523e-01,5.484129201354323024e-01,2.874773403893679191e+00,0.000000000000000000e+00,1.000000000000000000e+00,5.484110255731775574e-01
-1.171999999999999886e+02,3.493796247076102479e-01,5.461448316286872107e-01,2.868604703513887966e+00,0.000000000000000000e+00,1.000000000000000000e+00,5.461429490318591151e-01
-1.170999999999999943e+02,3.490474447383760115e-01,5.438810629405035346e-01,2.862449512948734398e+00,0.000000000000000000e+00,1.000000000000000000e+00,5.438791922351323693e-01
-1.170000000000000000e+02,3.487169570665578089e-01,5.416215879886246976e-01,2.856307899717797305e+00,0.000000000000000000e+00,1.000000000000000000e+00,5.416197291014311910e-01
-1.169000000000000057e+02,3.483881548791575855e-01,5.393663808419745243e-01,2.850179932426489593e+00,0.000000000000000000e+00,1.000000000000000000e+00,5.393645337002510587e-01
-1.168000000000000114e+02,3.480610314126185711e-01,5.371154157193258616e-01,2.844065680758779635e+00,0.000000000000000000e+00,1.000000000000000000e+00,5.371135802508554269e-01
-1.166999999999999886e+02,3.477355799524469715e-01,5.348686669876835387e-01,2.837965215470040548e+00,0.000000000000000000e+00,1.000000000000000000e+00,5.348668431209915308e-01
-1.165999999999999943e+02,3.474117938328387667e-01,5.326261091612917165e-01,2.831878608380025142e+00,0.000000000000000000e+00,1.000000000000000000e+00,5.326242968256224009e-01
-1.164999999999999858e+02,3.470896664363085637e-01,5.303877169005902781e-01,2.825805932365943907e+00,0.000000000000000000e+00,1.000000000000000000e+00,5.303859160256646499e-01
-1.163999999999999915e+02,3.467691911933235560e-01,5.281534650104250384e-01,2.819747261355677104e+00,0.000000000000000000e+00,1.000000000000000000e+00,5.281516755267442464e-01
-1.162999999999999972e+02,3.464503615819403692e-01,5.259233284395312680e-01,2.813702670321067689e+00,0.000000000000000000e+00,1.000000000000000000e+00,5.259215502779593931e-01
-1.162000000000000028e+02,3.461331711274454048e-01,5.236972822786827297e-01,2.807672235271330585e+00,0.000000000000000000e+00,1.000000000000000000e+00,5.236955153706570609e-01
-1.161000000000000085e+02,3.458176134019996240e-01,5.214753017593767304e-01,2.801656033246545441e+00,0.000000000000000000e+00,1.000000000000000000e+00,5.214735460372212916e-01
-1.160000000000000142e+02,3.455036820242861073e-01,5.192573622535262556e-01,2.795654142311247981e+00,0.000000000000000000e+00,1.000000000000000000e+00,5.192556176498711595e-01
-1.158999999999999915e+02,3.451913706591607789e-01,5.170434392713094685e-01,2.789666641548086634e+00,0.000000000000000000e+00,1.000000000000000000e+00,5.170417057194701682e-01
-1.157999999999999972e+02,3.448806730173080703e-01,5.148335084604780398e-01,2.783693611051581307e+00,0.000000000000000000e+00,1.000000000000000000e+00,5.148317858943498582e-01
-1.156999999999999744e+02,3.445715828548979176e-01,5.126275456050690682e-01,2.777735131921922562e+00,0.000000000000000000e+00,1.000000000000000000e+00,5.126258339591370783e-01
-1.155999999999999801e+02,3.442640939732483640e-01,5.104255266243375999e-01,2.771791286258869835e+00,0.000000000000000000e+00,1.000000000000000000e+00,5.104238258336013523e-01
-1.154999999999999858e+02,3.439582002184891629e-01,5.082274275715505940e-01,2.765862157155682954e+00,0.000000000000000000e+00,1.000000000000000000e+00,5.082257375715035774e-01
-1.153999999999999915e+02,3.436538954812310975e-01,5.060332246326354477e-01,2.759947828693129601e+00,0.000000000000000000e+00,1.000000000000000000e+00,5.060315453594625978e-01
-1.152999999999999972e+02,3.433511736962364114e-01,5.038428941255680416e-01,2.754048385933532295e+00,0.000000000000000000e+00,1.000000000000000000e+00,5.038412255158279951e-01
-1.152000000000000028e+02,3.430500288420940125e-01,5.016564124986934159e-01,2.748163914914866002e+00,0.000000000000000000e+00,1.000000000000000000e+00,5.016547544895645361e-01
-1.150999999999999943e+02,3.427504549408970091e-01,4.994737563297855787e-01,2.742294502644897491e+00,0.000000000000000000e+00,1.000000000000000000e+00,4.994721088591462244e-01
-1.150000000000000000e+02,3.424524460579240759e-01,4.972949023253387391e-01,2.736440237095360217e+00,0.000000000000000000e+00,1.000000000000000000e+00,4.972932653314628415e-01
-1.148999999999999773e+02,3.421559963013228178e-01,4.951198273191177446e-01,2.730601207196151847e+00,0.000000000000000000e+00,1.000000000000000000e+00,4.951182007407304297e-01
-1.147999999999999829e+02,3.418610998217977981e-01,4.929485082710305388e-01,2.724777502829575759e+00,0.000000000000000000e+00,1.000000000000000000e+00,4.929468920474198712e-01
-1.146999999999999886e+02,3.415677508123001194e-01,4.907809222661900783e-01,2.718969214824585645e+00,0.000000000000000000e+00,1.000000000000000000e+00,4.907793163371869660e-01
-1.145999999999999943e+02,3.412759435077213910e-01,4.886170465137896213e-01,2.713176434951059424e+00,0.000000000000000000e+00,1.000000000000000000e+00,4.886154508198181645e-01
-1.145000000000000000e+02,3.409856721845894167e-01,4.864568583463547147e-01,2.707399255914077152e+00,0.000000000000000000e+00,1.000000000000000000e+00,4.864552728281829608e-01
-1.143999999999999915e+02,3.406969311607677686e-01,4.843003352182048693e-01,2.701637771348215367e+00,0.000000000000000000e+00,1.000000000000000000e+00,4.842987598171962227e-01
-1.142999999999999972e+02,3.404097147951579694e-01,4.821474547047570058e-01,2.695892075811834765e+00,0.000000000000000000e+00,1.000000000000000000e+00,4.821458893627900144e-01
-1.141999999999999886e+02,3.401240174874045064e-01,4.799981945015073803e-01,2.690162264781368329e+00,0.000000000000000000e+00,1.000000000000000000e+00,4.799966391608941341e-01
-1.141000000000000085e+02,3.398398336776027873e-01,4.778525324228301563e-01,2.684448434645610337e+00,0.000000000000000000e+00,1.000000000000000000e+00,4.778509870264263659e-01
-1.140000000000000000e+02,3.395571578460100937e-01,4.757104464012016920e-01,2.678750682699983621e+00,0.000000000000000000e+00,1.000000000000000000e+00,4.757089108922903931e-01
-1.139000000000000057e+02,3.392759845127589213e-01,4.735719144859625862e-01,2.673069107140798373e+00,0.000000000000000000e+00,1.000000000000000000e+00,4.735703888083854229e-01
-1.137999999999999972e+02,3.389963082375738179e-01,4.714369148425069378e-01,2.667403807059488319e+00,0.000000000000000000e+00,1.000000000000000000e+00,4.714353989406201983e-01
-1.137000000000000028e+02,3.387181236194900524e-01,4.693054257515721361e-01,2.661754882436824232e+00,0.000000000000000000e+00,1.000000000000000000e+00,4.693039195699405530e-01
-1.135999999999999943e+02,3.384414252965756154e-01,4.671774256074101572e-01,2.656122434137093258e+00,0.000000000000000000e+00,1.000000000000000000e+00,4.671759290913610196e-01
-1.135000000000000000e+02,3.381662079456563275e-01,4.650528929177948356e-01,2.650506563902257806e+00,0.000000000000000000e+00,1.000000000000000000e+00,4.650514060130092608e-01
-1.133999999999999915e+02,3.378924662820420588e-01,4.629318063026787722e-01,2.644907374346056272e+00,0.000000000000000000e+00,1.000000000000000000e+00,4.629303289551744416e-01
-1.132999999999999972e+02,3.376201950592576106e-01,4.608141444928548491e-01,2.639324968948084216e+00,0.000000000000000000e+00,1.000000000000000000e+00,4.608126766493683135e-01
-1.131999999999999886e+02,3.373493890687746521e-01,4.586998863298519247e-01,2.633759452047811145e+00,0.000000000000000000e+00,1.000000000000000000e+00,4.586984279373904627e-01
-1.130999999999999943e+02,3.370800431397468211e-01,4.565890107643338358e-01,2.628210928838558225e+00,0.000000000000000000e+00,1.000000000000000000e+00,4.565875617704050482e-01
-1.130000000000000000e+02,3.368121521387476003e-01,4.544814968554963253e-01,2.622679505361414698e+00,0.000000000000000000e+00,1.000000000000000000e+00,4.544800572080229251e-01
-1.129000000000000057e+02,3.365457109695101368e-01,4.523773237700983163e-01,2.617165288499097464e+00,0.000000000000000000e+00,1.000000000000000000e+00,4.523758934173937596e-01
-1.127999999999999972e+02,3.362807145726702251e-01,4.502764707813616263e-01,2.611668385969746708e+00,0.000000000000000000e+00,1.000000000000000000e+00,4.502750496723045281e-01
-1.127000000000000028e+02,3.360171579255113450e-01,4.481789172684019773e-01,2.606188906320656251e+00,0.000000000000000000e+00,1.000000000000000000e+00,4.481775053522868979e-01
-1.125999999999999943e+02,3.357550360417121960e-01,4.460846427152939109e-01,2.600726958921924403e+00,0.000000000000000000e+00,1.000000000000000000e+00,4.460832399417304917e-01
-1.125000000000000000e+02,3.354943439710966757e-01,4.439936267099591216e-01,2.595282653960041763e+00,0.000000000000000000e+00,1.000000000000000000e+00,4.439922330290073105e-01
-1.123999999999999915e+02,3.352350767993865222e-01,4.419058489433025372e-01,2.589856102431382645e+00,0.000000000000000000e+00,1.000000000000000000e+00,4.419044643055983212e-01
-1.122999999999999972e+02,3.349772296479560652e-01,4.398212892088365633e-01,2.584447416135628561e+00,0.000000000000000000e+00,1.000000000000000000e+00,4.398199135652338110e-01
-1.121999999999999886e+02,3.347207976735890322e-01,4.377399274012294117e-01,2.579056707669086901e+00,0.000000000000000000e+00,1.000000000000000000e+00,4.377385607030345738e-01
-1.120999999999999943e+02,3.344657760682386849e-01,4.356617435156238116e-01,2.573684090417932779e+00,0.000000000000000000e+00,1.000000000000000000e+00,4.356603857146663650e-01
-1.119999999999999858e+02,3.342121600587890651e-01,4.335867176470202256e-01,2.568329678551341200e+00,0.000000000000000000e+00,1.000000000000000000e+00,4.335853686954966868e-01
-1.119000000000000057e+02,3.339599449068194614e-01,4.315148299892933026e-01,2.562993587014527286e+00,0.000000000000000000e+00,1.000000000000000000e+00,4.315134898397624541e-01
-1.117999999999999972e+02,3.337091259083703743e-01,4.294460608343680375e-01,2.557675931521673718e+00,0.000000000000000000e+00,1.000000000000000000e+00,4.294447294397411574e-01
-1.117000000000000028e+02,3.334596983937124781e-01,4.273803905712182383e-01,2.552376828548758247e+00,0.000000000000000000e+00,1.000000000000000000e+00,4.273790678849329061e-01
-1.115999999999999943e+02,3.332116577271172497e-01,4.253177996854554666e-01,2.547096395326260421e+00,0.000000000000000000e+00,1.000000000000000000e+00,4.253164856612454137e-01
-1.115000000000000000e+02,3.329649993066298719e-01,4.232582687582182590e-01,2.541834749831757279e+00,0.000000000000000000e+00,1.000000000000000000e+00,4.232569633501893636e-01
-1.113999999999999915e+02,3.327197185638445798e-01,4.212017784652691832e-01,2.536592010782390716e+00,0.000000000000000000e+00,1.000000000000000000e+00,4.212004816280767727e-01
-1.112999999999999972e+02,3.324758109636820058e-01,4.191483095767289946e-01,2.531368297627222486e+00,0.000000000000000000e+00,1.000000000000000000e+00,4.191470212652306793e-01
-1.111999999999999886e+02,3.322332720041681897e-01,4.170978429557324896e-01,2.526163730539443097e+00,0.000000000000000000e+00,1.000000000000000000e+00,4.170965631251958294e-01
-1.110999999999999943e+02,3.319920972162168082e-01,4.150503595578631799e-01,2.520978430408468363e+00,0.000000000000000000e+00,1.000000000000000000e+00,4.150490881639617990e-01
-1.109999999999999858e+02,3.317522821634121266e-01,4.130058404303702524e-01,2.515812518831877842e+00,0.000000000000000000e+00,1.000000000000000000e+00,4.130045774291867811e-01
-1.108999999999999915e+02,3.315138224417953916e-01,4.109642667114031256e-01,2.510666118107234723e+00,0.000000000000000000e+00,1.000000000000000000e+00,4.109630120594333080e-01
-1.107999999999999972e+02,3.312767136796518908e-01,4.089256196294573931e-01,2.505539351223741829e+00,0.000000000000000000e+00,1.000000000000000000e+00,4.089243732834050848e-01
-1.107000000000000028e+02,3.310409515373011757e-01,4.068898805022172493e-01,2.500432341853764395e+00,0.000000000000000000e+00,1.000000000000000000e+00,4.068886424191946460e-01
-1.105999999999999943e+02,3.308065317068886180e-01,4.048570307358477782e-01,2.495345214344192097e+00,0.000000000000000000e+00,1.000000000000000000e+00,4.048558008735330671e-01
-1.105000000000000000e+02,3.305734499121795733e-01,4.028270518248371901e-01,2.490278093707650964e+00,0.000000000000000000e+00,1.000000000000000000e+00,4.028258301410501119e-01
-1.103999999999999915e+02,3.303417019083542128e-01,4.007999253507084081e-01,2.485231105613552316e+00,0.000000000000000000e+00,1.000000000000000000e+00,4.007987118035354901e-01
-1.102999999999999972e+02,3.301112834818062391e-01,3.987756329810352995e-01,2.480204376378982722e+00,0.000000000000000000e+00,1.000000000000000000e+00,3.987744275292109952e-01
-1.101999999999999886e+02,3.298821904499418811e-01,3.967541564695423184e-01,2.475198032959422978e+00,0.000000000000000000e+00,1.000000000000000000e+00,3.967529590720046406e-01
-1.100999999999999943e+02,3.296544186609814964e-01,3.947354776548778754e-01,2.470212202939303214e+00,0.000000000000000000e+00,1.000000000000000000e+00,3.947342882708337330e-01
-1.100000000000000000e+02,3.294279639937629511e-01,3.927195784597927730e-01,2.465247014522376823e+00,0.000000000000000000e+00,1.000000000000000000e+00,3.927183970488906106e-01
-1.098999999999999915e+02,3.292028223575471091e-01,3.907064408906317232e-01,2.460302596521924734e+00,0.000000000000000000e+00,1.000000000000000000e+00,3.907052674129368741e-01
-1.097999999999999972e+02,3.289789896918247081e-01,3.886960470368960863e-01,2.455379078350774513e+00,0.000000000000000000e+00,1.000000000000000000e+00,3.886948814526022256e-01
-1.096999999999999886e+02,3.287564619661252352e-01,3.866883790699600087e-01,2.450476590011137379e+00,0.000000000000000000e+00,1.000000000000000000e+00,3.866872213396879698e-01
-1.096000000000000085e+02,3.285352351798281334e-01,3.846834192427271981e-01,2.445595262084257815e+00,0.000000000000000000e+00,1.000000000000000000e+00,3.846822693274780658e-01
-1.095000000000000000e+02,3.283153053619748962e-01,3.826811498889252094e-01,2.440735225719871782e+00,0.000000000000000000e+00,1.000000000000000000e+00,3.826800077500533970e-01
-1.094000000000000057e+02,3.280966685710838826e-01,3.806815534224723963e-01,2.435896612625472191e+00,0.000000000000000000e+00,1.000000000000000000e+00,3.806804190216137584e-01
-1.092999999999999972e+02,3.278793208949659088e-01,3.786846123367234029e-01,2.431079555055377650e+00,0.000000000000000000e+00,1.000000000000000000e+00,3.786834856358026191e-01
-1.092000000000000028e+02,3.276632584505426715e-01,3.766903092036907874e-01,2.426284185799596926e+00,0.000000000000000000e+00,1.000000000000000000e+00,3.766891901650403773e-01
-1.090999999999999943e+02,3.274484773836659479e-01,3.746986266736789806e-01,2.421510638172498453e+00,0.000000000000000000e+00,1.000000000000000000e+00,3.746975152598594483e-01
-1.090000000000000000e+02,3.272349738689391274e-01,3.727095474743626347e-01,2.416759046001266231e+00,0.000000000000000000e+00,1.000000000000000000e+00,3.727084436482475671e-01
-1.088999999999999915e+02,3.270227441095401311e-01,3.707230544100336700e-01,2.412029543614145233e+00,0.000000000000000000e+00,1.000000000000000000e+00,3.707219581349933124e-01
-1.087999999999999972e+02,3.268117843370464404e-01,3.687391303615077387e-01,2.407322265828484298e+00,0.000000000000000000e+00,1.000000000000000000e+00,3.687380416010404560e-01
-1.086999999999999886e+02,3.266020908112607368e-01,3.667577582849871898e-01,2.402637347938552992e+00,0.000000000000000000e+00,1.000000000000000000e+00,3.667566770028428125e-01
-1.085999999999999943e+02,3.263936598200398165e-01,3.647789212113379809e-01,2.397974925703150184e+00,0.000000000000000000e+00,1.000000000000000000e+00,3.647778473717282477e-01
-1.085000000000000000e+02,3.261864876791236156e-01,3.628026022458321620e-01,2.393335135332981256e+00,0.000000000000000000e+00,1.000000000000000000e+00,3.628015358132646306e-01
-1.084000000000000057e+02,3.259805707319669565e-01,3.608287845673329719e-01,2.388718113477823479e+00,0.000000000000000000e+00,1.000000000000000000e+00,3.608277255066327793e-01
-1.082999999999999972e+02,3.257759053495720147e-01,3.588574514278483618e-01,2.384123997213458690e+00,0.000000000000000000e+00,1.000000000000000000e+00,3.588563997040020159e-01
-1.082000000000000028e+02,3.255724879303230623e-01,3.568885861514777824e-01,2.379552924028382588e+00,0.000000000000000000e+00,1.000000000000000000e+00,3.568875417299131048e-01
-1.080999999999999943e+02,3.253703148998225991e-01,3.549221721342644131e-01,2.375005031810276890e+00,0.000000000000000000e+00,1.000000000000000000e+00,3.549211349806631888e-01
-1.080000000000000000e+02,3.251693827107287049e-01,3.529581928434422644e-01,2.370480458832257664e+00,0.000000000000000000e+00,1.000000000000000000e+00,3.529571629236981090e-01
-1.078999999999999915e+02,3.249696878425944457e-01,3.509966318165627097e-01,2.365979343738879859e+00,0.000000000000000000e+00,1.000000000000000000e+00,3.509956090970066112e-01
-1.077999999999999972e+02,3.247712268017086124e-01,3.490374726613360568e-01,2.361501825531912679e+00,0.000000000000000000e+00,1.000000000000000000e+00,3.490364571085216583e-01
-1.076999999999999886e+02,3.245739961209376800e-01,3.470806990548651605e-01,2.357048043555872496e+00,0.000000000000000000e+00,1.000000000000000000e+00,3.470796906355240741e-01
-1.075999999999999943e+02,3.243779923595697667e-01,3.451262947427118921e-01,2.352618137483314165e+00,0.000000000000000000e+00,1.000000000000000000e+00,3.451252934240526815e-01
-1.074999999999999858e+02,3.241832121031599789e-01,3.431742435389238399e-01,2.348212247299881206e+00,0.000000000000000000e+00,1.000000000000000000e+00,3.431732492883166064e-01
-1.074000000000000057e+02,3.239896519633766458e-01,3.412245293250131262e-01,2.343830513289112183e+00,0.000000000000000000e+00,1.000000000000000000e+00,3.412235421101144084e-01
-1.072999999999999972e+02,3.237973085778501070e-01,3.392771360494538646e-01,2.339473076017001052e+00,0.000000000000000000e+00,1.000000000000000000e+00,3.392761558382554887e-01
-1.072000000000000028e+02,3.236061786100217774e-01,3.373320477273091811e-01,2.335140076316311042e+00,0.000000000000000000e+00,1.000000000000000000e+00,3.373310744879873257e-01
-1.070999999999999943e+02,3.234162587489955998e-01,3.353892484392495543e-01,2.330831655270636293e+00,0.000000000000000000e+00,1.000000000000000000e+00,3.353882821404252645e-01
-1.070000000000000000e+02,3.232275457093904403e-01,3.334487223315352744e-01,2.326547954198221912e+00,0.000000000000000000e+00,1.000000000000000000e+00,3.334477629419889122e-01
-1.068999999999999915e+02,3.230400362311937612e-01,3.315104536151454728e-01,2.322289114635524232e+00,0.000000000000000000e+00,1.000000000000000000e+00,3.315095011038393658e-01
-1.067999999999999972e+02,3.228537270796171810e-01,3.295744265650849547e-01,2.318055278320526824e+00,0.000000000000000000e+00,1.000000000000000000e+00,3.295734809013243227e-01
-1.066999999999999886e+02,3.226686150449530888e-01,3.276406255199679762e-01,2.313846587175798497e+00,0.000000000000000000e+00,1.000000000000000000e+00,3.276396866734238023e-01
-1.065999999999999943e+02,3.224846969424328136e-01,3.257090348817331393e-01,2.309663183291305266e+00,0.000000000000000000e+00,1.000000000000000000e+00,3.257081028222031382e-01
-1.064999999999999858e+02,3.223019696120856814e-01,3.237796391146014474e-01,2.305505208906960757e+00,0.000000000000000000e+00,1.000000000000000000e+00,3.237787138122656949e-01
-1.063999999999999915e+02,3.221204299186004594e-01,3.218524227450018649e-01,2.301372806394928805e+00,0.000000000000000000e+00,1.000000000000000000e+00,3.218515041702154078e-01
-1.062999999999999972e+02,3.219400747511865779e-01,3.199273703607912744e-01,2.297266118241669819e+00,0.000000000000000000e+00,1.000000000000000000e+00,3.199264584841162717e-01
-1.062000000000000028e+02,3.217609010234385170e-01,3.180044666106029982e-01,2.293185287029734010e+00,0.000000000000000000e+00,1.000000000000000000e+00,3.180035614029625979e-01
-1.060999999999999943e+02,3.215829056731998037e-01,3.160836962035754594e-01,2.289130455419298382e+00,0.000000000000000000e+00,1.000000000000000000e+00,3.160827976361468838e-01
-1.060000000000000000e+02,3.214060856624297302e-01,3.141650439087174118e-01,2.285101766129454148e+00,0.000000000000000000e+00,1.000000000000000000e+00,3.141641519529369542e-01
-1.058999999999999915e+02,3.212304379770700713e-01,3.122484945545546675e-01,2.281099361919236568e+00,0.000000000000000000e+00,1.000000000000000000e+00,3.122476091819516575e-01
-1.057999999999999972e+02,3.210559596269141891e-01,3.103340330280169312e-01,2.277123385568406544e+00,0.000000000000000000e+00,1.000000000000000000e+00,3.103331542106450569e-01
-1.056999999999999886e+02,3.208826476454769705e-01,3.084216442748934361e-01,2.273173979857973315e+00,0.000000000000000000e+00,1.000000000000000000e+00,3.084207719847900098e-01
-1.055999999999999943e+02,3.207104990898653751e-01,3.065113132983914301e-01,2.269251287550477336e+00,0.000000000000000000e+00,1.000000000000000000e+00,3.065104475079690749e-01
-1.055000000000000000e+02,3.205395110406519255e-01,3.046030251591140825e-01,2.265355451370012041e+00,0.000000000000000000e+00,1.000000000000000000e+00,3.046021658410662525e-01
-1.053999999999999915e+02,3.203696806017471976e-01,3.026967649746783451e-01,2.261486613982004013e+00,0.000000000000000000e+00,1.000000000000000000e+00,3.026959121017628318e-01
-1.052999999999999972e+02,3.202010049002756431e-01,3.007925179186208275e-01,2.257644917972745358e+00,0.000000000000000000e+00,1.000000000000000000e+00,3.007916714640387346e-01
-1.051999999999999886e+02,3.200334810864511881e-01,2.988902692205304690e-01,2.253830505828676944e+00,0.000000000000000000e+00,1.000000000000000000e+00,2.988894291576740803e-01
-1.051000000000000085e+02,3.198671063334547759e-01,2.969900041653221190e-01,2.250043519915432721e+00,0.000000000000000000e+00,1.000000000000000000e+00,2.969891704677571354e-01
-1.050000000000000000e+02,3.197018778373126313e-01,2.950917080926441782e-01,2.246284102456641563e+00,0.000000000000000000e+00,1.000000000000000000e+00,2.950908807341931506e-01
-1.049000000000000057e+02,3.195377928167763004e-01,2.931953663964702028e-01,2.242552395512488417e+00,0.000000000000000000e+00,1.000000000000000000e+00,2.931945453512188604e-01
-1.047999999999999972e+02,3.193748485132031911e-01,2.913009645247260915e-01,2.238848540958038758e+00,0.000000000000000000e+00,1.000000000000000000e+00,2.913001497669178708e-01
-1.047000000000000028e+02,3.192130421904388338e-01,2.894084879785049358e-01,2.235172680461333883e+00,0.000000000000000000e+00,1.000000000000000000e+00,2.894076794827424859e-01
-1.045999999999999943e+02,3.190523711347000857e-01,2.875179223119144756e-01,2.231524955461245963e+00,0.000000000000000000e+00,1.000000000000000000e+00,2.875171200530344251e-01
-1.045000000000000000e+02,3.188928326544593350e-01,2.856292531317123906e-01,2.227905507145116371e+00,0.000000000000000000e+00,1.000000000000000000e+00,2.856284570845538662e-01
-1.043999999999999915e+02,3.187344240803298701e-01,2.837424660962294953e-01,2.224314476426158205e+00,0.000000000000000000e+00,1.000000000000000000e+00,2.837416762360064904e-01
-1.042999999999999972e+02,3.185771427649530252e-01,2.818575469153254409e-01,2.220752003920646089e+00,0.000000000000000000e+00,1.000000000000000000e+00,2.818567632175784654e-01
-1.041999999999999886e+02,3.184209860828853267e-01,2.799744813500829599e-01,2.217218229924884820e+00,0.000000000000000000e+00,1.000000000000000000e+00,2.799737037904701520e-01
-1.040999999999999943e+02,3.182659514304876924e-01,2.780932552120891077e-01,2.213713294391963959e+00,0.000000000000000000e+00,1.000000000000000000e+00,2.780924837664370264e-01
-1.040000000000000000e+02,3.181120362258150758e-01,2.762138543629028553e-01,2.210237336908302819e+00,0.000000000000000000e+00,1.000000000000000000e+00,2.762130890073294376e-01
-1.039000000000000057e+02,3.179592379085079412e-01,2.743362647138091193e-01,2.206790496669995605e+00,0.000000000000000000e+00,1.000000000000000000e+00,2.743355054246397473e-01
-1.037999999999999972e+02,3.178075539396838511e-01,2.724604722252606526e-01,2.203372912458945621e+00,0.000000000000000000e+00,1.000000000000000000e+00,2.724597189790479157e-01
-1.037000000000000028e+02,3.176569818018312175e-01,2.705864629064567706e-01,2.199984722618817834e+00,0.000000000000000000e+00,1.000000000000000000e+00,2.705857156799744700e-01
-1.035999999999999943e+02,3.175075189987029978e-01,2.687142228149598244e-01,2.196626065030786279e+00,0.000000000000000000e+00,1.000000000000000000e+00,2.687134815851323633e-01
-1.035000000000000000e+02,3.173591630552125009e-01,2.668437380559988137e-01,2.193297077089108260e+00,0.000000000000000000e+00,1.000000000000000000e+00,2.668430028000850496e-01
-1.033999999999999915e+02,3.172119115173294701e-01,2.649749947824616148e-01,2.189997895676508932e+00,0.000000000000000000e+00,1.000000000000000000e+00,2.649742654778047268e-01
-1.032999999999999972e+02,3.170657619519774983e-01,2.631079791939736623e-01,2.186728657139402010e+00,0.000000000000000000e+00,1.000000000000000000e+00,2.631072558182356302e-01
-1.031999999999999886e+02,3.169207119469327205e-01,2.612426775369162124e-01,2.183489497262931511e+00,0.000000000000000000e+00,1.000000000000000000e+00,2.612419600678577702e-01
-1.030999999999999943e+02,3.167767591107227831e-01,2.593790761035817960e-01,2.180280551245861620e+00,0.000000000000000000e+00,1.000000000000000000e+00,2.593783645192562770e-01
-1.029999999999999858e+02,3.166339010725280345e-01,2.575171612320178438e-01,2.177101953675301349e+00,0.000000000000000000e+00,1.000000000000000000e+00,2.575164555106903563e-01
-1.029000000000000057e+02,3.164921354820822152e-01,2.556569193056607570e-01,2.173953838501289759e+00,0.000000000000000000e+00,1.000000000000000000e+00,2.556562194256676301e-01
-1.027999999999999972e+02,3.163514600095755913e-01,2.537983367524540568e-01,2.170836339011230631e+00,0.000000000000000000e+00,1.000000000000000000e+00,2.537976426925189211e-01
-1.027000000000000028e+02,3.162118723455581426e-01,2.519414000450617697e-01,2.167749587804200129e+00,0.000000000000000000e+00,1.000000000000000000e+00,2.519407117839781440e-01
-1.025999999999999943e+02,3.160733702008439727e-01,2.500860956998639528e-01,2.164693716765118126e+00,0.000000000000000000e+00,1.000000000000000000e+00,2.500854132167614208e-01
-1.025000000000000000e+02,3.159359513064171066e-01,2.482324102770471774e-01,2.161668857038808955e+00,0.000000000000000000e+00,1.000000000000000000e+00,2.482317335511528555e-01
-1.023999999999999915e+02,3.157996134133372879e-01,2.463803303799304012e-01,2.158675139003940924e+00,0.000000000000000000e+00,1.000000000000000000e+00,2.463796593905887289e-01
-1.022999999999999972e+02,3.156643542926479973e-01,2.445298426543291159e-01,2.155712692246867235e+00,0.000000000000000000e+00,1.000000000000000000e+00,2.445291773812478253e-01
-1.021999999999999886e+02,3.155301717352844149e-01,2.426809337886646767e-01,2.152781645535368771e+00,0.000000000000000000e+00,1.000000000000000000e+00,2.426802742116412059e-01
-1.020999999999999943e+02,3.153970635519827703e-01,2.408335905131061827e-01,2.149882126792311166e+00,0.000000000000000000e+00,1.000000000000000000e+00,2.408329366122074211e-01
-1.019999999999999858e+02,3.152650275731906926e-01,2.389877995994071358e-01,2.147014263069215279e+00,0.000000000000000000e+00,1.000000000000000000e+00,2.389871513549066684e-01
-1.018999999999999915e+02,3.151340616489781699e-01,2.371435478605302127e-01,2.144178180519769938e+00,0.000000000000000000e+00,1.000000000000000000e+00,2.371429052528213344e-01
-1.017999999999999972e+02,3.150041636489497310e-01,2.353008221500605679e-01,2.141374004373270967e+00,0.000000000000000000e+00,1.000000000000000000e+00,2.353001851597547878e-01
-1.017000000000000028e+02,3.148753314621574595e-01,2.334596093619108748e-01,2.138601858908017128e+00,0.000000000000000000e+00,1.000000000000000000e+00,2.334589779698365009e-01
-1.015999999999999943e+02,3.147475629970148958e-01,2.316198964300172636e-01,2.135861867424657667e+00,0.000000000000000000e+00,1.000000000000000000e+00,2.316192706171259497e-01
-1.015000000000000000e+02,3.146208561812117721e-01,2.297816703277726635e-01,2.133154152219511879e+00,0.000000000000000000e+00,1.000000000000000000e+00,2.297810500752218155e-01
-1.013999999999999915e+02,3.144952089616299129e-01,2.279449180677028119e-01,2.130478834557860690e+00,0.000000000000000000e+00,1.000000000000000000e+00,2.279443033568707144e-01
-1.012999999999999972e+02,3.143706193042596908e-01,2.261096267011835914e-01,2.127836034647227148e+00,0.000000000000000000e+00,1.000000000000000000e+00,2.261090175135811176e-01
-1.011999999999999886e+02,3.142470851941175924e-01,2.242757833177946025e-01,2.125225871610658679e+00,0.000000000000000000e+00,1.000000000000000000e+00,2.242751796352361049e-01
-1.010999999999999943e+02,3.141246046351647281e-01,2.224433750452704806e-01,2.122648463460007573e+00,0.000000000000000000e+00,1.000000000000000000e+00,2.224427768497121150e-01
-1.009999999999999858e+02,3.140031756502257854e-01,2.206123890489881112e-01,2.120103927069237670e+00,0.000000000000000000e+00,1.000000000000000000e+00,2.206117963224958067e-01
-1.008999999999999915e+02,3.138827962809094263e-01,2.187828125314437433e-01,2.117592378147757248e+00,0.000000000000000000e+00,1.000000000000000000e+00,2.187822252563070002e-01
-1.007999999999999972e+02,3.137634645875291284e-01,2.169546327320763246e-01,2.115113931213788323e+00,0.000000000000000000e+00,1.000000000000000000e+00,2.169540508907205068e-01
-1.006999999999999886e+02,3.136451786490250804e-01,2.151278369267268509e-01,2.112668699567792352e+00,0.000000000000000000e+00,1.000000000000000000e+00,2.151272605017918449e-01
-1.006000000000000085e+02,3.135279365628869108e-01,2.133024124272917543e-01,2.110256795265955887e+00,0.000000000000000000e+00,1.000000000000000000e+00,2.133018414016854269e-01
-1.005000000000000000e+02,3.134117364450772492e-01,2.114783465815701646e-01,2.107878329093744618e+00,0.000000000000000000e+00,1.000000000000000000e+00,2.114777809383022456e-01
-1.004000000000000057e+02,3.132965764299558975e-01,2.096556267727486544e-01,2.105533410539550676e+00,0.000000000000000000e+00,1.000000000000000000e+00,2.096550664949133336e-01
-1.002999999999999972e+02,3.131824546702052237e-01,2.078342404188252279e-01,2.103222147768429640e+00,0.000000000000000000e+00,1.000000000000000000e+00,2.078336854897910035e-01
-1.002000000000000028e+02,3.130693693367562203e-01,2.060141749724823945e-01,2.100944647595948123e+00,0.000000000000000000e+00,1.000000000000000000e+00,2.060136253758464986e-01
-1.000999999999999943e+02,3.129573186187152856e-01,2.041954179207997877e-01,2.098701015462149044e+00,0.000000000000000000e+00,1.000000000000000000e+00,2.041948736402653675e-01
-1.000000000000000000e+02,3.128463007232918369e-01,2.023779567847556471e-01,2.096491355405653678e+00,0.000000000000000000e+00,1.000000000000000000e+00,2.023774178041483351e-01
-9.989999999999999147e+01,3.127363138757268679e-01,2.005617791187702392e-01,2.094315770037900037e+00,0.000000000000000000e+00,1.000000000000000000e+00,2.005612454221510077e-01
-9.979999999999999716e+01,3.126273563192222826e-01,1.987468725104960809e-01,2.092174360517544240e+00,0.000000000000000000e+00,1.000000000000000000e+00,1.987463440821287119e-01
-9.969999999999998863e+01,3.125194263148708962e-01,1.969332245805492099e-01,2.090067226525022637e+00,0.000000000000000000e+00,1.000000000000000000e+00,1.969327014047793645e-01
-9.959999999999999432e+01,3.124125221415872677e-01,1.951208229818769679e-01,2.087994466237303115e+00,0.000000000000000000e+00,1.000000000000000000e+00,1.951203050432923913e-01
-9.950000000000000000e+01,3.123066420960395884e-01,1.933096553996260791e-01,2.085956176302815823e+00,0.000000000000000000e+00,1.000000000000000000e+00,1.933091426829952331e-01
-9.940000000000000568e+01,3.122017844925818464e-01,1.914997095508007285e-01,2.083952451816604601e+00,0.000000000000000000e+00,1.000000000000000000e+00,1.914992020410057616e-01
-9.929999999999999716e+01,3.120979476631872696e-01,1.896909731838104241e-01,2.081983386295680916e+00,0.000000000000000000e+00,1.000000000000000000e+00,1.896904708658824490e-01
-9.920000000000000284e+01,3.119951299573821557e-01,1.878834340781127543e-01,2.080049071654616721e+00,0.000000000000000000e+00,1.000000000000000000e+00,1.878829369372803093e-01
-9.909999999999999432e+01,3.118933297421808692e-01,1.860770800438993899e-01,2.078149598181373126e+00,0.000000000000000000e+00,1.000000000000000000e+00,1.860765880656043425e-01
-9.900000000000000000e+01,3.117925454020211706e-01,1.842718989218773695e-01,2.076285054513388406e+00,0.000000000000000000e+00,1.000000000000000000e+00,1.842714120916692511e-01
-9.889999999999999147e+01,3.116927753387006006e-01,1.824678785827881511e-01,2.074455527613928929e+00,0.000000000000000000e+00,1.000000000000000000e+00,1.824673968863560758e-01
-9.879999999999999716e+01,3.115940179713134750e-01,1.806650069270214209e-01,2.072661102748720285e+00,0.000000000000000000e+00,1.000000000000000000e+00,1.806645303502750766e-01
-9.869999999999998863e+01,3.114962717361888234e-01,1.788632718843752023e-01,2.070901863462868864e+00,0.000000000000000000e+00,1.000000000000000000e+00,1.788628004134263094e-01
-9.859999999999999432e+01,3.113995350868287715e-01,1.770626614139112764e-01,2.069177891558088511e+00,0.000000000000000000e+00,1.000000000000000000e+00,1.770621950348650053e-01
-9.849999999999998579e+01,3.113038064938477567e-01,1.752631635031405011e-01,2.067489267070241610e+00,0.000000000000000000e+00,1.000000000000000000e+00,1.752627022023657832e-01
-9.840000000000000568e+01,3.112090844449129090e-01,1.734647661679662167e-01,2.065836068247210555e+00,0.000000000000000000e+00,1.000000000000000000e+00,1.734643099320914150e-01
-9.829999999999999716e+01,3.111153674446844319e-01,1.716674574525716424e-01,2.064218371527103635e+00,0.000000000000000000e+00,1.000000000000000000e+00,1.716670062682596476e-01
-9.820000000000000284e+01,3.110226540147572050e-01,1.698712254287377543e-01,2.062636251516820174e+00,0.000000000000000000e+00,1.000000000000000000e+00,1.698707792828154650e-01
-9.809999999999999432e+01,3.109309426936029963e-01,1.680760581956661781e-01,2.061089780970974950e+00,0.000000000000000000e+00,1.000000000000000000e+00,1.680756170751009360e-01
-9.800000000000000000e+01,3.108402320365133420e-01,1.662819438795399563e-01,2.059579030771200525e+00,0.000000000000000000e+00,1.000000000000000000e+00,1.662815077715303069e-01
-9.789999999999999147e+01,3.107505206155433131e-01,1.644888706333850203e-01,2.058104069905834166e+00,0.000000000000000000e+00,1.000000000000000000e+00,1.644884395252630971e-01
-9.779999999999999716e+01,3.106618070194556158e-01,1.626968266366700666e-01,2.056664965450009319e+00,0.000000000000000000e+00,1.000000000000000000e+00,1.626964005158819948e-01
-9.769999999999998863e+01,3.105740898536658579e-01,1.609058000948485612e-01,2.055261782546152105e+00,0.000000000000000000e+00,1.000000000000000000e+00,1.609053789490688113e-01
-9.759999999999999432e+01,3.104873677401882026e-01,1.591157792393050052e-01,2.053894584384900579e+00,0.000000000000000000e+00,1.000000000000000000e+00,1.591153630562852916e-01
-9.749999999999998579e+01,3.104016393175817456e-01,1.573267523268340184e-01,2.052563432186461423e+00,0.000000000000000000e+00,1.000000000000000000e+00,1.573263410944520102e-01
-9.739999999999999147e+01,3.103169032408977790e-01,1.555387076392673318e-01,2.051268385182402287e+00,0.000000000000000000e+00,1.000000000000000000e+00,1.555383013456318464e-01
-9.729999999999999716e+01,3.102331581816276107e-01,1.537516334832999543e-01,2.050009500597906875e+00,0.000000000000000000e+00,1.000000000000000000e+00,1.537512321167116836e-01
-9.720000000000000284e+01,3.101504028276510505e-01,1.519655181902596908e-01,2.048786833634488325e+00,0.000000000000000000e+00,1.000000000000000000e+00,1.519651217390886322e-01
-9.709999999999999432e+01,3.100686358831855061e-01,1.501803501155633824e-01,2.047600437453182209e+00,0.000000000000000000e+00,1.000000000000000000e+00,1.501799585683542271e-01
-9.700000000000000000e+01,3.099878560687360785e-01,1.483961176385778513e-01,2.046450363158221819e+00,0.000000000000000000e+00,1.000000000000000000e+00,1.483957309839836203e-01
-9.689999999999999147e+01,3.099080621210458242e-01,1.466128091621677898e-01,2.045336659781210820e+00,0.000000000000000000e+00,1.000000000000000000e+00,1.466124273890221930e-01
-9.679999999999999716e+01,3.098292527930473494e-01,1.448304131124432681e-01,2.044259374265799512e+00,0.000000000000000000e+00,1.000000000000000000e+00,1.448300362097771632e-01
-9.669999999999998863e+01,3.097514268538143489e-01,1.430489179386050524e-01,2.043218551452874010e+00,0.000000000000000000e+00,1.000000000000000000e+00,1.430485458955070288e-01
-9.659999999999999432e+01,3.096745830885143658e-01,1.412683121123737007e-01,2.042214234066271228e+00,0.000000000000000000e+00,1.000000000000000000e+00,1.412679449181155900e-01
-9.649999999999998579e+01,3.095987202983619402e-01,1.394885841277733740e-01,2.041246462699023212e+00,0.000000000000000000e+00,1.000000000000000000e+00,1.394882217718437234e-01
-9.639999999999999147e+01,3.095238373005725907e-01,1.377097225009614734e-01,2.040315275800144157e+00,0.000000000000000000e+00,1.000000000000000000e+00,1.377093649729659308e-01
-9.629999999999998295e+01,3.094499329283171285e-01,1.359317157698998191e-01,2.039420709661963205e+00,0.000000000000000000e+00,1.000000000000000000e+00,1.359313630594845279e-01
-9.619999999999998863e+01,3.093770060306769709e-01,1.341545524938151657e-01,2.038562798408016352e+00,0.000000000000000000e+00,1.000000000000000000e+00,1.341542045908284964e-01
-9.610000000000000853e+01,3.093050554726000101e-01,1.323782212530657532e-01,2.037741573981500132e+00,0.000000000000000000e+00,1.000000000000000000e+00,1.323778781475502264e-01
-9.600000000000000000e+01,3.092340801348570367e-01,1.306027106489008327e-01,2.036957066134299499e+00,0.000000000000000000e+00,1.000000000000000000e+00,1.306023723310256179e-01
-9.590000000000000568e+01,3.091640789139988299e-01,1.288280093031124451e-01,2.036209302416590816e+00,0.000000000000000000e+00,1.000000000000000000e+00,1.288276757631551250e-01
-9.579999999999999716e+01,3.090950507223139132e-01,1.270541058576313276e-01,2.035498308167031034e+00,0.000000000000000000e+00,1.000000000000000000e+00,1.270537770860639681e-01
-9.570000000000000284e+01,3.090269944877870323e-01,1.252809889744267713e-01,2.034824106503540175e+00,0.000000000000000000e+00,1.000000000000000000e+00,1.252806649618066481e-01
-9.559999999999999432e+01,3.089599091540579656e-01,1.235086473349907427e-01,2.034186718314675346e+00,0.000000000000000000e+00,1.000000000000000000e+00,1.235083280720686988e-01
-9.550000000000000000e+01,3.088937936803815010e-01,1.217370696402289426e-01,2.033586162251613594e+00,0.000000000000000000e+00,1.000000000000000000e+00,1.217367551178735741e-01
-9.539999999999999147e+01,3.088286470415873008e-01,1.199662446100906305e-01,2.033022454720736505e+00,0.000000000000000000e+00,1.000000000000000000e+00,1.199659348192865238e-01
-9.529999999999999716e+01,3.087644682280412112e-01,1.181961609832454380e-01,2.032495609876832088e+00,0.000000000000000000e+00,1.000000000000000000e+00,1.181958559151233268e-01
-9.519999999999998863e+01,3.087012562456064035e-01,1.164268075168591460e-01,2.032005639616911274e+00,0.000000000000000000e+00,1.000000000000000000e+00,1.164265071626563314e-01
-9.509999999999999432e+01,3.086390101156058496e-01,1.146581729861077398e-01,2.031552553574643483e+00,0.000000000000000000e+00,1.000000000000000000e+00,1.146578773373252008e-01
-9.500000000000000000e+01,3.085777288747849068e-01,1.128902461842026528e-01,2.031136359115421453e+00,0.000000000000000000e+00,1.000000000000000000e+00,1.128899552324447858e-01
-9.490000000000000568e+01,3.085174115752746804e-01,1.111230159220000235e-01,2.030757061332047808e+00,0.000000000000000000e+00,1.000000000000000000e+00,1.111227296589178404e-01
-9.479999999999999716e+01,3.084580572845559421e-01,1.093564710275030383e-01,2.030414663041057111e+00,0.000000000000000000e+00,1.000000000000000000e+00,1.093561894449447958e-01
-9.470000000000000284e+01,3.083996650854239352e-01,1.075906003457723220e-01,2.030109164779667186e+00,0.000000000000000000e+00,1.000000000000000000e+00,1.075903234357382804e-01
-9.459999999999999432e+01,3.083422340759532920e-01,1.058253927386786641e-01,2.029840564803369496e+00,0.000000000000000000e+00,1.000000000000000000e+00,1.058251204932348366e-01
-9.450000000000000000e+01,3.082857633694640054e-01,1.040608370843935926e-01,2.029608859084152339e+00,0.000000000000000000e+00,1.000000000000000000e+00,1.040605694958111060e-01
-9.439999999999999147e+01,3.082302520944877888e-01,1.022969222772894538e-01,2.029414041309361316e+00,0.000000000000000000e+00,1.000000000000000000e+00,1.022966593379973366e-01
-9.429999999999999716e+01,3.081756993947350476e-01,1.005336372276807444e-01,2.029256102881203727e+00,0.000000000000000000e+00,1.000000000000000000e+00,1.005333789301953301e-01
-9.419999999999998863e+01,3.081221044290624045e-01,9.877097086140775029e-02,2.029135032916885795e+00,0.000000000000000000e+00,1.000000000000000000e+00,9.877071719839358721e-02
-9.409999999999999432e+01,3.080694663714410031e-01,9.700891211962257843e-02,2.029050818249392041e+00,0.000000000000000000e+00,1.000000000000000000e+00,9.700866308388690629e-02
-9.399999999999998579e+01,3.080177844109251439e-01,9.524744995857238605e-02,2.029003443428902820e+00,0.000000000000000000e+00,1.000000000000000000e+00,9.524720554299336006e-02
-9.390000000000000568e+01,3.079670577516216978e-01,9.348657334912088834e-02,2.028992890724848674e+00,0.000000000000000000e+00,1.000000000000000000e+00,9.348633354677526874e-02
-9.379999999999999716e+01,3.079172856126601299e-01,9.172627127673133041e-02,2.029019140128601073e+00,0.000000000000000000e+00,1.000000000000000000e+00,9.172603608075770298e-02
-9.370000000000000284e+01,3.078684672281628010e-01,8.996653274082688778e-02,2.029082169356800858e+00,0.000000000000000000e+00,1.000000000000000000e+00,8.996630214465126119e-02
-9.359999999999999432e+01,3.078206018472165462e-01,8.820734675492235277e-02,2.029181953855311971e+00,0.000000000000000000e+00,1.000000000000000000e+00,8.820712075207196023e-02
-9.350000000000000000e+01,3.077736887338436977e-01,8.644870234628836136e-02,2.029318466803814225e+00,0.000000000000000000e+00,1.000000000000000000e+00,8.644848093026535896e-02
-9.339999999999999147e+01,3.077277271669748848e-01,8.469058855525064822e-02,2.029491679121016023e+00,0.000000000000000000e+00,1.000000000000000000e+00,8.469037171982807255e-02
-9.329999999999999716e+01,3.076827164404216663e-01,8.293299443541653215e-02,2.029701559470495020e+00,0.000000000000000000e+00,1.000000000000000000e+00,8.293278217443324218e-02
-9.319999999999998863e+01,3.076386558628499412e-01,8.117590905317521865e-02,2.029948074267159175e+00,0.000000000000000000e+00,1.000000000000000000e+00,8.117570136055343721e-02
-9.309999999999999432e+01,3.075955447577539692e-01,7.941932148719518803e-02,2.030231187684318428e+00,0.000000000000000000e+00,1.000000000000000000e+00,7.941911835718755419e-02
-9.299999999999998579e+01,3.075533824634311686e-01,7.766322082874592414e-02,2.030550861661377660e+00,0.000000000000000000e+00,1.000000000000000000e+00,7.766302225558494032e-02
-9.289999999999999147e+01,3.075121683329566369e-01,7.590759618103508355e-02,2.030907055912125170e+00,0.000000000000000000e+00,1.000000000000000000e+00,7.590740215897370802e-02
-9.279999999999999716e+01,3.074719017341595029e-01,7.415243665859429234e-02,2.031299727933632671e+00,0.000000000000000000e+00,1.000000000000000000e+00,7.415224718228594081e-02
-9.270000000000000284e+01,3.074325820495989459e-01,7.239773138774845129e-02,2.031728833015744140e+00,0.000000000000000000e+00,1.000000000000000000e+00,7.239754645188747895e-02
-9.259999999999999432e+01,3.073942086765408810e-01,7.064346950599696695e-02,2.032194324251160200e+00,0.000000000000000000e+00,1.000000000000000000e+00,7.064328910530430494e-02
-9.250000000000000000e+01,3.073567810269354772e-01,6.888964016159895842e-02,2.032696152546098034e+00,0.000000000000000000e+00,1.000000000000000000e+00,6.888946429095331447e-02
-9.239999999999999147e+01,3.073202985273951193e-01,6.713623251336317543e-02,2.033234266631540166e+00,0.000000000000000000e+00,1.000000000000000000e+00,6.713606116786999256e-02
-9.229999999999999716e+01,3.072847606191729808e-01,6.538323573064269700e-02,2.033808613075041904e+00,0.000000000000000000e+00,1.000000000000000000e+00,6.538306890544035022e-02
-9.219999999999998863e+01,3.072501667581418183e-01,6.363063899286171277e-02,2.034419136293105446e+00,0.000000000000000000e+00,1.000000000000000000e+00,6.363047668312968308e-02
-9.209999999999999432e+01,3.072165164147738770e-01,6.187843148893639594e-02,2.035065778564112637e+00,0.000000000000000000e+00,1.000000000000000000e+00,6.187827369021544482e-02
-9.199999999999998579e+01,3.071838090741211280e-01,6.012660241762551872e-02,2.035748480041799535e+00,0.000000000000000000e+00,1.000000000000000000e+00,6.012644912551723397e-02
-9.189999999999999147e+01,3.071520442357956182e-01,5.837514098705089138e-02,2.036467178769268749e+00,0.000000000000000000e+00,1.000000000000000000e+00,5.837499219713057630e-02
-9.179999999999998295e+01,3.071212214139510399e-01,5.662403641400849674e-02,2.037221810693538249e+00,0.000000000000000000e+00,1.000000000000000000e+00,5.662389212215783452e-02
-9.169999999999998863e+01,3.070913401372646345e-01,5.487327792426148487e-02,2.038012309680603984e+00,0.000000000000000000e+00,1.000000000000000000e+00,5.487313812644308009e-02
-9.159999999999999432e+01,3.070623999489192624e-01,5.312285475205478363e-02,2.038838607531020308e+00,0.000000000000000000e+00,1.000000000000000000e+00,5.312271944430383558e-02
-9.150000000000000000e+01,3.070344004065866383e-01,5.137275613983478817e-02,2.039700633995975565e+00,0.000000000000000000e+00,1.000000000000000000e+00,5.137262531826689016e-02
-9.140000000000000568e+01,3.070073410824105120e-01,4.962297133781207181e-02,2.040598316793869493e+00,0.000000000000000000e+00,1.000000000000000000e+00,4.962284499880111055e-02
-9.129999999999999716e+01,3.069812215629911800e-01,4.787348960398838532e-02,2.041531581627364478e+00,0.000000000000000000e+00,1.000000000000000000e+00,4.787336774405297896e-02
-9.120000000000000284e+01,3.069560414493694434e-01,4.612430020397511460e-02,2.042500352200915970e+00,0.000000000000000000e+00,1.000000000000000000e+00,4.612418281958246408e-02
-9.109999999999999432e+01,3.069318003570121189e-01,4.437539241024009845e-02,2.043504550238760764e+00,0.000000000000000000e+00,1.000000000000000000e+00,4.437527949809711575e-02
-9.100000000000000000e+01,3.069084979157976067e-01,4.262675550218181231e-02,2.044544095503359138e+00,0.000000000000000000e+00,1.000000000000000000e+00,4.262664705918978170e-02
-9.089999999999999147e+01,3.068861337700021230e-01,4.087837876594311443e-02,2.045618905814275301e+00,0.000000000000000000e+00,1.000000000000000000e+00,4.087827478907323647e-02
-9.079999999999999716e+01,3.068647075782862665e-01,3.913025149401640895e-02,2.046728897067488617e+00,0.000000000000000000e+00,1.000000000000000000e+00,3.913015198031859904e-02
-9.069999999999998863e+01,3.068442190136824732e-01,3.738236298500276916e-02,2.047873983255124486e+00,0.000000000000000000e+00,1.000000000000000000e+00,3.738226793159062089e-02
-9.059999999999999432e+01,3.068246677635826369e-01,3.563470254311067870e-02,2.049054076485588460e+00,0.000000000000000000e+00,1.000000000000000000e+00,3.563461194738674898e-02
-9.050000000000000000e+01,3.068060535297268965e-01,3.388725947827535279e-02,2.050269087004098711e+00,0.000000000000000000e+00,1.000000000000000000e+00,3.388717333777305912e-02
-9.040000000000000568e+01,3.067883760281919225e-01,3.214002310591436429e-02,2.051518923213599965e+00,0.000000000000000000e+00,1.000000000000000000e+00,3.213994141812390182e-02
-9.029999999999999716e+01,3.067716349893807593e-01,3.039298274626720323e-02,2.052803491696051363e+00,0.000000000000000000e+00,1.000000000000000000e+00,3.039290550885838729e-02
-9.020000000000000284e+01,3.067558301580126101e-01,2.864612772435585694e-02,2.054122697234070483e+00,0.000000000000000000e+00,1.000000000000000000e+00,2.864605493518056212e-02
-9.009999999999999432e+01,3.067409612931135121e-01,2.689944736973703607e-02,2.055476442832927741e+00,0.000000000000000000e+00,1.000000000000000000e+00,2.689937902681641818e-02
-9.000000000000000000e+01,3.067270281680071764e-01,2.515293101635714124e-02,2.056864629742877870e+00,0.000000000000000000e+00,1.000000000000000000e+00,2.515286711775457928e-02
-8.989999999999999147e+01,3.067140305703066061e-01,2.340656800209529181e-02,2.058287157481807128e+00,0.000000000000000000e+00,1.000000000000000000e+00,2.340650854598370911e-02
-8.979999999999999716e+01,3.067019683019062137e-01,2.166034766846091503e-02,2.059743923858198045e+00,0.000000000000000000e+00,1.000000000000000000e+00,2.166029265323366274e-02
-8.969999999999998863e+01,3.066908411789745492e-01,1.991425936060177426e-02,2.061234824994394366e+00,0.000000000000000000e+00,1.000000000000000000e+00,1.991420878471330744e-02
-8.959999999999999432e+01,3.066806490319471945e-01,1.816829242694823279e-02,2.062759755350140001e+00,0.000000000000000000e+00,1.000000000000000000e+00,1.816824628885200729e-02
-8.949999999999998579e+01,3.066713917055206573e-01,1.642243621854573565e-02,2.064318607746403966e+00,0.000000000000000000e+00,1.000000000000000000e+00,1.642239451703782216e-02
-8.940000000000000568e+01,3.066630690586467645e-01,1.467668008937183556e-02,2.065911273389460234e+00,0.000000000000000000e+00,1.000000000000000000e+00,1.467664282335930971e-02
-8.929999999999999716e+01,3.066556809645269999e-01,1.293101339597864906e-02,2.067537641895214051e+00,0.000000000000000000e+00,1.000000000000000000e+00,1.293098056434399505e-02
-8.920000000000000284e+01,3.066492273106080635e-01,1.118542549692726554e-02,2.069197601313768065e+00,0.000000000000000000e+00,1.000000000000000000e+00,1.118539709870048846e-02
-8.909999999999999432e+01,3.066437079985775971e-01,9.439905752636585171e-03,2.070891038154207386e+00,0.000000000000000000e+00,1.000000000000000000e+00,9.439881787057131934e-03
-8.900000000000000000e+01,3.066391229443606870e-01,7.694443525283600933e-03,2.072617837409597819e+00,0.000000000000000000e+00,1.000000000000000000e+00,7.694423991704365910e-03
-8.889999999999999147e+01,3.066354720781164778e-01,5.949028178444055841e-03,2.074377882582178145e+00,0.000000000000000000e+00,1.000000000000000000e+00,5.949013076333570932e-03
-8.879999999999999716e+01,3.066327553442358411e-01,4.203649076836497508e-03,2.076171055708741608e+00,0.000000000000000000e+00,1.000000000000000000e+00,4.203638405779563589e-03
-8.869999999999998863e+01,3.066309727013390440e-01,2.458295586117973264e-03,2.077997237386188356e+00,0.000000000000000000e+00,1.000000000000000000e+00,2.458289345759590450e-03
-8.859999999999999432e+01,3.066301241222744167e-01,7.129570724202039054e-04,2.079856306797234655e+00,0.000000000000000000e+00,1.000000000000000000e+00,7.129552626159074615e-04
-8.849999999999998579e+01,3.066302095941172978e-01,1.032377097647594125e-03,2.081748141736277535e+00,0.000000000000000000e+00,1.000000000000000000e+00,1.032374476945117480e-03
-8.839999999999999147e+01,3.066312291181694794e-01,2.777717557307146472e-03,2.083672618635385554e+00,0.000000000000000000e+00,1.000000000000000000e+00,2.777710506110385880e-03
-8.829999999999999716e+01,3.066331827099592622e-01,4.523074940178898468e-03,2.085629612590422788e+00,0.000000000000000000e+00,1.000000000000000000e+00,4.523063458220955013e-03
-8.820000000000000284e+01,3.066360703992422887e-01,6.268459880175531081e-03,2.087618997387272302e+00,0.000000000000000000e+00,1.000000000000000000e+00,6.268443967029415156e-03
-8.809999999999999432e+01,3.066398922300022645e-01,8.013883011550997429e-03,2.089640645528171969e+00,0.000000000000000000e+00,1.000000000000000000e+00,8.013862666960806097e-03
-8.800000000000000000e+01,3.066446482604526236e-01,9.759354970038521329e-03,2.091694428258123573e+00,0.000000000000000000e+00,1.000000000000000000e+00,9.759330193370023207e-03
-8.789999999999999147e+01,3.066503385630392486e-01,1.150488639238063555e-02,2.093780215591390714e+00,0.000000000000000000e+00,1.000000000000000000e+00,1.150485718280286514e-02
-8.779999999999999716e+01,3.066569632244424137e-01,1.325048791642952951e-02,2.095897876338047805e+00,0.000000000000000000e+00,1.000000000000000000e+00,1.325045427325352229e-02
-8.769999999999998863e+01,3.066645223455803926e-01,1.499617018212865208e-02,2.098047278130591220e+00,0.000000000000000000e+00,1.000000000000000000e+00,1.499613210442574118e-02
-8.759999999999999432e+01,3.066730160416132334e-01,1.674194383130118632e-02,2.100228287450584208e+00,0.000000000000000000e+00,1.000000000000000000e+00,1.674190131799051587e-02
-8.749999999999998579e+01,3.066824444419469220e-01,1.848781950800856833e-02,2.102440769655335995e+00,0.000000000000000000e+00,1.000000000000000000e+00,1.848777255784742751e-02
-8.739999999999999147e+01,3.066928076902383227e-01,2.023380785864923800e-02,2.104684589004592876e+00,0.000000000000000000e+00,1.000000000000000000e+00,2.023375647038258909e-02
-8.729999999999998295e+01,3.067041059444002293e-01,2.197991953257546344e-02,2.106959608687245744e+00,0.000000000000000000e+00,1.000000000000000000e+00,2.197986370473010986e-02
-8.719999999999998863e+01,3.067163393766077495e-01,2.372616518203537334e-02,2.109265690848024288e+00,0.000000000000000000e+00,1.000000000000000000e+00,2.372610491303041649e-02
-8.709999999999999432e+01,3.067295081733040774e-01,2.547255546252928313e-02,2.111602696614184538e+00,0.000000000000000000e+00,1.000000000000000000e+00,2.547249075069206101e-02
-8.700000000000000000e+01,3.067436125352080434e-01,2.721910103316527163e-02,2.113970486122166204e+00,0.000000000000000000e+00,1.000000000000000000e+00,2.721903187665024315e-02
-8.690000000000000568e+01,3.067586526773210531e-01,2.896581255670292385e-02,2.116368918544220268e+00,0.000000000000000000e+00,1.000000000000000000e+00,2.896573895362879875e-02
-8.679999999999999716e+01,3.067746288289354695e-01,3.071270070011475686e-02,2.118797852114985947e+00,0.000000000000000000e+00,1.000000000000000000e+00,3.071262264840022779e-02
-8.670000000000000284e+01,3.067915412336429393e-01,3.245977613462826955e-02,2.121257144158017915e+00,0.000000000000000000e+00,1.000000000000000000e+00,3.245969363204586483e-02
-8.659999999999999432e+01,3.068093901493436082e-01,3.420704953597454578e-02,2.123746651112246475e+00,0.000000000000000000e+00,1.000000000000000000e+00,3.420696258021856118e-02
-8.650000000000000000e+01,3.068281758482555022e-01,3.595453158473953942e-02,2.126266228558363558e+00,0.000000000000000000e+00,1.000000000000000000e+00,3.595444017340218568e-02
-8.639999999999999147e+01,3.068478986169249079e-01,3.770223296661059931e-02,2.128815731245125242e+00,0.000000000000000000e+00,1.000000000000000000e+00,3.770213709717500083e-02
-8.629999999999999716e+01,3.068685587562368089e-01,3.945016437277743676e-02,2.131395013115564119e+00,0.000000000000000000e+00,1.000000000000000000e+00,3.945006404246974990e-02
-8.619999999999998863e+01,3.068901565814264876e-01,4.119833649991729019e-02,2.134003927333096406e+00,0.000000000000000000e+00,1.000000000000000000e+00,4.119823170583757077e-02
-8.609999999999999432e+01,3.069126924220907382e-01,4.294676005038640387e-02,2.136642326307523376e+00,0.000000000000000000e+00,1.000000000000000000e+00,4.294665078970852368e-02
-8.600000000000000000e+01,3.069361666222004681e-01,4.469544573298000339e-02,2.139310061720912426e+00,0.000000000000000000e+00,1.000000000000000000e+00,4.469533200265623368e-02
-8.590000000000000568e+01,3.069605795401135206e-01,4.644440426286199769e-02,2.142006984553347593e+00,0.000000000000000000e+00,1.000000000000000000e+00,4.644428605965902901e-02
-8.579999999999999716e+01,3.069859315485879980e-01,4.819364636180421824e-02,2.144732945108557054e+00,0.000000000000000000e+00,1.000000000000000000e+00,4.819352368236517331e-02
-8.570000000000000284e+01,3.070122230347961390e-01,4.994318275842426352e-02,2.147487793039382975e+00,0.000000000000000000e+00,1.000000000000000000e+00,4.994305559935475342e-02
-8.559999999999999432e+01,3.070394544003386961e-01,5.169302418868081811e-02,2.150271377373114134e+00,0.000000000000000000e+00,1.000000000000000000e+00,5.169289254640556386e-02
-8.550000000000000000e+01,3.070676260612601460e-01,5.344318139600486711e-02,2.153083546536654236e+00,0.000000000000000000e+00,1.000000000000000000e+00,5.344304526675573014e-02
-8.539999999999999147e+01,3.070967384480640106e-01,5.519366513142925923e-02,2.155924148381529459e+00,0.000000000000000000e+00,1.000000000000000000e+00,5.519352451137044674e-02
-8.529999999999999716e+01,3.071267920057290102e-01,5.694448615397576519e-02,2.158793030208722374e+00,0.000000000000000000e+00,1.000000000000000000e+00,5.694434103920526652e-02
-8.519999999999998863e+01,3.071577871937256066e-01,5.869565523104024185e-02,2.161690038793331770e+00,0.000000000000000000e+00,1.000000000000000000e+00,5.869550561747368528e-02
-8.509999999999999432e+01,3.071897244860333775e-01,6.044718313846531715e-02,2.164615020409039747e+00,0.000000000000000000e+00,1.000000000000000000e+00,6.044702902191142341e-02
-8.499999999999998579e+01,3.072226043711584476e-01,6.219908066097384891e-02,2.167567820852404736e+00,0.000000000000000000e+00,1.000000000000000000e+00,6.219892203704463496e-02
-8.490000000000000568e+01,3.072564273521521394e-01,6.395135859218621655e-02,2.170548285466937788e+00,0.000000000000000000e+00,1.000000000000000000e+00,6.395119545645529258e-02
-8.479999999999999716e+01,3.072911939466292375e-01,6.570402773515342243e-02,2.173556259166994575e+00,0.000000000000000000e+00,1.000000000000000000e+00,6.570386008305023617e-02
-8.470000000000000284e+01,3.073269046867880272e-01,6.745709890268092312e-02,2.176591586461446681e+00,0.000000000000000000e+00,1.000000000000000000e+00,6.745692672932754319e-02
-8.459999999999999432e+01,3.073635601194297240e-01,6.921058291702970877e-02,2.179654111477153933e+00,0.000000000000000000e+00,1.000000000000000000e+00,6.921040621764659728e-02
-8.450000000000000000e+01,3.074011608059790124e-01,7.096449061080535581e-02,2.182743677982201369e+00,0.000000000000000000e+00,1.000000000000000000e+00,7.096430938049540227e-02
-8.439999999999999147e+01,3.074397073225052512e-01,7.271883282717199470e-02,2.185860129408932817e+00,0.000000000000000000e+00,1.000000000000000000e+00,7.271864706076169860e-02
-8.429999999999999716e+01,3.074792002597440677e-01,7.447362041975387481e-02,2.189003308876739773e+00,0.000000000000000000e+00,1.000000000000000000e+00,7.447343011200145690e-02
-8.419999999999998863e+01,3.075196402231192838e-01,7.622886425320712922e-02,2.192173059214633568e+00,0.000000000000000000e+00,1.000000000000000000e+00,7.622866939871097980e-02
-8.409999999999999432e+01,3.075610278327659541e-01,7.798457520337531701e-02,2.195369222983571511e+00,0.000000000000000000e+00,1.000000000000000000e+00,7.798437579659654728e-02
-8.399999999999998579e+01,3.076033637235532914e-01,7.974076415744264790e-02,2.198591642498546328e+00,0.000000000000000000e+00,1.000000000000000000e+00,7.974056019284775365e-02
-8.389999999999999147e+01,3.076466485451087030e-01,8.149744201465340676e-02,2.201840159850438017e+00,0.000000000000000000e+00,1.000000000000000000e+00,8.149723348640824927e-02
-8.379999999999999716e+01,3.076908829618423269e-01,8.325461968599483231e-02,2.205114616927609905e+00,0.000000000000000000e+00,1.000000000000000000e+00,8.325440658825034035e-02
-8.370000000000000284e+01,3.077360676529715677e-01,8.501230809491142071e-02,2.208414855437259128e+00,0.000000000000000000e+00,1.000000000000000000e+00,8.501209042164695195e-02
-8.359999999999999432e+01,3.077822033125472423e-01,8.677051817749942275e-02,2.211740716926515748e+00,0.000000000000000000e+00,1.000000000000000000e+00,8.677029592244765721e-02
-8.350000000000000000e+01,3.078292906494791703e-01,8.852926088233724344e-02,2.215092042803283423e+00,0.000000000000000000e+00,1.000000000000000000e+00,8.852903403935163951e-02
-8.339999999999999147e+01,3.078773303875629863e-01,9.028854717165632482e-02,2.218468674356820713e+00,0.000000000000000000e+00,1.000000000000000000e+00,9.028831573418516498e-02
-8.329999999999999716e+01,3.079263232655078397e-01,9.204838802064904679e-02,2.221870452778061722e+00,0.000000000000000000e+00,1.000000000000000000e+00,9.204815198217629335e-02
-8.319999999999998863e+01,3.079762700369633177e-01,9.380879441827238985e-02,2.225297219179679598e+00,0.000000000000000000e+00,1.000000000000000000e+00,9.380855377223323854e-02
-8.309999999999999432e+01,3.080271714705488662e-01,9.556977736789291911e-02,2.228748814615869822e+00,0.000000000000000000e+00,1.000000000000000000e+00,9.556953210722052283e-02
-8.299999999999998579e+01,3.080790283498822668e-01,9.733134788637994028e-02,2.232225080101885251e+00,0.000000000000000000e+00,1.000000000000000000e+00,9.733109800423929425e-02
-8.289999999999999147e+01,3.081318414736089473e-01,9.909351700557102183e-02,2.235725856633283382e+00,0.000000000000000000e+00,1.000000000000000000e+00,9.909326249490446603e-02
-8.279999999999998295e+01,3.081856116554329006e-01,1.008562957720814252e-01,2.239250985204920497e+00,0.000000000000000000e+00,1.000000000000000000e+00,1.008560366256266438e-01
-8.269999999999998863e+01,3.082403397241466614e-01,1.026196952474725532e-01,2.242800306829657142e+00,0.000000000000000000e+00,1.000000000000000000e+00,1.026194314578910277e-01
-8.259999999999999432e+01,3.082960265236632802e-01,1.043837265087777105e-01,2.246373662556806039e+00,0.000000000000000000e+00,1.000000000000000000e+00,1.043834580685407271e-01
-8.250000000000000000e+01,3.083526729130477428e-01,1.061484006485606257e-01,2.249970893490292667e+00,0.000000000000000000e+00,1.000000000000000000e+00,1.061481275500573279e-01
-8.239999999999999147e+01,3.084102797665498885e-01,1.079137287754344254e-01,2.253591840806553392e+00,0.000000000000000000e+00,1.000000000000000000e+00,1.079134510108458594e-01
-8.229999999999999716e+01,3.084688479736372724e-01,1.096797220141133011e-01,2.257236345772144048e+00,0.000000000000000000e+00,1.000000000000000000e+00,1.096794395755169016e-01
-8.220000000000000284e+01,3.085283784390290274e-01,1.114463915057182231e-01,2.260904249761089613e+00,0.000000000000000000e+00,1.000000000000000000e+00,1.114461043851732586e-01
-8.209999999999999432e+01,3.085888720827299481e-01,1.132137484083886037e-01,2.264595394271940787e+00,0.000000000000000000e+00,1.000000000000000000e+00,1.132134565976947588e-01
-8.200000000000000000e+01,3.086503298400659068e-01,1.149818038973226819e-01,2.268309620944565008e+00,0.000000000000000000e+00,1.000000000000000000e+00,1.149815073880244287e-01
-8.189999999999999147e+01,3.087127526617188811e-01,1.167505691647118954e-01,2.272046771576658131e+00,0.000000000000000000e+00,1.000000000000000000e+00,1.167502679484576089e-01
-8.179999999999999716e+01,3.087761415137632026e-01,1.185200554207532231e-01,2.275806688139977663e+00,0.000000000000000000e+00,1.000000000000000000e+00,1.185197494889282804e-01
-8.169999999999998863e+01,3.088404973777025830e-01,1.202902738934207849e-01,2.279589212796303332e+00,0.000000000000000000e+00,1.000000000000000000e+00,1.202899632373008593e-01
-8.159999999999999432e+01,3.089058212505070289e-01,1.220612358289552835e-01,2.283394187913119211e+00,0.000000000000000000e+00,1.000000000000000000e+00,1.220609204396581188e-01
-8.150000000000000000e+01,3.089721141446513109e-01,1.238329524920913360e-01,2.287221456079022275e+00,0.000000000000000000e+00,1.000000000000000000e+00,1.238326323605948298e-01
-8.140000000000000568e+01,3.090393770881530444e-01,1.256054351663326851e-01,2.291070860118855634e+00,0.000000000000000000e+00,1.000000000000000000e+00,1.256051102835079591e-01
-8.129999999999999716e+01,3.091076111246123803e-01,1.273786951544802759e-01,2.294942243108570423e+00,0.000000000000000000e+00,1.000000000000000000e+00,1.273783655108917945e-01
-8.120000000000000284e+01,3.091768173132515840e-01,1.291527437782814258e-01,2.298835448389809244e+00,0.000000000000000000e+00,1.000000000000000000e+00,1.291524093646308213e-01
-8.109999999999999432e+01,3.092469967289552812e-01,1.309275923795670538e-01,2.302750319584227157e+00,0.000000000000000000e+00,1.000000000000000000e+00,1.309272531862963607e-01
-8.100000000000000000e+01,3.093181504623122025e-01,1.327032523202004710e-01,2.306686700607530671e+00,0.000000000000000000e+00,1.000000000000000000e+00,1.327029083374416663e-01
-8.089999999999999147e+01,3.093902796196563165e-01,1.344797349820228138e-01,2.310644435683260500e+00,0.000000000000000000e+00,1.000000000000000000e+00,1.344793861999008799e-01
-8.079999999999999716e+01,3.094633853231094633e-01,1.362570517674619452e-01,2.314623369356294535e+00,0.000000000000000000e+00,1.000000000000000000e+00,1.362566981760860996e-01
-8.069999999999998863e+01,3.095374687106240974e-01,1.380352141000854294e-01,2.318623346506091032e+00,0.000000000000000000e+00,1.000000000000000000e+00,1.380348556892886103e-01
-8.059999999999999432e+01,3.096125309360274747e-01,1.398142334245830454e-01,2.322644212359667115e+00,0.000000000000000000e+00,1.000000000000000000e+00,1.398138701839780618e-01
-8.049999999999998579e+01,3.096885731690653398e-01,1.415941212069508348e-01,2.326685812504311723e+00,0.000000000000000000e+00,1.000000000000000000e+00,1.415937531261060867e-01
-8.040000000000000568e+01,3.097655965954472790e-01,1.433748889350809907e-01,2.330747992900035648e+00,0.000000000000000000e+00,1.000000000000000000e+00,1.433745160034077260e-01
-8.029999999999999716e+01,3.098436024168920166e-01,1.451565481189359685e-01,2.334830599891770220e+00,0.000000000000000000e+00,1.000000000000000000e+00,1.451561703257073510e-01
-8.020000000000000284e+01,3.099225918511739342e-01,1.469391102909229085e-01,2.338933480221298655e+00,0.000000000000000000e+00,1.000000000000000000e+00,1.469387276252224761e-01
-8.009999999999999432e+01,3.100025661321697545e-01,1.487225870060580324e-01,2.343056481038936933e+00,0.000000000000000000e+00,1.000000000000000000e+00,1.487221994568722061e-01
-8.000000000000000000e+01,3.100835265099062266e-01,1.505069898424335195e-01,2.347199449914961988e+00,0.000000000000000000e+00,1.000000000000000000e+00,1.505065973985831029e-01
-7.989999999999999147e+01,3.101654742506083084e-01,1.522923304015255663e-01,2.351362234850788102e+00,0.000000000000000000e+00,1.000000000000000000e+00,1.522919330516005199e-01
-7.979999999999999716e+01,3.102484106367481842e-01,1.540786203082403494e-01,2.355544684289888835e+00,0.000000000000000000e+00,1.000000000000000000e+00,1.540782180407968549e-01
-7.969999999999998863e+01,3.103323369670945020e-01,1.558658712115193468e-01,2.359746647128484920e+00,0.000000000000000000e+00,1.000000000000000000e+00,1.558654640149851611e-01
-7.959999999999999432e+01,3.104172545567630559e-01,1.576540947847334118e-01,2.363967972725973254e+00,0.000000000000000000e+00,1.000000000000000000e+00,1.576536826472303143e-01
-7.949999999999998579e+01,3.105031647372674675e-01,1.594433027255593716e-01,2.368208510915126741e+00,0.000000000000000000e+00,1.000000000000000000e+00,1.594428856351652879e-01
-7.939999999999999147e+01,3.105900688565707557e-01,1.612335067566706415e-01,2.372468112012044550e+00,0.000000000000000000e+00,1.000000000000000000e+00,1.612330847013044577e-01
-7.929999999999999716e+01,3.106779682791377950e-01,1.630247186259614622e-01,2.376746626825875452e+00,0.000000000000000000e+00,1.000000000000000000e+00,1.630242915933630687e-01
-7.920000000000000284e+01,3.107668643859881619e-01,1.648169501068160459e-01,2.381043906668296906e+00,0.000000000000000000e+00,1.000000000000000000e+00,1.648165180845733713e-01
-7.909999999999999432e+01,3.108567585747499251e-01,1.666102129984237401e-01,2.385359803362776088e+00,0.000000000000000000e+00,1.000000000000000000e+00,1.666097759740060857e-01
-7.900000000000000000e+01,3.109476522597138803e-01,1.684045191261390739e-01,2.389694169253583578e+00,0.000000000000000000e+00,1.000000000000000000e+00,1.684040770868899806e-01
-7.889999999999999147e+01,3.110395468718887835e-01,1.701998803419892403e-01,2.394046857214603641e+00,0.000000000000000000e+00,1.000000000000000000e+00,1.701994332749363903e-01
-7.879999999999999716e+01,3.111324438590571950e-01,1.719963085245620193e-01,2.398417720657899377e+00,0.000000000000000000e+00,1.000000000000000000e+00,1.719958564166610415e-01
-7.869999999999998863e+01,3.112263446858316573e-01,1.737938155795013262e-01,2.402806613542078029e+00,0.000000000000000000e+00,1.000000000000000000e+00,1.737933584177115409e-01
-7.859999999999999432e+01,3.113212508337121487e-01,1.755924134403026027e-01,2.407213390380417817e+00,0.000000000000000000e+00,1.000000000000000000e+00,1.755919512111926428e-01
-7.849999999999998579e+01,3.114171638011442034e-01,1.773921140679268482e-01,2.411637906248802921e+00,0.000000000000000000e+00,1.000000000000000000e+00,1.773916467579965406e-01
-7.839999999999999147e+01,3.115140851035770320e-01,1.791929294514814641e-01,2.416080016793426655e+00,0.000000000000000000e+00,1.000000000000000000e+00,1.791924570471308265e-01
-7.829999999999998295e+01,3.116120162735234733e-01,1.809948716087406151e-01,2.420539578238300571e+00,0.000000000000000000e+00,1.000000000000000000e+00,1.809943940960523356e-01
-7.819999999999998863e+01,3.117109588606197801e-01,1.827979525859448617e-01,2.425016447392548624e+00,0.000000000000000000e+00,1.000000000000000000e+00,1.827974699509978818e-01
-7.809999999999999432e+01,3.118109144316864589e-01,1.846021844586150373e-01,2.429510481657507270e+00,0.000000000000000000e+00,1.000000000000000000e+00,1.846016966873213483e-01
-7.800000000000000000e+01,3.119118845707900545e-01,1.864075793318481777e-01,2.434021539033613735e+00,0.000000000000000000e+00,1.000000000000000000e+00,1.864070864098276992e-01
-7.789999999999999147e+01,3.120138708793054327e-01,1.882141493403015065e-01,2.438549478127116199e+00,0.000000000000000000e+00,1.000000000000000000e+00,1.882136512531132899e-01
-7.779999999999999716e+01,3.121168749759786754e-01,1.900219066488831876e-01,2.443094158156567719e+00,0.000000000000000000e+00,1.000000000000000000e+00,1.900214033819030424e-01
-7.769999999999998863e+01,3.122208984969912504e-01,1.918308634530277723e-01,2.447655438959153607e+00,0.000000000000000000e+00,1.000000000000000000e+00,1.918303549913941419e-01
-7.759999999999999432e+01,3.123259430960243499e-01,1.936410319788123280e-01,2.452233180996811868e+00,0.000000000000000000e+00,1.000000000000000000e+00,1.936405183075967651e-01
-7.750000000000000000e+01,3.124320104443243373e-01,1.954524244836252922e-01,2.456827245362181333e+00,0.000000000000000000e+00,1.000000000000000000e+00,1.954519055876804412e-01
-7.739999999999999147e+01,3.125391022307689726e-01,1.972650532562167935e-01,2.461437493784365493e+00,0.000000000000000000e+00,1.000000000000000000e+00,1.972645291203198870e-01
-7.729999999999999716e+01,3.126472201619340807e-01,1.990789306173532391e-01,2.466063788634515586e+00,0.000000000000000000e+00,1.000000000000000000e+00,1.990784012260423397e-01
-7.719999999999998863e+01,3.127563659621616643e-01,2.008940689200557073e-01,2.470705992931244488e+00,0.000000000000000000e+00,1.000000000000000000e+00,2.008935342575792482e-01
-7.709999999999999432e+01,3.128665413736280154e-01,2.027104805495782980e-01,2.475363970345864306e+00,0.000000000000000000e+00,1.000000000000000000e+00,2.027099406002161042e-01
-7.700000000000000000e+01,3.129777481564129937e-01,2.045281779243440234e-01,2.480037585207458317e+00,0.000000000000000000e+00,1.000000000000000000e+00,2.045276326721477411e-01
-7.690000000000000568e+01,3.130899880885703590e-01,2.063471734961608017e-01,2.484726702507784601e+00,0.000000000000000000e+00,1.000000000000000000e+00,2.063466229248321071e-01
-7.679999999999999716e+01,3.132032629661984924e-01,2.081674797500746299e-01,2.489431187906023357e+00,0.000000000000000000e+00,1.000000000000000000e+00,2.081669238433491720e-01
-7.670000000000000284e+01,3.133175746035117837e-01,2.099891092053323971e-01,2.494150907733355904e+00,0.000000000000000000e+00,1.000000000000000000e+00,2.099885479467583915e-01
-7.659999999999999432e+01,3.134329248329136286e-01,2.118120744155235213e-01,2.498885728997397138e+00,0.000000000000000000e+00,1.000000000000000000e+00,2.118115077884615283e-01
-7.650000000000000000e+01,3.135493155050692038e-01,2.136363879689673617e-01,2.503635519386468111e+00,0.000000000000000000e+00,1.000000000000000000e+00,2.136358159565636960e-01
-7.639999999999999147e+01,3.136667484889801294e-01,2.154620624891430136e-01,2.508400147273724734e+00,0.000000000000000000e+00,1.000000000000000000e+00,2.154614850742405663e-01
-7.629999999999999716e+01,3.137852256720589650e-01,2.172891106346547530e-01,2.513179481721131925e+00,0.000000000000000000e+00,1.000000000000000000e+00,2.172885278001029652e-01
-7.619999999999998863e+01,3.139047489602050933e-01,2.191175451000507979e-01,2.517973392483304984e+00,0.000000000000000000e+00,1.000000000000000000e+00,2.191169568285679659e-01
-7.609999999999999432e+01,3.140253202778813812e-01,2.209473786162780284e-01,2.522781750011198643e+00,0.000000000000000000e+00,1.000000000000000000e+00,2.209467848902278431e-01
-7.599999999999998579e+01,3.141469415681918398e-01,2.227786239506721611e-01,2.527604425455669102e+00,0.000000000000000000e+00,1.000000000000000000e+00,2.227780247522251622e-01
-7.590000000000000568e+01,3.142696147929595618e-01,2.246112939072945069e-01,2.532441290670893075e+00,0.000000000000000000e+00,1.000000000000000000e+00,2.246106892186257309e-01
-7.579999999999999716e+01,3.143933419328060475e-01,2.264454013277654443e-01,2.537292218217663820e+00,0.000000000000000000e+00,1.000000000000000000e+00,2.264447911307978789e-01
-7.570000000000000284e+01,3.145181249872313622e-01,2.282809590914810227e-01,2.542157081366549498e+00,0.000000000000000000e+00,1.000000000000000000e+00,2.282803433677897953e-01
-7.559999999999999432e+01,3.146439659746950168e-01,2.301179801155682492e-01,2.547035754100935634e+00,0.000000000000000000e+00,1.000000000000000000e+00,2.301173588467128883e-01
-7.550000000000000000e+01,3.147708669326974018e-01,2.319564773556910264e-01,2.551928111119937892e+00,0.000000000000000000e+00,1.000000000000000000e+00,2.319558505231237300e-01
-7.539999999999999147e+01,3.148988299178628880e-01,2.337964638066435952e-01,2.556834027841198953e+00,0.000000000000000000e+00,1.000000000000000000e+00,2.337958313914112185e-01
-7.529999999999999716e+01,3.150278570060232597e-01,2.356379525021263521e-01,2.561753380403569480e+00,0.000000000000000000e+00,1.000000000000000000e+00,2.356373144851835744e-01
-7.519999999999998863e+01,3.151579502923019249e-01,2.374809565155226176e-01,2.566686045669673177e+00,0.000000000000000000e+00,1.000000000000000000e+00,2.374803128776598882e-01
-7.509999999999999432e+01,3.152891118911995694e-01,2.393254889603121660e-01,2.571631901228363049e+00,0.000000000000000000e+00,1.000000000000000000e+00,2.393248396820611412e-01
-7.499999999999998579e+01,3.154213439366801985e-01,2.411715629901211855e-01,2.576590825397069739e+00,0.000000000000000000e+00,1.000000000000000000e+00,2.411709080520068604e-01
-7.489999999999999147e+01,3.155546485822582348e-01,2.430191917998225370e-01,2.581562697224043745e+00,0.000000000000000000e+00,1.000000000000000000e+00,2.430185311819105520e-01
-7.479999999999999716e+01,3.156890280010871686e-01,2.448683886251112329e-01,2.586547396490498141e+00,0.000000000000000000e+00,1.000000000000000000e+00,2.448677223073810472e-01
-7.470000000000000284e+01,3.158244843860475992e-01,2.467191667432827862e-01,2.591544803712650058e+00,0.000000000000000000e+00,1.000000000000000000e+00,2.467184947056227096e-01
-7.459999999999999432e+01,3.159610199498381622e-01,2.485715394738969020e-01,2.596554800143667130e+00,0.000000000000000000e+00,1.000000000000000000e+00,2.485708616958417772e-01
-7.450000000000000000e+01,3.160986369250657346e-01,2.504255201786775853e-01,2.601577267775518898e+00,0.000000000000000000e+00,1.000000000000000000e+00,2.504248366396507608e-01
-7.439999999999999147e+01,3.162373375643376949e-01,2.522811222622577398e-01,2.606612089340740734e+00,0.000000000000000000e+00,1.000000000000000000e+00,2.522804329414803926e-01
-7.429999999999999716e+01,3.163771241403544043e-01,2.541383591724600821e-01,2.611659148314102730e+00,0.000000000000000000e+00,1.000000000000000000e+00,2.541376640489888539e-01
-7.419999999999998863e+01,3.165179989460032428e-01,2.559972444009196435e-01,2.616718328914203973e+00,0.000000000000000000e+00,1.000000000000000000e+00,2.559965434534782758e-01
-7.409999999999999432e+01,3.166599642944532556e-01,2.578577914830915696e-01,2.621789516104973128e+00,0.000000000000000000e+00,1.000000000000000000e+00,2.578570846903097125e-01
-7.399999999999998579e+01,3.168030225192506877e-01,2.597200139990022971e-01,2.626872595597099291e+00,0.000000000000000000e+00,1.000000000000000000e+00,2.597193013393240268e-01
-7.389999999999999147e+01,3.169471759744159622e-01,2.615839255736875368e-01,2.631967453849373584e+00,0.000000000000000000e+00,1.000000000000000000e+00,2.615832070252627761e-01
-7.379999999999998295e+01,3.170924270345412133e-01,2.634495398773680219e-01,2.637073978069971236e+00,0.000000000000000000e+00,1.000000000000000000e+00,2.634488154181938158e-01
-7.369999999999998863e+01,3.172387780948889846e-01,2.653168706260659038e-01,2.642192056217644858e+00,0.000000000000000000e+00,1.000000000000000000e+00,2.653161402339376806e-01
-7.359999999999999432e+01,3.173862315714919835e-01,2.671859315819579694e-01,2.647321577002864856e+00,0.000000000000000000e+00,1.000000000000000000e+00,2.671851952344986847e-01
-7.350000000000000000e+01,3.175347899012537223e-01,2.690567365540686984e-01,2.652462429888877704e+00,0.000000000000000000e+00,1.000000000000000000e+00,2.690559942284963535e-01
-7.339999999999999147e+01,3.176844555420506033e-01,2.709292993980986219e-01,2.657614505092710910e+00,0.000000000000000000e+00,1.000000000000000000e+00,2.709285510716023526e-01
-7.329999999999999716e+01,3.178352309728339486e-01,2.728036340173446428e-01,2.662777693586110939e+00,0.000000000000000000e+00,1.000000000000000000e+00,2.728028796669771938e-01
-7.319999999999998863e+01,3.179871186937346939e-01,2.746797543633055505e-01,2.667951887096423835e+00,0.000000000000000000e+00,1.000000000000000000e+00,2.746789939657132695e-01
-7.309999999999999432e+01,3.181401212261676936e-01,2.765576744356250116e-01,2.673136978107413242e+00,0.000000000000000000e+00,1.000000000000000000e+00,2.765569079672764996e-01
-7.299999999999998579e+01,3.182942411129379701e-01,2.784374082827740238e-01,2.678332859860034887e+00,0.000000000000000000e+00,1.000000000000000000e+00,2.784366357199553610e-01
-7.289999999999999147e+01,3.184494809183474051e-01,2.803189700025192632e-01,2.683539426353146684e+00,0.000000000000000000e+00,1.000000000000000000e+00,2.803181913213086407e-01
-7.279999999999999716e+01,3.186058432283031538e-01,2.822023737423790535e-01,2.688756572344178419e+00,0.000000000000000000e+00,1.000000000000000000e+00,2.822015889186198501e-01
-7.269999999999998863e+01,3.187633306504265018e-01,2.840876337000167728e-01,2.693984193349750367e+00,0.000000000000000000e+00,1.000000000000000000e+00,2.840868427093520832e-01
-7.259999999999999432e+01,3.189219458141633878e-01,2.859747641237708748e-01,2.699222185646240835e+00,0.000000000000000000e+00,1.000000000000000000e+00,2.859739669416058172e-01
-7.250000000000000000e+01,3.190816913708955371e-01,2.878637793130215949e-01,2.704470446270325734e+00,0.000000000000000000e+00,1.000000000000000000e+00,2.878629759145825417e-01
-7.240000000000000568e+01,3.192425699940530937e-01,2.897546936188941658e-01,2.709728873019461748e+00,0.000000000000000000e+00,1.000000000000000000e+00,2.897538839790474441e-01
-7.229999999999999716e+01,3.194045843792282513e-01,2.916475214443493003e-01,2.714997364452341966e+00,0.000000000000000000e+00,1.000000000000000000e+00,2.916467055377992001e-01
-7.220000000000000284e+01,3.195677372442897179e-01,2.935422772448597062e-01,2.720275819889309332e+00,0.000000000000000000e+00,1.000000000000000000e+00,2.935414550461392102e-01
-7.209999999999999432e+01,3.197320313294988448e-01,2.954389755289711372e-01,2.725564139412740783e+00,0.000000000000000000e+00,1.000000000000000000e+00,2.954381470123475517e-01
-7.200000000000000000e+01,3.198974693976264771e-01,2.973376308587510342e-01,2.730862223867395855e+00,0.000000000000000000e+00,1.000000000000000000e+00,2.973367959981585429e-01
-7.189999999999999147e+01,3.200640542340713601e-01,2.992382578499244161e-01,2.736169974860741316e+00,0.000000000000000000e+00,1.000000000000000000e+00,2.992374166192432461e-01
-7.179999999999999716e+01,3.202317886469789321e-01,3.011408711728909560e-01,2.741487294763238936e+00,0.000000000000000000e+00,1.000000000000000000e+00,3.011400235456916374e-01
-7.169999999999998863e+01,3.204006754673626722e-01,3.030454855529307046e-01,2.746814086708619929e+00,0.000000000000000000e+00,1.000000000000000000e+00,3.030446315025013826e-01
-7.159999999999999432e+01,3.205707175492249483e-01,3.049521157706457375e-01,2.752150254594127432e+00,0.000000000000000000e+00,1.000000000000000000e+00,3.049512552700670009e-01
-7.149999999999998579e+01,3.207419177696806956e-01,3.068607766626335054e-01,2.757495703080742544e+00,0.000000000000000000e+00,1.000000000000000000e+00,3.068599096846756358e-01
-7.140000000000000568e+01,3.209142790290808733e-01,3.087714831216504807e-01,2.762850337593387717e+00,0.000000000000000000e+00,1.000000000000000000e+00,3.087706096390020472e-01
-7.129999999999999716e+01,3.210878042511381980e-01,3.106842500975530164e-01,2.768214064321119938e+00,0.000000000000000000e+00,1.000000000000000000e+00,3.106833700826121536e-01
-7.120000000000000284e+01,3.212624963830535418e-01,3.125990925977274459e-01,2.773586790217300369e+00,0.000000000000000000e+00,1.000000000000000000e+00,3.125982060224650194e-01
-7.109999999999999432e+01,3.214383583956440527e-01,3.145160256871576410e-01,2.778968422999758658e+00,0.000000000000000000e+00,1.000000000000000000e+00,3.145151325234230022e-01
-7.100000000000000000e+01,3.216153932834715512e-01,3.164350644892708897e-01,2.784358871150941717e+00,0.000000000000000000e+00,1.000000000000000000e+00,3.164341647087606790e-01
-7.089999999999999147e+01,3.217936040649735374e-01,3.183562241866665921e-01,2.789758043918057151e+00,0.000000000000000000e+00,1.000000000000000000e+00,3.183553177606824880e-01
-7.079999999999999716e+01,3.219729937825943633e-01,3.202795200211376314e-01,2.795165851313205163e+00,0.000000000000000000e+00,1.000000000000000000e+00,3.202786069208396480e-01
-7.069999999999998863e+01,3.221535655029182377e-01,3.222049672946640242e-01,2.800582204113512663e+00,0.000000000000000000e+00,1.000000000000000000e+00,3.222040474908539620e-01
-7.059999999999999432e+01,3.223353223168035075e-01,3.241325813696488423e-01,2.806007013861254507e+00,0.000000000000000000e+00,1.000000000000000000e+00,3.241316548328425085e-01
-7.049999999999998579e+01,3.225182673395179389e-01,3.260623776693850617e-01,2.811440192863984944e+00,0.000000000000000000e+00,1.000000000000000000e+00,3.260614443699491605e-01
-7.039999999999999147e+01,3.227024037108755516e-01,3.279943716788017993e-01,2.816881654194659745e+00,0.000000000000000000e+00,1.000000000000000000e+00,3.279934315868769379e-01
-7.029999999999999716e+01,3.228877345953747868e-01,3.299285789450440154e-01,2.822331311691768096e+00,0.000000000000000000e+00,1.000000000000000000e+00,3.299276320304268539e-01
-7.020000000000000284e+01,3.230742631823380617e-01,3.318650150778887364e-01,2.827789079959463159e+00,0.000000000000000000e+00,1.000000000000000000e+00,3.318640613100385939e-01
-7.009999999999999432e+01,3.232619926860524906e-01,3.338036957501435698e-01,2.833254874367705956e+00,0.000000000000000000e+00,1.000000000000000000e+00,3.338027350983365227e-01
-7.000000000000000000e+01,3.234509263459119932e-01,3.357446366983229402e-01,2.838728611052408812e+00,0.000000000000000000e+00,1.000000000000000000e+00,3.357436691316784683e-01
-6.989999999999999147e+01,3.236410674265609022e-01,3.376878537235036837e-01,2.844210206915598782e+00,0.000000000000000000e+00,1.000000000000000000e+00,3.376868792107099448e-01
-6.979999999999999716e+01,3.238324192180391803e-01,3.396333626915218895e-01,2.849699579625582402e+00,0.000000000000000000e+00,1.000000000000000000e+00,3.396323812009210963e-01
-6.969999999999998863e+01,3.240249850359284145e-01,3.415811795333502654e-01,2.855196647617132211e+00,0.000000000000000000e+00,1.000000000000000000e+00,3.415801910332089686e-01
-6.959999999999999432e+01,3.242187682214996425e-01,3.435313202461933724e-01,2.860701330091683481e+00,0.000000000000000000e+00,1.000000000000000000e+00,3.435303247044421693e-01
-6.949999999999998579e+01,3.244137721418627884e-01,3.454838008937773375e-01,2.866213547017555374e+00,0.000000000000000000e+00,1.000000000000000000e+00,3.454827982780326878e-01
-6.939999999999999147e+01,3.246100001901170429e-01,3.474386376068676618e-01,2.871733219130176540e+00,0.000000000000000000e+00,1.000000000000000000e+00,3.474376278845080490e-01
-6.929999999999998295e+01,3.248074557855031297e-01,3.493958465840615313e-01,2.877260267932350679e+00,0.000000000000000000e+00,1.000000000000000000e+00,3.493948297220916266e-01
-6.920000000000000284e+01,3.250061423735568500e-01,3.513554440921195510e-01,2.882794615694528328e+00,0.000000000000000000e+00,1.000000000000000000e+00,3.513544200572843446e-01
-6.909999999999999432e+01,3.252060634262640137e-01,3.533174464665241321e-01,2.888336185455108840e+00,0.000000000000000000e+00,1.000000000000000000e+00,3.533164152254527623e-01
-6.900000000000000000e+01,3.254072224422169257e-01,3.552818701125555201e-01,2.893884901020773004e+00,0.000000000000000000e+00,1.000000000000000000e+00,3.552808316314196579e-01
-6.889999999999999147e+01,3.256096229467728698e-01,3.572487315055153934e-01,2.899440686966834324e+00,0.000000000000000000e+00,1.000000000000000000e+00,3.572476857500620495e-01
-6.879999999999999716e+01,3.258132684922132039e-01,3.592180471908836270e-01,2.905003468637624042e+00,0.000000000000000000e+00,1.000000000000000000e+00,3.592169941269096611e-01
-6.869999999999998863e+01,3.260181626579043979e-01,3.611898337859200114e-01,2.910573172146911247e+00,0.000000000000000000e+00,1.000000000000000000e+00,3.611887733787523258e-01
-6.859999999999999432e+01,3.262243090504613474e-01,3.631641079797775506e-01,2.916149724378344299e+00,0.000000000000000000e+00,1.000000000000000000e+00,3.631630401942478326e-01
-6.849999999999998579e+01,3.264317113039109652e-01,3.651408865335503684e-01,2.921733052985941104e+00,0.000000000000000000e+00,1.000000000000000000e+00,3.651398113345388774e-01
-6.839999999999999147e+01,3.266403730798579930e-01,3.671201862819076234e-01,2.927323086394605145e+00,0.000000000000000000e+00,1.000000000000000000e+00,3.671191036338695701e-01
-6.829999999999998295e+01,3.268502980676529224e-01,3.691020241332919616e-01,2.932919753800680596e+00,0.000000000000000000e+00,1.000000000000000000e+00,3.691009340002123218e-01
-6.819999999999998863e+01,3.270614899845605272e-01,3.710864170701951847e-01,2.938522985172550950e+00,0.000000000000000000e+00,1.000000000000000000e+00,3.710853194158943436e-01
-6.809999999999999432e+01,3.272739525759306156e-01,3.730733821502397185e-01,2.944132711251276291e+00,0.000000000000000000e+00,1.000000000000000000e+00,3.730722769382335269e-01
-6.800000000000000000e+01,3.274876896153703365e-01,3.750629365067018051e-01,2.949748863551274525e+00,0.000000000000000000e+00,1.000000000000000000e+00,3.750618237001758781e-01
-6.790000000000000568e+01,3.277027049049180962e-01,3.770550973490618407e-01,2.955371374361044357e+00,0.000000000000000000e+00,1.000000000000000000e+00,3.770539769109387818e-01
-6.779999999999999716e+01,3.279190022752190847e-01,3.790498819639198658e-01,2.961000176743939338e+00,0.000000000000000000e+00,1.000000000000000000e+00,3.790487538566618131e-01
-6.770000000000000284e+01,3.281365855857028557e-01,3.810473077152578547e-01,2.966635204538982773e+00,0.000000000000000000e+00,1.000000000000000000e+00,3.810461719010581616e-01
-6.759999999999999432e+01,3.283554587247617951e-01,3.830473920452127645e-01,2.972276392361743458e+00,0.000000000000000000e+00,1.000000000000000000e+00,3.830462484860756023e-01
-6.750000000000000000e+01,3.285756256099322536e-01,3.850501524751648863e-01,2.977923675605247844e+00,0.000000000000000000e+00,1.000000000000000000e+00,3.850490011325590212e-01
-6.739999999999999147e+01,3.287970901880769570e-01,3.870556066056394240e-01,2.983576990440960586e+00,0.000000000000000000e+00,1.000000000000000000e+00,3.870544474409217117e-01
-6.729999999999999716e+01,3.290198564355687472e-01,3.890637721177354069e-01,2.989236273819807721e+00,0.000000000000000000e+00,1.000000000000000000e+00,3.890626050918180590e-01
-6.719999999999998863e+01,3.292439283584773779e-01,3.910746667735109927e-01,2.994901463473264691e+00,0.000000000000000000e+00,1.000000000000000000e+00,3.910734918468258270e-01
-6.709999999999999432e+01,3.294693099927564761e-01,3.930883084162029029e-01,3.000572497914493653e+00,0.000000000000000000e+00,1.000000000000000000e+00,3.930871255491300564e-01
-6.699999999999998579e+01,3.296960054044333899e-01,3.951047149718204254e-01,3.006249316439555397e+00,0.000000000000000000e+00,1.000000000000000000e+00,3.951035241242152884e-01
-6.690000000000000568e+01,3.299240186898008131e-01,3.971239044491681747e-01,3.011931859128661682e+00,0.000000000000000000e+00,1.000000000000000000e+00,3.971227055805610640e-01
-6.679999999999999716e+01,3.301533539756095204e-01,3.991458949406187506e-01,3.017620066847514160e+00,0.000000000000000000e+00,1.000000000000000000e+00,3.991446880103459716e-01
-6.670000000000000284e+01,3.303840154192637657e-01,4.011707046232420582e-01,3.023313881248688162e+00,0.000000000000000000e+00,1.000000000000000000e+00,4.011694895901531388e-01
-6.659999999999999432e+01,3.306160072090182367e-01,4.031983517591395394e-01,3.029013244773099522e+00,0.000000000000000000e+00,1.000000000000000000e+00,4.031971285816863260e-01
-6.650000000000000000e+01,3.308493335641767841e-01,4.052288546961851368e-01,3.034718100651525585e+00,0.000000000000000000e+00,1.000000000000000000e+00,4.052276233324875188e-01
-6.639999999999999147e+01,3.310839987352932057e-01,4.072622318686922038e-01,3.040428392906213251e+00,0.000000000000000000e+00,1.000000000000000000e+00,4.072609922766637913e-01
-6.629999999999999716e+01,3.313200070043737511e-01,4.092985017985343310e-01,3.046144066352539870e+00,0.000000000000000000e+00,1.000000000000000000e+00,4.092972539356167228e-01
-6.619999999999998863e+01,3.315573626850822353e-01,4.113376830955638441e-01,3.051865066600766063e+00,0.000000000000000000e+00,1.000000000000000000e+00,4.113364269187819167e-01
-6.609999999999999432e+01,3.317960701229460962e-01,4.133797944582469630e-01,3.057591340057852047e+00,0.000000000000000000e+00,1.000000000000000000e+00,4.133785299243695754e-01
-6.599999999999998579e+01,3.320361336955653386e-01,4.154248546747003612e-01,3.063322833929360112e+00,0.000000000000000000e+00,1.000000000000000000e+00,4.154235817401168984e-01
-6.589999999999999147e+01,3.322775578128229212e-01,4.174728826234120893e-01,3.069059496221428596e+00,0.000000000000000000e+00,1.000000000000000000e+00,4.174716012440408131e-01
-6.579999999999999716e+01,3.325203469170976978e-01,4.195238972737430072e-01,3.074801275742837792e+00,0.000000000000000000e+00,1.000000000000000000e+00,4.195226074052023635e-01
-6.570000000000000284e+01,3.327645054834785787e-01,4.215779176868785783e-01,3.080548122107145126e+00,0.000000000000000000e+00,1.000000000000000000e+00,4.215766192844725979e-01
-6.559999999999999432e+01,3.330100380199818022e-01,4.236349630167505209e-01,3.086299985734921592e+00,0.000000000000000000e+00,1.000000000000000000e+00,4.236336560353089475e-01
-6.550000000000000000e+01,3.332569490677694257e-01,4.256950525105471783e-01,3.092056817856062345e+00,0.000000000000000000e+00,1.000000000000000000e+00,4.256937369045347697e-01
-6.540000000000000568e+01,3.335052432013704826e-01,4.277582055097665648e-01,3.097818570512193670e+00,0.000000000000000000e+00,1.000000000000000000e+00,4.277568812331283832e-01
-6.529999999999998295e+01,3.337549250289040259e-01,4.298244414504771016e-01,3.103585196559171866e+00,0.000000000000000000e+00,1.000000000000000000e+00,4.298231084570166005e-01
-6.519999999999998863e+01,3.340059991923039484e-01,4.318937798647399795e-01,3.109356649669663408e+00,0.000000000000000000e+00,1.000000000000000000e+00,4.318924381078737551e-01
-6.509999999999999432e+01,3.342584703675470781e-01,4.339662403814264491e-01,3.115132884335841457e+00,0.000000000000000000e+00,1.000000000000000000e+00,4.339648898139327748e-01
-6.500000000000000000e+01,3.345123432648823836e-01,4.360418427265296826e-01,3.120913855872160525e+00,0.000000000000000000e+00,1.000000000000000000e+00,4.360404833007969216e-01
-6.489999999999997726e+01,3.347676226290628998e-01,4.381206067239211133e-01,3.126699520418241285e+00,0.000000000000000000e+00,1.000000000000000000e+00,4.381192383922624667e-01
-6.479999999999998295e+01,3.350243132395793189e-01,4.402025522971215188e-01,3.132489834941848184e+00,0.000000000000000000e+00,1.000000000000000000e+00,4.402011750111448629e-01
-6.470000000000000284e+01,3.352824199108975223e-01,4.422876994691826158e-01,3.138284757241982525e+00,0.000000000000000000e+00,1.000000000000000000e+00,4.422863131801175740e-01
-6.460000000000000853e+01,3.355419474926956136e-01,4.443760683638712239e-01,3.144084245952073253e+00,0.000000000000000000e+00,1.000000000000000000e+00,4.443746730225509589e-01
-6.449999999999998579e+01,3.358029008701064466e-01,4.464676792064835031e-01,3.149888260543276086e+00,0.000000000000000000e+00,1.000000000000000000e+00,4.464662747633650897e-01
-6.439999999999999147e+01,3.360652849639592654e-01,4.485625523246294377e-01,3.155696761327881017e+00,0.000000000000000000e+00,1.000000000000000000e+00,4.485611387298827357e-01
-6.429999999999999716e+01,3.363291047310268400e-01,4.506607081495956901e-01,3.161509709462845485e+00,0.000000000000000000e+00,1.000000000000000000e+00,4.506592853526979470e-01
-6.420000000000000284e+01,3.365943651642724355e-01,4.527621672164456879e-01,3.167327066953422143e+00,0.000000000000000000e+00,1.000000000000000000e+00,4.527607351665452473e-01
-6.409999999999998010e+01,3.368610712931008333e-01,4.548669501653615499e-01,3.173148796656925619e+00,0.000000000000000000e+00,1.000000000000000000e+00,4.548655088111799305e-01
-6.399999999999998579e+01,3.371292281836106852e-01,4.569750777423376431e-01,3.178974862286594760e+00,0.000000000000000000e+00,1.000000000000000000e+00,4.569736270322632965e-01
-6.389999999999999147e+01,3.373988409388501974e-01,4.590865708004029377e-01,3.184805228415602318e+00,0.000000000000000000e+00,1.000000000000000000e+00,4.590851106822593786e-01
-6.380000000000000426e+01,3.376699146990748135e-01,4.612014503002427324e-01,3.190639860481172096e+00,0.000000000000000000e+00,1.000000000000000000e+00,4.611999807213363334e-01
-6.369999999999998153e+01,3.379424546420075615e-01,4.633197373108783879e-01,3.196478724788830217e+00,0.000000000000000000e+00,1.000000000000000000e+00,4.633182582182772125e-01
-6.359999999999998721e+01,3.382164659831015108e-01,4.654414530111121162e-01,3.202321788516776735e+00,0.000000000000000000e+00,1.000000000000000000e+00,4.654399643513959517e-01
-6.349999999999999289e+01,3.384919539758058371e-01,4.675666186903658650e-01,3.208169019720410908e+00,0.000000000000000000e+00,1.000000000000000000e+00,4.675651204094667390e-01
-6.339999999999999858e+01,3.387689239118333306e-01,4.696952557491107516e-01,3.214020387336966600e+00,0.000000000000000000e+00,1.000000000000000000e+00,4.696937477926568238e-01
-6.330000000000000426e+01,3.390473811214310684e-01,4.718273857003840166e-01,3.219875861190303112e+00,0.000000000000000000e+00,1.000000000000000000e+00,4.718258680134687078e-01
-6.319999999999998863e+01,3.393273309736538623e-01,4.739630301704224058e-01,3.225735411995826585e+00,0.000000000000000000e+00,1.000000000000000000e+00,4.739615026976923273e-01
-6.309999999999999432e+01,3.396087788766398718e-01,4.761022108995857649e-01,3.231599011365555718e+00,0.000000000000000000e+00,1.000000000000000000e+00,4.761006735853620664e-01
-6.300000000000000000e+01,3.398917302778893812e-01,4.782449497437093466e-01,3.237466631813346485e+00,0.000000000000000000e+00,1.000000000000000000e+00,4.782434025317273130e-01
-6.290000000000000568e+01,3.401761906645462963e-01,4.803912686748994521e-01,3.243338246760246069e+00,0.000000000000000000e+00,1.000000000000000000e+00,4.803897115082274571e-01
-6.279999999999999005e+01,3.404621655636821953e-01,4.825411897820569562e-01,3.249213830540013337e+00,0.000000000000000000e+00,1.000000000000000000e+00,4.825396226034775471e-01
-6.269999999999999574e+01,3.407496605425828218e-01,4.846947352724359503e-01,3.255093358404787196e+00,0.000000000000000000e+00,1.000000000000000000e+00,4.846931580242603843e-01
-6.260000000000000142e+01,3.410386812090384079e-01,4.868519274726437751e-01,3.260976806530920591e+00,0.000000000000000000e+00,1.000000000000000000e+00,4.868503400965318861e-01
-6.250000000000000711e+01,3.413292332116358296e-01,4.890127888291817548e-01,3.266864152024968604e+00,0.000000000000000000e+00,1.000000000000000000e+00,4.890111912664313887e-01
-6.239999999999998437e+01,3.416213222400540928e-01,4.911773419098294791e-01,3.272755372929848861e+00,0.000000000000000000e+00,1.000000000000000000e+00,4.911757341013034961e-01
-6.229999999999999005e+01,3.419149540253627051e-01,4.933456094048918050e-01,3.278650448231154702e+00,0.000000000000000000e+00,1.000000000000000000e+00,4.933439912907253144e-01
-6.219999999999999574e+01,3.422101343403232687e-01,4.955176141276569912e-01,3.284549357863665087e+00,0.000000000000000000e+00,1.000000000000000000e+00,4.955159856475502833e-01
-6.210000000000000142e+01,3.425068689996930704e-01,4.976933790156981563e-01,3.290452082718008153e+00,0.000000000000000000e+00,1.000000000000000000e+00,4.976917401089534509e-01
-6.199999999999998579e+01,3.428051638605329465e-01,4.998729271321265544e-01,3.296358604647513069e+00,0.000000000000000000e+00,1.000000000000000000e+00,4.998712777374913485e-01
-6.189999999999999147e+01,3.431050248225171462e-01,5.020562816665233852e-01,3.302268906475236854e+00,0.000000000000000000e+00,1.000000000000000000e+00,5.020546217221679708e-01
-6.179999999999999716e+01,3.434064578282471358e-01,5.042434659360556237e-01,3.308182972001189714e+00,0.000000000000000000e+00,1.000000000000000000e+00,5.042417953795154117e-01
-6.170000000000000284e+01,3.437094688635676798e-01,5.064345033863636436e-01,3.314100786009738897e+00,0.000000000000000000e+00,1.000000000000000000e+00,5.064328221546789965e-01
-6.159999999999998721e+01,3.440140639578866399e-01,5.086294175926777683e-01,3.320022334277210163e+00,0.000000000000000000e+00,1.000000000000000000e+00,5.086277256225155696e-01
-6.149999999999999289e+01,3.443202491844973845e-01,5.108282322612139881e-01,3.325947603579683332e+00,0.000000000000000000e+00,1.000000000000000000e+00,5.108265294886995544e-01
-6.139999999999999858e+01,3.446280306609053046e-01,5.130309712304247372e-01,3.331876581701000983e+00,0.000000000000000000e+00,1.000000000000000000e+00,5.130292575908429464e-01
-6.130000000000000426e+01,3.449374145491568289e-01,5.152376584714197794e-01,3.337809257440966348e+00,0.000000000000000000e+00,1.000000000000000000e+00,5.152359338996213012e-01
-6.119999999999998153e+01,3.452484070561716023e-01,5.174483180894461354e-01,3.343745620623768566e+00,0.000000000000000000e+00,1.000000000000000000e+00,5.174465825199133784e-01
-6.109999999999998721e+01,3.455610144340784951e-01,5.196629743254095324e-01,3.349685662106600681e+00,0.000000000000000000e+00,1.000000000000000000e+00,5.196612276919475581e-01
-6.100000000000000000e+01,3.458752429805548867e-01,5.218816515567450409e-01,3.355629373788524550e+00,0.000000000000000000e+00,1.000000000000000000e+00,5.218798937924645776e-01
-6.090000000000000568e+01,3.461910990391690590e-01,5.241043742983314546e-01,3.361576748619533817e+00,0.000000000000000000e+00,1.000000000000000000e+00,5.241026053358857073e-01
-6.079999999999998295e+01,3.465085889997259749e-01,5.263311672040897893e-01,3.367527780609862020e+00,0.000000000000000000e+00,1.000000000000000000e+00,5.263293869754946952e-01
-6.069999999999998863e+01,3.468277192986170543e-01,5.285620550679311913e-01,3.373482464839508310e+00,0.000000000000000000e+00,1.000000000000000000e+00,5.285602635046284803e-01
-6.059999999999999432e+01,3.471484964191726141e-01,5.307970628249297773e-01,3.379440797468021618e+00,0.000000000000000000e+00,1.000000000000000000e+00,5.307952598578825620e-01
-6.050000000000000000e+01,3.474709268920186389e-01,5.330362155530353752e-01,3.385402775744506876e+00,0.000000000000000000e+00,1.000000000000000000e+00,5.330344011123241410e-01
-6.039999999999998437e+01,3.477950172954369368e-01,5.352795384734051476e-01,3.391368398017895469e+00,0.000000000000000000e+00,1.000000000000000000e+00,5.352777124887195814e-01
-6.029999999999999005e+01,3.481207742557280160e-01,5.375270569522394570e-01,3.397337663747449721e+00,0.000000000000000000e+00,1.000000000000000000e+00,5.375252193527683131e-01
-6.019999999999999574e+01,3.484482044475792351e-01,5.397787965022833312e-01,3.403310573513557369e+00,0.000000000000000000e+00,1.000000000000000000e+00,5.397769472163570503e-01
-6.010000000000000142e+01,3.487773145944353392e-01,5.420347827834517407e-01,3.409287129028754304e+00,0.000000000000000000e+00,1.000000000000000000e+00,5.420329217388168974e-01
-5.999999999999998579e+01,3.491081114688732723e-01,5.442950416043579320e-01,3.415267333149045292e+00,0.000000000000000000e+00,1.000000000000000000e+00,5.442931687281984399e-01
-5.989999999999999147e+01,3.494406018929805402e-01,5.465595989236921026e-01,3.421251189885480937e+00,0.000000000000000000e+00,1.000000000000000000e+00,5.465577141425540519e-01
-5.979999999999999716e+01,3.497747927387377387e-01,5.488284808514050095e-01,3.427238704416033510e+00,0.000000000000000000e+00,1.000000000000000000e+00,5.488265840912385229e-01
-5.970000000000000284e+01,3.501106909284044666e-01,5.511017136502431857e-01,3.433229883097748125e+00,0.000000000000000000e+00,1.000000000000000000e+00,5.510998048362160118e-01
-5.959999999999998010e+01,3.504483034349099024e-01,5.533793237366775308e-01,3.439224733479194107e+00,0.000000000000000000e+00,1.000000000000000000e+00,5.533774027933840989e-01
-5.949999999999998579e+01,3.507876372822461009e-01,5.556613376824562911e-01,3.445223264313212130e+00,0.000000000000000000e+00,1.000000000000000000e+00,5.556594045339051657e-01
-5.939999999999999147e+01,3.511286995458667848e-01,5.579477822161381662e-01,3.451225485569975326e+00,0.000000000000000000e+00,1.000000000000000000e+00,5.579458367855579803e-01
-5.930000000000000426e+01,3.514714973530889131e-01,5.602386842242497167e-01,3.457231408450361254e+00,0.000000000000000000e+00,1.000000000000000000e+00,5.602367264340953890e-01
-5.919999999999998153e+01,3.518160378834993551e-01,5.625340707523777128e-01,3.463241045399646723e+00,0.000000000000000000e+00,1.000000000000000000e+00,5.625321005246194384e-01
-5.909999999999998721e+01,3.521623283693643414e-01,5.648339690069262842e-01,3.469254410121518806e+00,0.000000000000000000e+00,1.000000000000000000e+00,5.648319862629652688e-01
-5.899999999999999289e+01,3.525103760960449084e-01,5.671384063568951639e-01,3.475271517592445569e+00,0.000000000000000000e+00,1.000000000000000000e+00,5.671364110171054351e-01
-5.889999999999999858e+01,3.528601884024152313e-01,5.694474103343754035e-01,3.481292384076368762e+00,0.000000000000000000e+00,1.000000000000000000e+00,5.694454023185605562e-01
-5.880000000000000426e+01,3.532117726812854519e-01,5.717610086365162436e-01,3.487317027139755776e+00,0.000000000000000000e+00,1.000000000000000000e+00,5.717589878638281720e-01
-5.869999999999998863e+01,3.535651363798292812e-01,5.740792291269272152e-01,3.493345465667009098e+00,0.000000000000000000e+00,1.000000000000000000e+00,5.740771955158239237e-01
-5.859999999999999432e+01,3.539202870000154877e-01,5.764020998371026661e-01,3.499377719876242132e+00,0.000000000000000000e+00,1.000000000000000000e+00,5.764000533053350583e-01
-5.850000000000000000e+01,3.542772320990442703e-01,5.787296489680929801e-01,3.505413811335436058e+00,0.000000000000000000e+00,1.000000000000000000e+00,5.787275894324934722e-01
-5.840000000000000568e+01,3.546359792897879060e-01,5.810619048915681706e-01,3.511453762978971493e+00,0.000000000000000000e+00,1.000000000000000000e+00,5.810598322682569705e-01
-5.829999999999999005e+01,3.549965362412356162e-01,5.833988961512167615e-01,3.517497599124561614e+00,0.000000000000000000e+00,1.000000000000000000e+00,5.833968103559097340e-01
-5.819999999999999574e+01,3.553589106789432073e-01,5.857406514651497531e-01,3.523545345490573855e+00,0.000000000000000000e+00,1.000000000000000000e+00,5.857385524125721110e-01
-5.810000000000000142e+01,3.557231103854882615e-01,5.880871997267494988e-01,3.529597029213785042e+00,0.000000000000000000e+00,1.000000000000000000e+00,5.880850873307338356e-01
-5.800000000000000711e+01,3.560891432009282709e-01,5.904385700059906483e-01,3.535652678867539311e+00,0.000000000000000000e+00,1.000000000000000000e+00,5.904364441797933516e-01
-5.789999999999998437e+01,3.564570170232649882e-01,5.927947915515328070e-01,3.541712324480338570e+00,0.000000000000000000e+00,1.000000000000000000e+00,5.927926522076183424e-01
-5.779999999999999005e+01,3.568267398089127740e-01,5.951558937919800840e-01,3.547775997554878380e+00,0.000000000000000000e+00,1.000000000000000000e+00,5.951537408421174735e-01
-5.769999999999999574e+01,3.571983195731722183e-01,5.975219063378242046e-01,3.553843731087540814e+00,0.000000000000000000e+00,1.000000000000000000e+00,5.975197396928323412e-01
-5.760000000000000142e+01,3.575717643907087018e-01,5.998928589827743352e-01,3.559915559588334499e+00,0.000000000000000000e+00,1.000000000000000000e+00,5.998906785525421892e-01
-5.749999999999998579e+01,3.579470823960355652e-01,6.022687817049678927e-01,3.565991519101323171e+00,0.000000000000000000e+00,1.000000000000000000e+00,6.022665873988852780e-01
-5.739999999999999147e+01,3.583242817840021632e-01,6.046497046693055655e-01,3.572071647225520064e+00,0.000000000000000000e+00,1.000000000000000000e+00,6.046474963959940219e-01
-5.729999999999999716e+01,3.587033708102880247e-01,6.070356582292116832e-01,3.578155983136303675e+00,0.000000000000000000e+00,1.000000000000000000e+00,6.070334358961533283e-01
-5.720000000000000284e+01,3.590843577919012874e-01,6.094266729274753214e-01,3.584244567607316245e+00,0.000000000000000000e+00,1.000000000000000000e+00,6.094244364414680426e-01
-5.709999999999998721e+01,3.594672511076821841e-01,6.118227794984747447e-01,3.590337443032900033e+00,0.000000000000000000e+00,1.000000000000000000e+00,6.118205287655514857e-01
-5.699999999999999289e+01,3.598520591988126349e-01,6.142240088698734946e-01,3.596434653451053620e+00,0.000000000000000000e+00,1.000000000000000000e+00,6.142217437952283143e-01
-5.689999999999999858e+01,3.602387905693303360e-01,6.166303921643226937e-01,3.602536244566949097e+00,0.000000000000000000e+00,1.000000000000000000e+00,6.166281126522580314e-01
-5.680000000000000426e+01,3.606274537866490659e-01,6.190419607014308045e-01,3.608642263776991932e+00,0.000000000000000000e+00,1.000000000000000000e+00,6.190396666550731508e-01
-5.669999999999998153e+01,3.610180574820839317e-01,6.214587459984578510e-01,3.614752760193469250e+00,0.000000000000000000e+00,1.000000000000000000e+00,6.214564373205357928e-01
-5.659999999999998721e+01,3.614106103513813339e-01,6.238807797733517679e-01,3.620867784669769218e+00,0.000000000000000000e+00,1.000000000000000000e+00,6.238784563657098214e-01
-5.650000000000000000e+01,3.618051211552569257e-01,6.263080939464097385e-01,3.626987389826223929e+00,0.000000000000000000e+00,1.000000000000000000e+00,6.263057557096577410e-01
-5.640000000000000568e+01,3.622015987199366793e-01,6.287407206412424232e-01,3.633111630076547804e+00,0.000000000000000000e+00,1.000000000000000000e+00,6.287383674752474727e-01
-5.629999999999998295e+01,3.626000519377051701e-01,6.311786921872721834e-01,3.639240561654921713e+00,0.000000000000000000e+00,1.000000000000000000e+00,6.311763239909840006e-01
-5.619999999999998863e+01,3.630004897674590225e-01,6.336220411212630799e-01,3.645374242643715679e+00,0.000000000000000000e+00,1.000000000000000000e+00,6.336196577928545626e-01
-5.609999999999999432e+01,3.634029212352664628e-01,6.360708001896335784e-01,3.651512733001893274e+00,0.000000000000000000e+00,1.000000000000000000e+00,6.360684016261982654e-01
-5.600000000000000000e+01,3.638073554349331440e-01,6.385250023500176342e-01,3.657656094594079033e+00,0.000000000000000000e+00,1.000000000000000000e+00,6.385225884475910219e-01
-5.589999999999998437e+01,3.642138015285732444e-01,6.409846807727784812e-01,3.663804391220334189e+00,0.000000000000000000e+00,1.000000000000000000e+00,6.409822514267510263e-01
-5.579999999999999005e+01,3.646222687471868951e-01,6.434498688437363390e-01,3.669957688646646954e+00,0.000000000000000000e+00,1.000000000000000000e+00,6.434474239484622160e-01
-5.569999999999999574e+01,3.650327663912445453e-01,6.459206001658341911e-01,3.676116054636162200e+00,0.000000000000000000e+00,1.000000000000000000e+00,6.459181396145220466e-01
-5.560000000000000142e+01,3.654453038312764357e-01,6.483969085607532712e-01,3.682279558981164769e+00,0.000000000000000000e+00,1.000000000000000000e+00,6.483944322457053655e-01
-5.549999999999998579e+01,3.658598905084690656e-01,6.508788280711242935e-01,3.688448273535831046e+00,0.000000000000000000e+00,1.000000000000000000e+00,6.508763358837497126e-01
-5.539999999999999147e+01,3.662765359352676553e-01,6.533663929625073141e-01,3.694622272249777239e+00,0.000000000000000000e+00,1.000000000000000000e+00,6.533638847933602722e-01
-5.529999999999999716e+01,3.666952496959854368e-01,6.558596377258762988e-01,3.700801631202435438e+00,0.000000000000000000e+00,1.000000000000000000e+00,6.558571134642399159e-01
-5.520000000000000284e+01,3.671160414474197164e-01,6.583585970792159570e-01,3.706986428638245901e+00,0.000000000000000000e+00,1.000000000000000000e+00,6.583560566131353431e-01
-5.509999999999998010e+01,3.675389209194737661e-01,6.608633059688892031e-01,3.713176745002720658e+00,0.000000000000000000e+00,1.000000000000000000e+00,6.608607491859075367e-01
-5.499999999999998579e+01,3.679638979157853207e-01,6.633737995730200065e-01,3.719372662979384625e+00,0.000000000000000000e+00,1.000000000000000000e+00,6.633712263596207581e-01
-5.489999999999999147e+01,3.683909823143636242e-01,6.658901133035485254e-01,3.725574267527629324e+00,0.000000000000000000e+00,1.000000000000000000e+00,6.658875235446599650e-01
-5.480000000000000426e+01,3.688201840682315269e-01,6.684122828071020761e-01,3.731781645921482315e+00,0.000000000000000000e+00,1.000000000000000000e+00,6.684096763868633273e-01
-5.469999999999998153e+01,3.692515132060747440e-01,6.709403439679608727e-01,3.737994887789344300e+00,0.000000000000000000e+00,1.000000000000000000e+00,6.709377207696818335e-01
-5.459999999999998721e+01,3.696849798328989967e-01,6.734743329106894771e-01,3.744214085154693450e+00,0.000000000000000000e+00,1.000000000000000000e+00,6.734716928163577698e-01
-5.449999999999999289e+01,3.701205941306940361e-01,6.760142860017057664e-01,3.750439332477811138e+00,0.000000000000000000e+00,1.000000000000000000e+00,6.760116288921315109e-01
-5.439999999999999858e+01,3.705583663591043297e-01,6.785602398514709588e-01,3.756670726698530416e+00,0.000000000000000000e+00,1.000000000000000000e+00,6.785575656064680716e-01
-5.430000000000000426e+01,3.709983068561075736e-01,6.811122313170325793e-01,3.762908367280051625e+00,0.000000000000000000e+00,1.000000000000000000e+00,6.811095398153069747e-01
-5.419999999999998863e+01,3.714404260387004775e-01,6.836702975042782127e-01,3.769152356253846925e+00,0.000000000000000000e+00,1.000000000000000000e+00,6.836675886233387622e-01
-5.409999999999999432e+01,3.718847344035921543e-01,6.862344757698957132e-01,3.775402798265687032e+00,0.000000000000000000e+00,1.000000000000000000e+00,6.862317493863014928e-01
-5.400000000000000000e+01,3.723312425279045601e-01,6.888048037242854305e-01,3.781659800622829248e+00,0.000000000000000000e+00,1.000000000000000000e+00,6.888020597133089895e-01
-5.390000000000000568e+01,3.727799610698819266e-01,6.913813192337012747e-01,3.787923473342377445e+00,0.000000000000000000e+00,1.000000000000000000e+00,6.913785574691952984e-01
-5.379999999999999005e+01,3.732309007696064107e-01,6.939640604219322606e-01,3.794193929200868176e+00,0.000000000000000000e+00,1.000000000000000000e+00,6.939612807768925640e-01
-5.369999999999999574e+01,3.736840724497222932e-01,6.965530656735193782e-01,3.800471283785102905e+00,0.000000000000000000e+00,1.000000000000000000e+00,6.965502680198252250e-01
-5.360000000000000142e+01,3.741394870161685593e-01,6.991483736361169266e-01,3.806755655544280526e+00,0.000000000000000000e+00,1.000000000000000000e+00,6.991455578443408481e-01
-5.350000000000000711e+01,3.745971554589190844e-01,7.017500232230212687e-01,3.813047165843444830e+00,0.000000000000000000e+00,1.000000000000000000e+00,7.017471891621588354e-01
-5.339999999999998437e+01,3.750570888527315905e-01,7.043580536145918058e-01,3.819345939018288671e+00,0.000000000000000000e+00,1.000000000000000000e+00,7.043552011528504408e-01
-5.329999999999999005e+01,3.755192983579029309e-01,7.069725042620488287e-01,3.825652102431368995e+00,0.000000000000000000e+00,1.000000000000000000e+00,7.069696332663384375e-01
-5.319999999999999574e+01,3.759837952210364209e-01,7.095934148897232729e-01,3.831965786529763829e+00,0.000000000000000000e+00,1.000000000000000000e+00,7.095905252254371964e-01
-5.310000000000000142e+01,3.764505907758136649e-01,7.122208254969270014e-01,3.838287124904208092e+00,0.000000000000000000e+00,1.000000000000000000e+00,7.122179170284063110e-01
-5.299999999999998579e+01,3.769196964437780961e-01,7.148547763613273265e-01,3.844616254349750406e+00,0.000000000000000000e+00,1.000000000000000000e+00,7.148518489515414132e-01
-5.289999999999999147e+01,3.773911237351251780e-01,7.174953080410433337e-01,3.850953314927985982e+00,0.000000000000000000e+00,1.000000000000000000e+00,7.174923615517875275e-01
-5.279999999999999716e+01,3.778648842495028193e-01,7.201424613777347439e-01,3.857298450030912207e+00,0.000000000000000000e+00,1.000000000000000000e+00,7.201394956693861760e-01
-5.270000000000000284e+01,3.783409896768199498e-01,7.227962774991261163e-01,3.863651806446435799e+00,0.000000000000000000e+00,1.000000000000000000e+00,7.227932924305482398e-01
-5.259999999999998721e+01,3.788194517980647547e-01,7.254567978211313717e-01,3.870013534425600810e+00,0.000000000000000000e+00,1.000000000000000000e+00,7.254537932501569086e-01
-5.249999999999999289e+01,3.793002824861307354e-01,7.281240640514302642e-01,3.876383787751572996e+00,0.000000000000000000e+00,1.000000000000000000e+00,7.281210398344983847e-01
-5.239999999999999858e+01,3.797834937066545402e-01,7.307981181921303637e-01,3.882762723810452510e+00,0.000000000000000000e+00,1.000000000000000000e+00,7.307950741840292253e-01
-5.230000000000000426e+01,3.802690975188606215e-01,7.334790025418619352e-01,3.889150503663945990e+00,0.000000000000000000e+00,1.000000000000000000e+00,7.334759385961657774e-01
-5.219999999999998153e+01,3.807571060764171067e-01,7.361667596991841034e-01,3.895547292123973548e+00,0.000000000000000000e+00,1.000000000000000000e+00,7.361636756681119165e-01
-5.209999999999998721e+01,3.812475316283004401e-01,7.388614325652878012e-01,3.901953257829251509e+00,0.000000000000000000e+00,1.000000000000000000e+00,7.388583282997116530e-01
-5.200000000000000000e+01,3.817403865196705159e-01,7.415630643471651240e-01,3.908368573323932615e+00,0.000000000000000000e+00,1.000000000000000000e+00,7.415599396963391543e-01
-5.190000000000000568e+01,3.822356831927554155e-01,7.442716985602411128e-01,3.914793415138345889e+00,0.000000000000000000e+00,1.000000000000000000e+00,7.442685533718188529e-01
-5.179999999999998295e+01,3.827334341877461354e-01,7.469873790308856343e-01,3.921227963871910305e+00,0.000000000000000000e+00,1.000000000000000000e+00,7.469842131513773076e-01
-5.169999999999998863e+01,3.832336521437009758e-01,7.497101499001759262e-01,3.927672404278285789e+00,0.000000000000000000e+00,1.000000000000000000e+00,7.497069631746262619e-01
-5.159999999999999432e+01,3.837363497994618067e-01,7.524400556269001950e-01,3.934126925352844584e+00,0.000000000000000000e+00,1.000000000000000000e+00,7.524368478985863362e-01
-5.150000000000000000e+01,3.842415399945792176e-01,7.551771409900650545e-01,3.940591720422502942e+00,0.000000000000000000e+00,1.000000000000000000e+00,7.551739121007372546e-01
-5.139999999999998437e+01,3.847492356702491012e-01,7.579214510920156966e-01,3.947066987238027735e+00,0.000000000000000000e+00,1.000000000000000000e+00,7.579182008821067074e-01
-5.129999999999999005e+01,3.852594498702591741e-01,7.606730313619618489e-01,3.953552928068852168e+00,0.000000000000000000e+00,1.000000000000000000e+00,7.606697596703887454e-01
-5.119999999999999574e+01,3.857721957419477099e-01,7.634319275593199894e-01,3.960049749800530261e+00,0.000000000000000000e+00,1.000000000000000000e+00,7.634286342231079159e-01
-5.110000000000000142e+01,3.862874865371722088e-01,7.661981857760933323e-01,3.966557664034858988e+00,0.000000000000000000e+00,1.000000000000000000e+00,7.661948706308068235e-01
-5.099999999999998579e+01,3.868053356132892251e-01,7.689718524405563249e-01,3.973076887192801721e+00,0.000000000000000000e+00,1.000000000000000000e+00,7.689685153202796553e-01
-5.089999999999999147e+01,3.873257564341461290e-01,7.717529743205844284e-01,3.979607640620255626e+00,0.000000000000000000e+00,1.000000000000000000e+00,7.717496150578346814e-01
-5.079999999999999716e+01,3.878487625710838049e-01,7.745415985272067205e-01,3.986150150696809558e+00,0.000000000000000000e+00,1.000000000000000000e+00,7.745382169526023874e-01
-5.070000000000000284e+01,3.883743677039518394e-01,7.773377725174326347e-01,3.992704648947531521e+00,0.000000000000000000e+00,1.000000000000000000e+00,7.773343684598742476e-01
-5.059999999999998010e+01,3.889025856221339228e-01,7.801415440974641680e-01,3.999271372157929605e+00,0.000000000000000000e+00,1.000000000000000000e+00,7.801381173844829098e-01
-5.049999999999998579e+01,3.894334302255865188e-01,7.829529614268552207e-01,4.005850562492152100e+00,0.000000000000000000e+00,1.000000000000000000e+00,7.829495118842191292e-01
-5.039999999999999147e+01,3.899669155258893016e-01,7.857720730216916083e-01,4.012442467614578234e+00,0.000000000000000000e+00,1.000000000000000000e+00,7.857686004732925555e-01
-5.030000000000000426e+01,3.905030556473078063e-01,7.885989277579789070e-01,4.019047340814859481e+00,0.000000000000000000e+00,1.000000000000000000e+00,7.885954320258273809e-01
-5.019999999999998153e+01,3.910418648278684017e-01,7.914335748747063359e-01,4.025665441136568212e+00,0.000000000000000000e+00,1.000000000000000000e+00,7.914300557794020641e-01
-5.009999999999998721e+01,3.915833574204453105e-01,7.942760639783309484e-01,4.032297033509536277e+00,0.000000000000000000e+00,1.000000000000000000e+00,7.942725213386232497e-01
-4.999999999999999289e+01,3.921275478938621717e-01,7.971264450461494899e-01,4.038942388886058055e+00,0.000000000000000000e+00,1.000000000000000000e+00,7.971228786787533105e-01
-4.989999999999999858e+01,3.926744508340044293e-01,7.999847684295041672e-01,4.045601784381021915e+00,0.000000000000000000e+00,1.000000000000000000e+00,7.999811781493673113e-01
-4.979999999999998295e+01,3.932240809449463192e-01,8.028510848576614345e-01,4.052275503416163716e+00,0.000000000000000000e+00,1.000000000000000000e+00,8.028474704780619309e-01
-4.969999999999998863e+01,3.937764530500899030e-01,8.057254454417960288e-01,4.058963835868529380e+00,0.000000000000000000e+00,1.000000000000000000e+00,8.057218067741986900e-01
-4.959999999999999432e+01,3.943315820933191440e-01,8.086079016790711504e-01,4.065667078223347275e+00,0.000000000000000000e+00,1.000000000000000000e+00,8.086042385327013582e-01
-4.950000000000000000e+01,3.948894831401664751e-01,8.114985054555640120e-01,4.072385533731400997e+00,0.000000000000000000e+00,1.000000000000000000e+00,8.114948176378905531e-01
-4.940000000000000568e+01,3.954501713789931316e-01,8.143973090508227486e-01,4.079119512571101502e+00,0.000000000000000000e+00,1.000000000000000000e+00,8.143935963673634149e-01
-4.929999999999999005e+01,3.960136621221845288e-01,8.173043651414986233e-01,4.085869332015406030e+00,0.000000000000000000e+00,1.000000000000000000e+00,8.173006273959242396e-01
-4.919999999999999574e+01,3.965799708073584617e-01,8.202197268054309820e-01,4.092635316603734807e+00,0.000000000000000000e+00,1.000000000000000000e+00,8.202159637995530828e-01
-4.910000000000000142e+01,3.971491129985892932e-01,8.231434475261681927e-01,4.099417798319106687e+00,0.000000000000000000e+00,1.000000000000000000e+00,8.231396590594309837e-01
-4.900000000000000711e+01,3.977211043876459073e-01,8.260755811961657535e-01,4.106217116770626063e+00,0.000000000000000000e+00,1.000000000000000000e+00,8.260717670660067125e-01
-4.889999999999998437e+01,3.982959607952441528e-01,8.290161821210224602e-01,4.113033619381535999e+00,0.000000000000000000e+00,1.000000000000000000e+00,8.290123421231108125e-01
-4.879999999999999005e+01,3.988736981723148278e-01,8.319653050242229453e-01,4.119867661583026752e+00,0.000000000000000000e+00,1.000000000000000000e+00,8.319614389521208242e-01
-4.869999999999999574e+01,3.994543326012872098e-01,8.349230050512237433e-01,4.126719607014029734e+00,0.000000000000000000e+00,1.000000000000000000e+00,8.349191126961800213e-01
-4.860000000000000142e+01,4.000378802973875714e-01,8.378893377734416559e-01,4.133589827727161214e+00,0.000000000000000000e+00,1.000000000000000000e+00,8.378854189244574480e-01
-4.849999999999998579e+01,4.006243576099534631e-01,8.408643591921450833e-01,4.140478704401092891e+00,0.000000000000000000e+00,1.000000000000000000e+00,8.408604136364677961e-01
-4.839999999999999147e+01,4.012137810237632052e-01,8.438481257437869809e-01,4.147386626559531386e+00,0.000000000000000000e+00,1.000000000000000000e+00,8.438441532664339162e-01
-4.829999999999999716e+01,4.018061671603835316e-01,8.468406943042674495e-01,4.154313992797104227e+00,0.000000000000000000e+00,1.000000000000000000e+00,8.468366946877134982e-01
-4.820000000000000284e+01,4.024015327795313346e-01,8.498421221926522051e-01,4.161261211012340588e+00,0.000000000000000000e+00,1.000000000000000000e+00,8.498380952172677194e-01
-4.809999999999998721e+01,4.029998947804531717e-01,8.528524671761577025e-01,4.168228698648070107e+00,0.000000000000000000e+00,1.000000000000000000e+00,8.528484126201901772e-01
-4.799999999999999289e+01,4.036012702033210386e-01,8.558717874748924537e-01,4.175216882939457363e+00,0.000000000000000000e+00,1.000000000000000000e+00,8.558677051142877801e-01
-4.789999999999999858e+01,4.042056762306459605e-01,8.589001417663099103e-01,4.182226201170013979e+00,0.000000000000000000e+00,1.000000000000000000e+00,8.588960313747189268e-01
-4.780000000000000426e+01,4.048131301887078481e-01,8.619375891903594544e-01,4.189257100935836142e+00,0.000000000000000000e+00,1.000000000000000000e+00,8.619334505386880840e-01
-4.769999999999998153e+01,4.054236495490045611e-01,8.649841893529226500e-01,4.196310040418407716e+00,0.000000000000000000e+00,1.000000000000000000e+00,8.649800222101956537e-01
-4.759999999999998721e+01,4.060372519297152372e-01,8.680400023319879699e-01,4.203385488666278924e+00,0.000000000000000000e+00,1.000000000000000000e+00,8.680358064648435734e-01
-4.750000000000000000e+01,4.066539550971871031e-01,8.711050886826005035e-01,4.210483925885972312e+00,0.000000000000000000e+00,1.000000000000000000e+00,8.711008638547091953e-01
-4.740000000000000568e+01,4.072737769674352748e-01,8.741795094402641242e-01,4.217605843742453509e+00,0.000000000000000000e+00,1.000000000000000000e+00,8.741752554132661279e-01
-4.729999999999998295e+01,4.078967356076642625e-01,8.772633261273170557e-01,4.224751745669545144e+00,0.000000000000000000e+00,1.000000000000000000e+00,8.772590426603760205e-01
-4.719999999999998863e+01,4.085228492378071286e-01,8.803566007577726671e-01,4.231922147190656958e+00,0.000000000000000000e+00,1.000000000000000000e+00,8.803522876073320846e-01
-4.709999999999999432e+01,4.091521362320846289e-01,8.834593958418788251e-01,4.239117576250266417e+00,0.000000000000000000e+00,1.000000000000000000e+00,8.834550527619754456e-01
-4.700000000000000000e+01,4.097846151205820631e-01,8.865717743919139249e-01,4.246338573556515783e+00,0.000000000000000000e+00,1.000000000000000000e+00,8.865674011338647853e-01
-4.689999999999998437e+01,4.104203045908483283e-01,8.896937999269808328e-01,4.253585692935417661e+00,0.000000000000000000e+00,1.000000000000000000e+00,8.896893962395180377e-01
-4.679999999999999005e+01,4.110592234895117381e-01,8.928255364782895498e-01,4.260859501697096263e+00,0.000000000000000000e+00,1.000000000000000000e+00,8.928211021077090415e-01
-4.669999999999999574e+01,4.117013908239192110e-01,8.959670485952138108e-01,4.268160581014552868e+00,0.000000000000000000e+00,1.000000000000000000e+00,8.959625832848430171e-01
-4.660000000000000142e+01,4.123468257637938339e-01,8.991184013499575745e-01,4.275489526315465305e+00,0.000000000000000000e+00,1.000000000000000000e+00,8.991139048403872236e-01
-4.649999999999998579e+01,4.129955476429142958e-01,9.022796603431082474e-01,4.282846947687535710e+00,0.000000000000000000e+00,1.000000000000000000e+00,9.022751323723776640e-01
-4.639999999999999147e+01,4.136475759608144731e-01,9.054508917095274168e-01,4.290233470297925678e+00,0.000000000000000000e+00,1.000000000000000000e+00,9.054463320129859660e-01
-4.629999999999999716e+01,4.143029303845058853e-01,9.086321621242965385e-01,4.297649734827399648e+00,0.000000000000000000e+00,1.000000000000000000e+00,9.086275704341665316e-01
-4.620000000000000284e+01,4.149616307502209112e-01,9.118235388077180481e-01,4.305096397919715656e+00,0.000000000000000000e+00,1.000000000000000000e+00,9.118189148533674127e-01
-4.609999999999998010e+01,4.156236970651780438e-01,9.150250895311765609e-01,4.312574132646949110e+00,0.000000000000000000e+00,1.000000000000000000e+00,9.150204330393137964e-01
-4.599999999999998579e+01,4.162891495093696825e-01,9.182368826235373094e-01,4.320083628991364222e+00,0.000000000000000000e+00,1.000000000000000000e+00,9.182321933178642093e-01
-4.589999999999999147e+01,4.169580084373732953e-01,9.214589869767698671e-01,4.327625594344578275e+00,0.000000000000000000e+00,1.000000000000000000e+00,9.214542645779463248e-01
-4.580000000000000426e+01,4.176302943801845635e-01,9.246914720519135988e-01,4.335200754024687519e+00,0.000000000000000000e+00,1.000000000000000000e+00,9.246867162775588289e-01
-4.569999999999998153e+01,4.183060280470749515e-01,9.279344078849843802e-01,4.342809851812161170e+00,0.000000000000000000e+00,1.000000000000000000e+00,9.279296184498585509e-01
-4.559999999999998721e+01,4.189852303274717582e-01,9.311878650935857538e-01,4.350453650505266445e+00,0.000000000000000000e+00,1.000000000000000000e+00,9.311830417093148737e-01
-4.549999999999999289e+01,4.196679222928642039e-01,9.344519148830257027e-01,4.358132932495910161e+00,0.000000000000000000e+00,1.000000000000000000e+00,9.344470572579547385e-01
-4.539999999999999858e+01,4.203541251987318872e-01,9.377266290524031156e-01,4.365848500366706020e+00,0.000000000000000000e+00,1.000000000000000000e+00,9.377217368916759277e-01
-4.529999999999998295e+01,4.210438604864998324e-01,9.410120800008376918e-01,4.373601177510264115e+00,0.000000000000000000e+00,1.000000000000000000e+00,9.410071530066510537e-01
-4.519999999999998863e+01,4.217371497855167406e-01,9.443083407344837754e-01,4.381391808771604168e+00,0.000000000000000000e+00,1.000000000000000000e+00,9.443033786058012691e-01
-4.509999999999999432e+01,4.224340149150616064e-01,9.476154848731738189e-01,4.389221261114781392e+00,0.000000000000000000e+00,1.000000000000000000e+00,9.476104873053701194e-01
-4.500000000000000000e+01,4.231344778863736500e-01,9.509335866562499406e-01,4.397090424314711754e+00,0.000000000000000000e+00,1.000000000000000000e+00,9.509285533415663405e-01
-4.490000000000000568e+01,4.238385609047100600e-01,9.542627209501263197e-01,4.405000211675397459e+00,0.000000000000000000e+00,1.000000000000000000e+00,9.542576515773013579e-01
-4.479999999999999005e+01,4.245462863714302704e-01,9.576029632544538206e-01,4.412951560775687732e+00,0.000000000000000000e+00,1.000000000000000000e+00,9.575978575090120515e-01
-4.469999999999999574e+01,4.252576768861066614e-01,9.609543897094735554e-01,4.420945434243815697e+00,0.000000000000000000e+00,1.000000000000000000e+00,9.609492472735678970e-01
-4.460000000000000142e+01,4.259727552486642366e-01,9.643170771033799937e-01,4.428982820562064937e+00,0.000000000000000000e+00,1.000000000000000000e+00,9.643118976552764732e-01
-4.450000000000000711e+01,4.266915444615474451e-01,9.676911028785324387e-01,4.437064734902878449e+00,0.000000000000000000e+00,1.000000000000000000e+00,9.676858860929735684e-01
-4.439999999999998437e+01,4.274140677319149817e-01,9.710765451387175506e-01,4.445192219997902150e+00,0.000000000000000000e+00,1.000000000000000000e+00,9.710712906872064343e-01
-4.429999999999999005e+01,4.281403484738640075e-01,9.744734826572906128e-01,4.453366347041469275e+00,0.000000000000000000e+00,1.000000000000000000e+00,9.744681902075111868e-01
-4.419999999999999574e+01,4.288704103106844023e-01,9.778819948839165832e-01,4.461588216630151038e+00,0.000000000000000000e+00,1.000000000000000000e+00,9.778766640997907933e-01
-4.410000000000000142e+01,4.296042770771411057e-01,9.813021619521826722e-01,4.469858959740036219e+00,0.000000000000000000e+00,1.000000000000000000e+00,9.812967924937826547e-01
-4.399999999999998579e+01,4.303419728217885432e-01,9.847340646867972502e-01,4.478179738743547134e+00,0.000000000000000000e+00,1.000000000000000000e+00,9.847286562106301044e-01
-4.389999999999999147e+01,4.310835218093133081e-01,9.881777846117519859e-01,4.486551748467669576e+00,0.000000000000000000e+00,1.000000000000000000e+00,9.881723367705471661e-01
-4.379999999999999716e+01,4.318289485229111491e-01,9.916334039583029059e-01,4.494976217295591603e+00,0.000000000000000000e+00,1.000000000000000000e+00,9.916279164005956659e-01
-4.370000000000000284e+01,4.325782776666927676e-01,9.951010056721593111e-01,4.503454408313818824e+00,0.000000000000000000e+00,1.000000000000000000e+00,9.950954780425542712e-01
-4.359999999999998721e+01,4.333315341681235333e-01,9.985806734215174618e-01,4.511987620507014185e+00,0.000000000000000000e+00,1.000000000000000000e+00,9.985751053609003280e-01
-4.349999999999999289e+01,4.340887431804941188e-01,1.002072491605638715e+00,4.520577190002867951e+00,0.000000000000000000e+00,1.000000000000000000e+00,1.002066882750889176e+00
-4.339999999999999858e+01,4.348499300854267169e-01,1.005576545363285224e+00,4.529224491369501671e+00,0.000000000000000000e+00,1.000000000000000000e+00,1.005570895346753701e+00
-4.330000000000000426e+01,4.356151204954128442e-01,1.009092920580034525e+00,4.537930938967980055e+00,0.000000000000000000e+00,1.000000000000000000e+00,1.009087229030003696e+00
-4.319999999999998153e+01,4.363843402563858942e-01,1.012621703897018000e+00,4.546697988362710774e+00,0.000000000000000000e+00,1.000000000000000000e+00,1.012615970437838353e+00
-4.309999999999999432e+01,4.371576154503283296e-01,1.016162982720005825e+00,4.555527137792647174e+00,0.000000000000000000e+00,1.000000000000000000e+00,1.016157206971674221e+00
-4.300000000000000000e+01,4.379349723979150677e-01,1.019716845227806257e+00,4.564419929706401646e+00,0.000000000000000000e+00,1.000000000000000000e+00,1.019711026805788068e+00
-4.290000000000000568e+01,4.387164376611913941e-01,1.023283380380739738e+00,4.573377952364495513e+00,0.000000000000000000e+00,1.000000000000000000e+00,1.023277518896074545e+00
-4.279999999999998295e+01,4.395020380462881238e-01,1.026862677929250900e+00,4.582402841512265290e+00,0.000000000000000000e+00,1.000000000000000000e+00,1.026856772988924416e+00
-4.269999999999998863e+01,4.402918006061724565e-01,1.030454828423944091e+00,4.591496282127041084e+00,0.000000000000000000e+00,1.000000000000000000e+00,1.030448879630217807e+00
-4.259999999999999432e+01,4.410857526434392439e-01,1.034059923224092348e+00,4.600660010243551312e+00,0.000000000000000000e+00,1.000000000000000000e+00,1.034053930174451796e+00
-4.250000000000000000e+01,4.418839217131366182e-01,1.037678054506545156e+00,4.609895814861625141e+00,0.000000000000000000e+00,1.000000000000000000e+00,1.037672016793976804e+00
-4.239999999999998437e+01,4.426863356256336424e-01,1.041309315275544378e+00,4.619205539940597127e+00,0.000000000000000000e+00,1.000000000000000000e+00,1.041303232488374642e+00
-4.229999999999999005e+01,4.434930224495247653e-01,1.044953799372077441e+00,4.628591086485053907e+00,0.000000000000000000e+00,1.000000000000000000e+00,1.044947671093950259e+00
-4.219999999999999574e+01,4.443040105145766305e-01,1.048611601483822708e+00,4.638054414726893171e+00,0.000000000000000000e+00,1.000000000000000000e+00,1.048605427293365810e+00
-4.210000000000000142e+01,4.451193284147136886e-01,1.052282817154537309e+00,4.647597546408874791e+00,0.000000000000000000e+00,1.000000000000000000e+00,1.052276596625401961e+00
-4.199999999999998579e+01,4.459390050110463855e-01,1.055967542793657454e+00,4.657222567175304917e+00,0.000000000000000000e+00,1.000000000000000000e+00,1.055961275494853302e+00
-4.189999999999999147e+01,4.467630694349395970e-01,1.059665875687209713e+00,4.666931629075738996e+00,0.000000000000000000e+00,1.000000000000000000e+00,1.059659561182559884e+00
-4.179999999999999716e+01,4.475915510911268047e-01,1.063377914007362257e+00,4.676726953188042657e+00,0.000000000000000000e+00,1.000000000000000000e+00,1.063371551855584851e+00
-4.170000000000000284e+01,4.484244796608635730e-01,1.067103756823086558e+00,4.686610832367507307e+00,0.000000000000000000e+00,1.000000000000000000e+00,1.067097346577521089e+00
-4.159999999999998010e+01,4.492618851051296547e-01,1.070843504110075450e+00,4.696585634129180953e+00,0.000000000000000000e+00,1.000000000000000000e+00,1.070837045318955960e+00
-4.149999999999998579e+01,4.501037976678704533e-01,1.074597256761459452e+00,4.706653803671037473e+00,0.000000000000000000e+00,1.000000000000000000e+00,1.074590748968066389e+00
-4.139999999999999147e+01,4.509502478792895563e-01,1.078365116599797835e+00,4.716817867046125379e+00,0.000000000000000000e+00,1.000000000000000000e+00,1.078358559341375367e+00
-4.130000000000000426e+01,4.518012665591839006e-01,1.082147186386152038e+00,4.727080434492354044e+00,0.000000000000000000e+00,1.000000000000000000e+00,1.082140579194654118e+00
-4.119999999999998153e+01,4.526568848203266771e-01,1.085943569831802513e+00,4.737444203929166875e+00,0.000000000000000000e+00,1.000000000000000000e+00,1.085936912233975038e+00
-4.109999999999998721e+01,4.535171340718983091e-01,1.089754371610076156e+00,4.747911964631005510e+00,0.000000000000000000e+00,1.000000000000000000e+00,1.089747663126921839e+00
-4.099999999999999289e+01,4.543820460229666680e-01,1.093579697367493830e+00,4.758486601088129930e+00,0.000000000000000000e+00,1.000000000000000000e+00,1.093572937513962673e+00
-4.089999999999999858e+01,4.552516526860156398e-01,1.097419653734622802e+00,4.769171097066057463e+00,0.000000000000000000e+00,1.000000000000000000e+00,1.097412842019978463e+00
-4.079999999999998295e+01,4.561259863805238179e-01,1.101274348337983877e+00,4.779968539875751432e+00,0.000000000000000000e+00,1.000000000000000000e+00,1.101267484265955776e+00
-4.069999999999998863e+01,4.570050797365945994e-01,1.105143889812734592e+00,4.790882124867424707e+00,0.000000000000000000e+00,1.000000000000000000e+00,1.105136972880846002e+00
-4.059999999999999432e+01,4.578889656986390722e-01,1.109028387813846717e+00,4.801915160161903451e+00,0.000000000000000000e+00,1.000000000000000000e+00,1.109021417513598617e+00
-4.050000000000000000e+01,4.587776775291093623e-01,1.112927953028842953e+00,4.813071071634305476e+00,0.000000000000000000e+00,1.000000000000000000e+00,1.112920928845357871e+00
-4.039999999999997726e+01,4.596712488122887130e-01,1.116842697189305955e+00,4.824353408166017765e+00,0.000000000000000000e+00,1.000000000000000000e+00,1.116835618601843549e+00
-4.029999999999999005e+01,4.605697134581315799e-01,1.120772733084255179e+00,4.835765847182012855e+00,0.000000000000000000e+00,1.000000000000000000e+00,1.120765599565895387e+00
-4.019999999999999574e+01,4.614731057061649544e-01,1.124718174573290819e+00,4.847312200491917800e+00,0.000000000000000000e+00,1.000000000000000000e+00,1.124710985590218648e+00
-4.010000000000000142e+01,4.623814601294409243e-01,1.128679136598036647e+00,4.858996420454458232e+00,0.000000000000000000e+00,1.000000000000000000e+00,1.128671891610294686e+00
-4.000000000000000711e+01,4.632948116385492976e-01,1.132655735196679725e+00,4.870822606486549411e+00,0.000000000000000000e+00,1.000000000000000000e+00,1.132648433657487130e+00
-3.989999999999998437e+01,4.642131954856880682e-01,1.136648087516273442e+00,4.882795011939816909e+00,0.000000000000000000e+00,1.000000000000000000e+00,1.136640728872338357e+00
-3.979999999999999005e+01,4.651366472687920028e-01,1.140656311826720781e+00,4.894918051369075762e+00,0.000000000000000000e+00,1.000000000000000000e+00,1.140648895518054262e+00
-3.969999999999999574e+01,4.660652029357234549e-01,1.144680527534613468e+00,4.907196308219290870e+00,0.000000000000000000e+00,1.000000000000000000e+00,1.144673052994192197e+00
-3.960000000000000142e+01,4.669988987885227982e-01,1.148720855196883051e+00,4.919634542959490098e+00,0.000000000000000000e+00,1.000000000000000000e+00,1.148713321850544533e+00
-3.949999999999998579e+01,4.679377714877225314e-01,1.152777416534483512e+00,4.932237701694448084e+00,0.000000000000000000e+00,1.000000000000000000e+00,1.152769823801224947e+00
-3.939999999999999147e+01,4.688818580567228333e-01,1.156850334447242057e+00,4.945010925287374626e+00,0.000000000000000000e+00,1.000000000000000000e+00,1.156842681738962542e+00
-3.929999999999999716e+01,4.698311958862345095e-01,1.160939733028513832e+00,4.957959559029584184e+00,0.000000000000000000e+00,1.000000000000000000e+00,1.160932019749608690e+00
-3.920000000000000284e+01,4.707858227387849426e-01,1.165045737579500029e+00,4.971089162895943936e+00,0.000000000000000000e+00,1.000000000000000000e+00,1.165037963126855036e+00
-3.909999999999998721e+01,4.717457767532927670e-01,1.169168474624012743e+00,4.984405522428221325e+00,0.000000000000000000e+00,1.000000000000000000e+00,1.169160638387170659e+00
-3.899999999999999289e+01,4.727110964497082124e-01,1.173308071923802043e+00,4.997914660291885802e+00,0.000000000000000000e+00,1.000000000000000000e+00,1.173300173284955505e+00
-3.889999999999999858e+01,4.736818207337250564e-01,1.177464658494780103e+00,5.011622848555818521e+00,0.000000000000000000e+00,1.000000000000000000e+00,1.177456696827928750e+00
-3.880000000000000426e+01,4.746579889015617448e-01,1.181638364621528048e+00,5.025536621748501354e+00,0.000000000000000000e+00,1.000000000000000000e+00,1.181630339292739862e+00
-3.869999999999998153e+01,4.756396406448133440e-01,1.185829321872971631e+00,5.039662790748999477e+00,0.000000000000000000e+00,1.000000000000000000e+00,1.185821232240812151e+00
-3.859999999999999432e+01,4.766268160553766564e-01,1.190037663119644318e+00,5.054008457576000701e+00,0.000000000000000000e+00,1.000000000000000000e+00,1.190029508534424352e+00
-3.850000000000000000e+01,4.776195556304509426e-01,1.194263522549429801e+00,5.068581031143907900e+00,0.000000000000000000e+00,1.000000000000000000e+00,1.194255302353039783e+00
-3.840000000000000568e+01,4.786179002776114744e-01,1.198507035683884281e+00,5.083388244060929928e+00,0.000000000000000000e+00,1.000000000000000000e+00,1.198498749209871539e+00
-3.829999999999998295e+01,4.796218913199618572e-01,1.202768339394997277e+00,5.098438170551087723e+00,0.000000000000000000e+00,1.000000000000000000e+00,1.202759985968704370e+00
-3.819999999999998863e+01,4.806315705013621820e-01,1.207047571922731377e+00,5.113739245589349558e+00,0.000000000000000000e+00,1.000000000000000000e+00,1.207039150860964805e+00
-3.809999999999999432e+01,4.816469799917395544e-01,1.211344872892603508e+00,5.129300285347518695e+00,0.000000000000000000e+00,1.000000000000000000e+00,1.211336383503060610e+00
-3.800000000000000000e+01,4.826681623924768960e-01,1.215660383332433758e+00,5.145130509057440626e+00,0.000000000000000000e+00,1.000000000000000000e+00,1.215651824913973167e+00
-3.789999999999998437e+01,4.836951607418851218e-01,1.219994245690184664e+00,5.161239562408351134e+00,0.000000000000000000e+00,1.000000000000000000e+00,1.219985617533122957e+00
-3.779999999999999005e+01,4.847280185207578640e-01,1.224346603853274207e+00,5.177637542606246868e+00,0.000000000000000000e+00,1.000000000000000000e+00,1.224337905238503943e+00
-3.769999999999999574e+01,4.857667796580145692e-01,1.228717603166199712e+00,5.194335025235723435e+00,0.000000000000000000e+00,1.000000000000000000e+00,1.228708833365107056e+00
-3.760000000000000142e+01,4.868114885364258626e-01,1.233107390448736185e+00,5.211343093078325772e+00,0.000000000000000000e+00,1.000000000000000000e+00,1.233098548723609467e+00
-3.749999999999998579e+01,4.878621899984308397e-01,1.237516114015867696e+00,5.228673367056979160e+00,0.000000000000000000e+00,1.000000000000000000e+00,1.237507199619368503e+00
-3.739999999999999147e+01,4.889189293520422308e-01,1.241943923696537500e+00,5.246338039493054772e+00,0.000000000000000000e+00,1.000000000000000000e+00,1.241934935871693790e+00
-3.729999999999999716e+01,4.899817523768442151e-01,1.246390970853676228e+00,5.264349909881795853e+00,0.000000000000000000e+00,1.000000000000000000e+00,1.246381908833430474e+00
-3.720000000000000284e+01,4.910507053300830482e-01,1.250857408403542204e+00,5.282722423412982593e+00,0.000000000000000000e+00,1.000000000000000000e+00,1.250848271410839097e+00
-3.709999999999998010e+01,4.921258349528520037e-01,1.255343390835911288e+00,5.301469712487730135e+00,0.000000000000000000e+00,1.000000000000000000e+00,1.255334178083786778e+00
-3.699999999999998579e+01,4.932071884763734593e-01,1.259849074235229072e+00,5.320606641508847545e+00,0.000000000000000000e+00,1.000000000000000000e+00,1.259839784926249484e+00
-3.689999999999999147e+01,4.942948136283799032e-01,1.264374616300974141e+00,5.340148855252346394e+00,0.000000000000000000e+00,1.000000000000000000e+00,1.264365249627145138e+00
-3.680000000000000426e+01,4.953887586395937515e-01,1.268920176369012554e+00,5.360112831161082170e+00,0.000000000000000000e+00,1.000000000000000000e+00,1.268910731511481815e+00
-3.669999999999998153e+01,4.964890722503108589e-01,1.273485915432417626e+00,5.380515935939745198e+00,0.000000000000000000e+00,1.000000000000000000e+00,1.273476391561846555e+00
-3.659999999999998721e+01,4.975958037170850612e-01,1.278071996164071411e+00,5.401376486872849547e+00,0.000000000000000000e+00,1.000000000000000000e+00,1.278062392440223904e+00
-3.649999999999999289e+01,4.987090028195226843e-01,1.282678582938992395e+00,5.422713818335883396e+00,0.000000000000000000e+00,1.000000000000000000e+00,1.282668898510174627e+00
-3.639999999999999858e+01,4.998287198671809151e-01,1.287305841856408950e+00,5.444548354024199455e+00,0.000000000000000000e+00,1.000000000000000000e+00,1.287296075859348132e+00
-3.629999999999998295e+01,5.009550057065790263e-01,1.291953940762165409e+00,5.466901685486218021e+00,0.000000000000000000e+00,1.000000000000000000e+00,1.291944092322368176e+00
-3.619999999999998863e+01,5.020879117283174597e-01,1.296623049272512818e+00,5.489796657617755926e+00,0.000000000000000000e+00,1.000000000000000000e+00,1.296613117504066492e+00
-3.609999999999999432e+01,5.032274898743156477e-01,1.301313338798507857e+00,5.513257461854330188e+00,0.000000000000000000e+00,1.000000000000000000e+00,1.301303322803107454e+00
-3.600000000000000000e+01,5.043737926451623554e-01,1.306024982568753545e+00,5.537309737889207994e+00,0.000000000000000000e+00,1.000000000000000000e+00,1.306014881435974440e+00
-3.589999999999997726e+01,5.055268731075854838e-01,1.310758155654043078e+00,5.561980684849322287e+00,0.000000000000000000e+00,1.000000000000000000e+00,1.310747968461350554e+00
-3.579999999999999005e+01,5.066867849020414427e-01,1.315513034992305430e+00,5.587299182980133061e+00,0.000000000000000000e+00,1.000000000000000000e+00,1.315502760804885929e+00
-3.569999999999999574e+01,5.078535822504283148e-01,1.320289799414301246e+00,5.613295927027325050e+00,0.000000000000000000e+00,1.000000000000000000e+00,1.320279437284372248e+00
-3.560000000000000142e+01,5.090273199639238078e-01,1.325088629668581541e+00,5.640003572660177156e+00,0.000000000000000000e+00,1.000000000000000000e+00,1.325078178635318737e+00
-3.550000000000000711e+01,5.102080534509496612e-01,1.329909708447365002e+00,5.667456897462643362e+00,0.000000000000000000e+00,1.000000000000000000e+00,1.329899167536946036e+00
-3.539999999999998437e+01,5.113958387252665050e-01,1.334753220413081642e+00,5.695692978227205217e+00,0.000000000000000000e+00,1.000000000000000000e+00,1.334742588638603511e+00
-3.529999999999999005e+01,5.125907324142005006e-01,1.339619352225780879e+00,5.724751386528620145e+00,0.000000000000000000e+00,1.000000000000000000e+00,1.339608628586612671e+00
-3.519999999999999574e+01,5.137927917670062072e-01,1.344508292569978947e+00,5.754674404835931512e+00,0.000000000000000000e+00,1.000000000000000000e+00,1.344497476051562002e+00
-3.510000000000000142e+01,5.150020746633645619e-01,1.349420232182208190e+00,5.785507265747870775e+00,0.000000000000000000e+00,1.000000000000000000e+00,1.349409321756035451e+00
-3.499999999999998579e+01,5.162186396220227458e-01,1.354355363879144347e+00,5.817298417318878201e+00,0.000000000000000000e+00,1.000000000000000000e+00,1.354344358502808099e+00
-3.489999999999999147e+01,5.174425458095747166e-01,1.359313882587057876e+00,5.850099817889478082e+00,0.000000000000000000e+00,1.000000000000000000e+00,1.359302781203498123e+00
-3.479999999999999716e+01,5.186738530493906207e-01,1.364295985370542974e+00,5.883967264359426963e+00,0.000000000000000000e+00,1.000000000000000000e+00,1.364284786907703939e+00
-3.470000000000000284e+01,5.199126218306903136e-01,1.369301871461544140e+00,5.918960758459249405e+00,0.000000000000000000e+00,1.000000000000000000e+00,1.369290574832616070e+00
-3.459999999999998721e+01,5.211589133177710886e-01,1.374331742290070046e+00,5.955144916305440184e+00,0.000000000000000000e+00,1.000000000000000000e+00,1.374320346393123948e+00
-3.449999999999999289e+01,5.224127893593875083e-01,1.379385801514637411e+00,5.992589427388655743e+00,0.000000000000000000e+00,1.000000000000000000e+00,1.379374305232424325e+00
-3.439999999999999858e+01,5.236743124982899955e-01,1.384464255053784676e+00,6.031369570172277150e+00,0.000000000000000000e+00,1.000000000000000000e+00,1.384452657253147034e+00
-3.430000000000000426e+01,5.249435459809226323e-01,1.389567311117495096e+00,6.071566792705080928e+00,0.000000000000000000e+00,1.000000000000000000e+00,1.389555610648998574e+00
-3.419999999999998153e+01,5.262205537672848266e-01,1.394695180238592958e+00,6.113269368121202696e+00,0.000000000000000000e+00,1.000000000000000000e+00,1.394683375936937919e+00
-3.409999999999999432e+01,5.275054005409575142e-01,1.399848075306291406e+00,6.156573136667434554e+00,0.000000000000000000e+00,1.000000000000000000e+00,1.399836165989893910e+00
-3.400000000000000000e+01,5.287981517193026670e-01,1.405026211600097108e+00,6.201582348031386971e+00,0.000000000000000000e+00,1.000000000000000000e+00,1.405014196070044630e+00
-3.390000000000000568e+01,5.300988734638336641e-01,1.410229806822461462e+00,6.248410620330861143e+00,0.000000000000000000e+00,1.000000000000000000e+00,1.410217683862652782e+00
-3.379999999999998295e+01,5.314076326907624104e-01,1.415459081133120023e+00,6.297182035276002843e+00,0.000000000000000000e+00,1.000000000000000000e+00,1.415446849510481275e+00
-3.369999999999998863e+01,5.327244970817263114e-01,1.420714257184912954e+00,6.348032392871341578e+00,0.000000000000000000e+00,1.000000000000000000e+00,1.420701915648791225e+00
-3.359999999999999432e+01,5.340495350947007669e-01,1.425995560159617037e+00,6.401110653766739489e+00,0.000000000000000000e+00,1.000000000000000000e+00,1.425983107440948583e+00
-3.350000000000000000e+01,5.353828159750977367e-01,1.431303217803198136e+00,6.456580603226386827e+00,0.000000000000000000e+00,1.000000000000000000e+00,1.431290652614633396e+00
-3.339999999999998437e+01,5.367244097670550440e-01,1.436637460462673488e+00,6.514622777968630096e+00,0.000000000000000000e+00,1.000000000000000000e+00,1.436624781498677228e+00
-3.329999999999999005e+01,5.380743873249211884e-01,1.441998521124719712e+00,6.575436706231711170e+00,0.000000000000000000e+00,1.000000000000000000e+00,1.441985727060528077e+00
-3.319999999999999574e+01,5.394328203249407760e-01,1.447386635452915904e+00,6.639243522865687197e+00,0.000000000000000000e+00,1.000000000000000000e+00,1.447373724944382545e+00
-3.310000000000000142e+01,5.407997812771396795e-01,1.452802041826642299e+00,6.706289035731746395e+00,0.000000000000000000e+00,1.000000000000000000e+00,1.452789013509958593e+00
-3.299999999999998579e+01,5.421753435374208063e-01,1.458244981380220073e+00,6.776847338136924748e+00,0.000000000000000000e+00,1.000000000000000000e+00,1.458231833871960204e+00
-3.289999999999999147e+01,5.435595813198671467e-01,1.463715698043697389e+00,6.851225085695951122e+00,0.000000000000000000e+00,1.000000000000000000e+00,1.463702429940215488e+00
-3.279999999999999716e+01,5.449525697092657550e-01,1.469214438584038662e+00,6.929766586599502176e+00,0.000000000000000000e+00,1.000000000000000000e+00,1.469201048460537562e+00
-3.270000000000000284e+01,5.463543846738472265e-01,1.474741452645547346e+00,7.012859894119475967e+00,0.000000000000000000e+00,1.000000000000000000e+00,1.474727939056288184e+00
-3.259999999999998010e+01,5.477651030782522135e-01,1.480296992792515143e+00,7.100944142550527971e+00,0.000000000000000000e+00,1.000000000000000000e+00,1.480283354270679474e+00
-3.249999999999998579e+01,5.491848026967254270e-01,1.485881314552708554e+00,7.194518437228192731e+00,0.000000000000000000e+00,1.000000000000000000e+00,1.485867549609817262e+00
-3.239999999999999147e+01,5.506135622265462271e-01,1.491494676461522007e+00,7.294152702245754405e+00,0.000000000000000000e+00,1.000000000000000000e+00,1.491480783586520475e+00
-3.230000000000000426e+01,5.520514613016961336e-01,1.497137340105787917e+00,7.400501015294875806e+00,0.000000000000000000e+00,1.000000000000000000e+00,1.497123317764908146e+00
-3.219999999999998153e+01,5.534985805067705877e-01,1.502809570168758491e+00,7.514318131183810756e+00,0.000000000000000000e+00,1.000000000000000000e+00,1.502795416805785989e+00
-3.209999999999998721e+01,5.549550013911384028e-01,1.508511634477475383e+00,7.636480133955324767e+00,0.000000000000000000e+00,1.000000000000000000e+00,1.508497348512837455e+00
-3.199999999999999289e+01,5.564208064833587875e-01,1.514243804049792530e+00,7.768010491963632802e+00,0.000000000000000000e+00,1.000000000000000000e+00,1.514229383879659219e+00
-3.190000000000000213e+01,5.578960793058543866e-01,1.520006353141275302e+00,7.910113266172125179e+00,0.000000000000000000e+00,1.000000000000000000e+00,1.519991797137628442e+00
-3.179999999999998295e+01,5.593809043898507749e-01,1.525799559294073848e+00,8.064215909657340475e+00,0.000000000000000000e+00,1.000000000000000000e+00,1.525784865804638457e+00
-3.169999999999998863e+01,5.608753672905851806e-01,1.531623703387475555e+00,8.232025106983247298e+00,0.000000000000000000e+00,1.000000000000000000e+00,1.531608870734716188e+00
-3.159999999999999432e+01,5.623795546027945402e-01,1.537479069688006517e+00,8.415600615088855818e+00,0.000000000000000000e+00,1.000000000000000000e+00,1.537464096168545291e+00
-3.150000000000000000e+01,5.638935539764817761e-01,1.543365945900353919e+00,8.617454378822040795e+00,0.000000000000000000e+00,1.000000000000000000e+00,1.543350829784900569e+00
-3.139999999999998082e+01,5.654174541329730630e-01,1.549284623220095858e+00,8.840685806279735104e+00,0.000000000000000000e+00,1.000000000000000000e+00,1.549269362753031620e+00
-3.129999999999998650e+01,5.669513448812671941e-01,1.555235396387313784e+00,9.089169877185426571e+00,0.000000000000000000e+00,1.000000000000000000e+00,1.555219989785993295e+00
-3.119999999999999218e+01,5.684953171346882606e-01,1.561218563740948140e+00,9.367824298180066123e+00,0.000000000000000000e+00,1.000000000000000000e+00,1.561203009194973124e+00
-3.109999999999999787e+01,5.700494629278427539e-01,1.567234427273605624e+00,9.682998155133024198e+00,0.000000000000000000e+00,1.000000000000000000e+00,1.567218722944607512e+00
-3.100000000000000711e+01,5.716138754338919714e-01,1.573283292688351986e+00,1.004305316795123737e+01,0.000000000000000000e+00,0.000000000000000000e+00,1.573267436709324452e+00
-3.089999999999998792e+01,5.731886489821441666e-01,1.579365469455443760e+00,1.045926139396487109e+01,0.000000000000000000e+00,0.000000000000000000e+00,1.579349459930732280e+00
-3.079999999999999361e+01,5.747738790759735483e-01,1.585481270871860415e+00,1.094724516103783074e+01,0.000000000000000000e+00,0.000000000000000000e+00,1.585465105876073588e+00
-3.069999999999999929e+01,5.763696624110765665e-01,1.591631014120522547e+00,1.152939375733784644e+01,0.000000000000000000e+00,0.000000000000000000e+00,1.591614691697777140e+00
-3.060000000000000497e+01,5.779760968940667043e-01,1.597815020330342506e+00,1.223914968547855509e+01,0.000000000000000000e+00,0.000000000000000000e+00,1.597798538494116460e+00
-3.049999999999998579e+01,5.795932816614207672e-01,1.604033614638375349e+00,1.312915329131353381e+01,0.000000000000000000e+00,0.000000000000000000e+00,1.604016971371011957e+00
-3.039999999999999147e+01,5.812213170987807764e-01,1.610287126252960332e+00,1.428815553125649629e+01,0.000000000000000000e+00,0.000000000000000000e+00,1.610270319504994996e+00
-3.029999999999999716e+01,5.828603048606225689e-01,1.616575888518228865e+00,1.588058576466594474e+01,0.000000000000000000e+00,0.000000000000000000e+00,1.616558916207365693e+00
-3.020000000000000284e+01,5.845103478902963223e-01,1.622900238978941756e+00,1.825631839194236861e+01,0.000000000000000000e+00,0.000000000000000000e+00,1.622883098989567952e+00
-3.009999999999998366e+01,5.861715504404483301e-01,1.629260519446521283e+00,2.234943423744836721e+01,0.000000000000000000e+00,0.000000000000000000e+00,1.629243209629800404e+00
-2.999999999999999289e+01,5.878440180938313553e-01,1.382485699823438496e+00,3.213627815098323737e+01,0.000000000000000000e+00,0.000000000000000000e+00,1.635639594240900996e+00
-2.989999999999999858e+01,5.890083595584948428e-01,1.274434631497096460e+00,inf,1.000000000000000000e+00,0.000000000000000000e+00,3.706164764329478167e+00
-2.980000000000000426e+01,5.852237460317635254e-01,3.680772690776047629e+00,inf,1.000000000000000000e+00,0.000000000000000000e+00,3.680611455724811520e+00
-2.969999999999998508e+01,5.814892173086000371e-01,3.655542423715548495e+00,inf,1.000000000000000000e+00,0.000000000000000000e+00,3.655384354651467049e+00
-2.959999999999999076e+01,5.778037981023723679e-01,3.630632088449205153e+00,inf,1.000000000000000000e+00,0.000000000000000000e+00,3.630477103515805215e+00
-2.949999999999999645e+01,5.741665382978735632e-01,3.606035488802759925e+00,inf,1.000000000000000000e+00,0.000000000000000000e+00,3.605883508761277056e+00
-2.940000000000000213e+01,5.705765121445561805e-01,3.581746587488843669e+00,inf,1.000000000000000000e+00,0.000000000000000000e+00,3.581597535630185902e+00
-2.929999999999998295e+01,5.670328174805892019e-01,3.557759501048396888e+00,inf,1.000000000000000000e+00,0.000000000000000000e+00,3.557613303092739709e+00
-2.919999999999998863e+01,5.635345749863849285e-01,3.534068494981439823e+00,inf,1.000000000000000000e+00,0.000000000000000000e+00,3.533925078986933865e+00
-2.909999999999999787e+01,5.600809274662910120e-01,3.510667979061487198e+00,inf,1.000000000000000000e+00,0.000000000000000000e+00,3.510527275334291986e+00
-2.900000000000000355e+01,5.566710391572231575e-01,3.487552502826010592e+00,inf,1.000000000000000000e+00,0.000000000000000000e+00,3.487414443841470035e+00
-2.889999999999998437e+01,5.533040950630587762e-01,3.464716751233165581e+00,inf,1.000000000000000000e+00,0.000000000000000000e+00,3.464581271549256769e+00
-2.879999999999999005e+01,5.499793003136904668e-01,3.442155540482102705e+00,inf,1.000000000000000000e+00,0.000000000000000000e+00,3.442022576668645417e+00
-2.869999999999999574e+01,5.466958795476629662e-01,3.419863813988635037e+00,inf,1.000000000000000000e+00,0.000000000000000000e+00,3.419733304551167752e+00
-2.860000000000000142e+01,5.434530763174016954e-01,3.397836638503676454e+00,inf,1.000000000000000000e+00,0.000000000000000000e+00,3.397708523810293979e+00
-2.849999999999998224e+01,5.402501525160683382e-01,3.376069200372914025e+00,inf,1.000000000000000000e+00,0.000000000000000000e+00,3.375943422591083820e+00
-2.839999999999998792e+01,5.370863878251374013e-01,3.354556801936795729e+00,inf,1.000000000000000000e+00,0.000000000000000000e+00,3.354433304968255314e+00
-2.829999999999999361e+01,5.339610791818095725e-01,3.333294858057200383e+00,inf,1.000000000000000000e+00,0.000000000000000000e+00,3.333173587471858212e+00
-2.820000000000000284e+01,5.308735402654563007e-01,3.312278892765674776e+00,inf,1.000000000000000000e+00,0.000000000000000000e+00,3.312159795747269708e+00
-2.809999999999998366e+01,5.278231010022909064e-01,3.291504536032784145e+00,inf,1.000000000000000000e+00,0.000000000000000000e+00,3.291387561319701227e+00
-2.799999999999998934e+01,5.248091070875282593e-01,3.270967520652906302e+00,inf,1.000000000000000000e+00,0.000000000000000000e+00,3.270852618484138663e+00
-2.789999999999999503e+01,5.218309195243019394e-01,3.250663679237900450e+00,inf,1.000000000000000000e+00,0.000000000000000000e+00,3.250550801299834536e+00
-2.780000000000000071e+01,5.188879141786730820e-01,3.230588941312855233e+00,inf,1.000000000000000000e+00,0.000000000000000000e+00,3.230478040689293895e+00
-2.769999999999998153e+01,5.159794813500686583e-01,3.210739330514558176e+00,inf,1.000000000000000000e+00,0.000000000000000000e+00,3.210630361639104091e+00
-2.759999999999998721e+01,5.131050253565360153e-01,3.191110961887297037e+00,inf,1.000000000000000000e+00,0.000000000000000000e+00,3.191003880497746525e+00
-2.749999999999999289e+01,5.102639641342121557e-01,3.171700039271430516e+00,inf,1.000000000000000000e+00,0.000000000000000000e+00,3.171594802363267185e+00
-2.740000000000000213e+01,5.074557288504513153e-01,3.152502852779834441e+00,inf,1.000000000000000000e+00,0.000000000000000000e+00,3.152399418563842648e+00
-2.729999999999998295e+01,5.046797635300638296e-01,3.133515776358056115e+00,inf,1.000000000000000000e+00,0.000000000000000000e+00,3.133414104221777130e+00
-2.719999999999998863e+01,5.019355246941608062e-01,3.114735265431441302e+00,inf,1.000000000000000000e+00,0.000000000000000000e+00,3.114635315897475998e+00
-2.709999999999999432e+01,4.992224810110930666e-01,3.096157854629622896e+00,inf,1.000000000000000000e+00,0.000000000000000000e+00,3.096059589317991634e+00
-2.700000000000000000e+01,4.965401129590354956e-01,3.077780155583347721e+00,inf,1.000000000000000000e+00,0.000000000000000000e+00,3.077683537175203377e+00
-2.689999999999998082e+01,4.938879124997510028e-01,3.059598854797497491e+00,inf,1.000000000000000000e+00,0.000000000000000000e+00,3.059503847001122434e+00
-2.679999999999998650e+01,4.912653827631140446e-01,3.041610711594618266e+00,inf,1.000000000000000000e+00,0.000000000000000000e+00,3.041517279110952821e+00
-2.669999999999999218e+01,4.886720377419715433e-01,3.023812556125671236e+00,inf,1.000000000000000000e+00,0.000000000000000000e+00,3.023720664615008324e+00
-2.659999999999999787e+01,4.861074019969590099e-01,3.006201287443153625e+00,inf,1.000000000000000000e+00,0.000000000000000000e+00,3.006110903495233355e+00
-2.649999999999997868e+01,4.835710103708883434e-01,2.988773871638436219e+00,inf,1.000000000000000000e+00,0.000000000000000000e+00,2.988684962742757634e+00
-2.639999999999998792e+01,4.810624077123509812e-01,2.971527340040919007e+00,inf,1.000000000000000000e+00,0.000000000000000000e+00,2.971439874557566974e+00
-2.629999999999999361e+01,4.785811486081846255e-01,2.954458787473443593e+00,inf,1.000000000000000000e+00,0.000000000000000000e+00,2.954372734603680328e+00
-2.619999999999999929e+01,4.761267971244830255e-01,2.937565370561452838e+00,inf,1.000000000000000000e+00,0.000000000000000000e+00,2.937480700322915084e+00
-2.610000000000000497e+01,4.736989265558260720e-01,2.920844306098774101e+00,inf,1.000000000000000000e+00,0.000000000000000000e+00,2.920760989299051591e+00
-2.599999999999998579e+01,4.712971191824287809e-01,2.904292869463897198e+00,inf,1.000000000000000000e+00,0.000000000000000000e+00,2.904210877675527325e+00
-2.589999999999999147e+01,4.689209660349193953e-01,2.887908393086906500e+00,inf,1.000000000000000000e+00,0.000000000000000000e+00,2.887827698624089390e+00
-2.579999999999999716e+01,4.665700666664665541e-01,2.871688264962231951e+00,inf,1.000000000000000000e+00,0.000000000000000000e+00,2.871608840857075684e+00
-2.570000000000000284e+01,4.642440289319943458e-01,2.855629927208764407e+00,inf,1.000000000000000000e+00,0.000000000000000000e+00,2.855551747188785683e+00
-2.559999999999998366e+01,4.619424687742222368e-01,2.839730874675232553e+00,inf,1.000000000000000000e+00,0.000000000000000000e+00,2.839653913143132868e+00
-2.549999999999999289e+01,4.596650100162910091e-01,2.823988653588438424e+00,inf,1.000000000000000000e+00,0.000000000000000000e+00,2.823912885600829537e+00
-2.539999999999999858e+01,4.574112841607334556e-01,2.808400860242062258e+00,inf,1.000000000000000000e+00,0.000000000000000000e+00,2.808326261488697906e+00
-2.530000000000000426e+01,4.551809301945717867e-01,2.792965139725017032e+00,inf,1.000000000000000000e+00,0.000000000000000000e+00,2.792891686510666549e+00
-2.519999999999998508e+01,4.529735944003183135e-01,2.777679184689062719e+00,inf,1.000000000000000000e+00,0.000000000000000000e+00,2.777606853914833529e+00
-2.509999999999999076e+01,4.507889301726774600e-01,2.762540734154183220e+00,inf,1.000000000000000000e+00,0.000000000000000000e+00,2.762469503299853191e+00
-2.499999999999999645e+01,4.486265978407428801e-01,2.747547572349526845e+00,inf,1.000000000000000000e+00,0.000000000000000000e+00,2.747477419454777969e+00
-2.490000000000000213e+01,4.464862644955054916e-01,2.732697527587481634e+00,inf,1.000000000000000000e+00,0.000000000000000000e+00,2.732628431236661548e+00
-2.479999999999998295e+01,4.443676038224834701e-01,2.717988471172430920e+00,inf,1.000000000000000000e+00,0.000000000000000000e+00,2.717920410478366300e+00
-2.469999999999998863e+01,4.422702959393005617e-01,2.703418316342577565e+00,inf,1.000000000000000000e+00,0.000000000000000000e+00,2.703351270931127370e+00
-2.459999999999999787e+01,4.401940272380386876e-01,2.688985017242042641e+00,inf,1.000000000000000000e+00,0.000000000000000000e+00,2.688918967235887969e+00
-2.450000000000000355e+01,4.381384902322074115e-01,2.674686567922103464e+00,inf,1.000000000000000000e+00,0.000000000000000000e+00,2.674621493926777394e+00
-2.439999999999998437e+01,4.361033834081692317e-01,2.660521001371266347e+00,inf,1.000000000000000000e+00,0.000000000000000000e+00,2.660456884462592431e+00
-2.429999999999999005e+01,4.340884110808745366e-01,2.646486388577518056e+00,inf,1.000000000000000000e+00,0.000000000000000000e+00,2.646423210286584560e+00
-2.419999999999999574e+01,4.320932832537504598e-01,2.632580837613652136e+00,inf,1.000000000000000000e+00,0.000000000000000000e+00,2.632518579913309509e+00
-2.410000000000000142e+01,4.301177154826213989e-01,2.618802492748444344e+00,inf,1.000000000000000000e+00,0.000000000000000000e+00,2.618741138041753569e+00
-2.399999999999998224e+01,4.281614287435104305e-01,2.605149533585818578e+00,inf,1.000000000000000000e+00,0.000000000000000000e+00,2.605089064693754342e+00
-2.389999999999998792e+01,4.262241493042053797e-01,2.591620174227612150e+00,inf,1.000000000000000000e+00,0.000000000000000000e+00,2.591560574377049342e+00
-2.379999999999999361e+01,4.243056085994540427e-01,2.578212662460121152e+00,inf,1.000000000000000000e+00,0.000000000000000000e+00,2.578153915271523378e+00
-2.370000000000000284e+01,4.224055431096804258e-01,2.564925278961983857e+00,inf,1.000000000000000000e+00,0.000000000000000000e+00,2.564867368439296857e+00
-2.359999999999998366e+01,4.205236942430979896e-01,2.551756336535849989e+00,inf,1.000000000000000000e+00,0.000000000000000000e+00,2.551699247056088193e+00
-2.349999999999998934e+01,4.186598082211158145e-01,2.538704179361949809e+00,inf,1.000000000000000000e+00,0.000000000000000000e+00,2.538647895664368992e+00
-2.339999999999999503e+01,4.168136359669237789e-01,2.525767182271913658e+00,inf,1.000000000000000000e+00,0.000000000000000000e+00,2.525711689447366570e+00
-2.330000000000000071e+01,4.149849329971621592e-01,2.512943750041142899e+00,inf,1.000000000000000000e+00,0.000000000000000000e+00,2.512889033522954119e+00
-2.319999999999998153e+01,4.131734593165708458e-01,2.500232316701768820e+00,inf,1.000000000000000000e+00,0.000000000000000000e+00,2.500178362256938680e+00
-2.309999999999998721e+01,4.113789793155270824e-01,2.487631344876262585e+00,inf,1.000000000000000000e+00,0.000000000000000000e+00,2.487578138595777144e+00
-2.299999999999999289e+01,4.096012616703730291e-01,2.475221621871261934e+00,inf,1.000000000000000000e+00,0.000000000000000000e+00,2.475086853416235133e+00
-2.290000000000000213e+01,4.078399615803699474e-01,2.465221603107821569e+00,5.236816143091768936e+03,1.000000000000000000e+00,0.000000000000000000e+00,2.467511763209559117e+00
-2.279999999999998295e+01,4.060916981651971347e-01,2.455244154111173582e+00,9.559804623343824233e+02,1.000000000000000000e+00,0.000000000000000000e+00,2.455192837740843181e+00
-2.269999999999998863e+01,4.043595856210009942e-01,2.443029653912093035e+00,6.826396775272108925e+02,1.000000000000000000e+00,0.000000000000000000e+00,2.442979038047153217e+00
-2.259999999999999432e+01,4.026434076736081225e-01,2.430493803317064216e+00,5.597392415245412849e+02,1.000000000000000000e+00,0.000000000000000000e+00,2.430868950715819210e+00
-2.250000000000000000e+01,4.009435493418411212e-01,2.416286920483877498e+00,4.973734486331460971e+02,1.000000000000000000e+00,0.000000000000000000e+00,2.414434428237814956e+00
-2.239999999999998082e+01,3.992616763755607034e-01,2.402613065228130118e+00,4.940405161441658493e+02,1.000000000000000000e+00,0.000000000000000000e+00,2.402564719963898643e+00
-2.229999999999998650e+01,3.975950607506848478e-01,2.390841839308716743e+00,4.907872211496400610e+02,1.000000000000000000e+00,0.000000000000000000e+00,2.390794141811420470e+00
-2.219999999999999218e+01,3.959435021071464611e-01,2.379169247898256678e+00,4.876103220440041923e+02,1.000000000000000000e+00,0.000000000000000000e+00,2.379121386294725582e+00
-2.209999999999999787e+01,3.943068024806202221e-01,2.367598071194181308e+00,4.844863555015264183e+02,1.000000000000000000e+00,0.000000000000000000e+00,2.367556581394214099e+00
-2.199999999999997868e+01,3.926847628668549417e-01,2.356121367785713350e+00,4.813119100649976190e+02,1.000000000000000000e+00,0.000000000000000000e+00,2.356075545792629899e+00
-2.189999999999998792e+01,3.910771999917206365e-01,2.344733764769973750e+00,4.782111889532947657e+02,1.000000000000000000e+00,0.000000000000000000e+00,2.344688546563034048e+00
-2.179999999999999361e+01,3.894839270522626462e-01,2.333438989403149311e+00,4.751812618405761555e+02,1.000000000000000000e+00,0.000000000000000000e+00,2.333394364571084179e+00
-2.169999999999999929e+01,3.879047604548012118e-01,2.322240881461685280e+00,4.722193549950712850e+02,1.000000000000000000e+00,0.000000000000000000e+00,2.322191801598317173e+00
-2.160000000000000497e+01,3.863395129243911152e-01,2.311134014554379057e+00,4.692053243194272341e+02,1.000000000000000000e+00,0.000000000000000000e+00,2.311091347634989024e+00
-2.149999999999998579e+01,3.847880129488804313e-01,2.300111321521650432e+00,4.662410051225733696e+02,1.000000000000000000e+00,0.000000000000000000e+00,2.300068415960697887e+00
-2.139999999999999147e+01,3.832500872372252565e-01,2.289175982568365963e+00,4.633426142870515037e+02,1.000000000000000000e+00,0.000000000000000000e+00,2.289133630922006724e+00
-2.129999999999999716e+01,3.817255643619985039e-01,2.278329765130194584e+00,4.605076240838617991e+02,1.000000000000000000e+00,0.000000000000000000e+00,2.278285873586523902e+00
-2.120000000000000284e+01,3.802142730017334937e-01,2.267573374568972344e+00,4.576882478718478637e+02,1.000000000000000000e+00,0.000000000000000000e+00,2.267536054315783201e+00
-2.109999999999998366e+01,3.787160450940287859e-01,2.256899721717867013e+00,4.548461594550321365e+02,1.000000000000000000e+00,0.000000000000000000e+00,2.256858975897413355e+00
-2.099999999999999289e+01,3.772307229251082306e-01,2.246305908903909465e+00,4.520657564773216563e+02,1.000000000000000000e+00,0.000000000000000000e+00,2.246265680757041583e+00
-2.089999999999999858e+01,3.757581462430906183e-01,2.235794841861482585e+00,4.493447207648452491e+02,1.000000000000000000e+00,0.000000000000000000e+00,2.235755122791209804e+00
-2.080000000000000426e+01,3.742981574471713757e-01,2.225369019391972625e+00,4.466808511873842349e+02,1.000000000000000000e+00,0.000000000000000000e+00,2.225326273174064617e+00
-2.069999999999998508e+01,3.728505969238314344e-01,2.215026487650758824e+00,4.440013778008434429e+02,1.000000000000000000e+00,0.000000000000000000e+00,2.214990387060573607e+00
-2.059999999999999076e+01,3.714153135269342432e-01,2.204760082985209202e+00,4.413268160301161629e+02,1.000000000000000000e+00,0.000000000000000000e+00,2.204721840742876360e+00
-2.049999999999999645e+01,3.699921607024108106e-01,2.194569783419448417e+00,4.387080956785151784e+02,1.000000000000000000e+00,0.000000000000000000e+00,2.194532017605395957e+00
-2.040000000000000213e+01,3.685809909193006884e-01,2.184457251583723281e+00,4.361431836049553681e+02,1.000000000000000000e+00,0.000000000000000000e+00,2.184419954444509315e+00
-2.029999999999998295e+01,3.671816590380578837e-01,2.174424852481961601e+00,4.336301460682563516e+02,1.000000000000000000e+00,0.000000000000000000e+00,2.174384703641724315e+00
-2.019999999999998863e+01,3.657940180163293253e-01,2.164471266755848333e+00,4.311059096850195260e+02,1.000000000000000000e+00,0.000000000000000000e+00,2.164437853924889410e+00
-2.009999999999999787e+01,3.644179279281015704e-01,2.154589288373292444e+00,4.285790697543845340e+02,1.000000000000000000e+00,0.000000000000000000e+00,2.154553351730336352e+00
-2.000000000000000355e+01,3.630532543137400259e-01,2.144778408016449145e+00,4.261030955115445522e+02,1.000000000000000000e+00,0.000000000000000000e+00,2.144742910574232830e+00
-1.989999999999998437e+01,3.616998611265689334e-01,2.135040707340566613e+00,4.236761887622994323e+02,1.000000000000000000e+00,0.000000000000000000e+00,2.135005642092606681e+00
-1.979999999999999005e+01,3.603576144816008076e-01,2.125376533734371964e+00,4.212966366288397353e+02,1.000000000000000000e+00,0.000000000000000000e+00,2.125340672009257137e+00
-1.969999999999999574e+01,3.590263810759246610e-01,2.115789053973076150e+00,4.189419160222475398e+02,1.000000000000000000e+00,0.000000000000000000e+00,2.115760159262207729e+00
-1.960000000000000142e+01,3.577060262018931791e-01,2.106270932418671471e+00,4.165437456219482897e+02,1.000000000000000000e+00,0.000000000000000000e+00,2.106237122528171746e+00
-1.949999999999998224e+01,3.563964288813899484e-01,2.096817248623876750e+00,4.141922575385004279e+02,1.000000000000000000e+00,0.000000000000000000e+00,2.096783844265035057e+00
-1.939999999999998792e+01,3.550974634568629940e-01,2.087432508982120627e+00,4.118858450885384173e+02,1.000000000000000000e+00,0.000000000000000000e+00,2.087399503810294821e+00
-1.929999999999999716e+01,3.538090062287050364e-01,2.078115905467860625e+00,4.096229757701119638e+02,1.000000000000000000e+00,0.000000000000000000e+00,2.078083293261202780e+00
-1.920000000000000284e+01,3.525309354173107312e-01,2.068870162236573051e+00,4.074021869454113585e+02,1.000000000000000000e+00,0.000000000000000000e+00,2.068834417227440436e+00
-1.909999999999998366e+01,3.512631267948326252e-01,2.059694154343798989e+00,4.051670951315647926e+02,1.000000000000000000e+00,0.000000000000000000e+00,2.059665533013459893e+00
-1.899999999999998934e+01,3.500054628081785135e-01,2.050580362612342888e+00,4.029244069171883780e+02,1.000000000000000000e+00,0.000000000000000000e+00,2.050548892614960206e+00
-1.889999999999999503e+01,3.487578311694275457e-01,2.041528375087715119e+00,4.007234192601371774e+02,1.000000000000000000e+00,0.000000000000000000e+00,2.041497274353902380e+00
-1.880000000000000071e+01,3.475201174147927174e-01,2.032540667629119113e+00,3.985627479389328300e+02,1.000000000000000000e+00,0.000000000000000000e+00,2.032509930511784191e+00
-1.869999999999998153e+01,3.462922088235319551e-01,2.023616503769399166e+00,3.964410703196359691e+02,1.000000000000000000e+00,0.000000000000000000e+00,2.023586124729105151e+00
-1.859999999999998721e+01,3.450739943849382985e-01,2.014758689417185167e+00,3.943571219009579067e+02,1.000000000000000000e+00,0.000000000000000000e+00,2.014725131790188417e+00
-1.849999999999999289e+01,3.438653605125836510e-01,2.005966387079414659e+00,3.922591191188891457e+02,1.000000000000000000e+00,0.000000000000000000e+00,2.005940163342531335e+00
-1.840000000000000213e+01,3.426661997420128447e-01,1.997231904564575000e+00,3.901501132158672362e+02,1.000000000000000000e+00,0.000000000000000000e+00,1.997202567014532359e+00
-1.829999999999998295e+01,3.414764101481527758e-01,1.988554674358048224e+00,3.880786969385000589e+02,1.000000000000000000e+00,0.000000000000000000e+00,1.988525673759097057e+00
-1.819999999999998863e+01,3.402958872430684178e-01,1.979937469549766460e+00,3.860436629544468019e+02,1.000000000000000000e+00,0.000000000000000000e+00,1.979908800863275253e+00
-1.809999999999999432e+01,3.391245280946678653e-01,1.971379617472549750e+00,3.840438558680212964e+02,1.000000000000000000e+00,0.000000000000000000e+00,1.971351275752889931e+00
-1.800000000000000000e+01,3.379622312978929899e-01,1.962881205382682293e+00,3.820781694026861715e+02,1.000000000000000000e+00,0.000000000000000000e+00,1.962852435804736562e+00
-1.789999999999998082e+01,3.368088960617975913e-01,1.954447225364527529e+00,3.801356666853432671e+02,1.000000000000000000e+00,0.000000000000000000e+00,1.954426005365730967e+00
-1.779999999999998650e+01,3.356644173298126144e-01,1.946069879337769537e+00,3.781424613895175639e+02,1.000000000000000000e+00,0.000000000000000000e+00,1.946042489220853655e+00
-1.769999999999999218e+01,3.345287057312624768e-01,1.937742811362441087e+00,3.761834172840283941e+02,1.000000000000000000e+00,0.000000000000000000e+00,1.937715729333524983e+00
-1.759999999999999787e+01,3.334016656917896948e-01,1.929471879521225564e+00,3.742574696544033372e+02,1.000000000000000000e+00,0.000000000000000000e+00,1.929445101072312596e+00
-1.749999999999997868e+01,3.322832030293018102e-01,1.921256468172576115e+00,3.723635982001320031e+02,1.000000000000000000e+00,0.000000000000000000e+00,1.921229988878298434e+00
-1.739999999999998792e+01,3.311732249287510088e-01,1.913095970586044414e+00,3.705008246978257489e+02,1.000000000000000000e+00,0.000000000000000000e+00,1.913069786100674685e+00
-1.729999999999999361e+01,3.300716399174585813e-01,1.904991858095759216e+00,3.686682108124985575e+02,1.000000000000000000e+00,0.000000000000000000e+00,1.904963894835891347e+00
-1.719999999999999929e+01,3.289783554567770607e-01,1.896946930358028860e+00,3.668400522173457716e+02,1.000000000000000000e+00,0.000000000000000000e+00,1.896926853206670094e+00
-1.709999999999998010e+01,3.278932788345258476e-01,1.888953051723856413e+00,3.649765196033787902e+02,1.000000000000000000e+00,0.000000000000000000e+00,1.888927725837146410e+00
-1.699999999999998579e+01,3.268163288120298771e-01,1.881006215954116323e+00,3.631433978306888548e+02,1.000000000000000000e+00,0.000000000000000000e+00,1.880981168268102577e+00
-1.689999999999999147e+01,3.257474190480109666e-01,1.873111389485590861e+00,3.613397735852458936e+02,1.000000000000000000e+00,0.000000000000000000e+00,1.873086616029540297e+00
-1.679999999999999716e+01,3.246864644279523482e-01,1.865268015771312404e+00,3.595647702257682568e+02,1.000000000000000000e+00,0.000000000000000000e+00,1.865243512645147872e+00
-1.670000000000000284e+01,3.236333810424261159e-01,1.857475546118745768e+00,3.578175459260807543e+02,1.000000000000000000e+00,0.000000000000000000e+00,1.857451309491015445e+00
-1.659999999999998366e+01,3.225880861658788623e-01,1.849733439550102609e+00,3.560972919308786118e+02,1.000000000000000000e+00,0.000000000000000000e+00,1.849709465657344731e+00
-1.649999999999999289e+01,3.215504982358652897e-01,1.842049190803155323e+00,3.544032309168152324e+02,1.000000000000000000e+00,0.000000000000000000e+00,1.842017447813072639e+00
-1.639999999999999858e+01,3.205205278217516662e-01,1.834414389583964411e+00,3.526478256541509495e+02,1.000000000000000000e+00,0.000000000000000000e+00,1.834391074681791078e+00
-1.630000000000000426e+01,3.194981045922496432e-01,1.826820242524249682e+00,3.509183166711479771e+02,1.000000000000000000e+00,0.000000000000000000e+00,1.826797034370071238e+00
-1.619999999999998508e+01,3.184831505144615771e-01,1.819274225125573352e+00,3.492154830027251933e+02,1.000000000000000000e+00,0.000000000000000000e+00,1.819251265304833609e+00
-1.609999999999999076e+01,3.174755884774790871e-01,1.811775978091373140e+00,3.475385564011604060e+02,1.000000000000000000e+00,0.000000000000000000e+00,1.811753263156876237e+00
-1.599999999999999645e+01,3.164753424360233214e-01,1.804325003976641195e+00,3.458867981612506242e+02,1.000000000000000000e+00,0.000000000000000000e+00,1.804302530540322413e+00
-1.590000000000000391e+01,3.154823373921386565e-01,1.796920812161369119e+00,3.442594976869881407e+02,1.000000000000000000e+00,0.000000000000000000e+00,1.796898576893281696e+00
-1.579999999999998472e+01,3.144964993772608186e-01,1.789564930939793186e+00,3.426559711420750318e+02,1.000000000000000000e+00,0.000000000000000000e+00,1.789540918360952748e+00
-1.569999999999999041e+01,3.135177532256543942e-01,1.782261897502730230e+00,3.410556220584340963e+02,1.000000000000000000e+00,0.000000000000000000e+00,1.782247242795684139e+00
-1.559999999999999609e+01,3.125460215217770177e-01,1.775002177501082690e+00,3.394095776955192036e+02,1.000000000000000000e+00,0.000000000000000000e+00,1.774980636758030972e+00
-1.550000000000000355e+01,3.115812410654741349e-01,1.767780229857343288e+00,3.377880479341641831e+02,1.000000000000000000e+00,0.000000000000000000e+00,1.767758914529381498e+00
-1.539999999999998437e+01,3.106233418318211648e-01,1.760602710914859204e+00,3.361903446493280967e+02,1.000000000000000000e+00,0.000000000000000000e+00,1.760581617945912836e+00
-1.529999999999999005e+01,3.096722547410009074e-01,1.753469168615932938e+00,3.346158054946794778e+02,1.000000000000000000e+00,0.000000000000000000e+00,1.753448295001480917e+00
-1.519999999999999574e+01,3.087279116424469505e-01,1.746379156958804524e+00,3.330637926839753504e+02,1.000000000000000000e+00,0.000000000000000000e+00,1.746358499744245840e+00
-1.510000000000000142e+01,3.077902452993083182e-01,1.739332235895323375e+00,3.315336918419167773e+02,1.000000000000000000e+00,0.000000000000000000e+00,1.739311792175396665e+00
-1.499999999999998224e+01,3.068591893732229847e-01,1.732327997568649192e+00,3.300249109198489919e+02,1.000000000000000000e+00,0.000000000000000000e+00,1.732307738149882370e+00
-1.489999999999998970e+01,3.059346783811862647e-01,1.725375955035204134e+00,3.285366422058220905e+02,1.000000000000000000e+00,0.000000000000000000e+00,1.725366017804386143e+00
-1.479999999999999538e+01,3.050166371211158189e-01,1.718465691636420933e+00,3.269799482470346561e+02,1.000000000000000000e+00,0.000000000000000000e+00,1.718445870860417557e+00
-1.470000000000000107e+01,3.041050126336375392e-01,1.711586728803607516e+00,3.254455105848968515e+02,1.000000000000000000e+00,0.000000000000000000e+00,1.711567110384626611e+00
-1.459999999999998188e+01,3.031997420261898779e-01,1.704748743411697243e+00,3.239327226995935121e+02,1.000000000000000000e+00,0.000000000000000000e+00,1.704729324677572988e+00
-1.449999999999998934e+01,3.023007632330202421e-01,1.697951329103952967e+00,3.224410001169650286e+02,1.000000000000000000e+00,0.000000000000000000e+00,1.697932107426321391e+00
-1.439999999999999503e+01,3.014080150016768544e-01,1.691194084823393951e+00,3.209697793972306386e+02,1.000000000000000000e+00,0.000000000000000000e+00,1.691175057616371102e+00
-1.430000000000000071e+01,3.005214368797665681e-01,1.684476614725583410e+00,3.195185171796779287e+02,1.000000000000000000e+00,0.000000000000000000e+00,1.684457779445329928e+00
-1.419999999999998153e+01,2.996409692019696980e-01,1.677798528093709995e+00,3.180866892796925072e+02,1.000000000000000000e+00,0.000000000000000000e+00,1.677779882238251918e+00
-1.409999999999998721e+01,2.987665530773083167e-01,1.671163240810275452e+00,3.166737898347822693e+02,1.000000000000000000e+00,0.000000000000000000e+00,1.671140980364635764e+00
-1.399999999999999467e+01,2.978981264120487138e-01,1.664573893707475438e+00,3.152485442737358881e+02,1.000000000000000000e+00,0.000000000000000000e+00,1.664563027205287815e+00
-1.390000000000000036e+01,2.970356282223750033e-01,1.658018942548275199e+00,3.137835172758088333e+02,1.000000000000000000e+00,0.000000000000000000e+00,1.658000849740862703e+00
-1.379999999999998117e+01,2.961790095682261259e-01,1.651494454415937785e+00,3.123385041141387433e+02,1.000000000000000000e+00,0.000000000000000000e+00,1.651476541429716782e+00
-1.369999999999998685e+01,2.953282145316173946e-01,1.645007471477070604e+00,3.109129768428418288e+02,1.000000000000000000e+00,0.000000000000000000e+00,1.644989736004673908e+00
-1.359999999999999432e+01,2.944831879088609106e-01,1.638557632081033555e+00,3.095064260783110512e+02,1.000000000000000000e+00,0.000000000000000000e+00,1.638540071851579016e+00
-1.350000000000000000e+01,2.936438751992327401e-01,1.632144579156647124e+00,3.081183601754868278e+02,1.000000000000000000e+00,0.000000000000000000e+00,1.632127191935409005e+00
-1.339999999999998082e+01,2.928102225938518099e-01,1.625767960139974377e+00,3.067483044482346486e+02,1.000000000000000000e+00,0.000000000000000000e+00,1.625750743727767844e+00
-1.329999999999998650e+01,2.919821769647725773e-01,1.619427426903289780e+00,3.053958004310783281e+02,1.000000000000000000e+00,0.000000000000000000e+00,1.619410379135772127e+00
-1.319999999999999396e+01,2.911596858542802035e-01,1.613125902463297789e+00,3.040604051797164402e+02,1.000000000000000000e+00,0.000000000000000000e+00,1.613105754432256234e+00
-1.309999999999999964e+01,2.903426941442364684e-01,1.606868753219721224e+00,3.027178150064877968e+02,1.000000000000000000e+00,0.000000000000000000e+00,1.606861109427024203e+00
-1.299999999999998046e+01,2.895311449498337297e-01,1.600643368347204998e+00,3.013273100378369236e+02,1.000000000000000000e+00,0.000000000000000000e+00,1.600626813228931855e+00
-1.289999999999998614e+01,2.887249969559536611e-01,1.594443647336854841e+00,2.999550986799844736e+02,1.000000000000000000e+00,0.000000000000000000e+00,1.594427252547297558e+00
-1.279999999999999183e+01,2.879242002808335976e-01,1.588278336891429499e+00,2.986007110924003314e+02,1.000000000000000000e+00,0.000000000000000000e+00,1.588262100429858714e+00
-1.269999999999999929e+01,2.871287056623919032e-01,1.582147114063960469e+00,2.972636935139286152e+02,1.000000000000000000e+00,0.000000000000000000e+00,1.582131033960535671e+00
-1.259999999999998010e+01,2.863384644486683395e-01,1.576049659881486154e+00,2.959436075681582565e+02,1.000000000000000000e+00,0.000000000000000000e+00,1.576033734197102243e+00
-1.249999999999998579e+01,2.855534285884417378e-01,1.569985659284404367e+00,2.946400296050180145e+02,1.000000000000000000e+00,0.000000000000000000e+00,1.569969886110012203e+00
-1.239999999999999147e+01,2.847735506220190893e-01,1.563954801066920641e+00,2.933525500763829541e+02,1.000000000000000000e+00,0.000000000000000000e+00,1.563939178522339546e+00
-1.229999999999999893e+01,2.839987836721944992e-01,1.557956777816884797e+00,2.920807729436432396e+02,1.000000000000000000e+00,0.000000000000000000e+00,1.557941304050832976e+00
-1.220000000000000462e+01,2.832290814353739528e-01,1.552001605863070344e+00,2.908243151153197346e+02,1.000000000000000000e+00,0.000000000000000000e+00,1.551975959048044640e+00
-1.209999999999998543e+01,2.824643879699265669e-01,1.546081123435904425e+00,2.895153397369693380e+02,1.000000000000000000e+00,0.000000000000000000e+00,1.546068425550634062e+00
-1.199999999999999112e+01,2.817046659828065791e-01,1.540182144651461194e+00,2.882068836739302355e+02,1.000000000000000000e+00,0.000000000000000000e+00,1.540167105777523027e+00
-1.189999999999999680e+01,2.809498732873480509e-01,1.534312324856086152e+00,2.869148572044936145e+02,1.000000000000000000e+00,0.000000000000000000e+00,1.534297427640751943e+00
-1.180000000000000426e+01,2.801999657870334892e-01,1.528473859135230928e+00,2.856388518985255587e+02,1.000000000000000000e+00,0.000000000000000000e+00,1.528459101863057334e+00
-1.169999999999998508e+01,2.794548999169682024e-01,1.522666461647298464e+00,2.843784728473644350e+02,1.000000000000000000e+00,0.000000000000000000e+00,1.522651842629236585e+00
-1.159999999999999076e+01,2.787146326359262183e-01,1.516889849962026471e+00,2.831333380987310875e+02,1.000000000000000000e+00,0.000000000000000000e+00,1.516875367534283647e+00
-1.149999999999999645e+01,2.779791214185369230e-01,1.511143745009224215e+00,2.819030781201519744e+02,1.000000000000000000e+00,0.000000000000000000e+00,1.511129397532439800e+00
-1.140000000000000391e+01,2.772483242476133647e-01,1.505427871027789744e+00,2.806873352892193907e+02,1.000000000000000000e+00,0.000000000000000000e+00,1.505413656887171436e+00
-1.129999999999998472e+01,2.765221996066160037e-01,1.499741955517032377e+00,2.794857634091136447e+02,1.000000000000000000e+00,0.000000000000000000e+00,1.499727873122026045e+00
-1.119999999999999041e+01,2.758007064722510226e-01,1.494098071123330707e+00,2.782980272479275641e+02,1.000000000000000000e+00,0.000000000000000000e+00,1.494071776972370813e+00
-1.109999999999999609e+01,2.750837924252962918e-01,1.488484389549989517e+00,2.770514548381615327e+02,1.000000000000000000e+00,0.000000000000000000e+00,1.488471352695312167e+00
-1.100000000000000355e+01,2.743714286639273858e-01,1.482887397873692725e+00,2.758154643360720115e+02,1.000000000000000000e+00,0.000000000000000000e+00,1.482873700813856166e+00
-1.089999999999998437e+01,2.736635763557708212e-01,1.477318520202091534e+00,2.745943265092737420e+02,1.000000000000000000e+00,0.000000000000000000e+00,1.477304948763550119e+00
-1.079999999999999005e+01,2.729601963773928830e-01,1.471778286941075820e+00,2.733876831745962477e+02,1.000000000000000000e+00,0.000000000000000000e+00,1.471764839647123235e+00
-1.069999999999999574e+01,2.722612500635325228e-01,1.466266444155595705e+00,2.721951876473291350e+02,1.000000000000000000e+00,0.000000000000000000e+00,1.466253119550452677e+00
-1.060000000000000142e+01,2.715666992004468483e-01,1.460782740849972505e+00,2.710165042752345812e+02,1.000000000000000000e+00,0.000000000000000000e+00,1.460769537499170712e+00
-1.049999999999998224e+01,2.708765060193711882e-01,1.455326928925682051e+00,2.698513079953677902e+02,1.000000000000000000e+00,0.000000000000000000e+00,1.455313845416012830e+00
-1.039999999999998970e+01,2.701906331900933989e-01,1.449898763140210489e+00,2.686992839124035868e+02,1.000000000000000000e+00,0.000000000000000000e+00,1.449885798078919708e+00
-1.029999999999999538e+01,2.695090438146378053e-01,1.444498001065796400e+00,2.675601268972432081e+02,1.000000000000000000e+00,0.000000000000000000e+00,1.444485153079843931e+00
-1.020000000000000107e+01,2.688317014210596656e-01,1.439132816822552119e+00,2.664335412047655041e+02,1.000000000000000000e+00,0.000000000000000000e+00,1.439111670784285923e+00
-1.009999999999998188e+01,2.681585620618624488e-01,1.433799586861866704e+00,2.652749089035081624e+02,1.000000000000000000e+00,0.000000000000000000e+00,1.433792045760577283e+00
-9.999999999999989342e+00,2.674895933678478888e-01,1.428484552031734411e+00,2.641032135172250150e+02,1.000000000000000000e+00,0.000000000000000000e+00,1.428472046662823569e+00
-9.899999999999995026e+00,2.668247648600354793e-01,1.423190902358898891e+00,2.629450283984609200e+02,1.000000000000000000e+00,0.000000000000000000e+00,1.423178508774646023e+00
-9.800000000000000711e+00,2.661640417090694322e-01,1.417923486228924723e+00,2.618000368323135376e+02,1.000000000000000000e+00,0.000000000000000000e+00,1.417911203151582367e+00
-9.699999999999981526e+00,2.655073894821763369e-01,1.412682077260071889e+00,2.606679319849145600e+02,1.000000000000000000e+00,0.000000000000000000e+00,1.412669903430701979e+00
-9.599999999999987210e+00,2.648547741375690268e-01,1.407466451616838699e+00,2.595484165142578945e+02,1.000000000000000000e+00,0.000000000000000000e+00,1.407454385794108864e+00
-9.499999999999994671e+00,2.642061620189420923e-01,1.402276387973327543e+00,2.584412021995458986e+02,1.000000000000000000e+00,0.000000000000000000e+00,1.402264428933043927e+00
-9.400000000000000355e+00,2.635615198500638745e-01,1.397111667477347163e+00,2.573460095880253107e+02,1.000000000000000000e+00,0.000000000000000000e+00,1.397099814012612073e+00
-9.299999999999981171e+00,2.629208147294562758e-01,1.391972073715792568e+00,2.562625676583439827e+02,1.000000000000000000e+00,0.000000000000000000e+00,1.391960324637088187e+00
-9.199999999999986855e+00,2.622840141251668311e-01,1.386857392681478451e+00,2.551906134995277853e+02,1.000000000000000000e+00,0.000000000000000000e+00,1.386845746815817515e+00
-9.099999999999994316e+00,2.616510858696242670e-01,1.381778543320030250e+00,2.541298920047248373e+02,1.000000000000000000e+00,0.000000000000000000e+00,1.381755868929666065e+00
-9.000000000000000000e+00,2.610219879886396810e-01,1.376726711943828008e+00,2.530278554464202045e+02,1.000000000000000000e+00,0.000000000000000000e+00,1.376717818636161272e+00
-8.899999999999980815e+00,2.603966969902947182e-01,1.371687927909143623e+00,2.519261232770911647e+02,1.000000000000000000e+00,0.000000000000000000e+00,1.371676584268834320e+00
-8.799999999999986500e+00,2.597751840922115085e-01,1.366670674935345220e+00,2.508364615709428165e+02,1.000000000000000000e+00,0.000000000000000000e+00,1.366659429982656215e+00
-8.699999999999993960e+00,2.591574185331661506e-01,1.361677300667396118e+00,2.497585969387939997e+02,1.000000000000000000e+00,0.000000000000000000e+00,1.361666153308194405e+00
-8.599999999999999645e+00,2.585433698918807588e-01,1.356707604832952496e+00,2.486922642274715258e+02,1.000000000000000000e+00,0.000000000000000000e+00,1.356696553988192555e+00
-8.499999999999980460e+00,2.579330080823706850e-01,1.351761389341403330e+00,2.476372062066173498e+02,1.000000000000000000e+00,0.000000000000000000e+00,1.351750433947224828e+00
-8.399999999999986144e+00,2.573263033493692897e-01,1.346838458254813631e+00,2.465931732698907695e+02,1.000000000000000000e+00,0.000000000000000000e+00,1.346827597261849974e+00
-8.299999999999991829e+00,2.567232262638255991e-01,1.341938617758335228e+00,2.455599231497882329e+02,1.000000000000000000e+00,0.000000000000000000e+00,1.341927850131247046e+00
-8.199999999999999289e+00,2.561237477184775679e-01,1.337061676130660404e+00,2.445372206453580475e+02,1.000000000000000000e+00,0.000000000000000000e+00,1.337051000848338722e+00
-8.099999999999980105e+00,2.555278389234957870e-01,1.332207443716025397e+00,2.435248373621249414e+02,1.000000000000000000e+00,0.000000000000000000e+00,1.332196859771376696e+00
-7.999999999999985789e+00,2.549354714021990764e-01,1.327382076685582168e+00,2.425225514635858417e+02,1.000000000000000000e+00,0.000000000000000000e+00,1.327365239295995814e+00
-7.899999999999992362e+00,2.543466113415465690e-01,1.322586782844060949e+00,2.415034879737617075e+02,1.000000000000000000e+00,0.000000000000000000e+00,1.322584186814112162e+00
-7.799999999999998046e+00,2.537612297066316192e-01,1.317807239291240773e+00,2.404625545170329985e+02,1.000000000000000000e+00,0.000000000000000000e+00,1.317796922935107862e+00
-7.700000000000004619e+00,2.531793058666904628e-01,1.313041858766615499e+00,2.394324990048172310e+02,1.000000000000000000e+00,0.000000000000000000e+00,1.313031629859276572e+00
-7.599999999999985434e+00,2.526008125547870020e-01,1.308298270249391049e+00,2.384130827074231433e+02,1.000000000000000000e+00,0.000000000000000000e+00,1.308288127849893012e+00
-7.499999999999991118e+00,2.520257227967417912e-01,1.303576295894671944e+00,2.374040738617185298e+02,1.000000000000000000e+00,0.000000000000000000e+00,1.303566239074623878e+00
-7.399999999999997691e+00,2.514540099072428148e-01,1.298875759737015079e+00,2.364052474145422025e+02,1.000000000000000000e+00,0.000000000000000000e+00,1.298865787580153919e+00
-7.300000000000004263e+00,2.508856474860197694e-01,1.294196487664974526e+00,2.354163847775424472e+02,1.000000000000000000e+00,0.000000000000000000e+00,1.294186599267230120e+00
-7.199999999999985079e+00,2.503206094140779658e-01,1.289538307396558947e+00,2.344372735928438374e+02,1.000000000000000000e+00,0.000000000000000000e+00,1.289528501866092691e+00
-7.099999999999990763e+00,2.497588698499930149e-01,1.284901048455482364e+00,2.334677075089846880e+02,1.000000000000000000e+00,0.000000000000000000e+00,1.284891324912301735e+00
-6.999999999999997335e+00,2.492004032262625512e-01,1.280284542147450688e+00,2.325074859665942313e+02,1.000000000000000000e+00,0.000000000000000000e+00,1.280274899722937176e+00
-6.900000000000003020e+00,2.486451842457168826e-01,1.275688621536280376e+00,2.315564139933187846e+02,1.000000000000000000e+00,0.000000000000000000e+00,1.275679059373181046e+00
-6.799999999999983835e+00,2.480931878779850108e-01,1.271120454113823239e+00,2.306143020075260210e+02,1.000000000000000000e+00,0.000000000000000000e+00,1.271103638673262148e+00
-6.699999999999990408e+00,2.475443830058419448e-01,1.266580411050464372e+00,2.296535982904850925e+02,1.000000000000000000e+00,0.000000000000000000e+00,1.266578943324819795e+00
-6.599999999999996980e+00,2.469987447303560180e-01,1.262053065939009677e+00,2.286730613458216510e+02,1.000000000000000000e+00,0.000000000000000000e+00,1.262043739011439625e+00
-6.500000000000002665e+00,2.464562556578272223e-01,1.257537720009776150e+00,2.277022603543837818e+02,1.000000000000000000e+00,0.000000000000000000e+00,1.257528470031603618e+00
-6.399999999999983480e+00,2.459168917895078188e-01,1.253042151732493448e+00,2.267409887401089463e+02,1.000000000000000000e+00,0.000000000000000000e+00,1.253032977901360923e+00
-6.299999999999990052e+00,2.453806293766107038e-01,1.248566204238149124e+00,2.257890457539139106e+02,1.000000000000000000e+00,0.000000000000000000e+00,1.248557105761975095e+00
-6.199999999999995737e+00,2.448474449170924827e-01,1.244109722262195072e+00,2.248462362662863825e+02,1.000000000000000000e+00,0.000000000000000000e+00,1.244100698358931556e+00
-6.100000000000002309e+00,2.443173151524875852e-01,1.239672552123558757e+00,2.239123705688073187e+02,1.000000000000000000e+00,0.000000000000000000e+00,1.239663602021281008e+00
-5.999999999999983125e+00,2.437902170647900102e-01,1.235254541704349229e+00,2.229872641841489269e+02,1.000000000000000000e+00,0.000000000000000000e+00,1.235245664641294372e+00
-5.899999999999988809e+00,2.432661278733840304e-01,1.230855540430120243e+00,2.220707376841272946e+02,1.000000000000000000e+00,0.000000000000000000e+00,1.230846735654433921e+00
-5.799999999999995381e+00,2.427450250320205838e-01,1.226475399250519738e+00,2.211626165154074783e+02,1.000000000000000000e+00,0.000000000000000000e+00,1.226466666019622842e+00
-5.700000000000001954e+00,2.422268862258408761e-01,1.222113970619098877e+00,2.202627308324861986e+02,1.000000000000000000e+00,0.000000000000000000e+00,1.222105308199824547e+00
-5.599999999999982769e+00,2.417116893684449763e-01,1.217771108474079433e+00,2.193709153375951360e+02,1.000000000000000000e+00,0.000000000000000000e+00,1.217762516142912643e+00
-5.499999999999988454e+00,2.411994125990054305e-01,1.213461873988633144e+00,2.184870091271901344e+02,1.000000000000000000e+00,0.000000000000000000e+00,1.213438145262836221e+00
-5.399999999999995026e+00,2.406900214770062441e-01,1.209172439364877505e+00,2.175608000723452449e+02,1.000000000000000000e+00,0.000000000000000000e+00,1.209165518053688437e+00
-5.300000000000000711e+00,2.401835062168130586e-01,1.204885807682581467e+00,2.166383861678946516e+02,1.000000000000000000e+00,0.000000000000000000e+00,1.204877420838931013e+00
-5.199999999999981526e+00,2.396798469045004210e-01,1.200615640296287756e+00,2.157246594130246251e+02,1.000000000000000000e+00,0.000000000000000000e+00,1.200607320742391737e+00
-5.099999999999988098e+00,2.391790225522120450e-01,1.196363331791882478e+00,2.148194417591028582e+02,1.000000000000000000e+00,0.000000000000000000e+00,1.196355078848778897e+00
-4.999999999999994671e+00,2.386810123838881137e-01,1.192128744621927972e+00,2.139225600091123454e+02,1.000000000000000000e+00,0.000000000000000000e+00,1.192120557618993049e+00
-4.900000000000000355e+00,2.381857958326302760e-01,1.187911742597911324e+00,2.130338456508769127e+02,1.000000000000000000e+00,0.000000000000000000e+00,1.187903620872935662e+00
-4.799999999999981171e+00,2.376933525381048629e-01,1.183712190873347669e+00,2.121531346972205370e+02,1.000000000000000000e+00,0.000000000000000000e+00,1.183704133772555567e+00
-4.699999999999987743e+00,2.372036623439859049e-01,1.179529955927176799e+00,2.112802675327250483e+02,1.000000000000000000e+00,0.000000000000000000e+00,1.179521962805163859e+00
-4.599999999999993427e+00,2.367167052954349815e-01,1.175364905548053507e+00,2.104150887667636312e+02,1.000000000000000000e+00,0.000000000000000000e+00,1.175356975766982393e+00
-4.500000000000000000e+00,2.362324616366190122e-01,1.171216908816976598e+00,2.095574470925139110e+02,1.000000000000000000e+00,0.000000000000000000e+00,1.171209041746944068e+00
-4.399999999999980815e+00,2.357509118082651567e-01,1.167085836091354745e+00,2.087071951516613808e+02,1.000000000000000000e+00,0.000000000000000000e+00,1.167078031110730940e+00
-4.299999999999987388e+00,2.352720364452513813e-01,1.162971558990491427e+00,2.078641894045273091e+02,1.000000000000000000e+00,0.000000000000000000e+00,1.162963815485049679e+00
-4.199999999999993072e+00,2.347958163742319138e-01,1.158887922313537766e+00,2.070282900053625781e+02,1.000000000000000000e+00,0.000000000000000000e+00,1.158866267742128642e+00
-4.099999999999999645e+00,2.343222211600130833e-01,1.154825340411682832e+00,2.061586998596094702e+02,1.000000000000000000e+00,0.000000000000000000e+00,1.154822265785263147e+00
-3.999999999999980016e+00,2.338512398587650198e-01,1.150765091959335962e+00,2.052838575042366642e+02,1.000000000000000000e+00,0.000000000000000000e+00,1.150757528729135171e+00
-3.899999999999986589e+00,2.333828575774670733e-01,1.146716590742577591e+00,2.044169090021440809e+02,1.000000000000000000e+00,0.000000000000000000e+00,1.146709086610570250e+00
-3.799999999999992717e+00,2.329170558855183093e-01,1.142684262734273037e+00,2.035576970908650196e+02,1.000000000000000000e+00,0.000000000000000000e+00,1.142676817122717292e+00
-3.699999999999998845e+00,2.324538165327527384e-01,1.138667986791880082e+00,2.027060686766890001e+02,1.000000000000000000e+00,0.000000000000000000e+00,1.138660599130233209e+00
-3.599999999999979661e+00,2.319931214472653047e-01,1.134667642930351716e+00,2.018618746952801928e+02,1.000000000000000000e+00,0.000000000000000000e+00,1.134660312655088710e+00
-3.499999999999985789e+00,2.315349527332698498e-01,1.130683112308148441e+00,2.010249699779370758e+02,1.000000000000000000e+00,0.000000000000000000e+00,1.130675838862586602e+00
-3.399999999999991918e+00,2.310792926689874960e-01,1.126714277213431314e+00,2.001952131232210661e+02,1.000000000000000000e+00,0.000000000000000000e+00,1.126707060047569930e+00
-3.299999999999998490e+00,2.306261237045659773e-01,1.122761021050618480e+00,1.993724663737058620e+02,1.000000000000000000e+00,0.000000000000000000e+00,1.122753859620839734e+00
-3.199999999999978861e+00,2.301754284600282252e-01,1.118823228326059072e+00,1.985565954976055991e+02,1.000000000000000000e+00,0.000000000000000000e+00,1.118816122095761090e+00
-3.099999999999985434e+00,2.297271897232517623e-01,1.114900784636108977e+00,1.977474696750568910e+02,1.000000000000000000e+00,0.000000000000000000e+00,1.114893733075068338e+00
-2.999999999999991562e+00,2.292813904479745757e-01,1.110993576654034865e+00,1.969449613888382373e+02,1.000000000000000000e+00,0.000000000000000000e+00,1.110986579237843941e+00
-2.899999999999997691e+00,2.288380137518319368e-01,1.107102706177089280e+00,1.961489463193273082e+02,1.000000000000000000e+00,0.000000000000000000e+00,1.107094548326698957e+00
-2.800000000000003819e+00,2.283970419446332556e-01,1.103246194914372813e+00,1.953561747319673998e+02,1.000000000000000000e+00,0.000000000000000000e+00,1.103258800212912449e+00
-2.699999999999984635e+00,2.279584440187852612e-01,1.099403362841335330e+00,1.945203329212413621e+02,1.000000000000000000e+00,0.000000000000000000e+00,1.099396524219712123e+00
-2.599999999999990763e+00,2.275222191144975481e-01,1.095555828300236234e+00,1.936917922682661697e+02,1.000000000000000000e+00,0.000000000000000000e+00,1.095549041794705802e+00
-2.499999999999997335e+00,2.270883509845792181e-01,1.091722979682390626e+00,1.928704105124017474e+02,1.000000000000000000e+00,0.000000000000000000e+00,1.091716244799193269e+00
-2.400000000000003464e+00,2.266568235363417838e-01,1.087904709845441076e+00,1.920560490871409058e+02,1.000000000000000000e+00,0.000000000000000000e+00,1.087898026096670856e+00
-2.299999999999984279e+00,2.262276208297953339e-01,1.084100912637316450e+00,1.912485729991265089e+02,1.000000000000000000e+00,0.000000000000000000e+00,1.084094279541047534e+00
-2.199999999999990408e+00,2.258007270758708995e-01,1.080311482885087049e+00,1.904478507119652306e+02,1.000000000000000000e+00,0.000000000000000000e+00,1.080304899965038201e+00
-2.099999999999996536e+00,2.253761266346664682e-01,1.076536316383481129e+00,1.896537540346122057e+02,1.000000000000000000e+00,0.000000000000000000e+00,1.076529783168702847e+00
-2.000000000000002665e+00,2.249538040137187833e-01,1.072775309883098549e+00,1.888661580141194349e+02,1.000000000000000000e+00,0.000000000000000000e+00,1.072768825908160251e+00
-1.899999999999983702e+00,2.245337438662983465e-01,1.069028361079154443e+00,1.880849408325454419e+02,1.000000000000000000e+00,0.000000000000000000e+00,1.069021925884450885e+00
-1.799999999999989830e+00,2.241159309897291230e-01,1.065295368601298476e+00,1.873099837078386827e+02,1.000000000000000000e+00,0.000000000000000000e+00,1.065288981732559259e+00
-1.699999999999995959e+00,2.237003503237299518e-01,1.061576232002843678e+00,1.865411707985124679e+02,1.000000000000000000e+00,0.000000000000000000e+00,1.061569893010579246e+00
-1.600000000000002309e+00,2.232869869487804915e-01,1.057870851748896834e+00,1.857783891119449891e+02,1.000000000000000000e+00,0.000000000000000000e+00,1.057864560189039738e+00
-1.499999999999983125e+00,2.228758260845090933e-01,1.054179129206467058e+00,1.850215284161402849e+02,1.000000000000000000e+00,0.000000000000000000e+00,1.054172884640370622e+00
-1.399999999999989253e+00,2.224668530881030448e-01,1.050520678923458684e+00,1.842704811547984889e+02,1.000000000000000000e+00,0.000000000000000000e+00,1.050494768628518205e+00
-1.299999999999995381e+00,2.220600381450476279e-01,1.046878557917994446e+00,1.834809459270493903e+02,1.000000000000000000e+00,0.000000000000000000e+00,1.046875292148392811e+00
-1.200000000000001732e+00,2.216553800809108743e-01,1.043229947749114039e+00,1.826916184549462230e+02,1.000000000000000000e+00,0.000000000000000000e+00,1.043223841019790044e+00
-1.099999999999982547e+00,2.212528668924867992e-01,1.039591724072340240e+00,1.819088793379782771e+02,1.000000000000000000e+00,0.000000000000000000e+00,1.039585662636727248e+00
-9.999999999999886757e-01,2.208524844704368439e-01,1.035966679273759183e+00,1.811326040390108290e+02,1.000000000000000000e+00,0.000000000000000000e+00,1.035960662717697600e+00
-8.999999999999949152e-01,2.204542188353678378e-01,1.032354719909117868e+00,1.803626711631250430e+02,1.000000000000000000e+00,0.000000000000000000e+00,1.032348747822979584e+00
-8.000000000000011546e-01,2.200580561363686960e-01,1.028755753366130898e+00,1.795989623576584506e+02,1.000000000000000000e+00,0.000000000000000000e+00,1.028749825345075752e+00
-6.999999999999818590e-01,2.196639826495658254e-01,1.025169687855333134e+00,1.788413622160939553e+02,1.000000000000000000e+00,0.000000000000000000e+00,1.025163803499270054e+00
-5.999999999999880984e-01,2.192719847766990138e-01,1.021596432400902588e+00,1.780897581856264935e+02,1.000000000000000000e+00,0.000000000000000000e+00,1.021590591314323282e+00
-4.999999999999943379e-01,2.188820490437155264e-01,1.018035896831613885e+00,1.773440404782392648e+02,1.000000000000000000e+00,0.000000000000000000e+00,1.018030098623280422e+00
-4.000000000000005773e-01,2.184941620993840761e-01,1.014487991771420461e+00,1.766041019851365093e+02,1.000000000000000000e+00,0.000000000000000000e+00,1.014482236054413677e+00
-2.999999999999813372e-01,2.181083107139267785e-01,1.010952628630296335e+00,1.758698381943818845e+02,1.000000000000000000e+00,0.000000000000000000e+00,1.010946915022279624e+00
-1.999999999999875488e-01,2.177244817776702868e-01,1.007429719595709594e+00,1.751411471116039991e+02,1.000000000000000000e+00,0.000000000000000000e+00,1.007424047718900928e+00
-9.999999999999377442e-02,2.173426622997139401e-01,1.003919177624609027e+00,1.744179291836315997e+02,1.000000000000000000e+00,0.000000000000000000e+00,1.003913547105061088e+00
0.000000000000000000e+00,2.169628394066162314e-01,1.000426397706935422e+00,1.737000872249358565e+02,1.000000000000000000e+00,0.000000000000000000e+00,1.000415326901716417e+00
1.000000000000192263e-01,2.165849961898942133e-01,9.969634545877877896e-01,1.729767284089366512e+02,1.000000000000000000e+00,0.000000000000000000e+00,9.969756697703557879e-01
2.000000000000130007e-01,2.162091108498241654e-01,9.935071029309535673e-01,1.722243571528175607e+02,1.000000000000000000e+00,0.000000000000000000e+00,9.935015937478349768e-01
3.000000000000067613e-01,2.158351842869122850e-01,9.900450141656188530e-01,1.714780560504734979e+02,1.000000000000000000e+00,0.000000000000000000e+00,9.900395448906271767e-01
4.000000000000005773e-01,2.154632040835640638e-01,9.865948695875925711e-01,1.707377130140713177e+02,1.000000000000000000e+00,0.000000000000000000e+00,9.865894398671348764e-01
5.000000000000197620e-01,2.150931579333474064e-01,9.831565865801611404e-01,1.700032187243726014e+02,1.000000000000000000e+00,0.000000000000000000e+00,9.831511960647788539e-01
6.000000000000135225e-01,2.147250336397804604e-01,9.797300832377885405e-01,1.692744665445281100e+02,1.000000000000000000e+00,0.000000000000000000e+00,9.797247315820720726e-01
7.000000000000073941e-01,2.143588191151344358e-01,9.763152783588124883e-01,1.685513524371212952e+02,1.000000000000000000e+00,0.000000000000000000e+00,9.763099652207891666e-01
8.000000000000011546e-01,2.139945023792527157e-01,9.729120914368201145e-01,1.678337748843207180e+02,1.000000000000000000e+00,0.000000000000000000e+00,9.729068164782440631e-01
9.000000000000203393e-01,2.136320715583855390e-01,9.695204426529653308e-01,1.671216348110017407e+02,1.000000000000000000e+00,0.000000000000000000e+00,9.695152055396666357e-01
1.000000000000014211e+00,2.132715148840398645e-01,9.661402528693238123e-01,1.664148355107105317e+02,1.000000000000000000e+00,0.000000000000000000e+00,9.661350532706819427e-01
1.100000000000007860e+00,2.129128206918436406e-01,9.627714436209581228e-01,1.657132825743436797e+02,1.000000000000000000e+00,0.000000000000000000e+00,9.627662812098780609e-01
1.200000000000001732e+00,2.125559774204258401e-01,9.594139371085450563e-01,1.650168838214313212e+02,1.000000000000000000e+00,0.000000000000000000e+00,9.594088115614817225e-01
1.300000000000020917e+00,2.122009736103100952e-01,9.560676561910286253e-01,1.643255492339078216e+02,1.000000000000000000e+00,0.000000000000000000e+00,9.560625671881182175e-01
1.400000000000014788e+00,2.118477979028237090e-01,9.527325243787122533e-01,1.636391908922682035e+02,1.000000000000000000e+00,0.000000000000000000e+00,9.527274716036765456e-01
1.500000000000008438e+00,2.114964390390195736e-01,9.494102984149597191e-01,1.629577229140058137e+02,1.000000000000000000e+00,0.000000000000000000e+00,9.494034489662520615e-01
1.600000000000002309e+00,2.111468845056828636e-01,9.461201677167118129e-01,1.622779159259307278e+02,1.000000000000000000e+00,0.000000000000000000e+00,9.461364229518575142e-01
1.699999999999995959e+00,2.107991090524862221e-01,9.428391162712322915e-01,1.615670181558058118e+02,1.000000000000000000e+00,0.000000000000000000e+00,9.428341698258361214e-01
1.800000000000015365e+00,2.104531173647909981e-01,9.395476783866286707e-01,1.608615946934727958e+02,1.000000000000000000e+00,0.000000000000000000e+00,9.395427669414128102e-01
1.900000000000009015e+00,2.101088985709823609e-01,9.362670177009430050e-01,1.601615475474430639e+02,1.000000000000000000e+00,0.000000000000000000e+00,9.362621409562852381e-01
2.000000000000002665e+00,2.097664418939997610e-01,9.329970614794065309e-01,1.594667810773473775e+02,1.000000000000000000e+00,0.000000000000000000e+00,9.329922191385323638e-01
2.099999999999996536e+00,2.094257366503406992e-01,9.297377375904891661e-01,1.587772019228590352e+02,1.000000000000000000e+00,0.000000000000000000e+00,9.297329293600909983e-01
2.200000000000015721e+00,2.090867722490757363e-01,9.264889745002240495e-01,1.580927189352194375e+02,1.000000000000000000e+00,0.000000000000000000e+00,9.264842000903102948e-01
2.300000000000009592e+00,2.087495381908769376e-01,9.232507012660674528e-01,1.574132431112556105e+02,1.000000000000000000e+00,0.000000000000000000e+00,9.232459603895898370e-01
2.400000000000003464e+00,2.084140240670575850e-01,9.200228475302659747e-01,1.567386875297808615e+02,1.000000000000000000e+00,0.000000000000000000e+00,9.200181399030938900e-01
2.499999999999997335e+00,2.080802195586253789e-01,9.168053435133318718e-01,1.560689672902813356e+02,1.000000000000000000e+00,0.000000000000000000e+00,9.168006688545506933e-01
2.600000000000016520e+00,2.077481144353465203e-01,9.135981200084879461e-01,1.554039994537888845e+02,1.000000000000000000e+00,0.000000000000000000e+00,9.135934780401252508e-01
2.700000000000009948e+00,2.074176985548222829e-01,9.104011083753267286e-01,1.547437029858510869e+02,1.000000000000000000e+00,0.000000000000000000e+00,9.103964988223736121e-01
2.800000000000003819e+00,2.070889618615767425e-01,9.072142405338385895e-01,1.540879987015086385e+02,1.000000000000000000e+00,0.000000000000000000e+00,9.072096631242654308e-01
2.899999999999997691e+00,2.067618943861564418e-01,9.040374489588538509e-01,1.534368092122002736e+02,1.000000000000000000e+00,0.000000000000000000e+00,9.040329034232887917e-01
3.000000000000016875e+00,2.064364862442406301e-01,9.008706666735649682e-01,1.527900588745135622e+02,1.000000000000000000e+00,0.000000000000000000e+00,9.008661527456237605e-01
3.100000000000010747e+00,2.061127276357638261e-01,8.977200646484629898e-01,1.521476737407082283e+02,1.000000000000000000e+00,0.000000000000000000e+00,8.977093446603934268e-01
3.200000000000004619e+00,2.057906043564279308e-01,8.945955593783901927e-01,1.515003251836169227e+02,1.000000000000000000e+00,0.000000000000000000e+00,8.946074287163899852e-01
3.299999999999998490e+00,2.054700996363419130e-01,8.914745896777839240e-01,1.508335389190318665e+02,1.000000000000000000e+00,0.000000000000000000e+00,8.914701685626138516e-01
3.400000000000017675e+00,2.051512156464007364e-01,8.883470463766953706e-01,1.501715941410528501e+02,1.000000000000000000e+00,0.000000000000000000e+00,8.883426558350081548e-01
3.500000000000011102e+00,2.048339429140532963e-01,8.852291864317491932e-01,1.495144074534515823e+02,1.000000000000000000e+00,0.000000000000000000e+00,8.852248262109265742e-01
3.600000000000004974e+00,2.045182720467835502e-01,8.821209460332620766e-01,1.488618973897089575e+02,1.000000000000000000e+00,0.000000000000000000e+00,8.821166158830264781e-01
3.699999999999998845e+00,2.042041937312961131e-01,8.790222618810868971e-01,1.482139843568026834e+02,1.000000000000000000e+00,0.000000000000000000e+00,8.790179615539316371e-01
3.800000000000018030e+00,2.038916987327114294e-01,8.759330711798583025e-01,1.475705905809778073e+02,1.000000000000000000e+00,0.000000000000000000e+00,8.759288004309578879e-01
3.900000000000011902e+00,2.035807778937709644e-01,8.728533116338288433e-01,1.469316400554210134e+02,1.000000000000000000e+00,0.000000000000000000e+00,8.728490702209036334e-01
4.000000000000005329e+00,2.032714221340520266e-01,8.697829214418431043e-01,1.462970584897563526e+02,1.000000000000000000e+00,0.000000000000000000e+00,8.697787091249001845e-01
4.099999999999999645e+00,2.029636224491922769e-01,8.667218392918277781e-01,1.456667732612925761e+02,1.000000000000000000e+00,0.000000000000000000e+00,8.667176558333311576e-01
4.200000000000018829e+00,2.026573699101239801e-01,8.636700043556244655e-01,1.450407133679473191e+02,1.000000000000000000e+00,0.000000000000000000e+00,8.636658495208080488e-01
4.300000000000012257e+00,2.023526556623174710e-01,8.606273562847980285e-01,1.444188093827827402e+02,1.000000000000000000e+00,0.000000000000000000e+00,8.606232298412122006e-01
4.400000000000006573e+00,2.020494709250334475e-01,8.575938352053168456e-01,1.438009934100855673e+02,1.000000000000000000e+00,0.000000000000000000e+00,8.575897369227903910e-01
4.500000000000000000e+00,2.017478069905850602e-01,8.545693817127059111e-01,1.431871990429325479e+02,1.000000000000000000e+00,0.000000000000000000e+00,8.545653113633134845e-01
4.600000000000019185e+00,2.014476552236082740e-01,8.515539368669382547e-01,1.425773613221803942e+02,1.000000000000000000e+00,0.000000000000000000e+00,8.515498942252941461e-01
4.700000000000012612e+00,2.011490070603420000e-01,8.485474421880884188e-01,1.419714166968259121e+02,1.000000000000000000e+00,0.000000000000000000e+00,8.485434270312615102e-01
4.800000000000006928e+00,2.008518540079157477e-01,8.455646058226566897e-01,1.413693029856798375e+02,1.000000000000000000e+00,0.000000000000000000e+00,8.455458517590894729e-01
4.900000000000000355e+00,2.005561772910073315e-01,8.425974424841898847e-01,1.407521437332707990e+02,1.000000000000000000e+00,0.000000000000000000e+00,8.426003597656310795e-01
5.000000000000019540e+00,2.002619741825746036e-01,8.396242036849508317e-01,1.401304442366818535e+02,1.000000000000000000e+00,0.000000000000000000e+00,8.396202692786557398e-01
5.100000000000013856e+00,1.999692412128865060e-01,8.366528079401254203e-01,1.395129507536680649e+02,1.000000000000000000e+00,0.000000000000000000e+00,8.366489001516835833e-01
5.200000000000007283e+00,1.996779701648817573e-01,8.336900775148137210e-01,1.388995940609917170e+02,1.000000000000000000e+00,0.000000000000000000e+00,8.336861961320801706e-01
5.300000000000000711e+00,1.993881528889664134e-01,8.307359565871500484e-01,1.382903064698934088e+02,1.000000000000000000e+00,0.000000000000000000e+00,8.307321014000982329e-01
5.400000000000019895e+00,1.990997813023511753e-01,8.277903897635857655e-01,1.376850217833269028e+02,1.000000000000000000e+00,0.000000000000000000e+00,8.277865605645291502e-01
5.500000000000014211e+00,1.988128473883981340e-01,8.248533220749755257e-01,1.370836752546392461e+02,1.000000000000000000e+00,0.000000000000000000e+00,8.248495186584124950e-01
5.600000000000007638e+00,1.985273431959735102e-01,8.219246989726135544e-01,1.364862035476366202e+02,1.000000000000000000e+00,0.000000000000000000e+00,8.219209211347862087e-01
5.700000000000001954e+00,1.982432608388096928e-01,8.190044663233256861e-01,1.358925446979847607e+02,1.000000000000000000e+00,0.000000000000000000e+00,8.190007138624967320e-01
5.800000000000021139e+00,1.979605924948737439e-01,8.160925704052283125e-01,1.353026380758890070e+02,1.000000000000000000e+00,0.000000000000000000e+00,8.160888431220529871e-01
5.900000000000014566e+00,1.976793304057445633e-01,8.131889579044790928e-01,1.347164243500059513e+02,1.000000000000000000e+00,0.000000000000000000e+00,8.131852556015327638e-01
6.000000000000008882e+00,1.973994668759956606e-01,8.102935759111088432e-01,1.341338454525363773e+02,1.000000000000000000e+00,0.000000000000000000e+00,8.102898983925297394e-01
6.100000000000002309e+00,1.971209942725870579e-01,8.074063719138763195e-01,1.335548445454579394e+02,1.000000000000000000e+00,0.000000000000000000e+00,8.074027189861574527e-01
6.199999999999995737e+00,1.968439050242632993e-01,8.045272937977852035e-01,1.329793659878504002e+02,1.000000000000000000e+00,0.000000000000000000e+00,8.045236652690924695e-01
6.300000000000014921e+00,1.965681916209585933e-01,8.016562898390305891e-01,1.324073553042738638e+02,1.000000000000000000e+00,0.000000000000000000e+00,8.016526855196668411e-01
6.400000000000009237e+00,1.962938466132096715e-01,7.987933087017657918e-01,1.318387591541602433e+02,1.000000000000000000e+00,0.000000000000000000e+00,7.987897284040086365e-01
6.500000000000002665e+00,1.960208626115743646e-01,7.959408097403537496e-01,1.312735253021777737e+02,1.000000000000000000e+00,0.000000000000000000e+00,7.959347429722176681e-01
6.599999999999996980e+00,1.957492305684015721e-01,7.931148328532438008e-01,1.307088487327458211e+02,1.000000000000000000e+00,0.000000000000000000e+00,7.931300037001198788e-01
6.700000000000016165e+00,1.954789322299553822e-01,7.902942031896876829e-01,1.301272600554432017e+02,1.000000000000000000e+00,0.000000000000000000e+00,7.902906934990393539e-01
6.800000000000009592e+00,1.952099731630571877e-01,7.874626915371509828e-01,1.295493418121597529e+02,1.000000000000000000e+00,0.000000000000000000e+00,7.874592051374000867e-01
6.900000000000003020e+00,1.949423462119685702e-01,7.846389524461978571e-01,1.289750362561009354e+02,1.000000000000000000e+00,0.000000000000000000e+00,7.846354891584288449e-01
6.999999999999997335e+00,1.946760442781757527e-01,7.818229368238800436e-01,1.284042868685066594e+02,1.000000000000000000e+00,0.000000000000000000e+00,7.818194964709448413e-01
7.100000000000016520e+00,1.944110603198477838e-01,7.790145959391555630e-01,1.278370383258700258e+02,1.000000000000000000e+00,0.000000000000000000e+00,7.790111783457920325e-01
7.200000000000009948e+00,1.941473873513017978e-01,7.762138814197088177e-01,1.272732364682176041e+02,1.000000000000000000e+00,0.000000000000000000e+00,7.762104864123227088e-01
7.300000000000004263e+00,1.938850184424734113e-01,7.734207452483260470e-01,1.267128282684092540e+02,1.000000000000000000e+00,0.000000000000000000e+00,7.734173726549110617e-01
7.399999999999997691e+00,1.936239467183943630e-01,7.706351397593093067e-01,1.261557618024214094e+02,1.000000000000000000e+00,0.000000000000000000e+00,7.706317894095137122e-01
7.500000000000016875e+00,1.933641653586751219e-01,7.678570176350231202e-01,1.256019862205748723e+02,1.000000000000000000e+00,0.000000000000000000e+00,7.678536893602654345e-01
7.600000000000010303e+00,1.931056675969945180e-01,7.650863319026921516e-01,1.250514517196733379e+02,1.000000000000000000e+00,0.000000000000000000e+00,7.650830255361186216e-01
7.700000000000004619e+00,1.928484467205940356e-01,7.623230359313419857e-01,1.245041095160168538e+02,1.000000000000000000e+00,0.000000000000000000e+00,7.623197513075118392e-01
7.799999999999998046e+00,1.925924960697789068e-01,7.595670834278847039e-01,1.239599118192603271e+02,1.000000000000000000e+00,0.000000000000000000e+00,7.595638203830848978e-01
7.900000000000017231e+00,1.923378090374243121e-01,7.568184284343780766e-01,1.234188118070844951e+02,1.000000000000000000e+00,0.000000000000000000e+00,7.568151868064254550e-01
8.000000000000010658e+00,1.920843790684874652e-01,7.540770253245647758e-01,1.228807636006502833e+02,1.000000000000000000e+00,0.000000000000000000e+00,7.540738049528559195e-01
8.100000000000004974e+00,1.918321996595251655e-01,7.513428288006803735e-01,1.223457222408072198e+02,1.000000000000000000e+00,0.000000000000000000e+00,7.513396295262522173e-01
8.199999999999999289e+00,1.915812643582169295e-01,7.486157938906639053e-01,1.218136436650303267e+02,1.000000000000000000e+00,0.000000000000000000e+00,7.486126155559016393e-01
8.300000000000018474e+00,1.913315667628932015e-01,7.458958759445261100e-01,1.212844846850577341e+02,1.000000000000000000e+00,0.000000000000000000e+00,7.458927183933935501e-01
8.400000000000011013e+00,1.910831005220695877e-01,7.431928950792077160e-01,1.207582029652055553e+02,1.000000000000000000e+00,0.000000000000000000e+00,7.431798937095489554e-01
8.500000000000005329e+00,1.908358527543412009e-01,7.405097188126706920e-01,1.202255748455052640e+02,1.000000000000000000e+00,0.000000000000000000e+00,7.405194440641551523e-01
8.599999999999999645e+00,1.905898153102671133e-01,7.378236122245069861e-01,1.196841310154172220e+02,1.000000000000000000e+00,0.000000000000000000e+00,7.378205157635595590e-01
8.700000000000018829e+00,1.903449905401241316e-01,7.351316058487301630e-01,1.191458489644203098e+02,1.000000000000000000e+00,0.000000000000000000e+00,7.351285295647880247e-01
8.800000000000013145e+00,1.901013722879356938e-01,7.324464986359651153e-01,1.186106814124251798e+02,1.000000000000000000e+00,0.000000000000000000e+00,7.324434423803894978e-01
8.900000000000005684e+00,1.898589544456631140e-01,7.297682478018973073e-01,1.180785820399719910e+02,1.000000000000000000e+00,0.000000000000000000e+00,7.297652114273245338e-01
9.000000000000000000e+00,1.896177309527700694e-01,7.270968108635970095e-01,1.175495054637839161e+02,1.000000000000000000e+00,0.000000000000000000e+00,7.270937942240945917e-01
9.100000000000019185e+00,1.893776957957918061e-01,7.244321456367176504e-01,1.170234072130743357e+02,1.000000000000000000e+00,0.000000000000000000e+00,7.244291485878950887e-01
9.200000000000013500e+00,1.891388430079092853e-01,7.217742102331240472e-01,1.165002437065822818e+02,1.000000000000000000e+00,0.000000000000000000e+00,7.217712326318062033e-01
9.300000000000006040e+00,1.889011666685276591e-01,7.191229630576139176e-01,1.159799722303074390e+02,1.000000000000000000e+00,0.000000000000000000e+00,7.191200047620072144e-01
9.400000000000000355e+00,1.886646609028601873e-01,7.164783628054480769e-01,1.154625509159226056e+02,1.000000000000000000e+00,0.000000000000000000e+00,7.164754236750282557e-01
9.500000000000019540e+00,1.884293198815158443e-01,7.138403684593129794e-01,1.149479387198370546e+02,1.000000000000000000e+00,0.000000000000000000e+00,7.138374483550263827e-01
9.600000000000013856e+00,1.881951378200926450e-01,7.112089392868891080e-01,1.144360954028891939e+02,1.000000000000000000e+00,0.000000000000000000e+00,7.112060380710983898e-01
9.700000000000008171e+00,1.879621089787741617e-01,7.085840348386157617e-01,1.139269815106450068e+02,1.000000000000000000e+00,0.000000000000000000e+00,7.085811523746126106e-01
9.800000000000000711e+00,1.877302276619315369e-01,7.059656149440840522e-01,1.134205583542824343e+02,1.000000000000000000e+00,0.000000000000000000e+00,7.059627510965786890e-01
9.900000000000019895e+00,1.874994882177294930e-01,7.033536397098476556e-01,1.129167879920405255e+02,1.000000000000000000e+00,0.000000000000000000e+00,7.033507943450425515e-01
1.000000000000001421e+01,1.872698850377368107e-01,7.007480695172666474e-01,1.124156332112138870e+02,1.000000000000000000e+00,0.000000000000000000e+00,7.007452425025103571e-01
1.010000000000000853e+01,1.870414125565406926e-01,6.981488650196211454e-01,1.119170575106729331e+02,1.000000000000000000e+00,0.000000000000000000e+00,6.981460562233953171e-01
1.020000000000000107e+01,1.868140652513659850e-01,6.955559871395921023e-01,1.114210250838933121e+02,1.000000000000000000e+00,0.000000000000000000e+00,6.955531964315009308e-01
1.030000000000002025e+01,1.865878376416979512e-01,6.929693970663975966e-01,1.109275008024759757e+02,1.000000000000000000e+00,0.000000000000000000e+00,6.929666243175230944e-01
1.040000000000001457e+01,1.863627242889100422e-01,6.904063003656918385e-01,1.104364502001418629e+02,1.000000000000000000e+00,0.000000000000000000e+00,6.903863013365854062e-01
1.050000000000000888e+01,1.861387085781061046e-01,6.878572313116324555e-01,1.099343063979241322e+02,1.000000000000000000e+00,0.000000000000000000e+00,6.878623477961247623e-01
1.060000000000000142e+01,1.859157913461678135e-01,6.852970084050289401e-01,1.094287474846441484e+02,1.000000000000000000e+00,0.000000000000000000e+00,6.852942884299522142e-01
1.070000000000002061e+01,1.856939723804052200e-01,6.827350673764333022e-01,1.089259350982795951e+02,1.000000000000000000e+00,0.000000000000000000e+00,6.827323648587820815e-01
1.080000000000001492e+01,1.854732464054341390e-01,6.801792247496043498e-01,1.084258301412709500e+02,1.000000000000000000e+00,0.000000000000000000e+00,6.801765395663375013e-01
1.090000000000000924e+01,1.852536081859603723e-01,6.776294432598192197e-01,1.079283942777796454e+02,1.000000000000000000e+00,0.000000000000000000e+00,6.776267752888608387e-01
1.100000000000000355e+01,1.850350525264303214e-01,6.750856858924579873e-01,1.074335899151448785e+02,1.000000000000000000e+00,0.000000000000000000e+00,6.750830350128016466e-01
1.109999999999999609e+01,1.848175742706859304e-01,6.725479158806996205e-01,1.069413801858872262e+02,1.000000000000000000e+00,0.000000000000000000e+00,6.725452819725263875e-01
1.120000000000001528e+01,1.846011683016228200e-01,6.700160967032716686e-01,1.064517289302410319e+02,1.000000000000000000e+00,0.000000000000000000e+00,6.700134796480505806e-01
1.130000000000000959e+01,1.843858295408526415e-01,6.674901920826412649e-01,1.059646006791978579e+02,1.000000000000000000e+00,0.000000000000000000e+00,6.674875917627995925e-01
1.140000000000000391e+01,1.841715529483682612e-01,6.649701659824882594e-01,1.054799606380419590e+02,1.000000000000000000e+00,0.000000000000000000e+00,6.649675822813858606e-01
1.149999999999999645e+01,1.839583335222135518e-01,6.624559826052328626e-01,1.049977746703626309e+02,1.000000000000000000e+00,0.000000000000000000e+00,6.624534154074158687e-01
1.160000000000001563e+01,1.837461662981559052e-01,6.599476063900965306e-01,1.045180092825263785e+02,1.000000000000000000e+00,0.000000000000000000e+00,6.599450555813172192e-01
1.170000000000000995e+01,1.835350463493629347e-01,6.574450020113121740e-01,1.040406316085936425e+02,1.000000000000000000e+00,0.000000000000000000e+00,6.574424674781902400e-01
1.180000000000000426e+01,1.833249687860817323e-01,6.549481343755760854e-01,1.035656093956643389e+02,1.000000000000000000e+00,0.000000000000000000e+00,6.549456160056769116e-01
1.189999999999999680e+01,1.831159287553227322e-01,6.524569686197320140e-01,1.030929109896393214e+02,1.000000000000000000e+00,0.000000000000000000e+00,6.524544663018593260e-01
1.200000000000001776e+01,1.829079214405459064e-01,6.499714701092618174e-01,1.026225053213826328e+02,1.000000000000000000e+00,0.000000000000000000e+00,6.499689837331737996e-01
1.210000000000001030e+01,1.827009420613509849e-01,6.474916044359311229e-01,1.021543618932724513e+02,1.000000000000000000e+00,0.000000000000000000e+00,6.474891338923524087e-01
1.220000000000000462e+01,1.824949858731704788e-01,6.450173374157647244e-01,1.016884507661260812e+02,1.000000000000000000e+00,0.000000000000000000e+00,6.450148825963777366e-01
1.229999999999999893e+01,1.822900481669664507e-01,6.425486350869605845e-01,1.012247425464891251e+02,1.000000000000000000e+00,0.000000000000000000e+00,6.425461958844669308e-01
1.240000000000001812e+01,1.820861242689300608e-01,6.400863543693046109e-01,1.007632083742749245e+02,1.000000000000000000e+00,0.000000000000000000e+00,6.400830400160721911e-01
1.250000000000001066e+01,1.818832089740799185e-01,6.376563897566251971e-01,1.003032301447304064e+02,1.000000000000000000e+00,0.000000000000000000e+00,6.376809194431428685e-01
1.260000000000000497e+01,1.816812812198350391e-01,6.352309949986051363e-01,9.982777297592060961e+01,1.000000000000000000e+00,0.000000000000000000e+00,6.352286016678900804e-01
1.269999999999999929e+01,1.814803535385742517e-01,6.327840936936072191e-01,9.935475320522955656e+01,1.000000000000000000e+00,0.000000000000000000e+00,6.327817155625033996e-01
1.280000000000001847e+01,1.812804213938128406e-01,6.303425912769935469e-01,9.888413759134222403e+01,1.000000000000000000e+00,0.000000000000000000e+00,6.303402282430112802e-01
1.290000000000001101e+01,1.810814802828466796e-01,6.279064550744312134e-01,9.841589351900773863e+01,1.000000000000000000e+00,0.000000000000000000e+00,6.279041070360327215e-01
1.300000000000000533e+01,1.808835257364701521e-01,6.254756526204147127e-01,9.794998898433732393e+01,1.000000000000000000e+00,0.000000000000000000e+00,6.254733194768931082e-01
1.309999999999999964e+01,1.806865533186975403e-01,6.230501516563189401e-01,9.748639258052180878e+01,1.000000000000000000e+00,0.000000000000000000e+00,6.230478333077672515e-01
1.320000000000001883e+01,1.804905586264868855e-01,6.206299201284013467e-01,9.702507348395378983e+01,1.000000000000000000e+00,0.000000000000000000e+00,6.206276164758359748e-01
1.330000000000001315e+01,1.802955372894672892e-01,6.182149261859772871e-01,9.656600144074184300e+01,1.000000000000000000e+00,0.000000000000000000e+00,6.182126371314663471e-01
1.340000000000000568e+01,1.801014849696685183e-01,6.158051381799463098e-01,9.610914675360217529e+01,1.000000000000000000e+00,0.000000000000000000e+00,6.158028636264041289e-01
1.350000000000000000e+01,1.799083973612537746e-01,6.134005246610111373e-01,9.565448026911725776e+01,1.000000000000000000e+00,0.000000000000000000e+00,6.133982645119883115e-01
1.360000000000001918e+01,1.797162701902549065e-01,6.110010543772773639e-01,9.520197336534813815e+01,1.000000000000000000e+00,0.000000000000000000e+00,6.109988085373833089e-01
1.370000000000001350e+01,1.795250992143111179e-01,6.086066962730020125e-01,9.475159793978966150e+01,1.000000000000000000e+00,0.000000000000000000e+00,6.086044646478300235e-01
1.380000000000000604e+01,1.793348802224093430e-01,6.062174194871723376e-01,9.430332639765592262e+01,1.000000000000000000e+00,0.000000000000000000e+00,6.062152019829100125e-01
1.390000000000000036e+01,1.791456090346281727e-01,6.038331933512017802e-01,9.385713164048765123e+01,1.000000000000000000e+00,0.000000000000000000e+00,6.038309898748309701e-01
1.400000000000001954e+01,1.789572815018839469e-01,6.014539873872506437e-01,9.341298705506908107e+01,1.000000000000000000e+00,0.000000000000000000e+00,6.014517978467290860e-01
1.410000000000001386e+01,1.787698935056799554e-01,5.990797713067739227e-01,9.297086650264603236e+01,1.000000000000000000e+00,0.000000000000000000e+00,5.990775956109878342e-01
1.420000000000000817e+01,1.785834409578576087e-01,5.967105150091700505e-01,9.253074430843358300e+01,1.000000000000000000e+00,0.000000000000000000e+00,5.967083530675708625e-01
1.430000000000000071e+01,1.783979198003506073e-01,5.943461885795024990e-01,9.209259525140652158e+01,1.000000000000000000e+00,0.000000000000000000e+00,5.943440403023754204e-01
1.440000000000001990e+01,1.782133260049416079e-01,5.919867622870749191e-01,9.165639455436199512e+01,1.000000000000000000e+00,0.000000000000000000e+00,5.919846275856001094e-01
1.450000000000001421e+01,1.780296555730213059e-01,5.896322065839305626e-01,9.122211787424667762e+01,1.000000000000000000e+00,0.000000000000000000e+00,5.896300853701293976e-01
1.460000000000000853e+01,1.778469045353500144e-01,5.873029857492237937e-01,9.078974129273930771e+01,1.000000000000000000e+00,0.000000000000000000e+00,5.872803842899328997e-01
1.470000000000000107e+01,1.776650562293086710e-01,5.849890102638592992e-01,9.034799415724893379e+01,1.000000000000000000e+00,0.000000000000000000e+00,5.849973911700411255e-01
1.480000000000002025e+01,1.774841130477908813e-01,5.826592405935545615e-01,8.990263820167996300e+01,1.000000000000000000e+00,0.000000000000000000e+00,5.826571589734753642e-01
1.490000000000001457e+01,1.773040776043394995e-01,5.803237501191570447e-01,8.945943187490050263e+01,1.000000000000000000e+00,0.000000000000000000e+00,5.803216816444028980e-01
1.500000000000000888e+01,1.771249460442133328e-01,5.779929859346105703e-01,8.901834720638795773e+01,1.000000000000000000e+00,0.000000000000000000e+00,5.779909305208469350e-01
1.510000000000000142e+01,1.769467145408900322e-01,5.756669195505641490e-01,8.857935673419069644e+01,1.000000000000000000e+00,0.000000000000000000e+00,5.756648771141901211e-01
1.520000000000002061e+01,1.767693792958419663e-01,5.733455226494004187e-01,8.814243349342926592e+01,1.000000000000000000e+00,0.000000000000000000e+00,5.733434931076641927e-01
1.530000000000001492e+01,1.765929365383143157e-01,5.710287670839960805e-01,8.770755100511425439e+01,1.000000000000000000e+00,0.000000000000000000e+00,5.710267503548585033e-01
1.540000000000000924e+01,1.764173825251053318e-01,5.687166248761459375e-01,8.727468326526874876e+01,1.000000000000000000e+00,0.000000000000000000e+00,5.687146208782372092e-01
1.550000000000000355e+01,1.762427135403489831e-01,5.664090682150503264e-01,8.684380473434684689e+01,1.000000000000000000e+00,0.000000000000000000e+00,5.664070768676759959e-01
1.559999999999999609e+01,1.760689258952996827e-01,5.641060694558700517e-01,8.641489032693856132e+01,1.000000000000000000e+00,0.000000000000000000e+00,5.641040906790116827e-01
1.570000000000001528e+01,1.758960159281193203e-01,5.618076011180793694e-01,8.598791540175135140e+01,1.000000000000000000e+00,0.000000000000000000e+00,5.618056348326034843e-01
1.580000000000000959e+01,1.757239800036664579e-01,5.595136358845188562e-01,8.556285575186088010e+01,1.000000000000000000e+00,0.000000000000000000e+00,5.595116820119134804e-01
1.590000000000000391e+01,1.755528145132873585e-01,5.572241465997980203e-01,8.513968759522030894e+01,1.000000000000000000e+00,0.000000000000000000e+00,5.572222050620919687e-01
1.599999999999999645e+01,1.753825158746095403e-01,5.549391062686760412e-01,8.471838756542270232e+01,1.000000000000000000e+00,0.000000000000000000e+00,5.549371769885858008e-01
1.610000000000001563e+01,1.752130805313371342e-01,5.526584880546048240e-01,8.429893270270657979e+01,1.000000000000000000e+00,0.000000000000000000e+00,5.526565709557533790e-01
1.620000000000000995e+01,1.750445049530486297e-01,5.503822652789791547e-01,8.388130044519839146e+01,1.000000000000000000e+00,0.000000000000000000e+00,5.503803602854983046e-01
1.630000000000000426e+01,1.748767856349959515e-01,5.481104114193759980e-01,8.346546862038312042e+01,1.000000000000000000e+00,0.000000000000000000e+00,5.481085184559087997e-01
1.639999999999999858e+01,1.747099190979065075e-01,5.458429001077711451e-01,8.305141543679796712e+01,1.000000000000000000e+00,0.000000000000000000e+00,5.458410190999176681e-01
1.650000000000001776e+01,1.745439018877865400e-01,5.435797051301078930e-01,8.263911947594047547e+01,1.000000000000000000e+00,0.000000000000000000e+00,5.435778360039700274e-01
1.660000000000001208e+01,1.743787305757265871e-01,5.413208004244863814e-01,8.222855968438607022e+01,1.000000000000000000e+00,0.000000000000000000e+00,5.413189431067065849e-01
1.670000000000000284e+01,1.742144017577090531e-01,5.390661600796112785e-01,8.181971536610691942e+01,1.000000000000000000e+00,0.000000000000000000e+00,5.390643144976563494e-01
1.679999999999999716e+01,1.740509120544176946e-01,5.368445639837351457e-01,8.141256617498798676e+01,1.000000000000000000e+00,0.000000000000000000e+00,5.368139244159439993e-01
1.690000000000001634e+01,1.738882406101100730e-01,5.346331995549520322e-01,8.099402654838478099e+01,1.000000000000000000e+00,0.000000000000000000e+00,5.346374177303326869e-01
1.700000000000001066e+01,1.737263980073712188e-01,5.323971095538445608e-01,8.057468787710327263e+01,1.000000000000000000e+00,0.000000000000000000e+00,5.323952983929676197e-01
1.710000000000000497e+01,1.735653846059214689e-01,5.301591416762780895e-01,8.015728446566670584e+01,1.000000000000000000e+00,0.000000000000000000e+00,5.301573419690209787e-01
1.719999999999999929e+01,1.734051971227358047e-01,5.279253116020757863e-01,7.974179213339169792e+01,1.000000000000000000e+00,0.000000000000000000e+00,5.279235232788408450e-01
1.730000000000001847e+01,1.732458322985703236e-01,5.256955942943345450e-01,7.932818712749987355e+01,1.000000000000000000e+00,0.000000000000000000e+00,5.256938172861215230e-01
1.740000000000001279e+01,1.730872868977831325e-01,5.234699648581261355e-01,7.891644611372491624e+01,1.000000000000000000e+00,0.000000000000000000e+00,5.234681990966835174e-01
1.750000000000000711e+01,1.729295577081562674e-01,5.212483985397796671e-01,7.850654616716904854e+01,1.000000000000000000e+00,0.000000000000000000e+00,5.212466439572592813e-01
1.759999999999999787e+01,1.727726415407198346e-01,5.190308707251909404e-01,7.809846476340290167e+01,1.000000000000000000e+00,0.000000000000000000e+00,5.190291272542946199e-01
1.770000000000001705e+01,1.726165352295777333e-01,5.168173569386295130e-01,7.769217976980009155e+01,1.000000000000000000e+00,0.000000000000000000e+00,5.168156245127586423e-01
1.780000000000001137e+01,1.724612356317352657e-01,5.146078328417711401e-01,7.728766943710029125e+01,1.000000000000000000e+00,0.000000000000000000e+00,5.146061113949687016e-01
1.790000000000000568e+01,1.723067396269281626e-01,5.124022742327251079e-01,7.688491239119176157e+01,1.000000000000000000e+00,0.000000000000000000e+00,5.124005636994195534e-01
1.800000000000000000e+01,1.721530441174534687e-01,5.102006570444586053e-01,7.648388762510900563e+01,1.000000000000000000e+00,0.000000000000000000e+00,5.101989573596283911e-01
1.810000000000001918e+01,1.720001460280021766e-01,5.080029573436759538e-01,7.608457449123726235e+01,1.000000000000000000e+00,0.000000000000000000e+00,5.080012684429892067e-01
1.820000000000001350e+01,1.718480423054934147e-01,5.058091513299265429e-01,7.568695269371876577e+01,1.000000000000000000e+00,0.000000000000000000e+00,5.058074731496386978e-01
1.830000000000000782e+01,1.716967299189102181e-01,5.036192153344802858e-01,7.529100228105268400e+01,1.000000000000000000e+00,0.000000000000000000e+00,5.036175478113283921e-01
1.840000000000000213e+01,1.715462058591369632e-01,5.014331258192470386e-01,7.489670363888566840e+01,1.000000000000000000e+00,0.000000000000000000e+00,5.014314688903125372e-01
1.850000000000002132e+01,1.713964671387983307e-01,4.992508593751381896e-01,7.450403748298484174e+01,1.000000000000000000e+00,0.000000000000000000e+00,4.992492129782412080e-01
1.860000000000001208e+01,1.712475107921002382e-01,4.970723927214910631e-01,7.411298485238957312e+01,1.000000000000000000e+00,0.000000000000000000e+00,4.970707567950697348e-01
1.870000000000000639e+01,1.710993338746716330e-01,4.948977027051736366e-01,7.372352710273479204e+01,1.000000000000000000e+00,0.000000000000000000e+00,4.948960771879692411e-01
1.880000000000000071e+01,1.709519334634084231e-01,4.927267662988506491e-01,7.333564589974307069e+01,1.000000000000000000e+00,0.000000000000000000e+00,4.927251511302550568e-01
1.890000000000001990e+01,1.708053066563187394e-01,4.905595606003190778e-01,7.294932321287832622e+01,1.000000000000000000e+00,0.000000000000000000e+00,4.905579557203197938e-01
1.900000000000001421e+01,1.706594505723696698e-01,4.884266573501797604e-01,7.256454130915840040e+01,1.000000000000000000e+00,0.000000000000000000e+00,4.883944681805806320e-01
1.910000000000000853e+01,1.705143441257566117e-01,4.863059278117950468e-01,7.216987047303130964e+01,1.000000000000000000e+00,0.000000000000000000e+00,4.863128599479423775e-01
1.920000000000000284e+01,1.703699977120368692e-01,4.841581627207518501e-01,7.177379205051990141e+01,1.000000000000000000e+00,0.000000000000000000e+00,4.841565879852718357e-01
1.930000000000002203e+01,1.702264135808683465e-01,4.820055217840022443e-01,7.137948463529734511e+01,1.000000000000000000e+00,0.000000000000000000e+00,4.820039571037326720e-01
1.940000000000001634e+01,1.700835889329025130e-01,4.798564996897522472e-01,7.098692685866200236e+01,1.000000000000000000e+00,0.000000000000000000e+00,4.798549450071387668e-01
1.950000000000000711e+01,1.699415209890104139e-01,4.777110742604318006e-01,7.059609772245136128e+01,1.000000000000000000e+00,0.000000000000000000e+00,4.777095295182230972e-01
1.960000000000000142e+01,1.698002069901380362e-01,4.755692234361239557e-01,7.020697659108806477e+01,1.000000000000000000e+00,0.000000000000000000e+00,4.755676885776403684e-01
1.970000000000002061e+01,1.696596441971634506e-01,4.734309252737917695e-01,6.981954318383316149e+01,1.000000000000000000e+00,0.000000000000000000e+00,4.734294002429738080e-01
1.980000000000001492e+01,1.695198298907548418e-01,4.712961579466067308e-01,6.943377756724100891e+01,1.000000000000000000e+00,0.000000000000000000e+00,4.712946426877547834e-01
1.990000000000000924e+01,1.693807613712302318e-01,4.691648997425810208e-01,6.904966014780842443e+01,1.000000000000000000e+00,0.000000000000000000e+00,4.691633942004847513e-01
2.000000000000000355e+01,1.692424359584184801e-01,4.670371290638621886e-01,6.866717166481372203e+01,1.000000000000000000e+00,0.000000000000000000e+00,4.670356331836719166e-01
2.010000000000002274e+01,1.691048509915215603e-01,4.649128244254256415e-01,6.828629318333888421e+01,1.000000000000000000e+00,0.000000000000000000e+00,4.649113381528732769e-01
2.020000000000001705e+01,1.689680038289784469e-01,4.627919644543848632e-01,6.790700608747002320e+01,1.000000000000000000e+00,0.000000000000000000e+00,4.627904877357476021e-01
2.030000000000000782e+01,1.688318918483298903e-01,4.606745278892647177e-01,6.752929207366953790e+01,1.000000000000000000e+00,0.000000000000000000e+00,4.606730606711120224e-01
2.040000000000000213e+01,1.686965124460848009e-01,4.585604935786719571e-01,6.715313314431668346e+01,1.000000000000000000e+00,0.000000000000000000e+00,4.585590358080111617e-01
2.049999999999999645e+01,1.685618630375878557e-01,4.564498404804452347e-01,6.677851160141023001e+01,1.000000000000000000e+00,0.000000000000000000e+00,4.564483921047929327e-01
2.060000000000001563e+01,1.684279410568884083e-01,4.543425476607670932e-01,6.640541004042852080e+01,1.000000000000000000e+00,0.000000000000000000e+00,4.543411086281922695e-01
2.070000000000000995e+01,1.682947439566106207e-01,4.522385942935244763e-01,6.603381134434334854e+01,1.000000000000000000e+00,0.000000000000000000e+00,4.522371645524238537e-01
2.080000000000000426e+01,1.681622692078247328e-01,4.501379596591129073e-01,6.566369867778126945e+01,1.000000000000000000e+00,0.000000000000000000e+00,4.501365391582792252e-01
2.089999999999999858e+01,1.680305142999198587e-01,4.480406231435822284e-01,6.529505548133022330e+01,1.000000000000000000e+00,0.000000000000000000e+00,4.480392118322363837e-01
2.100000000000001776e+01,1.678994767404776989e-01,4.459465642376995720e-01,6.492786546598546238e+01,1.000000000000000000e+00,0.000000000000000000e+00,4.459451620655732751e-01
2.110000000000001208e+01,1.677691540551478067e-01,4.438557625361192471e-01,6.456211260773223160e+01,1.000000000000000000e+00,0.000000000000000000e+00,4.438543694534928252e-01
2.120000000000000284e+01,1.676395437875236871e-01,4.417964282725053149e-01,6.419778114225941579e+01,1.000000000000000000e+00,0.000000000000000000e+00,4.417668136942496937e-01
2.129999999999999716e+01,1.675106269792899782e-01,4.397562798418844787e-01,6.382625663906045332e+01,1.000000000000000000e+00,0.000000000000000000e+00,4.397709223688386904e-01
2.140000000000001634e+01,1.673824084425457048e-01,4.376910109696620088e-01,6.345147810852785852e+01,1.000000000000000000e+00,0.000000000000000000e+00,4.376896444812911624e-01
2.150000000000001066e+01,1.672548951393801053e-01,4.356129015904545154e-01,6.307834349637870019e+01,1.000000000000000000e+00,0.000000000000000000e+00,4.356115439982657933e-01
2.160000000000000497e+01,1.671280846832878808e-01,4.335379497613874311e-01,6.270683353873737786e+01,1.000000000000000000e+00,0.000000000000000000e+00,4.335366010174645512e-01
2.169999999999999929e+01,1.670019747051111336e-01,4.314661356785666757e-01,6.233692930116453823e+01,1.000000000000000000e+00,0.000000000000000000e+00,4.314647957354394991e-01
2.180000000000001847e+01,1.668765628529225165e-01,4.293974396361112666e-01,6.196861217169519165e+01,1.000000000000000000e+00,0.000000000000000000e+00,4.293961084467642353e-01
2.190000000000001279e+01,1.667518467919095748e-01,4.273318420252480432e-01,6.160186385405643250e+01,1.000000000000000000e+00,0.000000000000000000e+00,4.273305195432163250e-01
2.200000000000000711e+01,1.666278242042601720e-01,4.252693233338997736e-01,6.123666636105797068e+01,1.000000000000000000e+00,0.000000000000000000e+00,4.252680095129613425e-01
2.209999999999999787e+01,1.665044927890488025e-01,4.232098641456711330e-01,6.087300200815199247e+01,1.000000000000000000e+00,0.000000000000000000e+00,4.232085589397482916e-01
2.220000000000001705e+01,1.663818502621243201e-01,4.211534451383717736e-01,6.051085340715592054e+01,1.000000000000000000e+00,0.000000000000000000e+00,4.211521485021093580e-01
2.230000000000001137e+01,1.662598943559988052e-01,4.191000470840839931e-01,6.015020346013420749e+01,1.000000000000000000e+00,0.000000000000000000e+00,4.190987589725699847e-01
2.240000000000000568e+01,1.661386228197369308e-01,4.170496508483922393e-01,5.979103535343305964e+01,1.000000000000000000e+00,0.000000000000000000e+00,4.170483712168580603e-01
2.250000000000000000e+01,1.660180334188469387e-01,4.150022373891017469e-01,5.943333255186546182e+01,1.000000000000000000e+00,0.000000000000000000e+00,4.150009661931275962e-01
2.260000000000001918e+01,1.658981239351723924e-01,4.129577877555019594e-01,5.907707879304057741e+01,1.000000000000000000e+00,0.000000000000000000e+00,4.129565249511837899e-01
2.270000000000001350e+01,1.657788921667852078e-01,4.109162830878879125e-01,5.872225808183417683e+01,1.000000000000000000e+00,0.000000000000000000e+00,4.109150286317184708e-01
2.280000000000000782e+01,1.656603359278792931e-01,4.088777046167192952e-01,5.836885468499511376e+01,1.000000000000000000e+00,0.000000000000000000e+00,4.088764584655463774e-01
2.290000000000000213e+01,1.655424530486656609e-01,4.068420336618933097e-01,5.801685312588499954e+01,1.000000000000000000e+00,0.000000000000000000e+00,4.068407957728530366e-01
2.300000000000002132e+01,1.654252413752680673e-01,4.048092516319908296e-01,5.766623817934641494e+01,1.000000000000000000e+00,0.000000000000000000e+00,4.048080219624455300e-01
2.310000000000001208e+01,1.653086987696201215e-01,4.027793400230127996e-01,5.731699486669666754e+01,1.000000000000000000e+00,0.000000000000000000e+00,4.027781185310124190e-01
2.320000000000000639e+01,1.651928231093632016e-01,4.007522804185790766e-01,5.696910845084208574e+01,1.000000000000000000e+00,0.000000000000000000e+00,4.007510670623848359e-01
2.330000000000000071e+01,1.650776122877449792e-01,3.987280544887085720e-01,5.662256443151161989e+01,1.000000000000000000e+00,0.000000000000000000e+00,3.987268492268082332e-01
2.340000000000001990e+01,1.649630642135195557e-01,3.967301725220818698e-01,5.627734854060432923e+01,1.000000000000000000e+00,0.000000000000000000e+00,3.967054467802178519e-01
2.350000000000001421e+01,1.648491632624192738e-01,3.947619472487849945e-01,5.592765000367900541e+01,1.000000000000000000e+00,0.000000000000000000e+00,3.947876909903609288e-01
2.360000000000000853e+01,1.647359055039432363e-01,3.927729080405192863e-01,5.557282169701603181e+01,1.000000000000000000e+00,0.000000000000000000e+00,3.927717264191199487e-01
2.370000000000000284e+01,1.646233043903929383e-01,3.907596975963955610e-01,5.521953799008848307e+01,1.000000000000000000e+00,0.000000000000000000e+00,3.907585239091179163e-01
2.380000000000002203e+01,1.645113578908813656e-01,3.887492313405993549e-01,5.486778120088572308e+01,1.000000000000000000e+00,0.000000000000000000e+00,3.887480655477986713e-01
2.390000000000001634e+01,1.644000639895453475e-01,3.867414914424122108e-01,5.451753394749009374e+01,1.000000000000000000e+00,0.000000000000000000e+00,3.867403335047989721e-01
2.400000000000000711e+01,1.642894206854506323e-01,3.847364601527848427e-01,5.416877914179491427e+01,1.000000000000000000e+00,0.000000000000000000e+00,3.847353100312537744e-01
2.410000000000000142e+01,1.641794259924983235e-01,3.827341198033906711e-01,5.382149998338376662e+01,1.000000000000000000e+00,0.000000000000000000e+00,3.827329774591137768e-01
2.420000000000002061e+01,1.640700779393318987e-01,3.807344528057026722e-01,5.347567995356493498e+01,1.000000000000000000e+00,0.000000000000000000e+00,3.807333182004657979e-01
2.430000000000001492e+01,1.639613745692455604e-01,3.787374416510620456e-01,5.313130280955738272e+01,1.000000000000000000e+00,0.000000000000000000e+00,3.787363147468606472e-01
2.440000000000000924e+01,1.638533139400925875e-01,3.767430689097095442e-01,5.278835257882224141e+01,1.000000000000000000e+00,0.000000000000000000e+00,3.767419496686407188e-01
2.450000000000000355e+01,1.637458941241956012e-01,3.747513172294975603e-01,5.244681355353758789e+01,1.000000000000000000e+00,0.000000000000000000e+00,3.747502056142794635e-01
2.460000000000002274e+01,1.636391132082569977e-01,3.727621693361816702e-01,5.210667028521054789e+01,1.000000000000000000e+00,0.000000000000000000e+00,3.727610653097219728e-01
2.470000000000001705e+01,1.635329692932703805e-01,3.707756080322337500e-01,5.176790757942404753e+01,1.000000000000000000e+00,0.000000000000000000e+00,3.707745115577332773e-01
2.480000000000000782e+01,1.634274604944329912e-01,3.687916161962622730e-01,5.143051049071272729e+01,1.000000000000000000e+00,0.000000000000000000e+00,3.687905272372486998e-01
2.490000000000000213e+01,1.633225849410587793e-01,3.668101767823132575e-01,5.109446431756612839e+01,1.000000000000000000e+00,0.000000000000000000e+00,3.668090953027317025e-01
2.499999999999999645e+01,1.632183407764925265e-01,3.648312728196353438e-01,5.075975459755404273e+01,1.000000000000000000e+00,0.000000000000000000e+00,3.648301987835360638e-01
2.510000000000001563e+01,1.631147261580243313e-01,3.628548874114502776e-01,5.042636710257122701e+01,1.000000000000000000e+00,0.000000000000000000e+00,3.628538207832722740e-01
2.520000000000000995e+01,1.630117392568057044e-01,3.608810037345758226e-01,5.009428783419814124e+01,1.000000000000000000e+00,0.000000000000000000e+00,3.608799444791809252e-01
2.530000000000000426e+01,1.629093782577655247e-01,3.589096050391273884e-01,4.976350301917350549e+01,1.000000000000000000e+00,0.000000000000000000e+00,3.589085531215069902e-01
2.539999999999999858e+01,1.628076413595275496e-01,3.569406746473186010e-01,4.943399910497691252e+01,1.000000000000000000e+00,0.000000000000000000e+00,3.569396300328833704e-01
2.550000000000001776e+01,1.627065267743282861e-01,3.549741959533155300e-01,4.910576275551727576e+01,1.000000000000000000e+00,0.000000000000000000e+00,3.549731586077148893e-01
2.560000000000001208e+01,1.626060327279358064e-01,3.530296837176925551e-01,4.877878084692498106e+01,1.000000000000000000e+00,0.000000000000000000e+00,3.530091223115730537e-01
2.570000000000000284e+01,1.625061463735644751e-01,3.511260351402694102e-01,4.844919623298600442e+01,1.000000000000000000e+00,0.000000000000000000e+00,3.511635509576006564e-01
2.579999999999999716e+01,1.624068552689781342e-01,3.492052100218132060e-01,4.811343823000932929e+01,1.000000000000000000e+00,0.000000000000000000e+00,3.492041938563058556e-01
2.590000000000001634e+01,1.623081795408059247e-01,3.472482326952313625e-01,4.777914646046281888e+01,1.000000000000000000e+00,0.000000000000000000e+00,3.472472236660797962e-01
2.600000000000001066e+01,1.622101174674280000e-01,3.452936260527829648e-01,4.744630442735648757e+01,1.000000000000000000e+00,0.000000000000000000e+00,3.452926241270947716e-01
2.610000000000000497e+01,1.621126673403654461e-01,3.433413739025286682e-01,4.711489591335786287e+01,1.000000000000000000e+00,0.000000000000000000e+00,3.433403790477427275e-01
2.619999999999999929e+01,1.620158274642038154e-01,3.413914601203390520e-01,4.678490497496211731e+01,1.000000000000000000e+00,0.000000000000000000e+00,3.413904723040550038e-01
2.630000000000001847e+01,1.619195961565167985e-01,3.394438686491016433e-01,4.645631593681072502e+01,1.000000000000000000e+00,0.000000000000000000e+00,3.394428878391224091e-01
2.640000000000001279e+01,1.618239717477913397e-01,3.374985834978075916e-01,4.612911338615525381e+01,1.000000000000000000e+00,0.000000000000000000e+00,3.374976096625242894e-01
2.650000000000000711e+01,1.617289525813529472e-01,3.355555887418493199e-01,4.580328216746055148e+01,1.000000000000000000e+00,0.000000000000000000e+00,3.355546218497553190e-01
2.659999999999999787e+01,1.616345370132917514e-01,3.336148685219248455e-01,4.547880737714515931e+01,1.000000000000000000e+00,0.000000000000000000e+00,3.336139085416625627e-01
2.670000000000001705e+01,1.615407234123895364e-01,3.316764070432163258e-01,4.515567435845326116e+01,1.000000000000000000e+00,0.000000000000000000e+00,3.316754539438825922e-01
2.680000000000001137e+01,1.614475101600473528e-01,3.297401885754369100e-01,4.483386869645568851e+01,1.000000000000000000e+00,0.000000000000000000e+00,3.297392423262873740e-01
2.690000000000000568e+01,1.613548956502136034e-01,3.278061974517770816e-01,4.451337621317449589e+01,1.000000000000000000e+00,0.000000000000000000e+00,3.278052580224268819e-01
2.700000000000000000e+01,1.612628782893133217e-01,3.258744180687188630e-01,4.419418296282962899e+01,1.000000000000000000e+00,0.000000000000000000e+00,3.258734854289833116e-01
2.710000000000001918e+01,1.611714564961774232e-01,3.239448348853411486e-01,4.387627522720251960e+01,1.000000000000000000e+00,0.000000000000000000e+00,3.239439090052239623e-01
2.720000000000001350e+01,1.610806287019734273e-01,3.220174324224082674e-01,4.355963951111445454e+01,1.000000000000000000e+00,0.000000000000000000e+00,3.220165132724629453e-01
2.730000000000000782e+01,1.609903933501362627e-01,3.200921952628245637e-01,4.324426253801512132e+01,1.000000000000000000e+00,0.000000000000000000e+00,3.200912828135206167e-01
2.740000000000000213e+01,1.609007488962997667e-01,3.181691080500483326e-01,4.293013124567968930e+01,1.000000000000000000e+00,0.000000000000000000e+00,3.181682022721915026e-01
2.750000000000002132e+01,1.608116938082294056e-01,3.162481554878694978e-01,4.261723278201034049e+01,1.000000000000000000e+00,0.000000000000000000e+00,3.162472563527152780e-01
2.760000000000001208e+01,1.607232265657549120e-01,3.143293223403212377e-01,4.230555450094003334e+01,1.000000000000000000e+00,0.000000000000000000e+00,3.143284298192509096e-01
2.770000000000000639e+01,1.606353456607040597e-01,3.124125934306848373e-01,4.199508395843467667e+01,1.000000000000000000e+00,0.000000000000000000e+00,3.124117074953537965e-01
2.780000000000000071e+01,1.605480495968368559e-01,3.105186225331628691e-01,4.168580890859225008e+01,1.000000000000000000e+00,0.000000000000000000e+00,3.104970742634575176e-01
2.790000000000001990e+01,1.604613253065527989e-01,3.086722756725261974e-01,4.137451868674843780e+01,1.000000000000000000e+00,0.000000000000000000e+00,3.087170504496311030e-01
2.800000000000001421e+01,1.603751574122441181e-01,3.068072748036004826e-01,4.105750633119043158e+01,1.000000000000000000e+00,0.000000000000000000e+00,3.068064080075364464e-01
2.810000000000000853e+01,1.602895700205264895e-01,3.048986710066624028e-01,4.074189325003508344e+01,1.000000000000000000e+00,0.000000000000000000e+00,3.048978106871462201e-01
2.820000000000000284e+01,1.602045616814911089e-01,3.029920974675012202e-01,4.042766390408221611e+01,1.000000000000000000e+00,0.000000000000000000e+00,3.029912435973716733e-01
2.830000000000002203e+01,1.601201309568458797e-01,3.010875393511475151e-01,4.011480301875300114e+01,1.000000000000000000e+00,0.000000000000000000e+00,3.010866919034986822e-01
2.840000000000001634e+01,1.600362764198537402e-01,2.991849818784662607e-01,3.980329557858281930e+01,1.000000000000000000e+00,0.000000000000000000e+00,2.991841408266919800e-01
2.850000000000000711e+01,1.599529966552708793e-01,2.972844103259298376e-01,3.949312682185560419e+01,1.000000000000000000e+00,0.000000000000000000e+00,2.972835756434983323e-01
2.860000000000000142e+01,1.598702902592861186e-01,2.953858100246803398e-01,3.918428223537695487e+01,1.000000000000000000e+00,0.000000000000000000e+00,2.953849816853590937e-01
2.870000000000002061e+01,1.597881558394605717e-01,2.934891663602227085e-01,3.887674754938083765e+01,1.000000000000000000e+00,0.000000000000000000e+00,2.934883443381208767e-01
2.880000000000001492e+01,1.597065920146681084e-01,2.915944647721532834e-01,3.857050873256667245e+01,1.000000000000000000e+00,0.000000000000000000e+00,2.915936490415535487e-01
2.890000000000000924e+01,1.596255974150360690e-01,2.897016907535272523e-01,3.826555198726217100e+01,1.000000000000000000e+00,0.000000000000000000e+00,2.897008812888681173e-01
2.900000000000000355e+01,1.595451706818869775e-01,2.878108298502600193e-01,3.796186374470940450e+01,1.000000000000000000e+00,0.000000000000000000e+00,2.878100266262401119e-01
2.910000000000002274e+01,1.594653104676804767e-01,2.859218676607140908e-01,3.765943066046972376e+01,1.000000000000000000e+00,0.000000000000000000e+00,2.859210706523347967e-01
2.920000000000001705e+01,1.593860154359561521e-01,2.840347898353224876e-01,3.735823960994470383e+01,1.000000000000000000e+00,0.000000000000000000e+00,2.840339990178388230e-01
2.930000000000000782e+01,1.593072842612765494e-01,2.821495820762482953e-01,3.705827768400912703e+01,1.000000000000000000e+00,0.000000000000000000e+00,2.821487974249883846e-01
2.940000000000000213e+01,1.592291156291710530e-01,2.802662301365818620e-01,3.675953218475368089e+01,1.000000000000000000e+00,0.000000000000000000e+00,2.802654516271075869e-01
2.949999999999999645e+01,1.591515082360802080e-01,2.783847198199230766e-01,3.646199062133394619e+01,1.000000000000000000e+00,0.000000000000000000e+00,2.783839474281456505e-01
2.960000000000001563e+01,1.590744607893006812e-01,2.765050369802006247e-01,3.616564070592244917e+01,1.000000000000000000e+00,0.000000000000000000e+00,2.765042706822181673e-01
2.970000000000000995e+01,1.589979720069305269e-01,2.746271675210292806e-01,3.587047034976178850e+01,1.000000000000000000e+00,0.000000000000000000e+00,2.746264072931533518e-01
2.980000000000000426e+01,1.589220406178153411e-01,2.727510973953028994e-01,3.557646765931468025e+01,1.000000000000000000e+00,0.000000000000000000e+00,2.727503432140367390e-01
2.989999999999999858e+01,1.588466653614945823e-01,2.708768126047761404e-01,3.528362093250997589e+01,1.000000000000000000e+00,0.000000000000000000e+00,2.708760644467629319e-01
3.000000000000001776e+01,1.587718449881487803e-01,2.690365862785252804e-01,3.499191865508083055e+01,1.000000000000000000e+00,0.000000000000000000e+00,2.690035570415889032e-01
3.010000000000001208e+01,1.586975603644572297e-01,2.672384637211319691e-01,3.469750011220209984e+01,1.000000000000000000e+00,0.000000000000000000e+00,2.672781484667918206e-01
3.020000000000000284e+01,1.586238058390578576e-01,2.654097377891351806e-01,3.439955100656444387e+01,1.000000000000000000e+00,0.000000000000000000e+00,2.654090071015321461e-01
3.029999999999999716e+01,1.585506025847651101e-01,2.635423213600299186e-01,3.410293118867546980e+01,1.000000000000000000e+00,0.000000000000000000e+00,2.635415966063899273e-01
3.040000000000001634e+01,1.584779493930392469e-01,2.616766220587566361e-01,3.380762611697351616e+01,1.000000000000000000e+00,0.000000000000000000e+00,2.616759032170540844e-01
3.050000000000001066e+01,1.584058450657283013e-01,2.598126261672689119e-01,3.351362149952282010e+01,1.000000000000000000e+00,0.000000000000000000e+00,2.598119132154189104e-01
3.060000000000000497e+01,1.583342884150177321e-01,2.579503200131014196e-01,3.322090328886343968e+01,1.000000000000000000e+00,0.000000000000000000e+00,2.579496129291523054e-01
3.069999999999999929e+01,1.582632782633816293e-01,2.560896899687530870e-01,3.292945767699795567e+01,1.000000000000000000e+00,0.000000000000000000e+00,2.560889887312692847e-01
3.080000000000001847e+01,1.581928134435334754e-01,2.542307224521651032e-01,3.263927109051013531e+01,1.000000000000000000e+00,0.000000000000000000e+00,2.542300270397068740e-01
3.090000000000001279e+01,1.581228927983778509e-01,2.523734039255804418e-01,3.235033018581259512e+01,1.000000000000000000e+00,0.000000000000000000e+00,2.523727143169037235e-01
3.100000000000000711e+01,1.580535151809625838e-01,2.505177208952453216e-01,3.206262184451836816e+01,1.000000000000000000e+00,0.000000000000000000e+00,2.505170370693771686e-01
3.109999999999999787e+01,1.579846794544313704e-01,2.486636599112510837e-01,3.177613316893520334e+01,1.000000000000000000e+00,0.000000000000000000e+00,2.486629818473090059e-01
3.120000000000001705e+01,1.579163844919767579e-01,2.468112075666610838e-01,3.149085147767707582e+01,1.000000000000000000e+00,0.000000000000000000e+00,2.468105352441294920e-01
3.130000000000001137e+01,1.578486291767939864e-01,2.449603504976824164e-01,3.120676430139139512e+01,1.000000000000000000e+00,0.000000000000000000e+00,2.449596838961078105e-01
3.140000000000000568e+01,1.577814124020346098e-01,2.431110753827213089e-01,3.092385937859713607e+01,1.000000000000000000e+00,0.000000000000000000e+00,2.431104144819391522e-01
3.150000000000000000e+01,1.577147330707615869e-01,2.412633689423828165e-01,3.064212465163283383e+01,1.000000000000000000e+00,0.000000000000000000e+00,2.412627137223410378e-01
3.160000000000001918e+01,1.576485900959036235e-01,2.394172179388571742e-01,3.036154826270989560e+01,1.000000000000000000e+00,0.000000000000000000e+00,2.394165683796458943e-01
3.170000000000001350e+01,1.575829824002113189e-01,2.375726091751428348e-01,3.008211855006999258e+01,1.000000000000000000e+00,0.000000000000000000e+00,2.375719652574027063e-01
3.180000000000000782e+01,1.575179089162126456e-01,2.357295294957733878e-01,2.980382404424224774e+01,1.000000000000000000e+00,0.000000000000000000e+00,2.357288911999735337e-01
3.190000000000000213e+01,1.574533685861694010e-01,2.338879657853658589e-01,2.952665346439940564e+01,1.000000000000000000e+00,0.000000000000000000e+00,2.338873330921379945e-01
3.200000000000002132e+01,1.573893603620341863e-01,2.320479049684185946e-01,2.925059571480946019e+01,1.000000000000000000e+00,0.000000000000000000e+00,2.320472778586978035e-01
3.210000000000001563e+01,1.573258832054076628e-01,2.302093340089994000e-01,2.897563988138112023e+01,1.000000000000000000e+00,0.000000000000000000e+00,2.302087124640856408e-01
3.220000000000000995e+01,1.572629360874963911e-01,2.284314608176639394e-01,2.870177522829992611e+01,1.000000000000000000e+00,0.000000000000000000e+00,2.283716239119721048e-01
3.230000000000000426e+01,1.572004854796825446e-01,2.266744146678031091e-01,2.842369061850405387e+01,1.000000000000000000e+00,0.000000000000000000e+00,2.266931971107349619e-01
3.240000000000001990e+01,1.571385523079774638e-01,2.248595050461342226e-01,2.814511550349692115e+01,1.000000000000000000e+00,0.000000000000000000e+00,2.248588996128477180e-01
3.250000000000001421e+01,1.570771462131748952e-01,2.230266412427128198e-01,2.786779455892006396e+01,1.000000000000000000e+00,0.000000000000000000e+00,2.230260413020426769e-01
3.260000000000000853e+01,1.570162662037176693e-01,2.211952037977740759e-01,2.759171435435515463e+01,1.000000000000000000e+00,0.000000000000000000e+00,2.211946093318725992e-01
3.270000000000000284e+01,1.569559112974528159e-01,2.193651799021601456e-01,2.731686169372537520e+01,1.000000000000000000e+00,0.000000000000000000e+00,2.193645908932436439e-01
3.280000000000001847e+01,1.568960805215921239e-01,2.175365567835351732e-01,2.704322361062195412e+01,1.000000000000000000e+00,0.000000000000000000e+00,2.175359732140365321e-01
3.290000000000001279e+01,1.568367729126728116e-01,2.157093217063034973e-01,2.677078736376419599e+01,1.000000000000000000e+00,0.000000000000000000e+00,2.157087435587334567e-01
3.300000000000000711e+01,1.567779875165187797e-01,2.138834619709109597e-01,2.649954043258822622e+01,1.000000000000000000e+00,0.000000000000000000e+00,2.138828892280416893e-01
3.310000000000000142e+01,1.567197233882023089e-01,2.120589649136951638e-01,2.622947051296300458e+01,1.000000000000000000e+00,0.000000000000000000e+00,2.120583975585242087e-01
3.320000000000002416e+01,1.566619795920060343e-01,2.102358179065747790e-01,2.596056551302950766e+01,1.000000000000000000e+00,0.000000000000000000e+00,2.102352559222299411e-01
3.330000000000001847e+01,1.566047552013854482e-01,2.084140083565279578e-01,2.569281354916100568e+01,1.000000000000000000e+00,0.000000000000000000e+00,2.084134517263278030e-01
3.340000000000000568e+01,1.565480492989317907e-01,2.065935237053155016e-01,2.542620294204101228e+01,1.000000000000000000e+00,0.000000000000000000e+00,2.065929724127390510e-01
3.350000000000000000e+01,1.564918609763353285e-01,2.047743514291453237e-01,2.516072221285753585e+01,1.000000000000000000e+00,0.000000000000000000e+00,2.047738054577763200e-01
3.360000000000002274e+01,1.564361893343490517e-01,2.029564790381252481e-01,2.489636007961018649e+01,1.000000000000000000e+00,0.000000000000000000e+00,2.029559383717801646e-01
3.370000000000001705e+01,1.563810334827528681e-01,2.011398940760125709e-01,2.463310545352927150e+01,1.000000000000000000e+00,0.000000000000000000e+00,2.011393586987626214e-01
3.380000000000001137e+01,1.563263925403180488e-01,1.993245841200575741e-01,2.437094743560322030e+01,1.000000000000000000e+00,0.000000000000000000e+00,1.993240540160466090e-01
3.390000000000000568e+01,1.562722656347721173e-01,1.975105367803813294e-01,2.410987531321418587e+01,1.000000000000000000e+00,0.000000000000000000e+00,1.975100119339117388e-01
3.400000000000002132e+01,1.562186519027642384e-01,1.956977396996507912e-01,2.384987855687902325e+01,1.000000000000000000e+00,0.000000000000000000e+00,1.956972200952403484e-01
3.410000000000001563e+01,1.561655504898308844e-01,1.938861805527463678e-01,2.359094681709476760e+01,1.000000000000000000e+00,0.000000000000000000e+00,1.938856661751660604e-01
3.420000000000000995e+01,1.561129605503620010e-01,1.920758470466759626e-01,2.333306992128643387e+01,1.000000000000000000e+00,0.000000000000000000e+00,1.920753378807226464e-01
3.430000000000000426e+01,1.560608812475673124e-01,1.902874743842154215e-01,2.307623787085704237e+01,1.000000000000000000e+00,0.000000000000000000e+00,1.902662229504956670e-01
3.439999999999999858e+01,1.560093004511534931e-01,1.885641539603401529e-01,2.281907268209169004e+01,1.000000000000000000e+00,0.000000000000000000e+00,1.886275897482374841e-01
3.450000000000001421e+01,1.559581938873480511e-01,1.868212481504806788e-01,2.255882997065310747e+01,1.000000000000000000e+00,0.000000000000000000e+00,1.868207540466842453e-01
3.460000000000000853e+01,1.559075955622805654e-01,1.850155851991763245e-01,2.229977591884258459e+01,1.000000000000000000e+00,0.000000000000000000e+00,1.850150962494211404e-01
3.470000000000000284e+01,1.558575046733253477e-01,1.832110880250454044e-01,2.204189814270743497e+01,1.000000000000000000e+00,0.000000000000000000e+00,1.832106042149813652e-01
3.479999999999999716e+01,1.558079204265175599e-01,1.814077445164349045e-01,2.178518448450753908e+01,1.000000000000000000e+00,0.000000000000000000e+00,1.814072658317658349e-01
3.490000000000001990e+01,1.557588420365218218e-01,1.796055425909362513e-01,2.152962300869315015e+01,1.000000000000000000e+00,0.000000000000000000e+00,1.796050690177049547e-01
3.500000000000001421e+01,1.557102687266016250e-01,1.778044701953961082e-01,2.127520199803193179e+01,1.000000000000000000e+00,0.000000000000000000e+00,1.778040017199235268e-01
3.510000000000000142e+01,1.556621997285884962e-01,1.760045153059213996e-01,2.102190994988276529e+01,1.000000000000000000e+00,0.000000000000000000e+00,1.760040519144019378e-01
3.519999999999999574e+01,1.556146342828519658e-01,1.742056659269072272e-01,2.076973557261680270e+01,1.000000000000000000e+00,0.000000000000000000e+00,1.742052076056457843e-01
3.530000000000001847e+01,1.555675716382698137e-01,1.724079100906701911e-01,2.051866778218384368e+01,1.000000000000000000e+00,0.000000000000000000e+00,1.724074568263523899e-01
3.540000000000001279e+01,1.555210110521987876e-01,1.706112358574843613e-01,2.026869569882435940e+01,1.000000000000000000e+00,0.000000000000000000e+00,1.706107876370826226e-01
3.550000000000000711e+01,1.554749517904453759e-01,1.688156313156112809e-01,2.001980864392615800e+01,1.000000000000000000e+00,0.000000000000000000e+00,1.688151881259284393e-01
3.560000000000000142e+01,1.554293931272370533e-01,1.670210845800970956e-01,1.977199613702735448e+01,1.000000000000000000e+00,0.000000000000000000e+00,1.670206464081885056e-01
3.570000000000001705e+01,1.553843343451942471e-01,1.652275837928399715e-01,1.952524789296511898e+01,1.000000000000000000e+00,0.000000000000000000e+00,1.652271506260409861e-01
3.580000000000001137e+01,1.553397747353020830e-01,1.634351171225510435e-01,1.927955381917210431e+01,1.000000000000000000e+00,0.000000000000000000e+00,1.634346889482206633e-01
3.590000000000000568e+01,1.552957135968829061e-01,1.616436727639407045e-01,1.903490401312119218e+01,1.000000000000000000e+00,0.000000000000000000e+00,1.616432495696936422e-01
3.600000000000000000e+01,1.552521502375689977e-01,1.598532389377692042e-01,1.879128875992153880e+01,1.000000000000000000e+00,0.000000000000000000e+00,1.598528207113379396e-01
3.610000000000001563e+01,1.552090839732755967e-01,1.580638038904820519e-01,1.854869853006758618e+01,1.000000000000000000e+00,0.000000000000000000e+00,1.580633906196219074e-01
3.620000000000000995e+01,1.551665141281743376e-01,1.562753558934808495e-01,1.830712397734466279e+01,1.000000000000000000e+00,0.000000000000000000e+00,1.562749475662877918e-01
3.630000000000000426e+01,1.551244400346671881e-01,1.544878832433611016e-01,1.806655593689370320e+01,1.000000000000000000e+00,0.000000000000000000e+00,1.544874798480316003e-01
3.639999999999999858e+01,1.550828610333602753e-01,1.527013742614283243e-01,1.782698542344063242e+01,1.000000000000000000e+00,0.000000000000000000e+00,1.527009757861888528e-01
3.650000000000002132e+01,1.550417764730386005e-01,1.509986108508051816e-01,1.758840362969414173e+01,1.000000000000000000e+00,0.000000000000000000e+00,1.509154237264195841e-01
3.660000000000001563e+01,1.550011409029415088e-01,1.493043068776761240e-01,1.734702021397310645e+01,1.000000000000000000e+00,0.000000000000000000e+00,1.493114440704151613e-01
3.670000000000000995e+01,1.549609944744186896e-01,1.475280519238159338e-01,1.710640919467606835e+01,1.000000000000000000e+00,0.000000000000000000e+00,1.475276676464946646e-01
3.680000000000000426e+01,1.549213406320200936e-01,1.457451889774031561e-01,1.686690944258449676e+01,1.000000000000000000e+00,0.000000000000000000e+00,1.457448095760846551e-01
3.690000000000001990e+01,1.548821787561967533e-01,1.439632328328236677e-01,1.662851021030220622e+01,1.000000000000000000e+00,0.000000000000000000e+00,1.439628582967011627e-01
3.700000000000001421e+01,1.548435082354581716e-01,1.421821719503651438e-01,1.639120098038515039e+01,1.000000000000000000e+00,0.000000000000000000e+00,1.421818022686635041e-01
3.710000000000000853e+01,1.548053284663484241e-01,1.404019948128770734e-01,1.615497146347371071e+01,1.000000000000000000e+00,0.000000000000000000e+00,1.404016299747849750e-01
3.720000000000000284e+01,1.547676388534232339e-01,1.386226899249869138e-01,1.591981159669892953e+01,1.000000000000000000e+00,0.000000000000000000e+00,1.386223299200682046e-01
3.730000000000001847e+01,1.547304388092269889e-01,1.368442458133894146e-01,1.568571154237354115e+01,1.000000000000000000e+00,0.000000000000000000e+00,1.368438906314004277e-01
3.740000000000001279e+01,1.546937277542701494e-01,1.350666510265666753e-01,1.545266168698194242e+01,1.000000000000000000e+00,0.000000000000000000e+00,1.350663006572512259e-01
3.750000000000000711e+01,1.546575051170069048e-01,1.332898941341436327e-01,1.522065264048350741e+01,1.000000000000000000e+00,0.000000000000000000e+00,1.332895485673674385e-01
3.760000000000000142e+01,1.546217703338134131e-01,1.315139637265980155e-01,1.498967523594782314e+01,1.000000000000000000e+00,0.000000000000000000e+00,1.315136229524742351e-01
3.770000000000002416e+01,1.545865228489660959e-01,1.297388484151713872e-01,1.475972052954028158e+01,1.000000000000000000e+00,0.000000000000000000e+00,1.297385124239736343e-01
3.780000000000001847e+01,1.545517621146204057e-01,1.279645368315703580e-01,1.453077980088119148e+01,1.000000000000000000e+00,0.000000000000000000e+00,1.279642056136478800e-01
3.790000000000000568e+01,1.545174875907897594e-01,1.261910176275087003e-01,1.430284455380197706e+01,1.000000000000000000e+00,0.000000000000000000e+00,1.261906911733586267e-01
3.800000000000000000e+01,1.544836987453250265e-01,1.244182794745018750e-01,1.407590651752791899e+01,1.000000000000000000e+00,0.000000000000000000e+00,1.244179577747516197e-01
3.810000000000002274e+01,1.544503950538940462e-01,1.226463110635550302e-01,1.384995764831823628e+01,1.000000000000000000e+00,0.000000000000000000e+00,1.226459941089609457e-01
3.820000000000001705e+01,1.544175759999617537e-01,1.208751011046912266e-01,1.362499013159927230e+01,1.000000000000000000e+00,0.000000000000000000e+00,1.208747888863153236e-01
3.830000000000001137e+01,1.543852410747704185e-01,1.191046383271970599e-01,1.340099638463036769e+01,1.000000000000000000e+00,0.000000000000000000e+00,1.191043308360420494e-01
3.840000000000000568e+01,1.543533897773201047e-01,1.173349114787825831e-01,1.317796905974838495e+01,1.000000000000000000e+00,0.000000000000000000e+00,1.173346087059764925e-01
3.850000000000002132e+01,1.543220216143498247e-01,1.155659093252001807e-01,1.295590104824067978e+01,1.000000000000000000e+00,0.000000000000000000e+00,1.155656112622690385e-01
3.860000000000001563e+01,1.542911361003186654e-01,1.138711381003536111e-01,1.273478548490455253e+01,1.000000000000000000e+00,0.000000000000000000e+00,1.137973272890962506e-01
3.870000000000000995e+01,1.542606931625306876e-01,1.122013295866512855e-01,1.251241092722827375e+01,1.000000000000000000e+00,0.000000000000000000e+00,1.122253193751106548e-01
3.880000000000000426e+01,1.542307188932472706e-01,1.104586373387289322e-01,1.229036317641686615e+01,1.000000000000000000e+00,0.000000000000000000e+00,1.104583528367233392e-01
3.889999999999999858e+01,1.542012259026749044e-01,1.086923472857854178e-01,1.206937796132920226e+01,1.000000000000000000e+00,0.000000000000000000e+00,1.086920674612178173e-01
3.900000000000001421e+01,1.541722137351356492e-01,1.069267272551396725e-01,1.184944713064583333e+01,1.000000000000000000e+00,0.000000000000000000e+00,1.069264521001283830e-01
3.910000000000000853e+01,1.541436819425840432e-01,1.051617661149457789e-01,1.163056286444766840e+01,1.000000000000000000e+00,0.000000000000000000e+00,1.051614956216085639e-01
3.920000000000000284e+01,1.541156300845900051e-01,1.033974527495133272e-01,1.141271768341679760e+01,1.000000000000000000e+00,0.000000000000000000e+00,1.033971869101422136e-01
3.929999999999999716e+01,1.540880577283223474e-01,1.016337760591538714e-01,1.119590445945157420e+01,1.000000000000000000e+00,0.000000000000000000e+00,1.016335148662612514e-01
3.940000000000001990e+01,1.540609644485322061e-01,9.987072496012773526e-02,1.098011642785067643e+01,1.000000000000000000e+00,0.000000000000000000e+00,9.987046840626136179e-02
3.950000000000001421e+01,1.540343498275370260e-01,9.810828838401938756e-02,1.076534720124445954e+01,1.000000000000000000e+00,0.000000000000000000e+00,9.810803646192114980e-02
3.960000000000000142e+01,1.540082134552047677e-01,9.634645527778051832e-02,1.055159078547603357e+01,1.000000000000000000e+00,0.000000000000000000e+00,9.634620798021689692e-02
3.969999999999999574e+01,1.539825549289383089e-01,9.458521460309866902e-02,1.033884159766629196e+01,1.000000000000000000e+00,0.000000000000000000e+00,9.458497192304445023e-02
3.980000000000001847e+01,1.539573738536604286e-01,9.282455533627885502e-02,1.012709448672937462e+01,1.000000000000000000e+00,0.000000000000000000e+00,9.282431726693687879e-02
3.990000000000001279e+01,1.539326698417987083e-01,9.106446646817369095e-02,9.916344756647339054e+00,1.000000000000000000e+00,1.000000000000000000e+00,9.106423300278718158e-02
4.000000000000000711e+01,1.539084425132709877e-01,8.930493700364579290e-02,9.706588192857878994e+00,1.000000000000000000e+00,1.000000000000000000e+00,8.930470813556748433e-02
4.010000000000000142e+01,1.538846914954709877e-01,8.754595596133669944e-02,9.497821092166290669e+00,1.000000000000000000e+00,1.000000000000000000e+00,8.754573168405138661e-02
4.020000000000001705e+01,1.538614164232543213e-01,8.578751237338128055e-02,9.290040296655885044e+00,1.000000000000000000e+00,1.000000000000000000e+00,8.578729268053701673e-02
4.030000000000001137e+01,1.538386169389246994e-01,8.402959528517096877e-02,9.083243232148539903e+00,1.000000000000000000e+00,1.000000000000000000e+00,8.402938017057158537e-02
4.040000000000000568e+01,1.538162926922204965e-01,8.227219375506218679e-02,8.877427951856358135e+00,1.000000000000000000e+00,1.000000000000000000e+00,8.227198321267319148e-02
4.050000000000000000e+01,1.537944433403015398e-01,8.051529685418566673e-02,8.672593185973852314e+00,1.000000000000000000e+00,1.000000000000000000e+00,8.051509087805736042e-02
4.060000000000001563e+01,1.537730685477362025e-01,7.875889366614953480e-02,8.468738398085603691e+00,1.000000000000000000e+00,1.000000000000000000e+00,7.875869225036108423e-02
4.070000000000000995e+01,1.537521679864887747e-01,7.709042948989436317e-02,8.265863849417474540e+00,1.000000000000000000e+00,1.000000000000000000e+00,7.700277642537139977e-02
4.080000000000000426e+01,1.537316943984853856e-01,7.544913757618029737e-02,8.062453355895200957e+00,1.000000000000000000e+00,1.000000000000000000e+00,7.547565854497802207e-02
4.089999999999999858e+01,1.537116801046271020e-01,7.372080466242246499e-02,7.859671270102894347e+00,1.000000000000000000e+00,1.000000000000000000e+00,7.372061630338230809e-02
4.100000000000002132e+01,1.536921391333694320e-01,7.196620945527880397e-02,7.657996338829252458e+00,1.000000000000000000e+00,1.000000000000000000e+00,7.196602563529816421e-02
4.110000000000001563e+01,1.536730711851901077e-01,7.021205496691550196e-02,7.457430732913326032e+00,1.000000000000000000e+00,1.000000000000000000e+00,7.021187568095649256e-02
4.120000000000000995e+01,1.536544759679052963e-01,6.845833034856771415e-02,7.257977967928417762e+00,1.000000000000000000e+00,1.000000000000000000e+00,6.845815559141067708e-02
4.130000000000000426e+01,1.536363531966585261e-01,6.670502476159437255e-02,7.059643050010349974e+00,1.000000000000000000e+00,1.000000000000000000e+00,6.670485452826695194e-02
4.140000000000001990e+01,1.536187025939103612e-01,6.495212737757527499e-02,6.862432644692389339e+00,1.000000000000000000e+00,1.000000000000000000e+00,6.495196166341481170e-02
4.150000000000001421e+01,1.536015238894276880e-01,6.319962737845845335e-02,6.666355272890687189e+00,1.000000000000000000e+00,1.000000000000000000e+00,6.319946617875901729e-02
4.160000000000000853e+01,1.535848168202737229e-01,6.144751395577344177e-02,6.471421539046414928e+00,1.000000000000000000e+00,1.000000000000000000e+00,6.144735726594834080e-02
4.170000000000000284e+01,1.535685811307981319e-01,5.969577631051535549e-02,6.277644397500886875e+00,1.000000000000000000e+00,1.000000000000000000e+00,5.969562412610875807e-02
4.180000000000001847e+01,1.535528165726275096e-01,5.794440365271627535e-02,6.085039464502663087e+00,1.000000000000000000e+00,1.000000000000000000e+00,5.794425596957538532e-02
4.190000000000001279e+01,1.535375229046561374e-01,5.619338520173958185e-02,5.893625384897448249e+00,1.000000000000000000e+00,1.000000000000000000e+00,5.619324201562644894e-02
4.200000000000000711e+01,1.535226998930367126e-01,5.444271018538168055e-02,5.703424264615057027e+00,1.000000000000000000e+00,1.000000000000000000e+00,5.444257149221418818e-02
4.210000000000000142e+01,1.535083473111719943e-01,5.269236783964449666e-02,5.514462182663040224e+00,1.000000000000000000e+00,1.000000000000000000e+00,5.269223363570030294e-02
4.220000000000002416e+01,1.534944649397060601e-01,5.094234740923178628e-02,5.326769799606688061e+00,1.000000000000000000e+00,1.000000000000000000e+00,5.094221769058873694e-02
4.230000000000001847e+01,1.534810525665160907e-01,4.919263814628248993e-02,5.140383083661094865e+00,1.000000000000000000e+00,1.000000000000000000e+00,4.919251290926265896e-02
4.240000000000000568e+01,1.534681099867047094e-01,4.744322931055258707e-02,4.955344180789411190e+00,1.000000000000000000e+00,1.000000000000000000e+00,4.744310855171586516e-02
4.250000000000000000e+01,1.534556370025920713e-01,4.569411016933661723e-02,4.771702461931124795e+00,1.000000000000000000e+00,1.000000000000000000e+00,4.569399388529082895e-02
4.260000000000002274e+01,1.534436334237086474e-01,4.394526999692117963e-02,4.589515789098482124e+00,1.000000000000000000e+00,1.000000000000000000e+00,4.394515818441287885e-02
4.270000000000001705e+01,1.534320990667880080e-01,4.221201546454127901e-02,4.408852053150128292e+00,1.000000000000000000e+00,1.000000000000000000e+00,4.219659073032806101e-02
4.280000000000001137e+01,1.534210255520866706e-01,4.060032712051570708e-02,4.229674066267103072e+00,1.000000000000000000e+00,1.000000000000000000e+00,4.072156648970680359e-02
4.290000000000000568e+01,1.534103559510558712e-01,3.897356463331805992e-02,4.051332689140754617e+00,1.000000000000000000e+00,1.000000000000000000e+00,3.897346551947247772e-02
4.300000000000002132e+01,1.534001550849287410e-01,3.722569700399043502e-02,3.874917277451937814e+00,1.000000000000000000e+00,1.000000000000000000e+00,3.722560235030664133e-02
4.310000000000001563e+01,1.533904227980659452e-01,3.547805648343053259e-02,3.700557724002957904e+00,1.000000000000000000e+00,1.000000000000000000e+00,3.547796628721731904e-02
4.320000000000000995e+01,1.533811589420006061e-01,3.373063238212603565e-02,3.528408913357064414e+00,1.000000000000000000e+00,1.000000000000000000e+00,3.373054664075680192e-02
4.330000000000000426e+01,1.533723633754327798e-01,3.198341401564943481e-02,3.358656148615950077e+00,1.000000000000000000e+00,1.000000000000000000e+00,3.198333272676231326e-02
4.340000000000001990e+01,1.533640359642242934e-01,3.023639070467128848e-02,3.191521936727820918e+00,1.000000000000000000e+00,1.000000000000000000e+00,3.023631386609192465e-02
4.350000000000001421e+01,1.533561765813936106e-01,2.848955177486884108e-02,3.027274488865959512e+00,1.000000000000000000e+00,1.000000000000000000e+00,2.848947938436675528e-02
4.360000000000000853e+01,1.533487851071111130e-01,2.674288655615957022e-02,2.866238372694858594e+00,1.000000000000000000e+00,1.000000000000000000e+00,2.674281861170505620e-02
4.370000000000000284e+01,1.533418614286947701e-01,2.499638438276327243e-02,2.708807833024846623e+00,1.000000000000000000e+00,1.000000000000000000e+00,2.499632088246454484e-02
4.379999999999999716e+01,1.533354054406057820e-01,2.325003459295226990e-02,2.555463353377839919e+00,1.000000000000000000e+00,1.000000000000000000e+00,2.324997553498011488e-02
4.390000000000001990e+01,1.533294170444447768e-01,2.150382652848954745e-02,2.406792014212408848e+00,1.000000000000000000e+00,1.000000000000000000e+00,2.150377191130330851e-02
4.400000000000001421e+01,1.533238961489481467e-01,1.975774953499955661e-02,2.263512017637478113e+00,1.000000000000000000e+00,1.000000000000000000e+00,1.975769935694343324e-02
4.410000000000000142e+01,1.533188426699844398e-01,1.801179296093817842e-02,2.126501217652806641e+00,1.000000000000000000e+00,1.000000000000000000e+00,1.801174722060494560e-02
4.419999999999999574e+01,1.533142565305516403e-01,1.626594615780648651e-02,1.996828324589027037e+00,1.000000000000000000e+00,1.000000000000000000e+00,1.626590485392912996e-02
4.430000000000001847e+01,1.533101376607738375e-01,1.452019847979356404e-02,1.875783206668721448e+00,1.000000000000000000e+00,1.000000000000000000e+00,1.452016161123271046e-02
4.440000000000001279e+01,1.533064859978990890e-01,1.277453928341865455e-02,1.764898887618195689e+00,1.000000000000000000e+00,1.000000000000000000e+00,1.277450684925065562e-02
4.450000000000000711e+01,1.533033014862966725e-01,1.102895792769152845e-02,1.665952216012150267e+00,1.000000000000000000e+00,1.000000000000000000e+00,1.102892992687338515e-02
4.460000000000000142e+01,1.533005840774552542e-01,9.283443773183155251e-03,1.580923714477996844e+00,1.000000000000000000e+00,1.000000000000000000e+00,9.283420204889203387e-03
4.470000000000001705e+01,1.532983337299810289e-01,7.537986182029571096e-03,1.511893441029500407e+00,1.000000000000000000e+00,1.000000000000000000e+00,7.537967045724004896e-03
4.480000000000001137e+01,1.532965504095962772e-01,5.953270034692473810e-03,1.460856168988277304e+00,1.000000000000000000e+00,1.000000000000000000e+00,5.792559813183235234e-03
4.490000000000000568e+01,1.532951481000175975e-01,4.373463200670470868e-03,1.429458009316204370e+00,1.000000000000000000e+00,1.000000000000000000e+00,4.378325277060935578e-03
4.500000000000000000e+01,1.532942101650101863e-01,2.632980816472525482e-03,1.418748380121979791e+00,1.000000000000000000e+00,1.000000000000000000e+00,2.632974132666219755e-03
4.510000000000001563e+01,1.532937391979376507e-01,8.876412826877961258e-04,1.428887857233152925e+00,1.000000000000000000e+00,1.000000000000000000e+00,8.876390294105212901e-04
4.520000000000000995e+01,1.532937351916266455e-01,8.576928431931996836e-04,1.459148452395728102e+00,1.000000000000000000e+00,1.000000000000000000e+00,8.576906660233529333e-04
4.530000000000000426e+01,1.532941981460161918e-01,2.603032194621276475e-03,1.508040820571116436e+00,1.000000000000000000e+00,1.000000000000000000e+00,2.603025586821797448e-03
4.539999999999999858e+01,1.532951280681575656e-01,4.348387404896581106e-03,1.573567153476732150e+00,1.000000000000000000e+00,1.000000000000000000e+00,4.348376366298919299e-03
4.550000000000002132e+01,1.532965249722145207e-01,6.093769107736525178e-03,1.653506236304637556e+00,1.000000000000000000e+00,1.000000000000000000e+00,6.093753638154890406e-03
4.560000000000001563e+01,1.532983888794638705e-01,7.839187937739890144e-03,1.745651390768766298e+00,1.000000000000000000e+00,1.000000000000000000e+00,7.839168036734477096e-03
4.570000000000000995e+01,1.533007198182963493e-01,9.584654530383955248e-03,1.847966257130214451e+00,1.000000000000000000e+00,1.000000000000000000e+00,9.584630197288954503e-03
4.580000000000000426e+01,1.533035178242175833e-01,1.133017952207332826e-02,1.958661846609862645e+00,1.000000000000000000e+00,1.000000000000000000e+00,1.133015075623271771e-02
4.590000000000001990e+01,1.533067829398493676e-01,1.307577355075908825e-02,2.076216495400120099e+00,1.000000000000000000e+00,1.000000000000000000e+00,1.307574035140412691e-02
4.600000000000001421e+01,1.533105152149313588e-01,1.482144725614263636e-02,2.199362161359771584e+00,1.000000000000000000e+00,1.000000000000000000e+00,1.482140962232275823e-02
4.610000000000000853e+01,1.533147147063228521e-01,1.656721127977551708e-02,2.327054907764423142e+00,1.000000000000000000e+00,1.000000000000000000e+00,1.656716921045216576e-02
4.620000000000000284e+01,1.533193814780049180e-01,1.831307626546997691e-02,2.458440713357455287e+00,1.000000000000000000e+00,1.000000000000000000e+00,1.831302975945639858e-02
4.630000000000001847e+01,1.533245156010827892e-01,2.005905285950161307e-02,2.592822533002876018e+00,1.000000000000000000e+00,1.000000000000000000e+00,2.005900191546222677e-02
4.640000000000001279e+01,1.533301171537884977e-01,2.180515171075964737e-02,2.729631206947416899e+00,1.000000000000000000e+00,1.000000000000000000e+00,2.180509632731539998e-02
4.650000000000000711e+01,1.533361862214837334e-01,2.355138347125966536e-02,2.868400962196411275e+00,1.000000000000000000e+00,1.000000000000000000e+00,2.355132364684490651e-02
4.660000000000000142e+01,1.533427228966631473e-01,2.529775879624076088e-02,3.008749338286261565e+00,1.000000000000000000e+00,1.000000000000000000e+00,2.529769452911976788e-02
4.670000000000002416e+01,1.533497272789576538e-01,2.693903142602121006e-02,3.150360995109462880e+00,1.000000000000000000e+00,1.000000000000000000e+00,2.704421963271144702e-02
4.680000000000001847e+01,1.533571431320014111e-01,2.848266024965975113e-02,3.292495817810583425e+00,1.000000000000000000e+00,1.000000000000000000e+00,2.838479952355557612e-02
4.690000000000000568e+01,1.533649745430382128e-01,3.013169986656055038e-02,3.434889505944251464e+00,1.000000000000000000e+00,1.000000000000000000e+00,3.013162329461370470e-02
4.700000000000000000e+01,1.533732739794119726e-01,3.187871182708201107e-02,3.577782209005819336e+00,1.000000000000000000e+00,1.000000000000000000e+00,3.187863080506030816e-02
4.710000000000002274e+01,1.533820415676767357e-01,3.362591820343395488e-02,3.721024179881517568e+00,1.000000000000000000e+00,1.000000000000000000e+00,3.362583272899923037e-02
4.720000000000001705e+01,1.533912774415429059e-01,3.537332967448452575e-02,3.864489421701965632e+00,1.000000000000000000e+00,1.000000000000000000e+00,3.537323974527784021e-02
4.730000000000001137e+01,1.534009817418823807e-01,3.712095692429587951e-02,4.008071495835517695e+00,1.000000000000000000e+00,1.000000000000000000e+00,3.712086253775128547e-02
4.740000000000000568e+01,1.534111546167337414e-01,3.886881064195549240e-02,4.151680149658426799e+00,1.000000000000000000e+00,1.000000000000000000e+00,3.886871179554268058e-02
4.750000000000002132e+01,1.534217962213076936e-01,4.061690152239116197e-02,4.295238591376000059e+00,1.000000000000000000e+00,1.000000000000000000e+00,4.061679821330572981e-02
4.760000000000001563e+01,1.534329067179930894e-01,4.236524026635547779e-02,4.438681277254902469e+00,1.000000000000000000e+00,1.000000000000000000e+00,4.236513249148549098e-02
4.770000000000000995e+01,1.534444862763627571e-01,4.411383758009823630e-02,4.581952106225259058e+00,1.000000000000000000e+00,1.000000000000000000e+00,4.411372533658325379e-02
4.780000000000000426e+01,1.534565350731797451e-01,4.586270417659234211e-02,4.725002939726214102e+00,1.000000000000000000e+00,1.000000000000000000e+00,4.586258746141852471e-02
4.790000000000001990e+01,1.534690532924042061e-01,4.761185077572162305e-02,4.867792382393278494e+00,1.000000000000000000e+00,1.000000000000000000e+00,4.761172958539203887e-02
4.800000000000001421e+01,1.534820411252001415e-01,4.936128810369017766e-02,5.010284772902053874e+00,1.000000000000000000e+00,1.000000000000000000e+00,4.936116243474869547e-02
4.810000000000000853e+01,1.534954987699423679e-01,5.111102689367406221e-02,5.152449344920187357e+00,1.000000000000000000e+00,1.000000000000000000e+00,5.111089674284315792e-02
4.820000000000000284e+01,1.535094264322240110e-01,5.286107788688550885e-02,5.294259526388767512e+00,1.000000000000000000e+00,1.000000000000000000e+00,5.286094325040351094e-02
4.829999999999999716e+01,1.535238243248644441e-01,5.461145183187419982e-02,5.435692351807589695e+00,1.000000000000000000e+00,1.000000000000000000e+00,5.461131270579529934e-02
4.840000000000001990e+01,1.535386926679168096e-01,5.636215948475971349e-02,5.576727967250720397e+00,1.000000000000000000e+00,1.000000000000000000e+00,5.636201586528763463e-02
4.850000000000001421e+01,1.535540316886764844e-01,5.811321161018720427e-02,5.717349211810835108e+00,1.000000000000000000e+00,1.000000000000000000e+00,5.811306349331742810e-02
4.860000000000000142e+01,1.535698416216895179e-01,5.963712808491860445e-02,5.857541262307386809e+00,1.000000000000000000e+00,1.000000000000000000e+00,5.986446636275669086e-02
4.869999999999999574e+01,1.535860007600203248e-01,6.114185171307347233e-02,5.995303839199386253e+00,1.000000000000000000e+00,1.000000000000000000e+00,6.112214673398042725e-02
4.880000000000001847e+01,1.536026207637606333e-01,6.287434543649504659e-02,6.132357002617273345e+00,1.000000000000000000e+00,1.000000000000000000e+00,6.287418507431181969e-02
4.890000000000001279e+01,1.536197123678208487e-01,6.462677285687719320e-02,6.268860840013208424e+00,1.000000000000000000e+00,1.000000000000000000e+00,6.462660798113366301e-02
4.900000000000000711e+01,1.536372758337916367e-01,6.637959565507912940e-02,6.404809471297665979e+00,1.000000000000000000e+00,1.000000000000000000e+00,6.637942626101778210e-02
4.910000000000000142e+01,1.536553114305583279e-01,6.813282464729826515e-02,6.540198145622499126e+00,1.000000000000000000e+00,1.000000000000000000e+00,6.813265073023119789e-02
4.919999999999999574e+01,1.536738194343108821e-01,6.988647065993096319e-02,6.675023101791120794e+00,1.000000000000000000e+00,1.000000000000000000e+00,6.988629221500461397e-02
4.929999999999999005e+01,1.536928001285544632e-01,7.164054452968451892e-02,6.809281447200995707e+00,1.000000000000000000e+00,1.000000000000000000e+00,7.164036155180213139e-02
4.940000000000003411e+01,1.537122538041198749e-01,7.339505710363534996e-02,6.942971052577187940e+00,1.000000000000000000e+00,1.000000000000000000e+00,7.339486958759185165e-02
4.950000000000002842e+01,1.537321807591745804e-01,7.515001923954367502e-02,7.076090460203703358e+00,1.000000000000000000e+00,1.000000000000000000e+00,7.514982718011203877e-02
4.960000000000001563e+01,1.537525812992337204e-01,7.690544180637273741e-02,7.208638803728686817e+00,1.000000000000000000e+00,1.000000000000000000e+00,7.690524519814805060e-02
4.970000000000000995e+01,1.537734557371718269e-01,7.866133568434000023e-02,7.340615737920669126e+00,1.000000000000000000e+00,1.000000000000000000e+00,7.866113452179962495e-02
4.980000000000000426e+01,1.537948043932342856e-01,8.041771176543152655e-02,7.472021377006987208e+00,1.000000000000000000e+00,1.000000000000000000e+00,8.041750604275373082e-02
4.989999999999999858e+01,1.538166275950497430e-01,8.217458095318970479e-02,7.602856240432633861e+00,1.000000000000000000e+00,1.000000000000000000e+00,8.217437066455743344e-02
4.999999999999999289e+01,1.538389256776418745e-01,8.393195416327460523e-02,7.733121205052113645e+00,1.000000000000000000e+00,1.000000000000000000e+00,8.393173930289106466e-02
5.009999999999998721e+01,1.538616989834425131e-01,8.568984232417682645e-02,7.862817462912476074e+00,1.000000000000000000e+00,1.000000000000000000e+00,8.568962288584242026e-02
5.020000000000003126e+01,1.538849478623042222e-01,8.744825637658444617e-02,7.991946483907408805e+00,1.000000000000000000e+00,1.000000000000000000e+00,8.744803235418079079e-02
5.030000000000002558e+01,1.539086726715135078e-01,8.912944257696461814e-02,8.120509982684826156e+00,1.000000000000000000e+00,1.000000000000000000e+00,8.920697866163036782e-02
5.040000000000001990e+01,1.539328319972947945e-01,9.061391582747740925e-02,8.247631782873162010e+00,1.000000000000000000e+00,1.000000000000000000e+00,9.041654852629453509e-02
5.050000000000001421e+01,1.539573619704469598e-01,9.217666199190618914e-02,8.371921780728635909e+00,1.000000000000000000e+00,1.000000000000000000e+00,9.217642561791301870e-02
5.060000000000000853e+01,1.539823688945536062e-01,9.393711003521976188e-02,8.495586561187799646e+00,1.000000000000000000e+00,1.000000000000000000e+00,9.393686905297853051e-02
5.070000000000000284e+01,1.540078531544512852e-01,9.569813543254011845e-02,8.618630370590102174e+00,1.000000000000000000e+00,1.000000000000000000e+00,9.569788983538392302e-02
5.079999999999999716e+01,1.540338151424765767e-01,9.745974920240435546e-02,8.741057529893581091e+00,1.000000000000000000e+00,1.000000000000000000e+00,9.745949898327850580e-02
5.089999999999999147e+01,1.540602552584807716e-01,9.922196237759028925e-02,8.862872420092219983e+00,1.000000000000000000e+00,1.000000000000000000e+00,9.922170752934611482e-02
5.100000000000003553e+01,1.540871739098449433e-01,1.009847860056489327e-01,8.984079469283750896e+00,1.000000000000000000e+00,1.000000000000000000e+00,1.009845265210870258e-01
5.110000000000002984e+01,1.541145715114953518e-01,1.027482311493821271e-01,9.104683141196820984e+00,1.000000000000000000e+00,1.000000000000000000e+00,1.027479670210948715e-01
5.120000000000002416e+01,1.541424484859192090e-01,1.045123088868522426e-01,9.224687925011892276e+00,1.000000000000000000e+00,1.000000000000000000e+00,1.045120401073433569e-01
5.130000000000001847e+01,1.541708052631805270e-01,1.062770303117499537e-01,9.344098326328616366e+00,1.000000000000000000e+00,1.000000000000000000e+00,1.062767568734651613e-01
5.140000000000000568e+01,1.541996422809365219e-01,1.080424065339647965e-01,9.462918859152404494e+00,1.000000000000000000e+00,1.000000000000000000e+00,1.080421284290365297e-01
5.150000000000000000e+01,1.542289599844542114e-01,1.098084486793267228e-01,9.581154038787159877e+00,1.000000000000000000e+00,1.000000000000000000e+00,1.098081658998605881e-01
5.159999999999999432e+01,1.542587588266271237e-01,1.115751678903247335e-01,9.698808375534877513e+00,1.000000000000000000e+00,1.000000000000000000e+00,1.115748804282529899e-01
5.169999999999998863e+01,1.542890392679927281e-01,1.133425753262536362e-01,9.815886369114620535e+00,1.000000000000000000e+00,1.000000000000000000e+00,1.133422831733273406e-01
5.180000000000003268e+01,1.543198017767496710e-01,1.151106821633065963e-01,9.932392503723393773e+00,1.000000000000000000e+00,1.000000000000000000e+00,1.151103853112825509e-01
5.190000000000002700e+01,1.543510468287757065e-01,1.168794995952818216e-01,1.004833124367014463e+01,1.000000000000000000e+00,0.000000000000000000e+00,1.168791980356875676e-01
5.200000000000002132e+01,1.543827749076457645e-01,1.185052732722404051e-01,1.016370702952294991e+01,1.000000000000000000e+00,0.000000000000000000e+00,1.186487325577746527e-01
5.210000000000001563e+01,1.544149090297421145e-01,1.199833088242826390e-01,1.027666451366396672e+01,1.000000000000000000e+00,0.000000000000000000e+00,1.198346534499814958e-01
5.220000000000000995e+01,1.544474470767815688e-01,1.216057325570259889e-01,1.038711470871676390e+01,1.000000000000000000e+00,0.000000000000000000e+00,1.216054183858659155e-01
5.230000000000000426e+01,1.544804695129153860e-01,1.233772540527617728e-01,1.049697212502582921e+01,1.000000000000000000e+00,0.000000000000000000e+00,1.233769351416718896e-01
5.239999999999999858e+01,1.545139768501619382e-01,1.251495386560901868e-01,1.060624243486015317e+01,1.000000000000000000e+00,0.000000000000000000e+00,1.251492149959332334e-01
5.249999999999999289e+01,1.545479696083257304e-01,1.269225976645917686e-01,1.071493123366097500e+01,1.000000000000000000e+00,0.000000000000000000e+00,1.269222692462049218e-01
5.260000000000003695e+01,1.545824483150173845e-01,1.286964423953237402e-01,1.082304403970262463e+01,1.000000000000000000e+00,0.000000000000000000e+00,1.286961092093575065e-01
5.270000000000003126e+01,1.546174135056737342e-01,1.304710841851347558e-01,1.093058629393410897e+01,1.000000000000000000e+00,0.000000000000000000e+00,1.304707462218696878e-01
5.280000000000002558e+01,1.546528657235784476e-01,1.322465343903066193e-01,1.103756335998087934e+01,1.000000000000000000e+00,0.000000000000000000e+00,1.322461916401285464e-01
5.290000000000001990e+01,1.546888055198823997e-01,1.340228043875295594e-01,1.114398052428686547e+01,1.000000000000000000e+00,0.000000000000000000e+00,1.340224568407240302e-01
5.300000000000001421e+01,1.547252334536252938e-01,1.357999055743059624e-01,1.124984299638038188e+01,1.000000000000000000e+00,0.000000000000000000e+00,1.357995532207478540e-01
5.310000000000000142e+01,1.547621500917567283e-01,1.375778493685794468e-01,1.135515590924875262e+01,1.000000000000000000e+00,0.000000000000000000e+00,1.375774921980930099e-01
5.319999999999999574e+01,1.547995560091580958e-01,1.393566472093357711e-01,1.145992431980804405e+01,1.000000000000000000e+00,0.000000000000000000e+00,1.393562852117543327e-01
5.329999999999999005e+01,1.548374517886644541e-01,1.411363105571473708e-01,1.156415320945594516e+01,1.000000000000000000e+00,0.000000000000000000e+00,1.411359437221296198e-01
5.339999999999998437e+01,1.548758380210872032e-01,1.429168508945074245e-01,1.166784748469708966e+01,1.000000000000000000e+00,0.000000000000000000e+00,1.429164792113233606e-01
5.350000000000002842e+01,1.549147153052366221e-01,1.446982797254917352e-01,1.177101197783114905e+01,1.000000000000000000e+00,0.000000000000000000e+00,1.446979031834509377e-01
5.360000000000002274e+01,1.549540842479448510e-01,1.463673630121002656e-01,1.187365144769495373e+01,1.000000000000000000e+00,0.000000000000000000e+00,1.464802271649400522e-01
5.370000000000001705e+01,1.549938842104930659e-01,1.478479332882466912e-01,1.197420790178747829e+01,1.000000000000000000e+00,0.000000000000000000e+00,1.476583202257983618e-01
5.380000000000001137e+01,1.550340745217401728e-01,1.494425539088563293e-01,1.207161903283025239e+01,1.000000000000000000e+00,0.000000000000000000e+00,1.494421643857846149e-01
5.390000000000000568e+01,1.550747581884241444e-01,1.512273337568548204e-01,1.216849584450092614e+01,1.000000000000000000e+00,0.000000000000000000e+00,1.512269393345821444e-01
5.400000000000000000e+01,1.551159358470005079e-01,1.530130560158513287e-01,1.226484374146957990e+01,1.000000000000000000e+00,0.000000000000000000e+00,1.530126566829330403e-01
5.409999999999999432e+01,1.551576081420591724e-01,1.547997323204659548e-01,1.236066803038924000e+01,1.000000000000000000e+00,0.000000000000000000e+00,1.547993280653333636e-01
5.419999999999998863e+01,1.551997757263493538e-01,1.565873743293761389e-01,1.245597392184680530e+01,1.000000000000000000e+00,0.000000000000000000e+00,1.565869651403450080e-01
5.430000000000003268e+01,1.552424392608048320e-01,1.583759937256575268e-01,1.255076653228763917e+01,1.000000000000000000e+00,0.000000000000000000e+00,1.583755795909098651e-01
5.440000000000002700e+01,1.552855994145695695e-01,1.601656022171702165e-01,1.264505088591196724e+01,1.000000000000000000e+00,0.000000000000000000e+00,1.601651831246620750e-01
5.450000000000002132e+01,1.553292568650236904e-01,1.619562115366837696e-01,1.273883191654247682e+01,1.000000000000000000e+00,0.000000000000000000e+00,1.619557874742479364e-01
5.460000000000001563e+01,1.553734122978096821e-01,1.637478334422012849e-01,1.283211446946126877e+01,1.000000000000000000e+00,0.000000000000000000e+00,1.637474043976417382e-01
5.470000000000000995e+01,1.554180664068590678e-01,1.655404797177381371e-01,1.292490330321586178e+01,1.000000000000000000e+00,0.000000000000000000e+00,1.655400456784636987e-01
5.480000000000000426e+01,1.554632198944195520e-01,1.673341621728664796e-01,1.301720309139358278e+01,1.000000000000000000e+00,0.000000000000000000e+00,1.673337231263019587e-01
5.489999999999999147e+01,1.555088734710819709e-01,1.691288926436363416e-01,1.310901842436368803e+01,1.000000000000000000e+00,0.000000000000000000e+00,1.691284485770329638e-01
5.499999999999998579e+01,1.555550278558084643e-01,1.709246829928751932e-01,1.320035381098706218e+01,1.000000000000000000e+00,0.000000000000000000e+00,1.709242338931458438e-01
5.510000000000002984e+01,1.556016837759601201e-01,1.727215451098693677e-01,1.329121368029325012e+01,1.000000000000000000e+00,0.000000000000000000e+00,1.727210909640665149e-01
5.520000000000002416e+01,1.556488419673255075e-01,1.742891395611057270e-01,1.338160238312454453e+01,1.000000000000000000e+00,0.000000000000000000e+00,1.745190317064814756e-01
5.530000000000001847e+01,1.556963780203554637e-01,1.757851122629413565e-01,1.346826825239562275e+01,1.000000000000000000e+00,0.000000000000000000e+00,1.757120230332969990e-01
5.540000000000001279e+01,1.557443781674499594e-01,1.775122602505275482e-01,1.355343751368766192e+01,1.000000000000000000e+00,0.000000000000000000e+00,1.775117926009986136e-01
5.550000000000000711e+01,1.557928826384085419e-01,1.793131504569460966e-01,1.363814142584839573e+01,1.000000000000000000e+00,0.000000000000000000e+00,1.793126777121502868e-01
5.560000000000000142e+01,1.558418922002184070e-01,1.811151682401737906e-01,1.372238458225250213e+01,1.000000000000000000e+00,0.000000000000000000e+00,1.811146903861186874e-01
5.569999999999999574e+01,1.558914076284325101e-01,1.829183256483984388e-01,1.380617148772119052e+01,1.000000000000000000e+00,0.000000000000000000e+00,1.829178426710740268e-01
5.579999999999999005e+01,1.559414297071995414e-01,1.847226347588941664e-01,1.388950656063583011e+01,1.000000000000000000e+00,0.000000000000000000e+00,1.847221466443245974e-01
5.590000000000003411e+01,1.559919592292952073e-01,1.865281076789285231e-01,1.397239413499315575e+01,1.000000000000000000e+00,0.000000000000000000e+00,1.865276144126543079e-01
5.600000000000002842e+01,1.560429969961532604e-01,1.883347565451336525e-01,1.405483846240350054e+01,1.000000000000000000e+00,0.000000000000000000e+00,1.883342581126574433e-01
5.610000000000002274e+01,1.560945438178970024e-01,1.901425935242985477e-01,1.413684371403427420e+01,1.000000000000000000e+00,0.000000000000000000e+00,1.901420899110833063e-01
5.620000000000001705e+01,1.561466005133713142e-01,1.919516308140004901e-01,1.421841398249955546e+01,1.000000000000000000e+00,0.000000000000000000e+00,1.919511220051741685e-01
5.630000000000001137e+01,1.561991679101750741e-01,1.937618806424141193e-01,1.429955328369782919e+01,1.000000000000000000e+00,0.000000000000000000e+00,1.937613666230093845e-01
5.640000000000000568e+01,1.562522468446936597e-01,1.955733552689802035e-01,1.438026555859933531e+01,1.000000000000000000e+00,0.000000000000000000e+00,1.955728360238501162e-01
5.650000000000000000e+01,1.563058381621323101e-01,1.973860669846076166e-01,1.446055467498437963e+01,1.000000000000000000e+00,0.000000000000000000e+00,1.973855424984856943e-01
5.659999999999998721e+01,1.563599427165493216e-01,1.992000281122252026e-01,1.454042442913418931e+01,1.000000000000000000e+00,0.000000000000000000e+00,1.991994983695821175e-01
5.670000000000003837e+01,1.564145613708902982e-01,2.008683163922572179e-01,1.461987854747565940e+01,1.000000000000000000e+00,0.000000000000000000e+00,2.010147159920327997e-01
5.680000000000003268e+01,1.564696147722183794e-01,2.023778228887705977e-01,1.469685103180937169e+01,1.000000000000000000e+00,0.000000000000000000e+00,2.022174554173755689e-01
5.690000000000001990e+01,1.565250964932150268e-01,2.040353415614837018e-01,1.477116488943886452e+01,1.000000000000000000e+00,0.000000000000000000e+00,2.040347977482649955e-01
5.700000000000001421e+01,1.565810947164563149e-01,2.058539840093230044e-01,1.484507872415059460e+01,1.000000000000000000e+00,0.000000000000000000e+00,2.058534348814838322e-01
5.710000000000000853e+01,1.566376103378362139e-01,2.076739337517917172e-01,1.491859624887923097e+01,1.000000000000000000e+00,0.000000000000000000e+00,2.076733792929631450e-01
5.720000000000000284e+01,1.566946442622999536e-01,2.094952032987565660e-01,1.499172110428326476e+01,1.000000000000000000e+00,0.000000000000000000e+00,2.094946434925160639e-01
5.729999999999999716e+01,1.567521974038802723e-01,2.113178051944359648e-01,1.506445686053384669e+01,1.000000000000000000e+00,0.000000000000000000e+00,2.113172400241996873e-01
5.739999999999999147e+01,1.568102706857339157e-01,2.131417520176872860e-01,1.513680701904952919e+01,1.000000000000000000e+00,0.000000000000000000e+00,2.131411814666766824e-01
5.749999999999998579e+01,1.568688650401786622e-01,2.149670563824387093e-01,1.520877501417893995e+01,1.000000000000000000e+00,0.000000000000000000e+00,2.149664804335796597e-01
5.760000000000002984e+01,1.569279814087306824e-01,2.167937309376561650e-01,1.528036421483315443e+01,1.000000000000000000e+00,0.000000000000000000e+00,2.167931495738795733e-01
5.770000000000002416e+01,1.569876207421421754e-01,2.186217883683159724e-01,1.535157792606931970e+01,1.000000000000000000e+00,0.000000000000000000e+00,2.186212015722488189e-01
5.780000000000001847e+01,1.570477840004398939e-01,2.204512413952533223e-01,1.542241939062777689e+01,1.000000000000000000e+00,0.000000000000000000e+00,2.204506491494386267e-01
5.790000000000001279e+01,1.571084721529633355e-01,2.222821027759148416e-01,1.549289179042362363e+01,1.000000000000000000e+00,0.000000000000000000e+00,2.222815050626466005e-01
5.800000000000000711e+01,1.571696861784043220e-01,2.241143853045947654e-01,1.556299824799472198e+01,1.000000000000000000e+00,0.000000000000000000e+00,2.241137821058934165e-01
5.810000000000000142e+01,1.572314270648459689e-01,2.259481018124610829e-01,1.563274182790748412e+01,1.000000000000000000e+00,0.000000000000000000e+00,2.259474931103984119e-01
5.819999999999999574e+01,1.572936958098029303e-01,2.276302443752973859e-01,1.570212553812192446e+01,1.000000000000000000e+00,0.000000000000000000e+00,2.277826509449588088e-01
5.829999999999999005e+01,1.573564094028825910e-01,2.290966863258347419e-01,1.576904399456799055e+01,1.000000000000000000e+00,0.000000000000000000e+00,2.288792565537056400e-01
5.840000000000003411e+01,1.574195334623235687e-01,2.307173750955148206e-01,1.583262937074517218e+01,1.000000000000000000e+00,0.000000000000000000e+00,2.307167520143396655e-01
5.850000000000002842e+01,1.574831881005732126e-01,2.325563565568171953e-01,1.589588024907646435e+01,1.000000000000000000e+00,0.000000000000000000e+00,2.325557279058137472e-01
5.860000000000001563e+01,1.575473743495751644e-01,2.343968314751585513e-01,1.595879943846174953e+01,1.000000000000000000e+00,0.000000000000000000e+00,2.343961972352646972e-01
5.870000000000000995e+01,1.576120932508952854e-01,2.362388128970937251e-01,1.602138969365529420e+01,1.000000000000000000e+00,0.000000000000000000e+00,2.362381730491758536e-01
5.880000000000000426e+01,1.576773458557637342e-01,2.380823139088827922e-01,1.608365371660865506e+01,1.000000000000000000e+00,0.000000000000000000e+00,2.380816684337676292e-01
5.889999999999999858e+01,1.577431332251180984e-01,2.399273476372022207e-01,1.614559415777222995e+01,1.000000000000000000e+00,0.000000000000000000e+00,2.399266965153924180e-01
5.899999999999999289e+01,1.578094564296465552e-01,2.417739272490907476e-01,1.620721361735689214e+01,1.000000000000000000e+00,0.000000000000000000e+00,2.417732704609290850e-01
5.909999999999998721e+01,1.578763165498316690e-01,2.436220659526914245e-01,1.626851464655722168e+01,1.000000000000000000e+00,0.000000000000000000e+00,2.436214034781817861e-01
5.920000000000003126e+01,1.579437146759946620e-01,2.454717769971776486e-01,1.632949974873778487e+01,1.000000000000000000e+00,0.000000000000000000e+00,2.454711088162805643e-01
5.930000000000002558e+01,1.580116519083398785e-01,2.473230736735760604e-01,1.639017138058357048e+01,1.000000000000000000e+00,0.000000000000000000e+00,2.473223997660809748e-01
5.940000000000001990e+01,1.580801293570002208e-01,2.491759693150743804e-01,1.645053195321632344e+01,1.000000000000000000e+00,0.000000000000000000e+00,2.491752896605743117e-01
5.950000000000001421e+01,1.581491481420825018e-01,2.510304772974205068e-01,1.651058383327740842e+01,1.000000000000000000e+00,0.000000000000000000e+00,2.510297918752917301e-01
5.960000000000000853e+01,1.582187093937138245e-01,2.528866110394608069e-01,1.657032934397884816e+01,1.000000000000000000e+00,0.000000000000000000e+00,2.528859198287155552e-01
5.970000000000000284e+01,1.582888142520879615e-01,2.544355468478166626e-01,1.662977076612343197e+01,1.000000000000000000e+00,0.000000000000000000e+00,2.547436869826913974e-01
5.979999999999999716e+01,1.583592932250409702e-01,2.558245178088627281e-01,1.668481571451761170e+01,1.000000000000000000e+00,0.000000000000000000e+00,2.556624909726363248e-01
5.989999999999999147e+01,1.584302284720327247e-01,2.575234384185319247e-01,1.673744643431599144e+01,1.000000000000000000e+00,0.000000000000000000e+00,2.575227326773851799e-01
6.000000000000003553e+01,1.585017103368501767e-01,2.593853589557478245e-01,1.678981221634603926e+01,1.000000000000000000e+00,0.000000000000000000e+00,2.593846473515292184e-01
6.010000000000002984e+01,1.585737399954999516e-01,2.612489661005793495e-01,1.684191488256854186e+01,1.000000000000000000e+00,0.000000000000000000e+00,2.612482486117110314e-01
6.020000000000002416e+01,1.586463186342730869e-01,2.631142735154843315e-01,1.689375622169047730e+01,1.000000000000000000e+00,0.000000000000000000e+00,2.631135501198252902e-01
6.030000000000001847e+01,1.587194474497944929e-01,2.649812949081417623e-01,1.694533798994966745e+01,1.000000000000000000e+00,0.000000000000000000e+00,2.649805655834422957e-01
6.040000000000000568e+01,1.587931276490723298e-01,2.668500440322592038e-01,1.699666191187630204e+01,1.000000000000000000e+00,0.000000000000000000e+00,2.668493087562376909e-01
6.050000000000000000e+01,1.588673604495486891e-01,2.687205346884152801e-01,1.704772968103191033e+01,1.000000000000000000e+00,0.000000000000000000e+00,2.687197934384253917e-01
6.059999999999999432e+01,1.589421470791502200e-01,2.705927807238903138e-01,1.709854296072660418e+01,1.000000000000000000e+00,0.000000000000000000e+00,2.705920334771919067e-01
6.069999999999998863e+01,1.590174887763395051e-01,2.724667960336857320e-01,1.714910338471546325e+01,1.000000000000000000e+00,0.000000000000000000e+00,2.724660427671349305e-01
6.080000000000003268e+01,1.590933867901670462e-01,2.743425945603307214e-01,1.719941255787465550e+01,1.000000000000000000e+00,0.000000000000000000e+00,2.743418352507039359e-01
6.090000000000002700e+01,1.591698423803233342e-01,2.762201902947275522e-01,1.724947205685807106e+01,1.000000000000000000e+00,0.000000000000000000e+00,2.762194249186409878e-01
6.100000000000002132e+01,1.592468568171921117e-01,2.780995972766829860e-01,1.729928343073530073e+01,1.000000000000000000e+00,0.000000000000000000e+00,2.780988258104314936e-01
6.110000000000001563e+01,1.593244313819035529e-01,2.797703595393895015e-01,1.734884820161127550e+01,1.000000000000000000e+00,0.000000000000000000e+00,2.799800520147503469e-01
6.120000000000000995e+01,1.594024503140602234e-01,2.810535877885541600e-01,1.739551476497236848e+01,1.000000000000000000e+00,0.000000000000000000e+00,2.806641993259050283e-01
6.130000000000000426e+01,1.594808150839625294e-01,2.825487229589275784e-01,1.743706885351922509e+01,1.000000000000000000e+00,0.000000000000000000e+00,2.825479370036133586e-01
6.139999999999999858e+01,1.595597432282028216e-01,2.844343256162877309e-01,1.747843491846062136e+01,1.000000000000000000e+00,0.000000000000000000e+00,2.844335334895660150e-01
6.149999999999999289e+01,1.596392360648665742e-01,2.863218013640423942e-01,1.751961361567634512e+01,1.000000000000000000e+00,0.000000000000000000e+00,2.863210030412208784e-01
6.160000000000003695e+01,1.597192949230289150e-01,2.882111645109558529e-01,1.756060559449883129e+01,1.000000000000000000e+00,0.000000000000000000e+00,2.882103599672218297e-01
6.170000000000003126e+01,1.597999211428106636e-01,2.901024294175426066e-01,1.760141149771846614e+01,1.000000000000000000e+00,0.000000000000000000e+00,2.901016186278606579e-01
6.180000000000002558e+01,1.598811160754357030e-01,2.919956104966016652e-01,1.764203196159354547e+01,1.000000000000000000e+00,0.000000000000000000e+00,2.919947934355503483e-01
6.190000000000001990e+01,1.599628810832881831e-01,2.938907222132408070e-01,1.768246761586411608e+01,1.000000000000000000e+00,0.000000000000000000e+00,2.938898988552940961e-01
6.200000000000001421e+01,1.600452175399707799e-01,2.957877790857322275e-01,1.772271908376963978e+01,1.000000000000000000e+00,0.000000000000000000e+00,2.957869494051599268e-01
6.210000000000000142e+01,1.601281268303632599e-01,2.976867956860554387e-01,1.776278698207018891e+01,1.000000000000000000e+00,0.000000000000000000e+00,2.976859596567592581e-01
6.219999999999999574e+01,1.602116103506819322e-01,2.995877866400286083e-01,1.780267192107082153e+01,1.000000000000000000e+00,0.000000000000000000e+00,2.995869442357280144e-01
6.229999999999999005e+01,1.602956695085391847e-01,3.014907666278733300e-01,1.784237450464894081e+01,1.000000000000000000e+00,0.000000000000000000e+00,3.014899178222110732e-01
6.239999999999998437e+01,1.603803057230041573e-01,3.033957503852603987e-01,1.788189533028441858e+01,1.000000000000000000e+00,0.000000000000000000e+00,3.033948951513504300e-01
6.250000000000002842e+01,1.604655204246637767e-01,3.048194483966079060e-01,1.792123498909223400e+01,1.000000000000000000e+00,0.000000000000000000e+00,3.053018910137770825e-01
6.260000000000002274e+01,1.605510443422818734e-01,3.059516128800400248e-01,1.795468677030645210e+01,1.000000000000000000e+00,0.000000000000000000e+00,3.056578131898948225e-01
6.270000000000001705e+01,1.606369845408117392e-01,3.075680927341307158e-01,1.798456297924718683e+01,1.000000000000000000e+00,0.000000000000000000e+00,3.075672233507225628e-01
6.280000000000001137e+01,1.607235066471066065e-01,3.094795604789419285e-01,1.801434378638850831e+01,1.000000000000000000e+00,0.000000000000000000e+00,3.094786845805952979e-01
6.290000000000000568e+01,1.608106121295049817e-01,3.113930942913604727e-01,1.804402828217378385e+01,1.000000000000000000e+00,0.000000000000000000e+00,3.113922118502729375e-01
6.300000000000000000e+01,1.608983024681302498e-01,3.133087091998792428e-01,1.807361559023402720e+01,1.000000000000000000e+00,0.000000000000000000e+00,3.133078201880976632e-01
6.309999999999999432e+01,1.609865791549548453e-01,3.152264202911005397e-01,1.810310486610818970e+01,1.000000000000000000e+00,0.000000000000000000e+00,3.152255246805025224e-01
6.319999999999998863e+01,1.610754436938651724e-01,3.171462427106196968e-01,1.813249529601833743e+01,1.000000000000000000e+00,0.000000000000000000e+00,3.171453404725242398e-01
6.330000000000003268e+01,1.611648976007272471e-01,3.190681916626085246e-01,1.816178609569713842e+01,1.000000000000000000e+00,0.000000000000000000e+00,3.190672827683215251e-01
6.340000000000002700e+01,1.612549424034523671e-01,3.209922824109657236e-01,1.819097650926502396e+01,1.000000000000000000e+00,0.000000000000000000e+00,3.209913668316900504e-01
6.350000000000002132e+01,1.613455796420643906e-01,3.229185302802488056e-01,1.822006580815488519e+01,1.000000000000000000e+00,0.000000000000000000e+00,3.229176079865929139e-01
6.360000000000001563e+01,1.614368108687669334e-01,3.248469506552605912e-01,1.824905329008174348e+01,1.000000000000000000e+00,0.000000000000000000e+00,3.248460216176846105e-01
6.370000000000000995e+01,1.615286376480114250e-01,3.267775589820489102e-01,1.827793827805551885e+01,1.000000000000000000e+00,0.000000000000000000e+00,3.267766231708421620e-01
6.380000000000000426e+01,1.616210615565658870e-01,3.281259977503039327e-01,1.830672011943473976e+01,1.000000000000000000e+00,0.000000000000000000e+00,3.287094281537016327e-01
6.389999999999999147e+01,1.617137545014041000e-01,3.290738863971873762e-01,1.832899964291858552e+01,1.000000000000000000e+00,0.000000000000000000e+00,3.286711037259837376e-01
6.399999999999998579e+01,1.618068196495001387e-01,3.306070328956104420e-01,1.834686659050333901e+01,1.000000000000000000e+00,0.000000000000000000e+00,3.306060835823311228e-01
6.410000000000003695e+01,1.619004854369152646e-01,3.325442539377960194e-01,1.836475106302047422e+01,1.000000000000000000e+00,0.000000000000000000e+00,3.325432977606757046e-01
6.420000000000003126e+01,1.619947534784813570e-01,3.344837250277102880e-01,1.838264996905538951e+01,1.000000000000000000e+00,0.000000000000000000e+00,3.344827619559151977e-01
6.430000000000002558e+01,1.620896254016348514e-01,3.364254619246093148e-01,1.840056031259960534e+01,1.000000000000000000e+00,0.000000000000000000e+00,3.364244919268777889e-01
6.440000000000001990e+01,1.621851028464884048e-01,3.383694804517083932e-01,1.841847918952510810e+01,1.000000000000000000e+00,0.000000000000000000e+00,3.383685034968729743e-01
6.450000000000001421e+01,1.622811874659039755e-01,3.403157964978903438e-01,1.843640378421145343e+01,1.000000000000000000e+00,0.000000000000000000e+00,3.403148125542513891e-01
6.460000000000000853e+01,1.623778809255665423e-01,3.422644260175297104e-01,1.845433136631793047e+01,1.000000000000000000e+00,0.000000000000000000e+00,3.422634350529680791e-01
6.470000000000000284e+01,1.624751849040581841e-01,3.442153850306456930e-01,1.847225928769369574e+01,1.000000000000000000e+00,0.000000000000000000e+00,3.442143870131495476e-01
6.479999999999998295e+01,1.625731010929329923e-01,3.461686896245038669e-01,1.849018497941893102e+01,1.000000000000000000e+00,0.000000000000000000e+00,3.461676845216657972e-01
6.490000000000003411e+01,1.626716311967931761e-01,3.481243559537289811e-01,1.850810594897082595e+01,1.000000000000000000e+00,0.000000000000000000e+00,3.481233437327062585e-01
6.500000000000002842e+01,1.627707769333651688e-01,3.497081654374764592e-01,1.852601977750808615e+01,1.000000000000000000e+00,0.000000000000000000e+00,3.500813808683564954e-01
6.510000000000002274e+01,1.628703274018956926e-01,3.505395017299569038e-01,1.854015765772025404e+01,1.000000000000000000e+00,0.000000000000000000e+00,3.497854641939068254e-01
6.520000000000001705e+01,1.629700672961082730e-01,3.517465583180492961e-01,1.854679561773594898e+01,1.000000000000000000e+00,0.000000000000000000e+00,3.517455328487912314e-01
6.530000000000001137e+01,1.630704264694620154e-01,3.537090422852789962e-01,1.855357361226035096e+01,1.000000000000000000e+00,0.000000000000000000e+00,3.537080096029066034e-01
6.540000000000000568e+01,1.631714066787355588e-01,3.556739508042721098e-01,1.856048588436224023e+01,1.000000000000000000e+00,0.000000000000000000e+00,3.556729108750005808e-01
6.550000000000000000e+01,1.632730096941425180e-01,3.576413003642464061e-01,1.856752685652642754e+01,1.000000000000000000e+00,0.000000000000000000e+00,3.576402531539923935e-01
6.559999999999999432e+01,1.633752372994117796e-01,3.596111075254022627e-01,1.857469112379982690e+01,1.000000000000000000e+00,0.000000000000000000e+00,3.596100529995762685e-01
6.570000000000003126e+01,1.634780912918684104e-01,3.615833889188541650e-01,1.858197344724833044e+01,1.000000000000000000e+00,0.000000000000000000e+00,3.615823270428272784e-01
6.580000000000002558e+01,1.635815734825151191e-01,3.635581612479531488e-01,1.858936874770812508e+01,1.000000000000000000e+00,0.000000000000000000e+00,3.635570919868089113e-01
6.590000000000001990e+01,1.636856856961151352e-01,3.655354412890025051e-01,1.859687209981608902e+01,1.000000000000000000e+00,0.000000000000000000e+00,3.655343646071941843e-01
6.600000000000001421e+01,1.637904297712753088e-01,3.675152458909814457e-01,1.860447872630486899e+01,1.000000000000000000e+00,0.000000000000000000e+00,3.675141617528827065e-01
6.610000000000000853e+01,1.638958075605300713e-01,3.694975919768039296e-01,1.861218399254892830e+01,1.000000000000000000e+00,0.000000000000000000e+00,3.694965003466254005e-01
6.620000000000000284e+01,1.640018209304265062e-01,3.705337070851214554e-01,1.861998340134890739e+01,1.000000000000000000e+00,0.000000000000000000e+00,3.714813973856553875e-01
6.629999999999999716e+01,1.641079286039803520e-01,3.712867802989475718e-01,1.861921538623911232e+01,1.000000000000000000e+00,0.000000000000000000e+00,3.710008130637630908e-01
6.639999999999999147e+01,1.642145106082726347e-01,3.729887656601357793e-01,1.861608573840974046e+01,1.000000000000000000e+00,0.000000000000000000e+00,3.729876607704950553e-01
6.650000000000004263e+01,1.643217320224373001e-01,3.749782094687213463e-01,1.861321098972490518e+01,1.000000000000000000e+00,0.000000000000000000e+00,3.749770969861152548e-01
6.660000000000003695e+01,1.644295947536467406e-01,3.769702590291486022e-01,1.861058269864294701e+01,1.000000000000000000e+00,0.000000000000000000e+00,3.769691389165805151e-01
6.670000000000001705e+01,1.645381007234240356e-01,3.789649316248330790e-01,1.860819269340894877e+01,1.000000000000000000e+00,0.000000000000000000e+00,3.789638038447434853e-01
6.680000000000001137e+01,1.646472518677317143e-01,3.809622446163890563e-01,1.860603306138586177e+01,1.000000000000000000e+00,0.000000000000000000e+00,3.809611091310030617e-01
6.690000000000000568e+01,1.647570501370614893e-01,3.829622154426838843e-01,1.860409613888903735e+01,1.000000000000000000e+00,0.000000000000000000e+00,3.829610722139636936e-01
6.700000000000000000e+01,1.648674974965249618e-01,3.849648616215763930e-01,1.860237450149647742e+01,1.000000000000000000e+00,0.000000000000000000e+00,3.849637106110991858e-01
6.709999999999999432e+01,1.649785959259451318e-01,3.869702007504391972e-01,1.860086095480907886e+01,1.000000000000000000e+00,0.000000000000000000e+00,3.869690419194221631e-01
6.719999999999998863e+01,1.650903474199487686e-01,3.889782505067059248e-01,1.859954852563645744e+01,1.000000000000000000e+00,0.000000000000000000e+00,3.889770838161589195e-01
6.729999999999998295e+01,1.652027539880596141e-01,3.899380469420697937e-01,1.859843045358562108e+01,1.000000000000000000e+00,0.000000000000000000e+00,3.909878540594285412e-01
6.740000000000003411e+01,1.653152115889574003e-01,3.906359041059171977e-01,1.858883316778736727e+01,1.000000000000000000e+00,0.000000000000000000e+00,3.903707766282666913e-01
6.750000000000002842e+01,1.654281739323917033e-01,3.923846288762234957e-01,1.857740701265518268e+01,1.000000000000000000e+00,0.000000000000000000e+00,3.923834487873064103e-01
6.760000000000002274e+01,1.655417953729141634e-01,3.944000676037879849e-01,1.856634118073813511e+01,1.000000000000000000e+00,0.000000000000000000e+00,3.943988795483480136e-01
6.770000000000001705e+01,1.656560779624657587e-01,3.964182829529740992e-01,1.855562459722611734e+01,1.000000000000000000e+00,0.000000000000000000e+00,3.964170868908017953e-01
6.780000000000001137e+01,1.657710237682503696e-01,3.984392929870975708e-01,1.854524655115141840e+01,1.000000000000000000e+00,0.000000000000000000e+00,3.984380888775296836e-01
6.790000000000000568e+01,1.658866348728325613e-01,4.004631158536454683e-01,1.853519668052281943e+01,1.000000000000000000e+00,0.000000000000000000e+00,4.004619036555516765e-01
6.800000000000000000e+01,1.660029133742360330e-01,4.024897697847029665e-01,1.852546495818641148e+01,1.000000000000000000e+00,0.000000000000000000e+00,4.024885494567572164e-01
6.809999999999999432e+01,1.661198613860431217e-01,4.045192730981685414e-01,1.851604167837178849e+01,1.000000000000000000e+00,0.000000000000000000e+00,4.045180445986231721e-01
6.820000000000003126e+01,1.662374810374954437e-01,4.065516441980313034e-01,1.850691744388487692e+01,1.000000000000000000e+00,0.000000000000000000e+00,4.065504074849370375e-01
6.830000000000002558e+01,1.663557744735950639e-01,4.081509082984740022e-01,1.849808315391132396e+01,1.000000000000000000e+00,0.000000000000000000e+00,4.085856566065231288e-01
6.840000000000001990e+01,1.664744906777485822e-01,4.088276947846705700e-01,1.848627758792774856e+01,1.000000000000000000e+00,0.000000000000000000e+00,4.079037115236336386e-01
6.850000000000001421e+01,1.665933465350719345e-01,4.099421410209963534e-01,1.846797386908609440e+01,1.000000000000000000e+00,0.000000000000000000e+00,4.099408905372672884e-01
6.860000000000000853e+01,1.667128804291013733e-01,4.119822455813815787e-01,1.845012307671474261e+01,1.000000000000000000e+00,0.000000000000000000e+00,4.119809867702092232e-01
6.870000000000000284e+01,1.668330945494290452e-01,4.140252861308471588e-01,1.843271169900602402e+01,1.000000000000000000e+00,0.000000000000000000e+00,4.140240189488602063e-01
6.879999999999999716e+01,1.669539911018033673e-01,4.160712814859246489e-01,1.841572667929256824e+01,1.000000000000000000e+00,0.000000000000000000e+00,4.160700058893849196e-01
6.889999999999999147e+01,1.670755723082351929e-01,4.181202505538771930e-01,1.839915539692109547e+01,1.000000000000000000e+00,0.000000000000000000e+00,4.181189664984688581e-01
6.900000000000002842e+01,1.671978404071051694e-01,4.201722123327459868e-01,1.838298564908939525e+01,1.000000000000000000e+00,0.000000000000000000e+00,4.201709197740830515e-01
6.910000000000002274e+01,1.673207976532715413e-01,4.222271859128924332e-01,1.836720563358991143e+01,1.000000000000000000e+00,0.000000000000000000e+00,4.222258848062510617e-01
6.920000000000001705e+01,1.674444463181800347e-01,4.242851904779359473e-01,1.835180393240737828e+01,1.000000000000000000e+00,0.000000000000000000e+00,4.242838807778301913e-01
6.930000000000001137e+01,1.675687886899738521e-01,4.260139004571649735e-01,1.833676949612116758e+01,1.000000000000000000e+00,0.000000000000000000e+00,4.263449269652922480e-01
6.940000000000000568e+01,1.676936326766565732e-01,4.266864313447876200e-01,1.831986338841811701e+01,1.000000000000000000e+00,0.000000000000000000e+00,4.256290210504828919e-01
6.950000000000000000e+01,1.678185543735691287e-01,4.276933929205759544e-01,1.829632318759435350e+01,1.000000000000000000e+00,0.000000000000000000e+00,4.276920689169789180e-01
6.959999999999999432e+01,1.679441742960394446e-01,4.297595317861968578e-01,1.827330250598468098e+01,1.000000000000000000e+00,0.000000000000000000e+00,4.297581990671913155e-01
6.969999999999998863e+01,1.680704947793897897e-01,4.318287725109595798e-01,1.825078609963724929e+01,1.000000000000000000e+00,0.000000000000000000e+00,4.318274310297777752e-01
6.980000000000003979e+01,1.681975181760692883e-01,4.339011347202458291e-01,1.822875924528148772e+01,1.000000000000000000e+00,0.000000000000000000e+00,4.338997844299278817e-01
6.990000000000003411e+01,1.683252468557693837e-01,4.359766381369707400e-01,1.820720771809565264e+01,1.000000000000000000e+00,0.000000000000000000e+00,4.359752789901739090e-01
7.000000000000002842e+01,1.684536832055406053e-01,4.380553025825510427e-01,1.818611777061310519e+01,1.000000000000000000e+00,0.000000000000000000e+00,4.380539345312176036e-01
7.010000000000002274e+01,1.685828296299103635e-01,4.401371479769447537e-01,1.816547611269951545e+01,1.000000000000000000e+00,0.000000000000000000e+00,4.401357709727546919e-01
7.020000000000000284e+01,1.687126885510015217e-01,4.422221943399831101e-01,1.814526989253755218e+01,1.000000000000000000e+00,0.000000000000000000e+00,4.422208083343100449e-01
7.029999999999999716e+01,1.688432624086527722e-01,4.435703848910353408e-01,1.812548667855996598e+01,1.000000000000000000e+00,0.000000000000000000e+00,4.443090667360806711e-01
7.039999999999999147e+01,1.689741174783303268e-01,4.440932034453327071e-01,1.810167755779930232e+01,1.000000000000000000e+00,0.000000000000000000e+00,4.432657717998092495e-01
7.049999999999998579e+01,1.691052023203461485e-01,4.453570498260456256e-01,1.807344937829526899e+01,1.000000000000000000e+00,0.000000000000000000e+00,4.453556502202416501e-01
7.060000000000003695e+01,1.692370066288250152e-01,4.474501887947164858e-01,1.804580170553557394e+01,1.000000000000000000e+00,0.000000000000000000e+00,4.474487800638561885e-01
7.070000000000003126e+01,1.693695328913259190e-01,4.495465996124239916e-01,1.801871766674359776e+01,1.000000000000000000e+00,0.000000000000000000e+00,4.495451817063210731e-01
7.080000000000002558e+01,1.695027836135743204e-01,4.516463027590238433e-01,1.799218097320169107e+01,1.000000000000000000e+00,0.000000000000000000e+00,4.516448756269847986e-01
7.090000000000001990e+01,1.696367613195872148e-01,4.537493188187406989e-01,1.796617589493650868e+01,1.000000000000000000e+00,0.000000000000000000e+00,4.537478824097472274e-01
7.100000000000001421e+01,1.697714685518001976e-01,4.558556684814582538e-01,1.794068723672159038e+01,1.000000000000000000e+00,0.000000000000000000e+00,4.558542227439448813e-01
7.110000000000000853e+01,1.699069078711952230e-01,4.579653725430847255e-01,1.791570031531738749e+01,1.000000000000000000e+00,0.000000000000000000e+00,4.579639174252387313e-01
7.120000000000000284e+01,1.700430818574298342e-01,4.600784519070533762e-01,1.789120093787434129e+01,1.000000000000000000e+00,0.000000000000000000e+00,4.600769873565154211e-01
7.129999999999999716e+01,1.701799931089677809e-01,4.603891160253832382e-01,1.786717538142973183e+01,1.000000000000000000e+00,0.000000000000000000e+00,4.621934535487905449e-01
7.139999999999999147e+01,1.703165715184780937e-01,4.606958688968698645e-01,1.783398127648806053e+01,1.000000000000000000e+00,0.000000000000000000e+00,4.606871144713284849e-01
7.150000000000002842e+01,1.704538846296698440e-01,4.628060409877726156e-01,1.780140706812509066e+01,1.000000000000000000e+00,0.000000000000000000e+00,4.628045642057443954e-01
7.160000000000002274e+01,1.705919394013722667e-01,4.649269237696041501e-01,1.776947292947413004e+01,1.000000000000000000e+00,0.000000000000000000e+00,4.649254374335121121e-01
7.170000000000001705e+01,1.707307384792196570e-01,4.670512513607124050e-01,1.773816032837959256e+01,1.000000000000000000e+00,0.000000000000000000e+00,4.670497554165506937e-01
7.180000000000001137e+01,1.708702845281167282e-01,4.691790451344610147e-01,1.770745138366726934e+01,1.000000000000000000e+00,0.000000000000000000e+00,4.691775395279438876e-01
7.190000000000000568e+01,1.710105802323751423e-01,4.713103265764725935e-01,1.767732883647328634e+01,1.000000000000000000e+00,0.000000000000000000e+00,4.713088112528821538e-01
7.200000000000000000e+01,1.711516282958507884e-01,4.734451172853740841e-01,1.764777602309015947e+01,1.000000000000000000e+00,0.000000000000000000e+00,4.734435921896111843e-01
7.209999999999999432e+01,1.712934314420828663e-01,4.755834389742001345e-01,1.761877684923635101e+01,1.000000000000000000e+00,0.000000000000000000e+00,4.755819040503892481e-01
7.219999999999998863e+01,1.714359924144341352e-01,4.760506361190172120e-01,1.759031576566231436e+01,1.000000000000000000e+00,0.000000000000000000e+00,4.777237686624535851e-01
7.230000000000002558e+01,1.715783118082674363e-01,4.760886310089227358e-01,1.755438344424192465e+01,1.000000000000000000e+00,0.000000000000000000e+00,4.756557719274223106e-01
7.240000000000001990e+01,1.717211320330022661e-01,4.777993047052322972e-01,1.751710322091227212e+01,1.000000000000000000e+00,0.000000000000000000e+00,4.777977595550174095e-01
7.250000000000001421e+01,1.718647141861941730e-01,4.799448777295450275e-01,1.748054175054960169e+01,1.000000000000000000e+00,0.000000000000000000e+00,4.799433226365472094e-01
7.260000000000000853e+01,1.720090610565258304e-01,4.820940483291099588e-01,1.744467806556009748e+01,1.000000000000000000e+00,0.000000000000000000e+00,4.820924832361903611e-01
7.270000000000000284e+01,1.721541754529707091e-01,4.842468386866225494e-01,1.740949195379315739e+01,1.000000000000000000e+00,0.000000000000000000e+00,4.842452635360880997e-01
7.279999999999999716e+01,1.723000602049387375e-01,4.864032711035572998e-01,1.737496392437550696e+01,1.000000000000000000e+00,0.000000000000000000e+00,4.864016858373439445e-01
7.289999999999999147e+01,1.724467181624241563e-01,4.885633680016397973e-01,1.734107517540277854e+01,1.000000000000000000e+00,0.000000000000000000e+00,4.885617725610343909e-01
7.299999999999998579e+01,1.725941521961543434e-01,4.907271519234920332e-01,1.730780756337069093e+01,1.000000000000000000e+00,0.000000000000000000e+00,4.907255462492274289e-01
7.310000000000003695e+01,1.727423651977403607e-01,4.907900230262725039e-01,1.727514357423660130e+01,1.000000000000000000e+00,0.000000000000000000e+00,4.928930295660121086e-01
7.320000000000003126e+01,1.728900910248551692e-01,4.904951759570880254e-01,1.723412084309590853e+01,1.000000000000000000e+00,0.000000000000000000e+00,4.901333801327624751e-01
7.330000000000002558e+01,1.730383791671431526e-01,4.923014597425357519e-01,1.719236839838390551e+01,1.000000000000000000e+00,0.000000000000000000e+00,4.922998465964344983e-01
7.340000000000001990e+01,1.731874499136927537e-01,4.944716627140981480e-01,1.715141560342666693e+01,1.000000000000000000e+00,0.000000000000000000e+00,4.944700392312048054e-01
7.350000000000001421e+01,1.733373061982362018e-01,4.966456147945231825e-01,1.711123884628485570e+01,1.000000000000000000e+00,0.000000000000000000e+00,4.966439809142747519e-01
7.360000000000000853e+01,1.734879509758486260e-01,4.988233389863426792e-01,1.707181538889054195e+01,1.000000000000000000e+00,0.000000000000000000e+00,4.988216946477166402e-01
7.369999999999998863e+01,1.736393872231044022e-01,5.010048584181011622e-01,1.703312332641021598e+01,1.000000000000000000e+00,0.000000000000000000e+00,5.010032035595357591e-01
7.379999999999998295e+01,1.737916179382351101e-01,5.031901963454761262e-01,1.699514154888018069e+01,1.000000000000000000e+00,0.000000000000000000e+00,5.031885309047442467e-01
7.390000000000003411e+01,1.739446461412890166e-01,5.049255632334922472e-01,1.695784970496615074e+01,1.000000000000000000e+00,0.000000000000000000e+00,5.053777000664446684e-01
7.400000000000002842e+01,1.740981993275476924e-01,5.042412849953632481e-01,1.691949742893298847e+01,1.000000000000000000e+00,0.000000000000000000e+00,5.018246369898343717e-01
7.410000000000002274e+01,1.742510823238153650e-01,5.040130758951683054e-01,1.687272484389826133e+01,1.000000000000000000e+00,0.000000000000000000e+00,5.040114064586218579e-01
7.420000000000001705e+01,1.744047657962350950e-01,5.062037066765056048e-01,1.682685941936852103e+01,1.000000000000000000e+00,0.000000000000000000e+00,5.062020265714509693e-01
7.430000000000001137e+01,1.745592528021939482e-01,5.083982117263079470e-01,1.678187372919398967e+01,1.000000000000000000e+00,0.000000000000000000e+00,5.083965208894735133e-01
7.440000000000000568e+01,1.747145464213321064e-01,5.105966147370327723e-01,1.673774140108711350e+01,1.000000000000000000e+00,0.000000000000000000e+00,5.105949131045433020e-01
7.450000000000000000e+01,1.748706497557084016e-01,5.127989395330339040e-01,1.669443706569972008e+01,1.000000000000000000e+00,0.000000000000000000e+00,5.127972270403321486e-01
7.459999999999999432e+01,1.750275659299669606e-01,5.150052100716004944e-01,1.665193630865986307e+01,1.000000000000000000e+00,0.000000000000000000e+00,5.150034866534565214e-01
7.470000000000003126e+01,1.751852980915059865e-01,5.172154504436287104e-01,1.661021562536771157e+01,1.000000000000000000e+00,0.000000000000000000e+00,5.172137160346169660e-01
7.480000000000002558e+01,1.753438494106474566e-01,5.171548625289313916e-01,1.656925237836542664e+01,1.000000000000000000e+00,0.000000000000000000e+00,5.194279394097397473e-01
7.490000000000001990e+01,1.755018307405348810e-01,5.160815121029073138e-01,1.652139281071190524e+01,1.000000000000000000e+00,0.000000000000000000e+00,5.150666892240317596e-01
7.500000000000001421e+01,1.756600096966410285e-01,5.172787673022180011e-01,1.647109026416240241e+01,1.000000000000000000e+00,0.000000000000000000e+00,5.172770325778875966e-01
7.510000000000000853e+01,1.758190101001748940e-01,5.194931164042990712e-01,1.642176840187672227e+01,1.000000000000000000e+00,0.000000000000000000e+00,5.194913706210674276e-01
7.520000000000000284e+01,1.759788351537908135e-01,5.217114846287140839e-01,1.637339710574674356e+01,1.000000000000000000e+00,0.000000000000000000e+00,5.217097277198085026e-01
7.529999999999999716e+01,1.761394880834802890e-01,5.239338964798075926e-01,1.632594744423439792e+01,1.000000000000000000e+00,0.000000000000000000e+00,5.239321283779396765e-01
7.539999999999999147e+01,1.763009721387478468e-01,5.261603766009421701e-01,1.627939161354892406e+01,1.000000000000000000e+00,0.000000000000000000e+00,5.261585972380611320e-01
7.550000000000004263e+01,1.764632905927888684e-01,5.283909497750833850e-01,1.623370288233229175e+01,1.000000000000000000e+00,0.000000000000000000e+00,5.283891590827359819e-01
7.560000000000003695e+01,1.766264467426686136e-01,5.289953941459589748e-01,1.618885553960899415e+01,1.000000000000000000e+00,0.000000000000000000e+00,5.306238388356896429e-01
7.570000000000001705e+01,1.767894387929015987e-01,5.274996621671471653e-01,1.613997287745910825e+01,1.000000000000000000e+00,0.000000000000000000e+00,5.254013207638739136e-01
7.580000000000001137e+01,1.769519728810002579e-01,5.276322753706997881e-01,1.608585136249522307e+01,1.000000000000000000e+00,0.000000000000000000e+00,5.276304885372848918e-01
7.590000000000000568e+01,1.771153461210712710e-01,5.298655639393489158e-01,1.603280364633433308e+01,1.000000000000000000e+00,0.000000000000000000e+00,5.298637657310211191e-01
7.600000000000000000e+01,1.772795618362507097e-01,5.321029870154172503e-01,1.598079596177884198e+01,1.000000000000000000e+00,0.000000000000000000e+00,5.321011773626544983e-01
7.609999999999999432e+01,1.774446233739213341e-01,5.343445697603377287e-01,1.592979591567880604e+01,1.000000000000000000e+00,0.000000000000000000e+00,5.343427485929435061e-01
7.619999999999998863e+01,1.776105341058971110e-01,5.365903374796664460e-01,1.587977241854162891e+01,1.000000000000000000e+00,0.000000000000000000e+00,5.365885047270642083e-01
7.629999999999998295e+01,1.777772974286100094e-01,5.388403156251527770e-01,1.583069561848031270e+01,1.000000000000000000e+00,0.000000000000000000e+00,5.388384712158568179e-01
7.640000000000003411e+01,1.779449167632987661e-01,5.395067753541411548e-01,1.578253683918853056e+01,1.000000000000000000e+00,0.000000000000000000e+00,5.410926736570806916e-01
7.650000000000002842e+01,1.781124093305667955e-01,5.375247229323384390e-01,1.573109931188911936e+01,1.000000000000000000e+00,0.000000000000000000e+00,5.348800794943281423e-01
7.660000000000002274e+01,1.782791117922864210e-01,5.371286769494728608e-01,1.567379275503749803e+01,1.000000000000000000e+00,0.000000000000000000e+00,5.371268414123724355e-01
7.670000000000001705e+01,1.784466706819560489e-01,5.393796670114364700e-01,1.561764335402743598e+01,1.000000000000000000e+00,0.000000000000000000e+00,5.393778198006659030e-01
7.680000000000001137e+01,1.786150894389113564e-01,5.416348992490055414e-01,1.556261389306987475e+01,1.000000000000000000e+00,0.000000000000000000e+00,5.416330402923323906e-01
7.690000000000000568e+01,1.787843715276195844e-01,5.438943994442058116e-01,1.550866871586097062e+01,1.000000000000000000e+00,0.000000000000000000e+00,5.438925286689884064e-01
7.700000000000000000e+01,1.789545204378728827e-01,5.461581935291082157e-01,1.545577364328011960e+01,1.000000000000000000e+00,0.000000000000000000e+00,5.461563108620247631e-01
7.709999999999999432e+01,1.791255396849841253e-01,5.484263075870517978e-01,1.540389589631406686e+01,1.000000000000000000e+00,0.000000000000000000e+00,5.484244129539029844e-01
7.720000000000003126e+01,1.792974328099841419e-01,5.483649996173427521e-01,1.535300402382028295e+01,1.000000000000000000e+00,0.000000000000000000e+00,5.506968611794624824e-01
7.730000000000002558e+01,1.794687427533769308e-01,5.458510582615383466e-01,1.529769073913050548e+01,1.000000000000000000e+00,0.000000000000000000e+00,5.434015564240837204e-01
7.740000000000001990e+01,1.796393888981613896e-01,5.456662841574942968e-01,1.523790135509388755e+01,1.000000000000000000e+00,0.000000000000000000e+00,5.456644040787476113e-01
7.750000000000001421e+01,1.798109081228383976e-01,5.479334579845078768e-01,1.517933904624825203e+01,1.000000000000000000e+00,0.000000000000000000e+00,5.479315659559993446e-01
7.760000000000000853e+01,1.799833039771021881e-01,5.502049723102491186e-01,1.512196353739465060e+01,1.000000000000000000e+00,0.000000000000000000e+00,5.502030682574797771e-01
7.770000000000000284e+01,1.801565800366254078e-01,5.524808534904187551e-01,1.506573628509289087e+01,1.000000000000000000e+00,0.000000000000000000e+00,5.524789373382389401e-01
7.779999999999999716e+01,1.803307399032608449e-01,5.547611280355559948e-01,1.501062038385204644e+01,1.000000000000000000e+00,0.000000000000000000e+00,5.547591997080668635e-01
7.789999999999999147e+01,1.805057872052454881e-01,5.570458226122766421e-01,1.495658047843539151e+01,1.000000000000000000e+00,0.000000000000000000e+00,5.570438820328347251e-01
7.800000000000002842e+01,1.806817255974063063e-01,5.552285446456924900e-01,1.490358268181505430e+01,1.000000000000000000e+00,0.000000000000000000e+00,5.593330111358517653e-01
7.810000000000002274e+01,1.808559688500370188e-01,5.520781832941501488e-01,1.484333742789015531e+01,1.000000000000000000e+00,0.000000000000000000e+00,5.507439126566114895e-01
7.820000000000001705e+01,1.810302561019885292e-01,5.530227431701724150e-01,1.478169050440455656e+01,1.000000000000000000e+00,0.000000000000000000e+00,5.530208241293271820e-01
7.830000000000001137e+01,1.812054321078096497e-01,5.553040664527829628e-01,1.472132802955348296e+01,1.000000000000000000e+00,0.000000000000000000e+00,5.553021352185216752e-01
7.840000000000000568e+01,1.813815005188301743e-01,5.575898161315703261e-01,1.466220705787334211e+01,1.000000000000000000e+00,0.000000000000000000e+00,5.575878726273849617e-01
7.850000000000000000e+01,1.815584650131421285e-01,5.598800190683221878e-01,1.460428653331535642e+01,1.000000000000000000e+00,0.000000000000000000e+00,5.598780632168666171e-01
7.859999999999999432e+01,1.817363292958096843e-01,5.621747022839164165e-01,1.454752718449553761e+01,1.000000000000000000e+00,0.000000000000000000e+00,5.621727340070503676e-01
7.869999999999998863e+01,1.819150970990803806e-01,5.634370386288494181e-01,1.449189142693214372e+01,1.000000000000000000e+00,0.000000000000000000e+00,5.644719121785362059e-01
7.880000000000003979e+01,1.820941137764902629e-01,5.595681656442641483e-01,1.443550097878659066e+01,1.000000000000000000e+00,0.000000000000000000e+00,5.544505312478488213e-01
7.890000000000003411e+01,1.822707744983110278e-01,5.567365531163998016e-01,1.437126125539525567e+01,1.000000000000000000e+00,0.000000000000000000e+00,5.567346141987292718e-01
7.900000000000002842e+01,1.824483346408904971e-01,5.590250915267027665e-01,1.430839619740549296e+01,1.000000000000000000e+00,0.000000000000000000e+00,5.590231402906890024e-01
7.910000000000002274e+01,1.826267979186686485e-01,5.613181001164362360e-01,1.424685854980078581e+01,1.000000000000000000e+00,0.000000000000000000e+00,5.613161364842822465e-01
7.920000000000000284e+01,1.828061680733325811e-01,5.636156060067831763e-01,1.418660320485806636e+01,1.000000000000000000e+00,0.000000000000000000e+00,5.636136299000624739e-01
7.929999999999999716e+01,1.829864488740305661e-01,5.659176364803369941e-01,1.412758707917362599e+01,1.000000000000000000e+00,0.000000000000000000e+00,5.659156478199754980e-01
7.939999999999999147e+01,1.831676441175884296e-01,5.682242189825373879e-01,1.406976899916168833e+01,1.000000000000000000e+00,0.000000000000000000e+00,5.682222176887655740e-01
7.949999999999998579e+01,1.833497576287280162e-01,5.653261164803676797e-01,1.401310959434540848e+01,1.000000000000000000e+00,0.000000000000000000e+00,5.705333671153962616e-01
7.960000000000003695e+01,1.835294592715796536e-01,5.606520017351931395e-01,1.394957552932612899e+01,1.000000000000000000e+00,0.000000000000000000e+00,5.588764497162512779e-01
7.970000000000003126e+01,1.837089329801847304e-01,5.611711216701295024e-01,1.388471791459202542e+01,1.000000000000000000e+00,0.000000000000000000e+00,5.611691588340734782e-01
7.980000000000002558e+01,1.838893187546250807e-01,5.634683387379576525e-01,1.382126416319195705e+01,1.000000000000000000e+00,0.000000000000000000e+00,5.634663634324643677e-01
7.990000000000001990e+01,1.840706203848448408e-01,5.657700786370227775e-01,1.375916533636943839e+01,1.000000000000000000e+00,0.000000000000000000e+00,5.657680907829916173e-01
8.000000000000001421e+01,1.842528416886175247e-01,5.680763688022361091e-01,1.369837475704214036e+01,1.000000000000000000e+00,0.000000000000000000e+00,5.680743683199322991e-01
8.010000000000000853e+01,1.844359865117654596e-01,5.703872368327914666e-01,1.363884787805066345e+01,1.000000000000000000e+00,0.000000000000000000e+00,5.703852236416898647e-01
8.020000000000000284e+01,1.846200587283820527e-01,5.686660251102710895e-01,1.358054215964045497e+01,1.000000000000000000e+00,0.000000000000000000e+00,5.727006845122293299e-01
8.029999999999999716e+01,1.848024608170106553e-01,5.630695759094164199e-01,1.351799105317538618e+01,1.000000000000000000e+00,0.000000000000000000e+00,5.592030229995588186e-01
8.040000000000003411e+01,1.849832849350016573e-01,5.614983359382362815e-01,1.345165830189566947e+01,1.000000000000000000e+00,0.000000000000000000e+00,5.614963713292860925e-01
8.050000000000002842e+01,1.851650278596448373e-01,5.637961961070514505e-01,1.338679486215299796e+01,1.000000000000000000e+00,0.000000000000000000e+00,5.637942190175052604e-01
8.060000000000002274e+01,1.853476934106224050e-01,5.660985830083323789e-01,1.332334828961757012e+01,1.000000000000000000e+00,0.000000000000000000e+00,5.660965933588950616e-01
8.070000000000001705e+01,1.855312854356663266e-01,5.684055241002636816e-01,1.326126862943725548e+01,1.000000000000000000e+00,0.000000000000000000e+00,5.684035218110430332e-01
8.080000000000001137e+01,1.857158078107798427e-01,5.707170470052844724e-01,1.320050826727015014e+01,1.000000000000000000e+00,0.000000000000000000e+00,5.707150319958671503e-01
8.090000000000000568e+01,1.859012644404611503e-01,5.687079917577737564e-01,1.314102179103928592e+01,1.000000000000000000e+00,0.000000000000000000e+00,5.730311517010518996e-01
8.100000000000000000e+01,1.860848525664796083e-01,5.621422191201435048e-01,1.307769667596687491e+01,1.000000000000000000e+00,0.000000000000000000e+00,5.575968387139427218e-01
8.109999999999999432e+01,1.862664087943920743e-01,5.598890027076326437e-01,1.301050571676802825e+01,1.000000000000000000e+00,0.000000000000000000e+00,5.598870468075883844e-01
8.119999999999998863e+01,1.864488881542457621e-01,5.621837035339609656e-01,1.294483339104411712e+01,1.000000000000000000e+00,0.000000000000000000e+00,5.621817352081369679e-01
8.130000000000002558e+01,1.866322944751634128e-01,5.644829119269820783e-01,1.288062436504041841e+01,1.000000000000000000e+00,0.000000000000000000e+00,5.644809310968218474e-01
8.140000000000001990e+01,1.868166316143758388e-01,5.667866552303830741e-01,1.281782599324182037e+01,1.000000000000000000e+00,0.000000000000000000e+00,5.667846618167935446e-01
8.150000000000001421e+01,1.870019034574443573e-01,5.690949609518115571e-01,1.275638815373317314e+01,1.000000000000000000e+00,0.000000000000000000e+00,5.690929548745388145e-01
8.160000000000000853e+01,1.871881139184842224e-01,5.645316726840912125e-01,1.269626309568685407e+01,1.000000000000000000e+00,0.000000000000000000e+00,5.714058379413013977e-01
8.170000000000000284e+01,1.873707739744528700e-01,5.569573132736844734e-01,1.263040917223058912e+01,1.000000000000000000e+00,0.000000000000000000e+00,5.539514853719575971e-01
8.179999999999999716e+01,1.875523903931065606e-01,5.562365362120940127e-01,1.256303786575717218e+01,1.000000000000000000e+00,0.000000000000000000e+00,5.562345999787450257e-01
8.189999999999999147e+01,1.877349316589355110e-01,5.585241003851075803e-01,1.249721433973543228e+01,1.000000000000000000e+00,0.000000000000000000e+00,5.585221518502723193e-01
8.199999999999998579e+01,1.879184015887190584e-01,5.608161288262715205e-01,1.243288124568440978e+01,1.000000000000000000e+00,0.000000000000000000e+00,5.608141679122784495e-01
8.210000000000003695e+01,1.881028040272314794e-01,5.631126486215430882e-01,1.236998407411975265e+01,1.000000000000000000e+00,0.000000000000000000e+00,5.631106752502007540e-01
8.220000000000003126e+01,1.882881428474612595e-01,5.639101580769902977e-01,1.230847097737726692e+01,1.000000000000000000e+00,0.000000000000000000e+00,5.654117011105583845e-01
8.230000000000002558e+01,1.884734337570282137e-01,5.554910526267444748e-01,1.224694244656748054e+01,1.000000000000000000e+00,0.000000000000000000e+00,5.463037181918056762e-01
8.240000000000001990e+01,1.886535984080613682e-01,5.485739976121640771e-01,1.217864529140172181e+01,1.000000000000000000e+00,0.000000000000000000e+00,5.485721021982102874e-01
8.250000000000001421e+01,1.888346836065707968e-01,5.508467415096276465e-01,1.211195664547578055e+01,1.000000000000000000e+00,0.000000000000000000e+00,5.508448340501692631e-01
8.260000000000000853e+01,1.890166931107870041e-01,5.531238597264185319e-01,1.204681546114432678e+01,1.000000000000000000e+00,0.000000000000000000e+00,5.531219401462619256e-01
8.269999999999998863e+01,1.891996307064607308e-01,5.554053788170913997e-01,1.198316379287563294e+01,1.000000000000000000e+00,0.000000000000000000e+00,5.554034470401848500e-01
8.279999999999998295e+01,1.893835002070778650e-01,5.576913254926924024e-01,1.192094659854364203e+01,1.000000000000000000e+00,0.000000000000000000e+00,5.576893814420974538e-01
8.290000000000003411e+01,1.895683054540756585e-01,5.511634854654297033e-01,1.186011155602289335e+01,1.000000000000000000e+00,0.000000000000000000e+00,5.599797702199821314e-01
8.300000000000002842e+01,1.897482151262421535e-01,5.420113343454223687e-01,1.179378772264451847e+01,1.000000000000000000e+00,0.000000000000000000e+00,5.393907257027638069e-01
8.310000000000002274e+01,1.899273046129814346e-01,5.416478295916794528e-01,1.172703082811551134e+01,1.000000000000000000e+00,0.000000000000000000e+00,5.416459705675130687e-01
8.320000000000001705e+01,1.901073121250021758e-01,5.439073543084302909e-01,1.166185108791504987e+01,1.000000000000000000e+00,0.000000000000000000e+00,5.439054834653599402e-01
8.330000000000001137e+01,1.902882413732500944e-01,5.461711730639869922e-01,1.159818840769334791e+01,1.000000000000000000e+00,0.000000000000000000e+00,5.461692903285577660e-01
8.340000000000000568e+01,1.904700960958088940e-01,5.484393119422688034e-01,1.153598576199562231e+01,1.000000000000000000e+00,0.000000000000000000e+00,5.484374172404361536e-01
8.350000000000000000e+01,1.906528800581099858e-01,5.444204929788547531e-01,1.147518899668885517e+01,1.000000000000000000e+00,0.000000000000000000e+00,5.507098904367105918e-01
8.359999999999999432e+01,1.908324101644232329e-01,5.346005911586680925e-01,1.141147594973543100e+01,1.000000000000000000e+00,0.000000000000000000e+00,5.288150423418414015e-01
8.370000000000003126e+01,1.910089939644155632e-01,5.310523145835756020e-01,1.134538609073477033e+01,1.000000000000000000e+00,0.000000000000000000e+00,5.310505103109028902e-01
8.380000000000002558e+01,1.911864877918265648e-01,5.332919418054051786e-01,1.128087584631997231e+01,1.000000000000000000e+00,0.000000000000000000e+00,5.332901260512667996e-01
8.390000000000001990e+01,1.913648952687976024e-01,5.355357421062506562e-01,1.121788434482590624e+01,1.000000000000000000e+00,0.000000000000000000e+00,5.355339148001719840e-01
8.400000000000001421e+01,1.915442200439114173e-01,5.377837408690714360e-01,1.115635386222494851e+01,1.000000000000000000e+00,0.000000000000000000e+00,5.377819019399342482e-01
8.410000000000000853e+01,1.917244657923945217e-01,5.358864548317036069e-01,1.109622961694190124e+01,1.000000000000000000e+00,0.000000000000000000e+00,5.400341129991973466e-01
8.420000000000000284e+01,1.919028591798168093e-01,5.253332075625920528e-01,1.103499170157116183e+01,1.000000000000000000e+00,0.000000000000000000e+00,5.167030160625649682e-01
8.429999999999999716e+01,1.920763693546118644e-01,5.189180579653510650e-01,1.097012175059922257e+01,1.000000000000000000e+00,0.000000000000000000e+00,5.189163150585767159e-01
8.439999999999999147e+01,1.922507797331754476e-01,5.211353807886157652e-01,1.090681251653276540e+01,1.000000000000000000e+00,0.000000000000000000e+00,5.211336267733918115e-01
8.450000000000004263e+01,1.924260938339874549e-01,5.233567408656584208e-01,1.084500346825366357e+01,1.000000000000000000e+00,0.000000000000000000e+00,5.233549756750190962e-01
8.460000000000003695e+01,1.926023152011708539e-01,5.255821628037105064e-01,1.078463722767812349e+01,1.000000000000000000e+00,0.000000000000000000e+00,5.255803863699278766e-01
8.470000000000001705e+01,1.927794474046856943e-01,5.261710717211843802e-01,1.072565936270650155e+01,1.000000000000000000e+00,0.000000000000000000e+00,5.278098836042434128e-01
8.480000000000001137e+01,1.929563900363812923e-01,5.148614154423524214e-01,1.066716420320084069e+01,1.000000000000000000e+00,0.000000000000000000e+00,5.029998005185379872e-01
8.490000000000000568e+01,1.931262296666151068e-01,5.051903123961878350e-01,1.060393181538837659e+01,1.000000000000000000e+00,0.000000000000000000e+00,5.051886372318586949e-01
8.500000000000000000e+01,1.932969578796895349e-01,5.073830231065706853e-01,1.054222449334809575e+01,1.000000000000000000e+00,0.000000000000000000e+00,5.073813372398786603e-01
8.509999999999999432e+01,1.934685780757990914e-01,5.095796208066516453e-01,1.048198294897237126e+01,1.000000000000000000e+00,0.000000000000000000e+00,5.095779241738788157e-01
8.519999999999998863e+01,1.936410936798887705e-01,5.117801292596833029e-01,1.042315099184992633e+01,1.000000000000000000e+00,0.000000000000000000e+00,5.117784217964409521e-01
8.530000000000003979e+01,1.938145081418377325e-01,5.139845723608960082e-01,1.036567532522253465e+01,1.000000000000000000e+00,0.000000000000000000e+00,5.139828540025704884e-01
8.540000000000003411e+01,1.939888249366452100e-01,5.034913691140605607e-01,1.030950535809823165e+01,1.000000000000000000e+00,0.000000000000000000e+00,5.161912448208247906e-01
8.550000000000002842e+01,1.941554466887611685e-01,4.909352528917613201e-01,1.024893547967355190e+01,1.000000000000000000e+00,0.000000000000000000e+00,4.888739683933421287e-01
8.560000000000002274e+01,1.943215466628543664e-01,4.910398834630977372e-01,1.018891223063431895e+01,1.000000000000000000e+00,0.000000000000000000e+00,4.910382763065126444e-01
8.570000000000001705e+01,1.944885240303685370e-01,4.932079145892784844e-01,1.013031740474984055e+01,1.000000000000000000e+00,0.000000000000000000e+00,4.932062971308503463e-01
8.580000000000001137e+01,1.946563820736429140e-01,4.953796814918453029e-01,1.007309616100495298e+01,1.000000000000000000e+00,0.000000000000000000e+00,4.953780536713542904e-01
8.590000000000000568e+01,1.948251240988953248e-01,4.975552071005464039e-01,1.001719648861290679e+01,1.000000000000000000e+00,0.000000000000000000e+00,4.975535688572795823e-01
8.600000000000000000e+01,1.949947534363967172e-01,4.910186107511345099e-01,9.962569022845286781e+00,1.000000000000000000e+00,1.000000000000000000e+00,4.997328657431949761e-01
8.609999999999999432e+01,1.951593408728000689e-01,4.770012520140231582e-01,9.905771216577543115e+00,1.000000000000000000e+00,1.000000000000000000e+00,4.695401524543731386e-01
8.620000000000003126e+01,1.953197031996416755e-01,4.716735370953195061e-01,9.847443877203634344e+00,1.000000000000000000e+00,1.000000000000000000e+00,4.716720201117874933e-01
8.630000000000002558e+01,1.954809252409874243e-01,4.738089274347671020e-01,9.790507444894329225e+00,1.000000000000000000e+00,1.000000000000000000e+00,4.738074006695345841e-01
8.640000000000001990e+01,1.956430101109342956e-01,4.759478524620731066e-01,9.734908442925318539e+00,1.000000000000000000e+00,1.000000000000000000e+00,4.759463158593807974e-01
8.650000000000001421e+01,1.958059609462447503e-01,4.780903340247056321e-01,9.680596159981378790e+00,1.000000000000000000e+00,1.000000000000000000e+00,4.780887875282358590e-01
8.660000000000000853e+01,1.959697809065090168e-01,4.773500103103230363e-01,9.627522469834385532e+00,1.000000000000000000e+00,1.000000000000000000e+00,4.802348376391283868e-01
8.670000000000000284e+01,1.961324987042828427e-01,4.619328105831840836e-01,9.574658084284497050e+00,1.000000000000000000e+00,1.000000000000000000e+00,4.472982246624847003e-01
8.679999999999999716e+01,1.962860346939367118e-01,4.493958077030535403e-01,9.518091308504237347e+00,1.000000000000000000e+00,1.000000000000000000e+00,4.493943904581710891e-01
8.689999999999999147e+01,1.964404101136457970e-01,4.514952735240338466e-01,9.462875322793312449e+00,1.000000000000000000e+00,1.000000000000000000e+00,4.514938470565990625e-01
8.700000000000002842e+01,1.965956278871846818e-01,4.535980507748360591e-01,9.408958163957718668e+00,1.000000000000000000e+00,1.000000000000000000e+00,4.535966150341256276e-01
8.710000000000002274e+01,1.967516909596638552e-01,4.557041601376711770e-01,9.356290558868495921e+00,1.000000000000000000e+00,1.000000000000000000e+00,4.557027150724760611e-01
8.720000000000001705e+01,1.969086022976784534e-01,4.578136224014932587e-01,9.304825748856424994e+00,1.000000000000000000e+00,1.000000000000000000e+00,4.578121679596413030e-01
8.730000000000001137e+01,1.970663648894576958e-01,4.457521480178738282e-01,9.254519327889438429e+00,1.000000000000000000e+00,1.000000000000000000e+00,4.599249945907702419e-01
8.740000000000000568e+01,1.972152313590092021e-01,4.288161661821898729e-01,9.201196006943611394e+00,1.000000000000000000e+00,1.000000000000000000e+00,4.239516749100871174e-01
8.750000000000000000e+01,1.973615666657239365e-01,4.260135446650849533e-01,9.147729913693158466e+00,1.000000000000000000e+00,1.000000000000000000e+00,4.260122277226845999e-01
8.759999999999999432e+01,1.975087213902486649e-01,4.280771726106569752e-01,9.095522794976050207e+00,1.000000000000000000e+00,1.000000000000000000e+00,4.280758469906727481e-01
8.769999999999998863e+01,1.976566982643764292e-01,4.301438865087691688e-01,9.044526892730722523e+00,1.000000000000000000e+00,1.000000000000000000e+00,4.301425521647156969e-01
8.780000000000003979e+01,1.978055000399449037e-01,4.322137059062102216e-01,8.994696887075761538e+00,1.000000000000000000e+00,1.000000000000000000e+00,4.322123627913521116e-01
8.790000000000003411e+01,1.979551294889708157e-01,4.283969210703228447e-01,8.945989739325284518e+00,1.000000000000000000e+00,1.000000000000000000e+00,4.342852985137997113e-01
8.800000000000002842e+01,1.981015196375621734e-01,4.097874671509766364e-01,8.896861525043435748e+00,1.000000000000000000e+00,1.000000000000000000e+00,3.950327885920902893e-01
8.810000000000002274e+01,1.982384994707074299e-01,3.970530707705516305e-01,8.845145603811351620e+00,1.000000000000000000e+00,1.000000000000000000e+00,3.970518721838856568e-01
8.820000000000000284e+01,1.983762735745142614e-01,3.990749627604158190e-01,8.794648672775995379e+00,1.000000000000000000e+00,1.000000000000000000e+00,3.990737561134417022e-01
8.829999999999999716e+01,1.985148444464179818e-01,4.010996733026598871e-01,8.745324507354274246e+00,1.000000000000000000e+00,1.000000000000000000e+00,4.010984585543710401e-01
8.839999999999999147e+01,1.986542146023870248e-01,4.031272206565925664e-01,8.697129243047244884e+00,1.000000000000000000e+00,1.000000000000000000e+00,4.031259977653809390e-01
8.849999999999998579e+01,1.987943865770424312e-01,4.051576231671046302e-01,8.650021223467602383e+00,1.000000000000000000e+00,1.000000000000000000e+00,4.051563920909923011e-01
8.860000000000003695e+01,1.989353629237782251e-01,3.885678769167271174e-01,8.603960860135098088e+00,1.000000000000000000e+00,1.000000000000000000e+00,4.071896599622657487e-01
8.870000000000003126e+01,1.990642141010655619e-01,3.670076203923025582e-01,8.554839645416164373e+00,1.000000000000000000e+00,1.000000000000000000e+00,3.620460461305455846e-01
8.880000000000002558e+01,1.991903837443111391e-01,3.640224697092970252e-01,8.505798786642333909e+00,1.000000000000000000e+00,1.000000000000000000e+00,3.640213987078927405e-01
8.890000000000001990e+01,1.993173209653028854e-01,3.660003413437595277e-01,8.457902991091826195e+00,1.000000000000000000e+00,1.000000000000000000e+00,3.659992629134543596e-01
8.900000000000001421e+01,1.994450280065202530e-01,3.679807415083966582e-01,8.411109290068219835e+00,1.000000000000000000e+00,1.000000000000000000e+00,3.679796556134236063e-01
8.910000000000000853e+01,1.995735071274241101e-01,3.699636871436640662e-01,8.365376886147963376e+00,1.000000000000000000e+00,1.000000000000000000e+00,3.699625937479936177e-01
8.920000000000000284e+01,1.997027606045598536e-01,3.650392969692823897e-01,8.320667014790414484e+00,1.000000000000000000e+00,1.000000000000000000e+00,3.719480943319878330e-01
8.929999999999999716e+01,1.998279738820557261e-01,3.400075429916240566e-01,8.275620171040641182e+00,1.000000000000000000e+00,1.000000000000000000e+00,3.199444282723074018e-01
8.940000000000003411e+01,1.999399264795964914e-01,3.218704127360882405e-01,8.227813856651589930e+00,1.000000000000000000e+00,1.000000000000000000e+00,3.218694940984463404e-01
8.950000000000002842e+01,2.000526143257509437e-01,3.237976493895172170e-01,8.181134621450421918e+00,1.000000000000000000e+00,1.000000000000000000e+00,3.237967240241991784e-01
8.960000000000002274e+01,2.001660393515161951e-01,3.257270655847632757e-01,8.135539877368433537e+00,1.000000000000000000e+00,1.000000000000000000e+00,3.257261334620736304e-01
8.970000000000001705e+01,2.002802035031101824e-01,3.276586767960959490e-01,8.090989204621088504e+00,1.000000000000000000e+00,1.000000000000000000e+00,3.276577378860432987e-01
8.980000000000001137e+01,2.003951087420575983e-01,3.295924985596183632e-01,8.047444212472576908e+00,1.000000000000000000e+00,1.000000000000000000e+00,3.295915528320855770e-01
8.990000000000000568e+01,2.005107570452758503e-01,3.106304324679704520e-01,8.004868410752605357e+00,1.000000000000000000e+00,1.000000000000000000e+00,3.315275938987223836e-01
9.000000000000000000e+01,2.006125235104917470e-01,2.815539501622471574e-01,7.959801756834409048e+00,1.000000000000000000e+00,1.000000000000000000e+00,2.714565730961190915e-01
9.009999999999999432e+01,2.007079207767981655e-01,2.733321595563704132e-01,7.914159092845206800e+00,1.000000000000000000e+00,1.000000000000000000e+00,2.733314035041804479e-01
9.019999999999998863e+01,2.008040207896708007e-01,2.752087856619376272e-01,7.869591565469883143e+00,1.000000000000000000e+00,1.000000000000000000e+00,2.752080235558582166e-01
9.030000000000002558e+01,2.009008251449286020e-01,2.770872154477463378e-01,7.826058687372790423e+00,1.000000000000000000e+00,1.000000000000000000e+00,2.770864472643327359e-01
9.040000000000001990e+01,2.009983354519151721e-01,2.789674629763059799e-01,7.783522026050021303e+00,1.000000000000000000e+00,1.000000000000000000e+00,2.789666886917296362e-01
9.050000000000001421e+01,2.010965533335665745e-01,2.798144738641061835e-01,7.741945072291790630e+00,1.000000000000000000e+00,1.000000000000000000e+00,2.808487619495758647e-01
9.060000000000000853e+01,2.011947538504259003e-01,2.465754137511785571e-01,7.701144700186355330e+00,1.000000000000000000e+00,1.000000000000000000e+00,2.125455717872856976e-01
9.070000000000000284e+01,2.012697237838050879e-01,2.143710003597286140e-01,7.656461985061112863e+00,1.000000000000000000e+00,1.000000000000000000e+00,2.143704261750759288e-01
9.079999999999999716e+01,2.013453631706806635e-01,2.161972261968778675e-01,7.612849153578984840e+00,1.000000000000000000e+00,1.000000000000000000e+00,2.161966466028528988e-01
9.089999999999999147e+01,2.014216732271848220e-01,2.180248307642914940e-01,7.570265412355055901e+00,1.000000000000000000e+00,1.000000000000000000e+00,2.180242457435941916e-01
9.099999999999998579e+01,2.014986551813342242e-01,2.198538267709573002e-01,7.528672065441125660e+00,1.000000000000000000e+00,1.000000000000000000e+00,2.198532363062313810e-01
9.110000000000003695e+01,2.015763102730799838e-01,2.216842269624026696e-01,7.488032378322153626e+00,1.000000000000000000e+00,1.000000000000000000e+00,2.216836310360231210e-01
9.120000000000003126e+01,2.016546397543571567e-01,2.121184613591099999e-01,7.448311452516790609e+00,1.000000000000000000e+00,1.000000000000000000e+00,2.235154427149252387e-01
9.130000000000002558e+01,2.017256220453401139e-01,1.755385991201552642e-01,7.408078867861511263e+00,1.000000000000000000e+00,1.000000000000000000e+00,1.485558545508293971e-01
9.140000000000001990e+01,2.017782461819209727e-01,1.503405576311236669e-01,7.365521464124058504e+00,1.000000000000000000e+00,1.000000000000000000e+00,1.503401656441402667e-01
9.150000000000001421e+01,2.018315127559879851e-01,1.521258102579000349e-01,7.323983825402142323e+00,1.000000000000000000e+00,1.000000000000000000e+00,1.521254133659654395e-01
9.160000000000000853e+01,2.018854226011075614e-01,1.539120111473471775e-01,7.283427175467309667e+00,1.000000000000000000e+00,1.000000000000000000e+00,1.539116093389614748e-01
9.169999999999998863e+01,2.019399765614477704e-01,1.556991719460781021e-01,7.243814726522565195e+00,1.000000000000000000e+00,1.000000000000000000e+00,1.556987652096953612e-01
9.179999999999998295e+01,2.019951754918113129e-01,1.574873043252429106e-01,7.205111550610111770e+00,1.000000000000000000e+00,1.000000000000000000e+00,1.574868926489577103e-01
9.190000000000003411e+01,2.020510202576685233e-01,1.437178479590081603e-01,7.167284461018519792e+00,1.000000000000000000e+00,1.000000000000000000e+00,1.592760033520776441e-01
9.200000000000002842e+01,2.020965384126272302e-01,1.098372063277536226e-01,7.128671652476695542e+00,1.000000000000000000e+00,1.000000000000000000e+00,8.974031414982069910e-02
9.210000000000002274e+01,2.021285049149204038e-01,9.150021110479605868e-02,7.088882089673142595e+00,1.000000000000000000e+00,1.000000000000000000e+00,9.149997650005683991e-02
9.220000000000001705e+01,2.021610974465637145e-01,9.326044017855406043e-02,7.050033000891811064e+00,1.000000000000000000e+00,1.000000000000000000e+00,9.326020096829004680e-02
9.230000000000001137e+01,2.021943165090555050e-01,9.502124237567328990e-02,7.012089208133213347e+00,1.000000000000000000e+00,1.000000000000000000e+00,9.502099855300839837e-02
9.240000000000000568e+01,2.022281626137340249e-01,9.678262870885762092e-02,6.975017307248072562e+00,1.000000000000000000e+00,1.000000000000000000e+00,9.678238026684887751e-02
9.250000000000000000e+01,2.022626362817963597e-01,9.854461020514593272e-02,6.938785555122270132e+00,1.000000000000000000e+00,1.000000000000000000e+00,9.854435713687609288e-02
9.259999999999999432e+01,2.022977380443184148e-01,8.903598274760640696e-02,6.903363765490514226e+00,1.000000000000000000e+00,1.000000000000000000e+00,1.003069402048622494e-01
9.270000000000003126e+01,2.023255092475451933e-01,5.975731927373351127e-02,6.867711422360772922e+00,1.000000000000000000e+00,1.000000000000000000e+00,3.999488147210440714e-02
9.280000000000002558e+01,2.023399416068009382e-01,4.174323253211666140e-02,6.831118854880515734e+00,1.000000000000000000e+00,1.000000000000000000e+00,4.174312634631816704e-02
9.290000000000001990e+01,2.023549924775659981e-01,4.349173663125519701e-02,6.795367607576267233e+00,1.000000000000000000e+00,1.000000000000000000e+00,4.349162597785813378e-02
9.300000000000001421e+01,2.023706620895787123e-01,4.524050620122888056e-02,6.760427126692929889e+00,1.000000000000000000e+00,1.000000000000000000e+00,4.524039107726565007e-02
9.310000000000000853e+01,2.023869506820655806e-01,4.698955195944518048e-02,6.726268353116386045e+00,1.000000000000000000e+00,1.000000000000000000e+00,4.698943236156973013e-02
9.320000000000000284e+01,2.024038585037502558e-01,4.873888462976067038e-02,6.692863630137335207e+00,1.000000000000000000e+00,1.000000000000000000e+00,4.873876055455057810e-02
9.329999999999999716e+01,2.024213858128625365e-01,5.048851494299141235e-02,6.660186618062541974e+00,1.000000000000000000e+00,1.000000000000000000e+00,5.048838638700339776e-02
9.339999999999999147e+01,2.024395328771482483e-01,2.690358521823120810e-02,6.628212215081495273e+00,1.000000000000000000e+00,1.000000000000000000e+00,5.223832059700254937e-02
9.350000000000004263e+01,2.024403971580980288e-01,3.189774813222123577e-03,6.594999410162910358e+00,1.000000000000000000e+00,1.000000000000000000e+00,3.060724938407929398e-03
9.360000000000003695e+01,2.024417869324574570e-01,4.806093837124332524e-03,6.562510849295825288e+00,1.000000000000000000e+00,1.000000000000000000e+00,4.806081636579907085e-03
9.370000000000001705e+01,2.024437934090359548e-01,6.551484247457168252e-03,6.530730895480647114e+00,1.000000000000000000e+00,1.000000000000000000e+00,6.551467615811436621e-03
9.380000000000001137e+01,2.024464166183951863e-01,8.296914573913644758e-03,6.499635142396102516e+00,1.000000000000000000e+00,1.000000000000000000e+00,8.296893510660411156e-03
9.390000000000000568e+01,2.024496566004917730e-01,1.004239545220359832e-02,6.469200314114686101e+00,1.000000000000000000e+00,1.000000000000000000e+00,1.004236995665753161e-02
9.400000000000000000e+01,2.024535134046786533e-01,1.178793751893128690e-02,6.439404199032994214e+00,1.000000000000000000e+00,1.000000000000000000e+00,1.178790759056556024e-02
9.409999999999999432e+01,2.024579870897068035e-01,8.572437609287716226e-03,6.410225588450101597e+00,1.000000000000000000e+00,1.000000000000000000e+00,1.353351705063855250e-02
9.419999999999998863e+01,2.024595716465860951e-01,9.390341918901661325e-03,6.381318819741034432e+00,1.000000000000000000e+00,1.000000000000000000e+00,2.413857932133722448e-02
9.430000000000003979e+01,2.024513507733195494e-01,2.239236179028362278e-02,6.352054238613683346e+00,1.000000000000000000e+00,1.000000000000000000e+00,2.239230491356551320e-02
9.440000000000003411e+01,2.024437472213667377e-01,2.064621943297232851e-02,6.323397809473342512e+00,1.000000000000000000e+00,1.000000000000000000e+00,2.064616699619892595e-02
9.450000000000002842e+01,2.024367608748541270e-01,1.890020291462167490e-02,6.295329567035398810e+00,1.000000000000000000e+00,1.000000000000000000e+00,1.890015491634751063e-02
9.460000000000002274e+01,2.024303916273232362e-01,1.715430158535771049e-02,6.267830425783585291e+00,1.000000000000000000e+00,1.000000000000000000e+00,1.715425802419070361e-02
9.470000000000001705e+01,2.024246393817266121e-01,1.540850479801070261e-02,6.240882131034463320e+00,1.000000000000000000e+00,1.000000000000000000e+00,1.540846567271658349e-02
9.480000000000001137e+01,2.024195040504243592e-01,1.366280190794329739e-02,6.214467213279614377e+00,1.000000000000000000e+00,1.000000000000000000e+00,1.366276721746191060e-02
9.490000000000000568e+01,2.024149855551807542e-01,1.295164101935631328e-02,6.188568945549634215e+00,1.000000000000000000e+00,1.000000000000000000e+00,1.191715201625248230e-02
9.500000000000000000e+01,2.024103529183440275e-01,2.728165562639731437e-02,6.163113170600620805e+00,1.000000000000000000e+00,1.000000000000000000e+00,4.232550970359443693e-02
9.509999999999999432e+01,2.023957098263558241e-01,4.057728436884910223e-02,6.137315132307152865e+00,1.000000000000000000e+00,1.000000000000000000e+00,4.057718116085646393e-02
9.520000000000003126e+01,2.023816852979976322e-01,3.882919898134731124e-02,6.112020058325575711e+00,1.000000000000000000e+00,1.000000000000000000e+00,3.882910023597994226e-02
9.530000000000002558e+01,2.023682791192587260e-01,3.708135051411907274e-02,6.087212423397770245e+00,1.000000000000000000e+00,1.000000000000000000e+00,3.708125622865494214e-02
9.540000000000001990e+01,2.023554910855975830e-01,3.533372827252333898e-02,6.062877343688324316e+00,1.000000000000000000e+00,1.000000000000000000e+00,3.533363844435554596e-02
9.550000000000001421e+01,2.023433210019340844e-01,3.358632156758624421e-02,6.039000543323581383e+00,1.000000000000000000e+00,1.000000000000000000e+00,3.358623619408096506e-02
9.560000000000000853e+01,2.023317686826423267e-01,3.183911971532651930e-02,6.015568323033742892e+00,1.000000000000000000e+00,1.000000000000000000e+00,3.183903879409282628e-02
9.570000000000000284e+01,2.023208339515438214e-01,3.009211203674776181e-02,5.992567530743870385e+00,1.000000000000000000e+00,1.000000000000000000e+00,3.009203556565321833e-02
9.579999999999999716e+01,2.023105166419008338e-01,3.632479174846316161e-02,5.969985533972467451e+00,1.000000000000000000e+00,1.000000000000000000e+00,2.834521583476332790e-02
9.589999999999999147e+01,2.022951814952966276e-01,5.560340903558031594e-02,5.947429261084917762e+00,1.000000000000000000e+00,1.000000000000000000e+00,6.865401508412626030e-02
9.600000000000002842e+01,2.022712526618373752e-01,6.690083849385440595e-02,5.924669253991748263e+00,1.000000000000000000e+00,1.000000000000000000e+00,6.690066775549688427e-02
9.610000000000002274e+01,2.022479454980860847e-01,6.514789605279204532e-02,5.902326902662678343e+00,1.000000000000000000e+00,1.000000000000000000e+00,6.514772983409654328e-02
9.620000000000001705e+01,2.022252596471958985e-01,6.339535220452188757e-02,5.880390044597567645e+00,1.000000000000000000e+00,1.000000000000000000e+00,6.339519050072303652e-02
9.630000000000001137e+01,2.022031947619273851e-01,6.164319613927402713e-02,5.858846989799502580e+00,1.000000000000000000e+00,1.000000000000000000e+00,6.164303894595030142e-02
9.640000000000000568e+01,2.021817505046355767e-01,5.989141705715974456e-02,5.837686497592356361e+00,1.000000000000000000e+00,1.000000000000000000e+00,5.989126436985927476e-02
9.650000000000000000e+01,2.021609265472570360e-01,5.814000416747902578e-02,5.816897754809372323e+00,1.000000000000000000e+00,1.000000000000000000e+00,5.813985598176995423e-02
9.659999999999999432e+01,2.021407225712979205e-01,5.638894668822252987e-02,5.796470355258119156e+00,1.000000000000000000e+00,1.000000000000000000e+00,5.638880299997436202e-02
9.669999999999998863e+01,2.021211382678219370e-01,5.904392924730033493e-02,5.776394280374610446e+00,1.000000000000000000e+00,1.000000000000000000e+00,5.463809465146930722e-02
9.680000000000003979e+01,2.020990649613005063e-01,8.488022073487876129e-02,5.756479654330368234e+00,1.000000000000000000e+00,1.000000000000000000e+00,1.080746321232996382e-01
9.690000000000003411e+01,2.020612587674817384e-01,1.063095219340479403e-01,5.735970817119722120e+00,1.000000000000000000e+00,1.000000000000000000e+00,1.063092484099302792e-01
9.700000000000002842e+01,2.020240820009375771e-01,1.045447885558111745e-01,5.715822079204368578e+00,1.000000000000000000e+00,1.000000000000000000e+00,1.045445196906700652e-01
9.710000000000002274e+01,2.019875340878789505e-01,1.027806990694027228e-01,5.696023397747160821e+00,1.000000000000000000e+00,1.000000000000000000e+00,1.027804348556467379e-01
9.720000000000000284e+01,2.019516144644687983e-01,1.010172423809670428e-01,5.676565102450876310e+00,1.000000000000000000e+00,1.000000000000000000e+00,1.010169828109365731e-01
9.729999999999999716e+01,2.019163225768009773e-01,9.925440741179132609e-02,5.657437878104224716e+00,1.000000000000000000e+00,1.000000000000000000e+00,9.925415247828099641e-02
9.739999999999999147e+01,2.018816578808794171e-01,9.749218309912449643e-02,5.638632748113835191e+00,1.000000000000000000e+00,1.000000000000000000e+00,9.749193279480419805e-02
9.749999999999998579e+01,2.018476198425970258e-01,9.573055839502490894e-02,5.620141058957229596e+00,1.000000000000000000e+00,1.000000000000000000e+00,9.573031271273146903e-02
9.760000000000003695e+01,2.018142079377162335e-01,9.396952226614851966e-02,5.601954465496546298e+00,1.000000000000000000e+00,1.000000000000000000e+00,9.396928119910756549e-02
9.770000000000003126e+01,2.017814216518486192e-01,1.036350443425806400e-01,5.584064917097481207e+00,1.000000000000000000e+00,1.000000000000000000e+00,9.220882723552027704e-02
9.780000000000002558e+01,2.017412125905611309e-01,1.357925601084411515e-01,5.566067966302463255e+00,1.000000000000000000e+00,1.000000000000000000e+00,1.583048353219182469e-01
9.790000000000001990e+01,2.016857952166386803e-01,1.565166687346626062e-01,5.547597068958273425e+00,1.000000000000000000e+00,1.000000000000000000e+00,1.565162597409877898e-01
9.800000000000001421e+01,2.016310223145349467e-01,1.547290651334186362e-01,5.529437554495838292e+00,1.000000000000000000e+00,1.000000000000000000e+00,1.547286610731750389e-01
9.810000000000000853e+01,2.015768930257626490e-01,1.529424267750754407e-01,5.511581081642972002e+00,1.000000000000000000e+00,1.000000000000000000e+00,1.529420276365087150e-01
9.820000000000000284e+01,2.015234065024694154e-01,1.511567420017283225e-01,5.494019605339028445e+00,1.000000000000000000e+00,1.000000000000000000e+00,1.511563477733844640e-01
9.829999999999999716e+01,2.014705619074049769e-01,1.493719991797812230e-01,5.476745363449235349e+00,1.000000000000000000e+00,1.000000000000000000e+00,1.493716098502515521e-01
9.840000000000003411e+01,2.014183584138886096e-01,1.475881866993042357e-01,5.459750864197686404e+00,1.000000000000000000e+00,1.000000000000000000e+00,1.475878022572997827e-01
9.850000000000002842e+01,2.013667952057774380e-01,1.458052929737008174e-01,5.443028874273630358e+00,1.000000000000000000e+00,1.000000000000000000e+00,1.458049134081519649e-01
9.860000000000002274e+01,2.013158714774347657e-01,1.440233064395671780e-01,5.426572407568793999e+00,1.000000000000000000e+00,1.000000000000000000e+00,1.440229317395493036e-01
9.870000000000001705e+01,2.012655864336991285e-01,1.422422155563099200e-01,5.410374714506768434e+00,1.000000000000000000e+00,1.000000000000000000e+00,1.422418457110463941e-01
9.880000000000001137e+01,2.012159392898535404e-01,1.721570820808693558e-01,5.394429271928024683e+00,1.000000000000000000e+00,1.000000000000000000e+00,1.404616438047033011e-01
9.890000000000000568e+01,2.011446674087004616e-01,2.098715028714138175e-01,5.377804661503587269e+00,1.000000000000000000e+00,1.000000000000000000e+00,2.176808252212469874e-01
9.900000000000000000e+01,2.010685827689984717e-01,2.158540646169034294e-01,5.361224544630396771e+00,1.000000000000000000e+00,1.000000000000000000e+00,2.158534860403007183e-01
9.909999999999999432e+01,2.009931676953662927e-01,2.140280963594510533e-01,5.344913120180755151e+00,1.000000000000000000e+00,1.000000000000000000e+00,2.140275231889666174e-01
9.920000000000003126e+01,2.009184209754818207e-01,2.122034917824862088e-01,5.328863467004987697e+00,1.000000000000000000e+00,1.000000000000000000e+00,2.122029240009790374e-01
9.930000000000002558e+01,2.008443414088343648e-01,2.103802382549450900e-01,5.313068899367344500e+00,1.000000000000000000e+00,1.000000000000000000e+00,2.103796758455905302e-01
9.940000000000001990e+01,2.007709278066766023e-01,2.085583231810891336e-01,5.297522956833076613e+00,1.000000000000000000e+00,1.000000000000000000e+00,2.085577661271987293e-01
9.950000000000001421e+01,2.006981789919767278e-01,2.067377339999877106e-01,5.282219394679638746e+00,1.000000000000000000e+00,1.000000000000000000e+00,2.067371822849847773e-01
9.960000000000000853e+01,2.006260937993715743e-01,2.049184581849521902e-01,5.267152174800161291e+00,1.000000000000000000e+00,1.000000000000000000e+00,2.049179117925490623e-01
9.970000000000000284e+01,2.005546710751199557e-01,2.031004832436357765e-01,5.252315457069701488e+00,1.000000000000000000e+00,1.000000000000000000e+00,2.030999421575495623e-01
9.979999999999999716e+01,2.004839096770565099e-01,2.012837967171343667e-01,5.237703591146762427e+00,1.000000000000000000e+00,1.000000000000000000e+00,2.012832609213422996e-01
9.989999999999999147e+01,2.004138084745464565e-01,2.160239794097068011e-01,5.223311108684430160e+00,1.000000000000000000e+00,1.000000000000000000e+00,1.994678556586238494e-01
9.999999999999998579e+01,2.003327844500214505e-01,2.562796090811148009e-01,5.208724023885282328e+00,1.000000000000000000e+00,1.000000000000000000e+00,2.818385878974508096e-01
1.001000000000000369e+02,2.002345938513358237e-01,2.799563237839413632e-01,5.193737720629901133e+00,1.000000000000000000e+00,1.000000000000000000e+00,2.799555462833610564e-01
1.002000000000000313e+02,2.001371088129487719e-01,2.780751153224372274e-01,5.178986142269134341e+00,1.000000000000000000e+00,1.000000000000000000e+00,2.780743439357132307e-01
1.003000000000000256e+02,2.000403277113638467e-01,2.761957320137542471e-01,5.164463444797986469e+00,1.000000000000000000e+00,1.000000000000000000e+00,2.761949667168383526e-01
1.004000000000000199e+02,1.999442489366575482e-01,2.743181597694474005e-01,5.150163975547029871e+00,1.000000000000000000e+00,1.000000000000000000e+00,2.743174005387050141e-01
1.005000000000000142e+02,1.998488708924117119e-01,2.724423845504743147e-01,5.136082265271697977e+00,1.000000000000000000e+00,1.000000000000000000e+00,2.724416313624659636e-01
1.006000000000000085e+02,1.997541919956459799e-01,2.705683923665677670e-01,5.122213020636174008e+00,1.000000000000000000e+00,1.000000000000000000e+00,2.705676451980092434e-01
1.006999999999999886e+02,1.996602106767516593e-01,2.686961692755143738e-01,5.108551117068868663e+00,1.000000000000000000e+00,1.000000000000000000e+00,2.686954281035119907e-01
1.007999999999999829e+02,1.995669253794257192e-01,2.668257013834171021e-01,5.095091591968002653e+00,1.000000000000000000e+00,1.000000000000000000e+00,2.668249661849969034e-01
1.009000000000000341e+02,1.994743345606054818e-01,2.649569748432729077e-01,5.081829638237238989e+00,1.000000000000000000e+00,1.000000000000000000e+00,2.649562455958907048e-01
1.010000000000000284e+02,1.993824366904046186e-01,2.630899758552098788e-01,5.068760598132679540e+00,1.000000000000000000e+00,1.000000000000000000e+00,2.630892525365901569e-01
1.011000000000000227e+02,1.992912302520486734e-01,2.612246906661964685e-01,5.055879957403577762e+00,1.000000000000000000e+00,1.000000000000000000e+00,2.612239732540216353e-01
1.012000000000000171e+02,1.992007137418122520e-01,2.928335453528080334e-01,5.043183339710505919e+00,1.000000000000000000e+00,1.000000000000000000e+00,2.593603940412124165e-01
1.013000000000000114e+02,1.990876108869311933e-01,3.281776289038206840e-01,5.029983481516192789e+00,1.000000000000000000e+00,1.000000000000000000e+00,3.319185247070500222e-01
1.014000000000000057e+02,1.989726477284330941e-01,3.299829796577958274e-01,5.016904141013088569e+00,1.000000000000000000e+00,1.000000000000000000e+00,3.299820325509804086e-01
1.015000000000000000e+02,1.988584226719324333e-01,3.280487099538881846e-01,5.004017982304241663e+00,1.000000000000000000e+00,1.000000000000000000e+00,3.280477696706484148e-01
1.015999999999999943e+02,1.987449337516781489e-01,3.261166539448013824e-01,4.991320444708593485e+00,1.000000000000000000e+00,1.000000000000000000e+00,3.261157204548456590e-01
1.017000000000000313e+02,1.986321790172186352e-01,3.241867960815354999e-01,4.978807108135543835e+00,1.000000000000000000e+00,1.000000000000000000e+00,3.241858693550171422e-01
1.018000000000000256e+02,1.985201565333157281e-01,3.222591208774195359e-01,4.966473687613349064e+00,1.000000000000000000e+00,1.000000000000000000e+00,3.222582008847231783e-01
1.019000000000000199e+02,1.984088643798594676e-01,3.203336129074272898e-01,4.954316028074424061e+00,1.000000000000000000e+00,1.000000000000000000e+00,3.203326996190963283e-01
1.020000000000000142e+02,1.982983006517838320e-01,3.184102568074754780e-01,4.942330099383577036e+00,1.000000000000000000e+00,1.000000000000000000e+00,3.184093501943108806e-01
1.021000000000000085e+02,1.981884634589832495e-01,3.164890372739850299e-01,4.930511991595842858e+00,1.000000000000000000e+00,1.000000000000000000e+00,3.164881373070522197e-01
1.022000000000000028e+02,1.980793509262298857e-01,3.145699390633060477e-01,4.918857910431567504e+00,1.000000000000000000e+00,1.000000000000000000e+00,3.145690457139903029e-01
1.022999999999999972e+02,1.979709611930917934e-01,3.126529469913669756e-01,4.907364172957089821e+00,1.000000000000000000e+00,1.000000000000000000e+00,3.126520602312570229e-01
1.023999999999999915e+02,1.978632924138516713e-01,3.107380459329864286e-01,4.896027203460111998e+00,1.000000000000000000e+00,1.000000000000000000e+00,3.107371657339281223e-01
1.025000000000000426e+02,1.977563427574267063e-01,3.138766153981434881e-01,4.884843529509472759e+00,1.000000000000000000e+00,1.000000000000000000e+00,3.088243471555057740e-01
1.026000000000000369e+02,1.976466234303219383e-01,3.430047682519266616e-01,4.873723811935163575e+00,1.000000000000000000e+00,1.000000000000000000e+00,3.690534713887568263e-01
1.027000000000000171e+02,1.975196979823957144e-01,3.670727844355669012e-01,4.862316809147407604e+00,1.000000000000000000e+00,1.000000000000000000e+00,3.670717019661995928e-01
1.028000000000000114e+02,1.973935363578170066e-01,3.650935452262740188e-01,4.851067777242530354e+00,1.000000000000000000e+00,1.000000000000000000e+00,3.650924702051152604e-01
1.029000000000000057e+02,1.972681363260012088e-01,3.631168268078051042e-01,4.839973184994082800e+00,1.000000000000000000e+00,1.000000000000000000e+00,3.631157591993039446e-01
1.030000000000000000e+02,1.971434956731392407e-01,3.611426123472872840e-01,4.829029603351560951e+00,1.000000000000000000e+00,1.000000000000000000e+00,3.611415521162775755e-01
1.030999999999999943e+02,1.970196122020963503e-01,3.591708850851913493e-01,4.818233701709188743e+00,1.000000000000000000e+00,1.000000000000000000e+00,3.591698321966365071e-01
1.031999999999999886e+02,1.968964837323116945e-01,3.572016283344769949e-01,4.807582244339170252e+00,1.000000000000000000e+00,1.000000000000000000e+00,3.572005827534492362e-01
1.033000000000000398e+02,1.967741080996992242e-01,3.552348254792710991e-01,4.797072086980916694e+00,1.000000000000000000e+00,1.000000000000000000e+00,3.552337871716382267e-01
1.034000000000000341e+02,1.966524831565496512e-01,3.532704599755439046e-01,4.786700173578294581e+00,1.000000000000000000e+00,1.000000000000000000e+00,3.532694289073735061e-01
1.035000000000000284e+02,1.965316067714323323e-01,3.513085153501529501e-01,4.776463533157325081e+00,1.000000000000000000e+00,1.000000000000000000e+00,3.513074914874608767e-01
1.036000000000000227e+02,1.964114768290993462e-01,3.493489751994574566e-01,4.766359276837357051e+00,1.000000000000000000e+00,1.000000000000000000e+00,3.493479585087466699e-01
1.037000000000000171e+02,1.962920912303897647e-01,3.473918231894111419e-01,4.756384594968947610e+00,1.000000000000000000e+00,1.000000000000000000e+00,3.473908136375196132e-01
1.038000000000000114e+02,1.961734478921350888e-01,3.454370430549055238e-01,4.746536754392230328e+00,1.000000000000000000e+00,1.000000000000000000e+00,3.454360406089196367e-01
1.039000000000000057e+02,1.960555447470653800e-01,3.434846185991363710e-01,4.736813095809805141e+00,1.000000000000000000e+00,1.000000000000000000e+00,3.434836232263505651e-01
1.040000000000000000e+02,1.959383797437165287e-01,3.431320984060294843e-01,4.727211031268571340e+00,1.000000000000000000e+00,1.000000000000000000e+00,3.415335453608975835e-01
1.040999999999999943e+02,1.958208581856079600e-01,3.663387233352402017e-01,4.717705736288677620e+00,1.000000000000000000e+00,1.000000000000000000e+00,3.899546904512774526e-01
1.042000000000000313e+02,1.956879712012382921e-01,3.879464864809581415e-01,4.707992907838524310e+00,1.000000000000000000e+00,1.000000000000000000e+00,3.879453238322109199e-01
1.043000000000000256e+02,1.955558597458650349e-01,3.859398312373163442e-01,4.698403484248558470e+00,1.000000000000000000e+00,1.000000000000000000e+00,3.859386764281659832e-01
1.044000000000000199e+02,1.954245214457792368e-01,3.839358775312483041e-01,4.688934884374540424e+00,1.000000000000000000e+00,1.000000000000000000e+00,3.839347305226578078e-01
1.045000000000000142e+02,1.952939539448791950e-01,3.819346077263959804e-01,4.679584596052663414e+00,1.000000000000000000e+00,1.000000000000000000e+00,3.819334684797463519e-01
1.046000000000000085e+02,1.951641549045604607e-01,3.799360042661924508e-01,4.670350173774444613e+00,1.000000000000000000e+00,1.000000000000000000e+00,3.799348727433573547e-01
1.047000000000000028e+02,1.950351220036068145e-01,3.779400496736020076e-01,4.661229236456252423e+00,1.000000000000000000e+00,1.000000000000000000e+00,3.779389258366110949e-01
1.047999999999999972e+02,1.949068529380820758e-01,3.759467265499403243e-01,4.652219465298944812e+00,1.000000000000000000e+00,1.000000000000000000e+00,3.759456103611558131e-01
1.048999999999999915e+02,1.947793454212234932e-01,3.739560175744436887e-01,4.643318601733374074e+00,1.000000000000000000e+00,1.000000000000000000e+00,3.739549089965063522e-01
1.050000000000000284e+02,1.946525971833354407e-01,3.719679055033270343e-01,4.634524445447693708e+00,1.000000000000000000e+00,1.000000000000000000e+00,3.719668044993866829e-01
1.051000000000000227e+02,1.945266059716850293e-01,3.699823731694702467e-01,4.625834852492728189e+00,1.000000000000000000e+00,1.000000000000000000e+00,3.699812797030834766e-01
1.052000000000000171e+02,1.944013695503975792e-01,3.679994034822076099e-01,4.617247733461690373e+00,1.000000000000000000e+00,1.000000000000000000e+00,3.679983175167941267e-01
1.053000000000000114e+02,1.942768857003539240e-01,3.660189794254580242e-01,4.608761051740926540e+00,1.000000000000000000e+00,1.000000000000000000e+00,3.660179009249887039e-01
1.054000000000000057e+02,1.941531522190886871e-01,3.640410840579574869e-01,4.600372821828397463e+00,1.000000000000000000e+00,1.000000000000000000e+00,3.640400129867749079e-01
1.055000000000000000e+02,1.940301669206889457e-01,3.620657005126137751e-01,4.592081107716841970e+00,1.000000000000000000e+00,1.000000000000000000e+00,3.620646368352651856e-01
1.055999999999999943e+02,1.939079276356944492e-01,3.600928119955096318e-01,4.583884021338699100e+00,1.000000000000000000e+00,1.000000000000000000e+00,3.600917556769516747e-01
1.056999999999999886e+02,1.937864322109984494e-01,3.684436997896117227e-01,4.575779721070041717e+00,1.000000000000000000e+00,1.000000000000000000e+00,3.581213527910842576e-01
1.058000000000000398e+02,1.936586967476268684e-01,3.864431343147599063e-01,4.567649667858124651e+00,1.000000000000000000e+00,1.000000000000000000e+00,3.961139960359511547e-01
1.059000000000000341e+02,1.935251980524113347e-01,3.940973934382135391e-01,4.559503962041940639e+00,1.000000000000000000e+00,1.000000000000000000e+00,3.940962065810577619e-01
1.060000000000000284e+02,1.933924719863435171e-01,3.920823699004426510e-01,4.551451322235880781e+00,1.000000000000000000e+00,1.000000000000000000e+00,3.920811910037385606e-01
1.061000000000000227e+02,1.932605161530403792e-01,3.900701023131675771e-01,4.543489937494145536e+00,1.000000000000000000e+00,1.000000000000000000e+00,3.900689313370482858e-01
1.062000000000000028e+02,1.931293281738339085e-01,3.880605727918565728e-01,4.535618041070348383e+00,1.000000000000000000e+00,1.000000000000000000e+00,3.880594096966887840e-01
1.062999999999999972e+02,1.929989056876589559e-01,3.860537635338761597e-01,4.527833909058438522e+00,1.000000000000000000e+00,1.000000000000000000e+00,3.860526082803147352e-01
1.063999999999999915e+02,1.928692463509428245e-01,3.840496568176099412e-01,4.520135859084088992e+00,1.000000000000000000e+00,1.000000000000000000e+00,3.840485093668463690e-01
1.064999999999999858e+02,1.927403478374953572e-01,3.820482350024175799e-01,4.512522249044358169e+00,1.000000000000000000e+00,1.000000000000000000e+00,3.820470953157856231e-01
1.066000000000000369e+02,1.926122078384001901e-01,3.800494805272934262e-01,4.504991475893552533e+00,1.000000000000000000e+00,1.000000000000000000e+00,3.800483485665378525e-01
1.067000000000000313e+02,1.924848240619073669e-01,3.780533759104055536e-01,4.497541974473317161e+00,1.000000000000000000e+00,1.000000000000000000e+00,3.780522516377440856e-01
1.068000000000000256e+02,1.923581942333265071e-01,3.760599037489437690e-01,4.490172216385015069e+00,1.000000000000000000e+00,1.000000000000000000e+00,3.760587871266078408e-01
1.069000000000000199e+02,1.922323160949211129e-01,3.740690467174980771e-01,4.482880708902693634e+00,1.000000000000000000e+00,1.000000000000000000e+00,3.740679377082375412e-01
1.070000000000000142e+02,1.921071874058044027e-01,3.720807875680647303e-01,4.475665993924847541e+00,1.000000000000000000e+00,1.000000000000000000e+00,3.720796861349894291e-01
1.071000000000000085e+02,1.919828059418351718e-01,3.700951091294950035e-01,4.468526646963412396e+00,1.000000000000000000e+00,1.000000000000000000e+00,3.700940152358155322e-01
1.072000000000000028e+02,1.918591694955155413e-01,3.681119943062570732e-01,4.461461276168409817e+00,1.000000000000000000e+00,1.000000000000000000e+00,3.681109079156186792e-01
1.072999999999999972e+02,1.917362758758891783e-01,3.661314260783349317e-01,4.454468521386783841e+00,1.000000000000000000e+00,1.000000000000000000e+00,3.661303471546097921e-01
1.074000000000000341e+02,1.916141229084406261e-01,3.641533875000694809e-01,4.447547053254029770e+00,1.000000000000000000e+00,1.000000000000000000e+00,3.641523160076718391e-01
1.075000000000000284e+02,1.914927084349958009e-01,3.698957690295394118e-01,4.440695572317287620e+00,1.000000000000000000e+00,1.000000000000000000e+00,3.621767976037319481e-01
1.076000000000000227e+02,1.913668713892115736e-01,3.832930333735030115e-01,4.433842000304069941e+00,1.000000000000000000e+00,1.000000000000000000e+00,3.909646842937946620e-01
1.077000000000000171e+02,1.912366700697084587e-01,3.889551121688477608e-01,4.426988155599527630e+00,1.000000000000000000e+00,1.000000000000000000e+00,3.889539455690135261e-01
1.078000000000000114e+02,1.911072275512539220e-01,3.869470937264955501e-01,4.420203845697390221e+00,1.000000000000000000e+00,1.000000000000000000e+00,3.869459349858165309e-01
1.079000000000000057e+02,1.909785415062452418e-01,3.849417857077133132e-01,4.413487806454874374e+00,1.000000000000000000e+00,1.000000000000000000e+00,3.849406347870192868e-01
1.080000000000000000e+02,1.908506096243349492e-01,3.829391704357110737e-01,4.406838801870062383e+00,1.000000000000000000e+00,1.000000000000000000e+00,3.829380272963235354e-01
1.080999999999999943e+02,1.907234296123229145e-01,3.809392303141637126e-01,4.400255623294078156e+00,1.000000000000000000e+00,1.000000000000000000e+00,3.809380949176363051e-01
1.082000000000000313e+02,1.905969991940490438e-01,3.789419478260250829e-01,4.393737088669930735e+00,1.000000000000000000e+00,1.000000000000000000e+00,3.789408201343943405e-01
1.083000000000000256e+02,1.904713161102877528e-01,3.769473055333591449e-01,4.387282041796947141e+00,1.000000000000000000e+00,1.000000000000000000e+00,3.769461855089000779e-01
1.084000000000000199e+02,1.903463781186423565e-01,3.749552860765662521e-01,4.380889351619777550e+00,1.000000000000000000e+00,1.000000000000000000e+00,3.749541736816501825e-01
1.085000000000000142e+02,1.902221829934416242e-01,3.729658721730814142e-01,4.374557911541043786e+00,1.000000000000000000e+00,1.000000000000000000e+00,3.729647673706819599e-01
1.086000000000000085e+02,1.900987285256365844e-01,3.709790466175127421e-01,4.368286638756686990e+00,1.000000000000000000e+00,1.000000000000000000e+00,3.709779493709183806e-01
1.087000000000000028e+02,1.899760125226985230e-01,3.689947922809224679e-01,4.362074473613147596e+00,1.000000000000000000e+00,1.000000000000000000e+00,3.689937025535194315e-01
1.087999999999999972e+02,1.898540328085177864e-01,3.670130921096244059e-01,4.355920378985523200e+00,1.000000000000000000e+00,1.000000000000000000e+00,3.670120098652389640e-01
1.088999999999999915e+02,1.897327872233040835e-01,3.650339291249201090e-01,4.349823339675935152e+00,1.000000000000000000e+00,1.000000000000000000e+00,3.650328543277862048e-01
1.089999999999999858e+02,1.896122736234869544e-01,3.630572864228152064e-01,4.343782361831286742e+00,1.000000000000000000e+00,1.000000000000000000e+00,3.630562190371921516e-01
1.091000000000000369e+02,1.894924898816177372e-01,3.610831471724983976e-01,4.337796472379740642e+00,1.000000000000000000e+00,1.000000000000000000e+00,3.610820871631798545e-01
1.092000000000000313e+02,1.893734338862725075e-01,3.591114946164315480e-01,4.331864718485156196e+00,1.000000000000000000e+00,1.000000000000000000e+00,3.591104419485444121e-01
1.093000000000000256e+02,1.892551035419554328e-01,3.571423120697086451e-01,4.325986167018845308e+00,1.000000000000000000e+00,1.000000000000000000e+00,3.571412667085285819e-01
1.094000000000000199e+02,1.891374967690035713e-01,3.557025292470151201e-01,4.320159904048005650e+00,1.000000000000000000e+00,1.000000000000000000e+00,3.551745448302119357e-01
1.095000000000000142e+02,1.890202636059324925e-01,3.659370661288455784e-01,4.314381110217341941e+00,1.000000000000000000e+00,1.000000000000000000e+00,3.776376795839342382e-01
1.096000000000000085e+02,1.888960495933453276e-01,3.756458750991363282e-01,4.308566923233343893e+00,1.000000000000000000e+00,1.000000000000000000e+00,3.756447600623298855e-01
1.096999999999999886e+02,1.887725733835276809e-01,3.736555594734973229e-01,4.302804409450021517e+00,1.000000000000000000e+00,1.000000000000000000e+00,3.736544520421072879e-01
1.097999999999999829e+02,1.886498327790518126e-01,3.716678381547197652e-01,4.297092684204780966e+00,1.000000000000000000e+00,1.000000000000000000e+00,3.716667382915966322e-01
1.099000000000000341e+02,1.885278255989156215e-01,3.696826939868905759e-01,4.291430880820097826e+00,1.000000000000000000e+00,1.000000000000000000e+00,3.696816016555893869e-01
1.100000000000000284e+02,1.884065496784423366e-01,3.677001098902394904e-01,4.285818150144993233e+00,1.000000000000000000e+00,1.000000000000000000e+00,3.676990250546958161e-01
1.101000000000000227e+02,1.882860028691804022e-01,3.657200688606977446e-01,4.280253660110618696e+00,1.000000000000000000e+00,1.000000000000000000e+00,3.657189914846998846e-01
1.102000000000000171e+02,1.881661830388049461e-01,3.637425539680814723e-01,4.274736595299493125e+00,1.000000000000000000e+00,1.000000000000000000e+00,3.637414840159270413e-01
1.103000000000000114e+02,1.880470880710203296e-01,3.617675483561942351e-01,4.269266156527863565e+00,1.000000000000000000e+00,1.000000000000000000e+00,3.617664857926135569e-01
1.104000000000000057e+02,1.879287158654630030e-01,3.597950352423606724e-01,4.263841560440731371e+00,1.000000000000000000e+00,1.000000000000000000e+00,3.597939800322808024e-01
1.105000000000000000e+02,1.878110643376058042e-01,3.578249979165160077e-01,4.258462039119105036e+00,1.000000000000000000e+00,1.000000000000000000e+00,3.578239500251144123e-01
1.105999999999999943e+02,1.876941314186628407e-01,3.558574197406120798e-01,4.253126839699024053e+00,1.000000000000000000e+00,1.000000000000000000e+00,3.558563791333486659e-01
1.107000000000000313e+02,1.875779150554955921e-01,3.538922841478750470e-01,4.247835224001971000e+00,1.000000000000000000e+00,1.000000000000000000e+00,3.538912507906541993e-01
1.108000000000000256e+02,1.874624132105196794e-01,3.519295746424660476e-01,4.242586468176253511e+00,1.000000000000000000e+00,1.000000000000000000e+00,3.519285485015345438e-01
1.109000000000000199e+02,1.873476238616125777e-01,3.499692747990381103e-01,4.237379862348967130e+00,1.000000000000000000e+00,1.000000000000000000e+00,3.499682558407192778e-01
1.110000000000000142e+02,1.872335450020220504e-01,3.480113682616357007e-01,4.232214710288202397e+00,1.000000000000000000e+00,1.000000000000000000e+00,3.480103564525698912e-01
1.111000000000000085e+02,1.871201746402759436e-01,3.460558387432947081e-01,4.227090329075116060e+00,1.000000000000000000e+00,1.000000000000000000e+00,3.460548340504858156e-01
1.112000000000000028e+02,1.870075108000922304e-01,3.441026700256238358e-01,4.222006048785551080e+00,1.000000000000000000e+00,1.000000000000000000e+00,3.441016724163160068e-01
1.112999999999999972e+02,1.868955515202904150e-01,3.421518459579835358e-01,4.216961212180851959e+00,1.000000000000000000e+00,1.000000000000000000e+00,3.421508553997746338e-01
1.113999999999999915e+02,1.867842948547034365e-01,3.402033504572840594e-01,4.211955174407600033e+00,1.000000000000000000e+00,1.000000000000000000e+00,3.402023669178614873e-01
1.115000000000000426e+02,1.866737388720905166e-01,3.390461741330749734e-01,4.206987302705930354e+00,1.000000000000000000e+00,1.000000000000000000e+00,3.382561909542851630e-01
1.116000000000000369e+02,1.865633675280711223e-01,3.471615490140633198e-01,4.202052258811085572e+00,1.000000000000000000e+00,1.000000000000000000e+00,3.564532500875614573e-01
1.117000000000000171e+02,1.864476572018148315e-01,3.544884177663415459e-01,4.197099390400851782e+00,1.000000000000000000e+00,1.000000000000000000e+00,3.544873822125231833e-01
1.118000000000000114e+02,1.863326575680726849e-01,3.525249737171226028e-01,4.192184138856274167e+00,1.000000000000000000e+00,1.000000000000000000e+00,3.525239453897585640e-01
1.119000000000000057e+02,1.862183666126298875e-01,3.505639443073834127e-01,4.187305892458970114e+00,1.000000000000000000e+00,1.000000000000000000e+00,3.505629231727481199e-01
1.120000000000000000e+02,1.861047823365740150e-01,3.486053131600738708e-01,4.182464050829518776e+00,1.000000000000000000e+00,1.000000000000000000e+00,3.486042991847840833e-01
1.120999999999999943e+02,1.859919027562049465e-01,3.466490639673792673e-01,4.177658024665100278e+00,1.000000000000000000e+00,1.000000000000000000e+00,3.466480571183763737e-01
1.121999999999999886e+02,1.858797259029453253e-01,3.446951804903782279e-01,4.172887235484496138e+00,1.000000000000000000e+00,1.000000000000000000e+00,3.446941807346622366e-01
1.123000000000000398e+02,1.857682498232520463e-01,3.427436465576112479e-01,4.168151115380177352e+00,1.000000000000000000e+00,1.000000000000000000e+00,3.427426538628202124e-01
1.124000000000000341e+02,1.856574725785289648e-01,3.407944460655532026e-01,4.163449106777299846e+00,1.000000000000000000e+00,1.000000000000000000e+00,3.407934603994929867e-01
1.125000000000000284e+02,1.855473922450393831e-01,3.388475629776157017e-01,4.158780662199310640e+00,1.000000000000000000e+00,1.000000000000000000e+00,3.388465843082042461e-01
1.126000000000000227e+02,1.854380069138207021e-01,3.369029813232120585e-01,4.154145244040023499e+00,1.000000000000000000e+00,1.000000000000000000e+00,3.369020096187904656e-01
1.127000000000000171e+02,1.853293146905987954e-01,3.349606851977479094e-01,4.149542324341911836e+00,1.000000000000000000e+00,1.000000000000000000e+00,3.349597204268313089e-01
1.128000000000000114e+02,1.852213136957039374e-01,3.330206587616498237e-01,4.144971384580428797e+00,1.000000000000000000e+00,1.000000000000000000e+00,3.330197008930859126e-01
1.129000000000000057e+02,1.851140020639870654e-01,3.310828862399761152e-01,4.140431915454178657e+00,1.000000000000000000e+00,1.000000000000000000e+00,3.310819352429323348e-01
1.130000000000000000e+02,1.850073779447372058e-01,3.291473519220953770e-01,4.135923416680722831e+00,1.000000000000000000e+00,1.000000000000000000e+00,3.291464077658123322e-01
1.131000000000000369e+02,1.849014395015991796e-01,3.272140401605321824e-01,4.131445396797884584e+00,1.000000000000000000e+00,1.000000000000000000e+00,3.272131028146781362e-01
1.132000000000000313e+02,1.847961849124930001e-01,3.252829353707799576e-01,4.126997372970343747e+00,1.000000000000000000e+00,1.000000000000000000e+00,3.252820048054488322e-01
1.133000000000000256e+02,1.846916123695329093e-01,3.233540220311870161e-01,4.122578870801357098e+00,1.000000000000000000e+00,1.000000000000000000e+00,3.233530982164597445e-01
1.134000000000000199e+02,1.845877200789480532e-01,3.214272846815752760e-01,4.118189424149490740e+00,1.000000000000000000e+00,1.000000000000000000e+00,3.214263675879279747e-01
1.135000000000000142e+02,1.844845062610036002e-01,3.195027079233476175e-01,4.113828574950141537e+00,1.000000000000000000e+00,1.000000000000000000e+00,3.195017975214138328e-01
1.136000000000000085e+02,1.843819691499225255e-01,3.175802764186329563e-01,4.109495873041760561e+00,1.000000000000000000e+00,1.000000000000000000e+00,3.175793726792892624e-01
1.137000000000000028e+02,1.842801069938084513e-01,3.156599748896279922e-01,4.105190875996590272e+00,1.000000000000000000e+00,1.000000000000000000e+00,3.156590777842099849e-01
1.137999999999999972e+02,1.841789180545690130e-01,3.180460910070792013e-01,4.100913148955805276e+00,1.000000000000000000e+00,1.000000000000000000e+00,3.137408976185894760e-01
1.138999999999999915e+02,1.840756333469500683e-01,3.241120012706482090e-01,4.096641854609451627e+00,1.000000000000000000e+00,1.000000000000000000e+00,3.277970533928582508e-01
1.140000000000000284e+02,1.839706614520190131e-01,3.258662227654698373e-01,4.092380142386394581e+00,1.000000000000000000e+00,1.000000000000000000e+00,3.258652901544893399e-01
1.141000000000000227e+02,1.838663689820823344e-01,3.239366488713734116e-01,4.088145218339597875e+00,1.000000000000000000e+00,1.000000000000000000e+00,3.239357230199716442e-01
1.142000000000000171e+02,1.837627541474518289e-01,3.220092556323437272e-01,4.083936662786467053e+00,1.000000000000000000e+00,1.000000000000000000e+00,3.220083365108796225e-01
1.143000000000000114e+02,1.836598151724340711e-01,3.200840276311737731e-01,4.079754063142304155e+00,1.000000000000000000e+00,1.000000000000000000e+00,3.200831152102938115e-01
1.144000000000000057e+02,1.835575502952519755e-01,3.181609495117866393e-01,4.075597013771635524e+00,1.000000000000000000e+00,1.000000000000000000e+00,3.181600437622666422e-01
1.145000000000000000e+02,1.834559577679679698e-01,3.162400059783110895e-01,4.071465115843325044e+00,1.000000000000000000e+00,1.000000000000000000e+00,3.162391068712933628e-01
1.145999999999999943e+02,1.833550358564073057e-01,3.143211817947910713e-01,4.067357977189336893e+00,1.000000000000000000e+00,1.000000000000000000e+00,3.143202893017859045e-01
1.146999999999999886e+02,1.832547828400825640e-01,3.124044617850957328e-01,4.063275212167072326e+00,1.000000000000000000e+00,1.000000000000000000e+00,3.124035758775505767e-01
1.148000000000000398e+02,1.831551970121181594e-01,3.104898308314696931e-01,4.059216441525140162e+00,1.000000000000000000e+00,1.000000000000000000e+00,3.104889514812688156e-01
1.149000000000000341e+02,1.830562766791768992e-01,3.085772738744959054e-01,4.055181292272496130e+00,1.000000000000000000e+00,1.000000000000000000e+00,3.085764010539868152e-01
1.150000000000000284e+02,1.829580201613856261e-01,3.066667759132202242e-01,4.051169397550812512e+00,1.000000000000000000e+00,1.000000000000000000e+00,3.066659095945980518e-01
1.151000000000000227e+02,1.828604257922628040e-01,3.047583220033475704e-01,4.047180396510023037e+00,1.000000000000000000e+00,1.000000000000000000e+00,3.047574621593396316e-01
1.152000000000000028e+02,1.827634919186464091e-01,3.028518972578549961e-01,4.043213934186926650e+00,1.000000000000000000e+00,1.000000000000000000e+00,3.028510438612879163e-01
1.152999999999999972e+02,1.826672169006222091e-01,3.009474868460268460e-01,4.039269661386771126e+00,1.000000000000000000e+00,1.000000000000000000e+00,3.009466398698569245e-01
1.153999999999999915e+02,1.825715991114533476e-01,2.990450759926023827e-01,4.035347234567723262e+00,1.000000000000000000e+00,1.000000000000000000e+00,2.990442354103023948e-01
1.154999999999999858e+02,1.824766369375102337e-01,2.971446499781287276e-01,4.031446315728157259e+00,1.000000000000000000e+00,1.000000000000000000e+00,2.971438157632275145e-01
1.156000000000000369e+02,1.823823287782009583e-01,2.952461941377752530e-01,4.027566572296667147e+00,1.000000000000000000e+00,1.000000000000000000e+00,2.952453662640918686e-01
1.157000000000000313e+02,1.822886730459029880e-01,2.933496938610468119e-01,4.023707677024738416e+00,1.000000000000000000e+00,1.000000000000000000e+00,2.933488723027283251e-01
1.158000000000000256e+02,1.821956681658948030e-01,2.914551345915276648e-01,4.019869307881977605e+00,1.000000000000000000e+00,1.000000000000000000e+00,2.914543193228536500e-01
1.159000000000000199e+02,1.821033125762887839e-01,2.895625018261741013e-01,4.016051147953878520e+00,1.000000000000000000e+00,1.000000000000000000e+00,2.895616928215921093e-01
1.160000000000000142e+02,1.820116047279643212e-01,2.876717811148115644e-01,4.012252885341993647e+00,1.000000000000000000e+00,1.000000000000000000e+00,2.876709783489977412e-01
1.161000000000000085e+02,1.819205430845020344e-01,2.857829580596166763e-01,4.008474213066493874e+00,1.000000000000000000e+00,1.000000000000000000e+00,2.857821615075797350e-01
1.162000000000000028e+02,1.818301261221182130e-01,2.862946319309854770e-01,4.004714828971014384e+00,1.000000000000000000e+00,1.000000000000000000e+00,2.838952279518324184e-01
1.162999999999999972e+02,1.817388299130451024e-01,2.906834965492581246e-01,4.000965464551748063e+00,1.000000000000000000e+00,1.000000000000000000e+00,2.945658469517118405e-01
1.164000000000000341e+02,1.816457199442571280e-01,2.926708691933889717e-01,3.997220630896532345e+00,1.000000000000000000e+00,1.000000000000000000e+00,2.926700498907674475e-01
1.165000000000000284e+02,1.815532580918982897e-01,2.907770016325763596e-01,3.993494684713223108e+00,1.000000000000000000e+00,1.000000000000000000e+00,2.907761886104895388e-01
1.166000000000000227e+02,1.814614428038700822e-01,2.888850553940746080e-01,3.989787334709690825e+00,1.000000000000000000e+00,1.000000000000000000e+00,2.888842486270147281e-01
1.167000000000000171e+02,1.813702725407747018e-01,2.869950160464899147e-01,3.986098294121454444e+00,1.000000000000000000e+00,1.000000000000000000e+00,2.869942155092399250e-01
1.168000000000000114e+02,1.812797457758496822e-01,2.851068692107212588e-01,3.982427280625603139e+00,1.000000000000000000e+00,1.000000000000000000e+00,2.851060748783483811e-01
1.169000000000000057e+02,1.811898609949027517e-01,2.832206005595048204e-01,3.978774016256726220e+00,1.000000000000000000e+00,1.000000000000000000e+00,2.832198124073410095e-01
1.170000000000000000e+02,1.811006166962477459e-01,2.813361958170332300e-01,3.975138227324766849e+00,1.000000000000000000e+00,1.000000000000000000e+00,2.813354138205689248e-01
1.170999999999999943e+02,1.810120113906406869e-01,2.794536407584297666e-01,3.971519644334762678e+00,1.000000000000000000e+00,1.000000000000000000e+00,2.794528648932703696e-01
1.172000000000000313e+02,1.809240436012169995e-01,2.775729212089887432e-01,3.967918001908429915e+00,1.000000000000000000e+00,1.000000000000000000e+00,2.775721514511101384e-01
1.173000000000000256e+02,1.808367118634290338e-01,2.756940230439738349e-01,3.964333038707525958e+00,1.000000000000000000e+00,1.000000000000000000e+00,2.756932593697252187e-01
1.174000000000000199e+02,1.807500147249843647e-01,2.738169321885363661e-01,3.960764497358943537e+00,1.000000000000000000e+00,1.000000000000000000e+00,2.738161745742651587e-01
1.175000000000000142e+02,1.806639507457843130e-01,2.719416346167854992e-01,3.957212124381508378e+00,1.000000000000000000e+00,1.000000000000000000e+00,2.719408830389448695e-01
1.176000000000000085e+02,1.805785184978637714e-01,2.700681163511082228e-01,3.953675670114416896e+00,1.000000000000000000e+00,1.000000000000000000e+00,2.700673707865947626e-01
1.177000000000000028e+02,1.804937165653310860e-01,2.681963634623571457e-01,3.950154888647280149e+00,1.000000000000000000e+00,1.000000000000000000e+00,2.681956238882154953e-01
1.177999999999999972e+02,1.804095435443086870e-01,2.663263620690587974e-01,3.946649537751724335e+00,1.000000000000000000e+00,1.000000000000000000e+00,2.663256284625355463e-01
1.178999999999999915e+02,1.803259980428743858e-01,2.644580983370489191e-01,3.943159378814520721e+00,1.000000000000000000e+00,1.000000000000000000e+00,2.644573706755709575e-01
1.179999999999999858e+02,1.802430786810031438e-01,2.625915584790075585e-01,3.939684176772191293e+00,1.000000000000000000e+00,1.000000000000000000e+00,2.625908367401888488e-01
1.181000000000000369e+02,1.801607840905095625e-01,2.607267287539387079e-01,3.936223700047048801e+00,1.000000000000000000e+00,1.000000000000000000e+00,2.607260129156719897e-01
1.182000000000000313e+02,1.800791129149908743e-01,2.588635954668136452e-01,3.932777720484671669e+00,1.000000000000000000e+00,1.000000000000000000e+00,2.588628855072907520e-01
1.183000000000000256e+02,1.799980638097705421e-01,2.570021449683356218e-01,3.929346013292707607e+00,1.000000000000000000e+00,1.000000000000000000e+00,2.570014408658694571e-01
1.184000000000000199e+02,1.799176354418422774e-01,2.551423636544287166e-01,3.925928356981045031e+00,1.000000000000000000e+00,1.000000000000000000e+00,2.551416653873634921e-01
1.185000000000000142e+02,1.798378264898148338e-01,2.532842379653164611e-01,3.922524533303267003e+00,1.000000000000000000e+00,1.000000000000000000e+00,2.532835455124350932e-01
1.186000000000000085e+02,1.797586356438574673e-01,2.514277543857824648e-01,3.919134327199383261e+00,1.000000000000000000e+00,1.000000000000000000e+00,2.514270677260324605e-01
1.186999999999999886e+02,1.796800616056454247e-01,2.495728994446252402e-01,3.915757526739788830e+00,1.000000000000000000e+00,1.000000000000000000e+00,2.495722185569717033e-01
1.187999999999999829e+02,1.796021030883065972e-01,2.509440829975993492e-01,3.912393923070432322e+00,1.000000000000000000e+00,1.000000000000000000e+00,2.477189845775208954e-01
1.189000000000000341e+02,1.795227373299415063e-01,2.544121961121312836e-01,3.909033992761618670e+00,1.000000000000000000e+00,1.000000000000000000e+00,2.565105228522366887e-01
1.190000000000000284e+02,1.794426750318448005e-01,2.546518822992532294e-01,3.905681050214807382e+00,1.000000000000000000e+00,1.000000000000000000e+00,2.546511855685355541e-01
1.191000000000000227e+02,1.793632302411122537e-01,2.527941912399521707e-01,3.902341012142185761e+00,1.000000000000000000e+00,1.000000000000000000e+00,2.527935003177842477e-01
1.192000000000000171e+02,1.792844016542511354e-01,2.509381387311878653e-01,3.899013676960626729e+00,1.000000000000000000e+00,1.000000000000000000e+00,2.509374535965469555e-01
1.193000000000000114e+02,1.792061879792319345e-01,2.490837113130824343e-01,3.895698845985771097e+00,1.000000000000000000e+00,1.000000000000000000e+00,2.490830319451463604e-01
1.194000000000000057e+02,1.791285879354345689e-01,2.472308955692008314e-01,3.892396323382098178e+00,1.000000000000000000e+00,1.000000000000000000e+00,2.472302219472476692e-01
1.195000000000000000e+02,1.790516002535960105e-01,2.453796781257975568e-01,3.889105916114042216e+00,1.000000000000000000e+00,1.000000000000000000e+00,2.453790102294464148e-01
1.195999999999999943e+02,1.789752236757577997e-01,2.435300456518961210e-01,3.885827433898147998e+00,1.000000000000000000e+00,1.000000000000000000e+00,2.435293834608590891e-01
1.197000000000000313e+02,1.788994569552144476e-01,2.416819848584702279e-01,3.882560689156207445e+00,1.000000000000000000e+00,1.000000000000000000e+00,2.416813283527135259e-01
1.198000000000000256e+02,1.788242988564622826e-01,2.398354824982801003e-01,3.879305496969403411e+00,1.000000000000000000e+00,1.000000000000000000e+00,2.398348316579488326e-01
1.199000000000000199e+02,1.787497481551487688e-01,2.379905253653882280e-01,3.876061675033370957e+00,1.000000000000000000e+00,1.000000000000000000e+00,2.379898801708064671e-01
1.200000000000000142e+02,1.786758036380224623e-01,2.361471002947529152e-01,3.872829043614216094e+00,1.000000000000000000e+00,1.000000000000000000e+00,2.361464607264335547e-01
1.201000000000000085e+02,1.786024641028833848e-01,2.343051941618123357e-01,3.869607425505431131e+00,1.000000000000000000e+00,1.000000000000000000e+00,2.343045602004848460e-01
1.202000000000000028e+02,1.785297283585340344e-01,2.324647938821472470e-01,3.866396645985695990e+00,1.000000000000000000e+00,1.000000000000000000e+00,2.324641655087265890e-01
1.202999999999999972e+02,1.784575952247307584e-01,2.306258864110004025e-01,3.863196532777545933e+00,1.000000000000000000e+00,1.000000000000000000e+00,2.306252636066434270e-01
1.203999999999999915e+02,1.783860635321358468e-01,2.287884587432318095e-01,3.860006916006879507e+00,1.000000000000000000e+00,1.000000000000000000e+00,2.287878414890475165e-01
1.205000000000000426e+02,1.783151321222697094e-01,2.269524979121503305e-01,3.856827628163294719e+00,1.000000000000000000e+00,1.000000000000000000e+00,2.269518861896886175e-01
1.206000000000000369e+02,1.782447998474644690e-01,2.251179909898500808e-01,3.853658504061231671e+00,1.000000000000000000e+00,1.000000000000000000e+00,2.251173847808721207e-01
1.207000000000000171e+02,1.781750655708166931e-01,2.232849250869155810e-01,3.850499380801884364e+00,1.000000000000000000e+00,1.000000000000000000e+00,2.232843243730682770e-01
1.208000000000000114e+02,1.781059281661419302e-01,2.214532873510896838e-01,3.847350097735897201e+00,1.000000000000000000e+00,1.000000000000000000e+00,2.214526921145344995e-01
1.209000000000000057e+02,1.780373865179290249e-01,2.196230649679851155e-01,3.844210496426804013e+00,1.000000000000000000e+00,1.000000000000000000e+00,2.196224751909342798e-01
1.210000000000000000e+02,1.779694395212949587e-01,2.177942451601813101e-01,3.841080420615196278e+00,1.000000000000000000e+00,1.000000000000000000e+00,2.177936608249594896e-01
1.210999999999999943e+02,1.779020860819404692e-01,2.159668151867572272e-01,3.837959716183600989e+00,1.000000000000000000e+00,1.000000000000000000e+00,2.159662362759544874e-01
1.211999999999999886e+02,1.778353251161059190e-01,2.141407623432631246e-01,3.834848231122069073e+00,1.000000000000000000e+00,1.000000000000000000e+00,2.141401888395431108e-01
1.213000000000000398e+02,1.777691555505276633e-01,2.123160739608785097e-01,3.831745815494425944e+00,1.000000000000000000e+00,1.000000000000000000e+00,2.123155058472553647e-01
1.214000000000000341e+02,1.777035763223951681e-01,2.104927374065896362e-01,3.828652321405211723e+00,1.000000000000000000e+00,1.000000000000000000e+00,2.104921746661623239e-01
1.215000000000000284e+02,1.776385863793079889e-01,2.100710440490222153e-01,3.825567602967247183e+00,1.000000000000000000e+00,1.000000000000000000e+00,2.086701826985027930e-01
1.216000000000000227e+02,1.775733163848527418e-01,2.143579202509036108e-01,3.822488448842950692e+00,1.000000000000000000e+00,1.000000000000000000e+00,2.190716151212761809e-01
1.217000000000000171e+02,1.775057170925444794e-01,2.172438033115576816e-01,3.819407648108460229e+00,1.000000000000000000e+00,1.000000000000000000e+00,2.172432206115352260e-01
1.218000000000000114e+02,1.774387095519640301e-01,2.154167893700390524e-01,3.816335485471505251e+00,1.000000000000000000e+00,1.000000000000000000e+00,2.154162120892794685e-01
1.219000000000000057e+02,1.773722926852094872e-01,2.135911487397368358e-01,3.813271819035484622e+00,1.000000000000000000e+00,1.000000000000000000e+00,2.135905768609846489e-01
1.220000000000000000e+02,1.773064654248356631e-01,2.117668687627484170e-01,3.810216508819967096e+00,1.000000000000000000e+00,1.000000000000000000e+00,2.117663022689219021e-01
1.221000000000000369e+02,1.772412267138115949e-01,2.099439368165063879e-01,3.807169416730673106e+00,1.000000000000000000e+00,1.000000000000000000e+00,2.099433756907892745e-01
1.222000000000000313e+02,1.771765755054778568e-01,2.081223403135844252e-01,3.804130406530053854e+00,1.000000000000000000e+00,1.000000000000000000e+00,2.081217845393474875e-01
1.223000000000000256e+02,1.771125107635048990e-01,2.063020667012701037e-01,3.801099343808412634e+00,1.000000000000000000e+00,1.000000000000000000e+00,2.063015162620498999e-01
1.224000000000000199e+02,1.770490314618513306e-01,2.044831034612649145e-01,3.798076095955608356e+00,1.000000000000000000e+00,1.000000000000000000e+00,2.044825583406837122e-01
1.225000000000000142e+02,1.769861365847231471e-01,2.026654381091057555e-01,3.795060532133280429e+00,1.000000000000000000e+00,1.000000000000000000e+00,2.026648982910067009e-01
1.226000000000000085e+02,1.769238251265330686e-01,2.008490581940277908e-01,3.792052523247616325e+00,1.000000000000000000e+00,1.000000000000000000e+00,2.008485236623895609e-01
1.227000000000000028e+02,1.768620960918605434e-01,1.990339512983249626e-01,3.789051941922632949e+00,1.000000000000000000e+00,1.000000000000000000e+00,1.990334220374580521e-01
1.227999999999999972e+02,1.768009484954121691e-01,1.972201050375118614e-01,3.786058662473962055e+00,1.000000000000000000e+00,1.000000000000000000e+00,1.972195810317373676e-01
1.228999999999999915e+02,1.767403813619822794e-01,1.954075070595339692e-01,3.783072560883138369e+00,1.000000000000000000e+00,1.000000000000000000e+00,1.954069882932990831e-01
1.230000000000000284e+02,1.766803937264145308e-01,1.935961450443289544e-01,3.780093514772364216e+00,1.000000000000000000e+00,1.000000000000000000e+00,1.935956315024083552e-01
1.231000000000000227e+02,1.766209846335634326e-01,1.917860067038311134e-01,3.777121403379761766e+00,1.000000000000000000e+00,1.000000000000000000e+00,1.917854983711778649e-01
1.232000000000000171e+02,1.765621531382566001e-01,1.899770797816081047e-01,3.774156107535067584e+00,1.000000000000000000e+00,1.000000000000000000e+00,1.899765766432138514e-01
1.233000000000000114e+02,1.765038983052571731e-01,1.881693520522653706e-01,3.771197509635802358e+00,1.000000000000000000e+00,1.000000000000000000e+00,1.881688540932736631e-01
1.234000000000000057e+02,1.764462192092270953e-01,1.863628113211130144e-01,3.768245493623871401e+00,1.000000000000000000e+00,1.000000000000000000e+00,1.863623185269201177e-01
1.235000000000000000e+02,1.763891149346903942e-01,1.845574454240056506e-01,3.765299944962604783e+00,1.000000000000000000e+00,1.000000000000000000e+00,1.845569577801786931e-01
1.235999999999999943e+02,1.763325845759972088e-01,1.827532422269503298e-01,3.762360750614220706e+00,1.000000000000000000e+00,1.000000000000000000e+00,1.827527597191964392e-01
1.236999999999999886e+02,1.762766272372879583e-01,1.809501896257972864e-01,3.759427799017702743e+00,1.000000000000000000e+00,1.000000000000000000e+00,1.809497122399017499e-01
1.238000000000000398e+02,1.762212420324582030e-01,1.791482755456531850e-01,3.756500980067085216e+00,1.000000000000000000e+00,1.000000000000000000e+00,1.791478032676662169e-01
1.239000000000000341e+02,1.761664280851238107e-01,1.773474879407834492e-01,3.753580185090144905e+00,1.000000000000000000e+00,1.000000000000000000e+00,1.773470207569717849e-01
1.240000000000000284e+02,1.761121845285865128e-01,1.755478147943729250e-01,3.750665306827459577e+00,1.000000000000000000e+00,1.000000000000000000e+00,1.755473526910705240e-01
1.241000000000000227e+02,1.760585105057998478e-01,1.737492441179187552e-01,3.747756239411875079e+00,1.000000000000000000e+00,1.000000000000000000e+00,1.737487870816552260e-01
1.242000000000000028e+02,1.760054051693357158e-01,1.719517639512484763e-01,3.744852878348325920e+00,1.000000000000000000e+00,1.000000000000000000e+00,1.719513119685271707e-01
1.242999999999999972e+02,1.759528676813509329e-01,1.701553623616287869e-01,3.741955120494031561e+00,1.000000000000000000e+00,1.000000000000000000e+00,1.701549154192656121e-01
1.243999999999999915e+02,1.759008972135549520e-01,1.698529288277143001e-01,3.739062864039046197e+00,1.000000000000000000e+00,1.000000000000000000e+00,1.683595855288997634e-01
1.244999999999999858e+02,1.758485762908539307e-01,1.752081881909010319e-01,3.736173635347996402e+00,1.000000000000000000e+00,1.000000000000000000e+00,1.808712627205525114e-01
1.246000000000000369e+02,1.757933496395112649e-01,1.790698750826684726e-01,3.733280877577743073e+00,1.000000000000000000e+00,1.000000000000000000e+00,1.790694030267080405e-01
1.247000000000000313e+02,1.757386928284843386e-01,1.772691362331105802e-01,3.730393592462110330e+00,1.000000000000000000e+00,1.000000000000000000e+00,1.772686692707938771e-01
1.248000000000000256e+02,1.756846049935872900e-01,1.754695113197905498e-01,3.727511680170854103e+00,1.000000000000000000e+00,1.000000000000000000e+00,1.754690494373066789e-01
1.249000000000000199e+02,1.756310852802613620e-01,1.736709883552801370e-01,3.724635042161576148e+00,1.000000000000000000e+00,1.000000000000000000e+00,1.736705315391697813e-01
1.250000000000000142e+02,1.755781328435415123e-01,1.718735553804718041e-01,3.721763581161414258e+00,1.000000000000000000e+00,1.000000000000000000e+00,1.718731036173998528e-01
1.251000000000000085e+02,1.755257468480231065e-01,1.700772004640448698e-01,3.718897201149068632e+00,1.000000000000000000e+00,1.000000000000000000e+00,1.700767537407780472e-01
1.252000000000000028e+02,1.754739264678294719e-01,1.682819117018792554e-01,3.716035807337141339e+00,1.000000000000000000e+00,1.000000000000000000e+00,1.682814700055209056e-01
1.252999999999999972e+02,1.754226708865795625e-01,1.664876772172788344e-01,3.713179306154791526e+00,1.000000000000000000e+00,1.000000000000000000e+00,1.664872405349537288e-01
1.254000000000000341e+02,1.753719792973559843e-01,1.646944851601463145e-01,3.710327605230697046e+00,1.000000000000000000e+00,1.000000000000000000e+00,1.646940534791840327e-01
1.255000000000000284e+02,1.753218509026737704e-01,1.629023237069674168e-01,3.707480613376318956e+00,1.000000000000000000e+00,1.000000000000000000e+00,1.629018970147818879e-01
1.256000000000000227e+02,1.752722849144490169e-01,1.611111810602456895e-01,3.704638240569453345e+00,1.000000000000000000e+00,1.000000000000000000e+00,1.611107593444511266e-01
1.257000000000000171e+02,1.752232805539686022e-01,1.593210454483383332e-01,3.701800397938075360e+00,1.000000000000000000e+00,1.000000000000000000e+00,1.593206286967124297e-01
1.258000000000000114e+02,1.751748370518595166e-01,1.575319051251969360e-01,3.698966997744470575e+00,1.000000000000000000e+00,1.000000000000000000e+00,1.575314933255825833e-01
1.259000000000000057e+02,1.751269536480593303e-01,1.557437483696923475e-01,3.696137953369631468e+00,1.000000000000000000e+00,1.000000000000000000e+00,1.557433415102565666e-01
1.260000000000000000e+02,1.750796295917865231e-01,1.539565634858883481e-01,3.693313179297936344e+00,1.000000000000000000e+00,1.000000000000000000e+00,1.539561615547904438e-01
1.260999999999999943e+02,1.750328641415113684e-01,1.521703388022195014e-01,3.690492591102087605e+00,1.000000000000000000e+00,1.000000000000000000e+00,1.521699417877853122e-01
1.262000000000000313e+02,1.749866565649273453e-01,1.503850626712535665e-01,3.687676105428308038e+00,1.000000000000000000e+00,1.000000000000000000e+00,1.503846705620730528e-01
1.263000000000000256e+02,1.749410061389227444e-01,1.486007234696303525e-01,3.684863639981802219e+00,1.000000000000000000e+00,1.000000000000000000e+00,1.486003362544068007e-01
1.264000000000000199e+02,1.748959121495526903e-01,1.468173095976320064e-01,3.682055113512453737e+00,1.000000000000000000e+00,1.000000000000000000e+00,1.468169272651433377e-01
1.265000000000000142e+02,1.748513738920115801e-01,1.450348094787475006e-01,3.679250445800778202e+00,1.000000000000000000e+00,1.000000000000000000e+00,1.450344320179372259e-01
1.266000000000000085e+02,1.748073906706059388e-01,1.432532115593682653e-01,3.676449557644112964e+00,1.000000000000000000e+00,1.000000000000000000e+00,1.432528389594304175e-01
1.267000000000000028e+02,1.747639617987276073e-01,1.414725043087061152e-01,3.673652370843042192e+00,1.000000000000000000e+00,1.000000000000000000e+00,1.414721365589446667e-01
1.267999999999999972e+02,1.747210865988272077e-01,1.396926762185244641e-01,3.670858808188048883e+00,1.000000000000000000e+00,1.000000000000000000e+00,1.396923133081743040e-01
1.268999999999999915e+02,1.746787644023880537e-01,1.379137158021817577e-01,3.668068793446402687e+00,1.000000000000000000e+00,1.000000000000000000e+00,1.379133577208819794e-01
1.270000000000000426e+02,1.746369945499007537e-01,1.361356115950800305e-01,3.665282251349255560e+00,1.000000000000000000e+00,1.000000000000000000e+00,1.361352583325925458e-01
1.271000000000000369e+02,1.745957763908373983e-01,1.343583521541996395e-01,3.662499107578969681e+00,1.000000000000000000e+00,1.000000000000000000e+00,1.343580037002940764e-01
1.272000000000000313e+02,1.745551092836269969e-01,1.325819260574005176e-01,3.659719288756649203e+00,1.000000000000000000e+00,1.000000000000000000e+00,1.325815824021305822e-01
1.273000000000000256e+02,1.745149925956306358e-01,1.308063219035840441e-01,3.656942722429877612e+00,1.000000000000000000e+00,1.000000000000000000e+00,1.308059830371050281e-01
1.274000000000000199e+02,1.744754257031173594e-01,1.290315283122586421e-01,3.654169337060673595e+00,1.000000000000000000e+00,1.000000000000000000e+00,1.290311942247786003e-01
1.275000000000000142e+02,1.744364079912401333e-01,1.309331270470279751e-01,3.651399062013635177e+00,1.000000000000000000e+00,1.000000000000000000e+00,1.272572046049720018e-01
1.276000000000000085e+02,1.743957007929643199e-01,1.372323897025079786e-01,3.648627885073419730e+00,1.000000000000000000e+00,1.000000000000000000e+00,1.416330885973704490e-01
1.276999999999999886e+02,1.743528669731161107e-01,1.398535496851651405e-01,3.645855140778151871e+00,1.000000000000000000e+00,1.000000000000000000e+00,1.398531863377221740e-01
1.277999999999999829e+02,1.743105850390599398e-01,1.380745112965686139e-01,3.643085542997340998e+00,1.000000000000000000e+00,1.000000000000000000e+00,1.380741527790911582e-01
1.279000000000000341e+02,1.742688543318792749e-01,1.362963301527525817e-01,3.640319021988192016e+00,1.000000000000000000e+00,1.000000000000000000e+00,1.362959764550474573e-01
1.280000000000000284e+02,1.742276742016223012e-01,1.345189948088675036e-01,3.637555508889660061e+00,1.000000000000000000e+00,1.000000000000000000e+00,1.345186459206512142e-01
1.281000000000000227e+02,1.741870440072771364e-01,1.327424938408532651e-01,3.634794935711130215e+00,1.000000000000000000e+00,1.000000000000000000e+00,1.327421497521462102e-01
1.282000000000000171e+02,1.741469631167473220e-01,1.309668158456908926e-01,3.632037235321293966e+00,1.000000000000000000e+00,1.000000000000000000e+00,1.309664765466618530e-01
1.283000000000000114e+02,1.741074309068274262e-01,1.291919494410115610e-01,3.629282341437204629e+00,1.000000000000000000e+00,1.000000000000000000e+00,1.291916149219128895e-01
1.284000000000000057e+02,1.740684467631793131e-01,1.274178832647460125e-01,3.626530188613515282e+00,1.000000000000000000e+00,1.000000000000000000e+00,1.274175535159009220e-01
1.285000000000000000e+02,1.740300100803084948e-01,1.256446059745869037e-01,3.623780712231888135e+00,1.000000000000000000e+00,1.000000000000000000e+00,1.256442809866164245e-01
1.285999999999999943e+02,1.739921202615412610e-01,1.238721062481318580e-01,3.621033848490585072e+00,1.000000000000000000e+00,1.000000000000000000e+00,1.238717860117431735e-01
1.287000000000000455e+02,1.739547767190014749e-01,1.221003727823827129e-01,3.618289534394218077e+00,1.000000000000000000e+00,1.000000000000000000e+00,1.221000572883606528e-01
1.288000000000000398e+02,1.739179788735885357e-01,1.203293942932859711e-01,3.615547707743681727e+00,1.000000000000000000e+00,1.000000000000000000e+00,1.203290835326550207e-01
1.289000000000000341e+02,1.738817261549549797e-01,1.185591595157718808e-01,3.612808307126226914e+00,1.000000000000000000e+00,1.000000000000000000e+00,1.185588534796184340e-01
1.290000000000000284e+02,1.738460180014849421e-01,1.167896572030577701e-01,3.610071271905717527e+00,1.000000000000000000e+00,1.000000000000000000e+00,1.167893558827619443e-01
1.291000000000000227e+02,1.738108538602727016e-01,1.150208761269534141e-01,3.607336542213028796e+00,1.000000000000000000e+00,1.000000000000000000e+00,1.150205795138222603e-01
1.292000000000000171e+02,1.737762331871014754e-01,1.132528050768819711e-01,3.604604058936613509e+00,1.000000000000000000e+00,1.000000000000000000e+00,1.132525131624716602e-01
1.293000000000000114e+02,1.737421554464230744e-01,1.114854328600399930e-01,3.601873763713203669e+00,1.000000000000000000e+00,1.000000000000000000e+00,1.114851456360289317e-01
1.294000000000000057e+02,1.737086201113371142e-01,1.097187483010966802e-01,3.599145598918680466e+00,1.000000000000000000e+00,1.000000000000000000e+00,1.097184657591702139e-01
1.295000000000000284e+02,1.736756266635713641e-01,1.079527402415227100e-01,3.596419507659071257e+00,1.000000000000000000e+00,1.000000000000000000e+00,1.079524623736410893e-01
1.296000000000000227e+02,1.736431745934618742e-01,1.061873975395562358e-01,3.593695433761709079e+00,1.000000000000000000e+00,1.000000000000000000e+00,1.061871243379731850e-01
1.297000000000000171e+02,1.736112633999338517e-01,1.044227090702110616e-01,3.590973321766513404e+00,1.000000000000000000e+00,1.000000000000000000e+00,1.044224405271932943e-01
1.298000000000000114e+02,1.735798925904822876e-01,1.026586637247779155e-01,3.588253116917428542e+00,1.000000000000000000e+00,1.000000000000000000e+00,1.026583998325418523e-01
1.299000000000000057e+02,1.735490616811536380e-01,1.008952504101384290e-01,3.585534765153979286e+00,1.000000000000000000e+00,1.000000000000000000e+00,1.008949911611881217e-01
1.300000000000000000e+02,1.735187701965273666e-01,9.913245804899162295e-02,3.582818213102978877e+00,1.000000000000000000e+00,1.000000000000000000e+00,9.913220343594672523e-02
1.300999999999999943e+02,1.734890176696979869e-01,9.737027557929868460e-02,3.580103408070352877e+00,1.000000000000000000e+00,1.000000000000000000e+00,9.737002559499602361e-02
1.301999999999999886e+02,1.734598036422574374e-01,9.560869195427391942e-02,3.577390298033098048e+00,1.000000000000000000e+00,1.000000000000000000e+00,9.560844659159571657e-02
1.303000000000000398e+02,1.734311276642776234e-01,9.384769614177679298e-02,3.574678831631365128e+00,1.000000000000000000e+00,1.000000000000000000e+00,9.384745539380573431e-02
1.304000000000000341e+02,1.734029892942936524e-01,9.208727712434224000e-02,3.571968958160675722e+00,1.000000000000000000e+00,1.000000000000000000e+00,9.208704098420937567e-02
1.305000000000000284e+02,1.733753880992868479e-01,9.032742389874985622e-02,3.569260627564241783e+00,1.000000000000000000e+00,1.000000000000000000e+00,9.032719235962935467e-02
1.306000000000000227e+02,1.733483236546687345e-01,8.856812547531413282e-02,3.566553790425421422e+00,1.000000000000000000e+00,1.000000000000000000e+00,8.856789853085239583e-02
1.307000000000000171e+02,1.733217955442649671e-01,8.680937087859366685e-02,3.563848397960283965e+00,1.000000000000000000e+00,1.000000000000000000e+00,8.680914852235094292e-02
1.308000000000000114e+02,1.732958033602993719e-01,9.267229674138417750e-02,3.561144402010297583e+00,1.000000000000000000e+00,1.000000000000000000e+00,8.505093137200593623e-02
1.309000000000000057e+02,1.732657365456806986e-01,9.978638891060957750e-02,3.558436972807660137e+00,1.000000000000000000e+00,1.000000000000000000e+00,1.010375976151527133e-01
1.310000000000000000e+02,1.732354514030740311e-01,9.927501506503591533e-02,3.555730261907673828e+00,1.000000000000000000e+00,1.000000000000000000e+00,9.927476007733919416e-02
1.311000000000000512e+02,1.732057043681137221e-01,9.751278367643075040e-02,3.553025021114896820e+00,1.000000000000000000e+00,1.000000000000000000e+00,9.751253331796370938e-02
1.312000000000000455e+02,1.731764949824611821e-01,9.575115202525687208e-02,3.550321202603500037e+00,1.000000000000000000e+00,1.000000000000000000e+00,9.575090628907846624e-02
1.313000000000000398e+02,1.731478227962451322e-01,9.399010907854050967e-02,3.547618759164352209e+00,1.000000000000000000e+00,1.000000000000000000e+00,9.398986795755655266e-02
1.314000000000000057e+02,1.731196873680447834e-01,9.222964381745916984e-02,3.544917644197954409e+00,1.000000000000000000e+00,1.000000000000000000e+00,9.222940730481568594e-02
1.315000000000000000e+02,1.730920882648732395e-01,9.046974523745945906e-02,3.542217811707476294e+00,1.000000000000000000e+00,1.000000000000000000e+00,9.046951332653767330e-02
1.315999999999999943e+02,1.730650250621610931e-01,8.871040234823453219e-02,3.539519216291902026e+00,1.000000000000000000e+00,1.000000000000000000e+00,8.871017503239014834e-02
1.316999999999999886e+02,1.730384973437403273e-01,8.695160417296357580e-02,3.536821813139286341e+00,1.000000000000000000e+00,1.000000000000000000e+00,8.695138144574895978e-02
1.317999999999999829e+02,1.730125047018288564e-01,8.519333974823700695e-02,3.534125558020104307e+00,1.000000000000000000e+00,1.000000000000000000e+00,8.519312160342090712e-02
1.318999999999999773e+02,1.729870467370149545e-01,8.343559812407108645e-02,3.531430407280713002e+00,1.000000000000000000e+00,1.000000000000000000e+00,8.343538455536732290e-02
1.320000000000000284e+02,1.729621230582422675e-01,8.167836836295448710e-02,3.528736317836902892e+00,1.000000000000000000e+00,1.000000000000000000e+00,8.167815936442757163e-02
1.321000000000000227e+02,1.729377332827952973e-01,7.992163954022472871e-02,3.526043247167561123e+00,1.000000000000000000e+00,1.000000000000000000e+00,7.992143510604769741e-02
1.322000000000000171e+02,1.729138770362846633e-01,7.816540074384482895e-02,3.523351153308416528e+00,1.000000000000000000e+00,1.000000000000000000e+00,7.816520086800109179e-02
1.323000000000000114e+02,1.728905539526331969e-01,7.640964107321143728e-02,3.520659994845888541e+00,1.000000000000000000e+00,1.000000000000000000e+00,7.640944575011725248e-02
1.324000000000000057e+02,1.728677636740623969e-01,7.465434963970736526e-02,3.517969730911029824e+00,1.000000000000000000e+00,1.000000000000000000e+00,7.465415886400943168e-02
1.325000000000000000e+02,1.728455058510786624e-01,7.289951556660849430e-02,3.515280321173553268e+00,1.000000000000000000e+00,1.000000000000000000e+00,7.289932933280092453e-02
1.325999999999999943e+02,1.728237801424602760e-01,7.114512798806792160e-02,3.512591725835960244e+00,1.000000000000000000e+00,1.000000000000000000e+00,7.114494629085396649e-02
1.326999999999999886e+02,1.728025862152447190e-01,6.939117604920147508e-02,3.509903905627746123e+00,1.000000000000000000e+00,1.000000000000000000e+00,6.939099888349803402e-02
1.328000000000000398e+02,1.727819237447160705e-01,6.763764890594119172e-02,3.507216821799699513e+00,1.000000000000000000e+00,1.000000000000000000e+00,6.763747626675900571e-02
1.329000000000000341e+02,1.727617924143928785e-01,6.588453572461026864e-02,3.504530436118289405e+00,1.000000000000000000e+00,1.000000000000000000e+00,6.588436760709152906e-02
1.330000000000000284e+02,1.727421919160162800e-01,6.413182568177197562e-02,3.501844710860127829e+00,1.000000000000000000e+00,1.000000000000000000e+00,6.413166208110532285e-02
1.331000000000000227e+02,1.727231219495384273e-01,6.237950796361600714e-02,3.499159608806521327e+00,1.000000000000000000e+00,1.000000000000000000e+00,6.237934887529871658e-02
1.332000000000000171e+02,1.727045822231114414e-01,6.062757176630932665e-02,3.496475093238105458e+00,1.000000000000000000e+00,1.000000000000000000e+00,6.062741718579005984e-02
1.333000000000000114e+02,1.726865724530760871e-01,5.887600629510231914e-02,3.493791127929554818e+00,1.000000000000000000e+00,1.000000000000000000e+00,5.887585621804893032e-02
1.334000000000000057e+02,1.726690923639517261e-01,5.712480076439926252e-02,3.491107677144374755e+00,1.000000000000000000e+00,1.000000000000000000e+00,5.712465518662969421e-02
1.335000000000000000e+02,1.726521416884254090e-01,5.537394439764321830e-02,3.488424705629769473e+00,1.000000000000000000e+00,1.000000000000000000e+00,5.537380331490299179e-02
1.336000000000000227e+02,1.726357201673423547e-01,5.362342642632363793e-02,3.485742178611582975e+00,1.000000000000000000e+00,1.000000000000000000e+00,5.362328983478965166e-02
1.337000000000000171e+02,1.726198275496960977e-01,5.187323609068632962e-02,3.483060061789327033e+00,1.000000000000000000e+00,1.000000000000000000e+00,5.187310398649734589e-02
1.338000000000000114e+02,1.726044635926189952e-01,5.012336263882974374e-02,3.480378321331265123e+00,1.000000000000000000e+00,1.000000000000000000e+00,5.012323501824988287e-02
1.339000000000000057e+02,1.725896280613733735e-01,4.837379532658238335e-02,3.477696923869581624e+00,1.000000000000000000e+00,1.000000000000000000e+00,4.837367218602546537e-02
1.340000000000000000e+02,1.725753207293425628e-01,4.662452341728656746e-02,3.475015836495618071e+00,1.000000000000000000e+00,1.000000000000000000e+00,4.662440475329019535e-02
1.340999999999999943e+02,1.725615413780226259e-01,4.487553618153440615e-02,3.472335026755180465e+00,1.000000000000000000e+00,1.000000000000000000e+00,4.487542199073498578e-02
1.341999999999999886e+02,1.725482897970140039e-01,4.585367471728089839e-02,3.469654462643913639e+00,1.000000000000000000e+00,1.000000000000000000e+00,4.312671317601025206e-02
1.342999999999999829e+02,1.725339233816514661e-01,5.327817426420413532e-02,3.466973419292312286e+00,1.000000000000000000e+00,1.000000000000000000e+00,5.972650119422451276e-02
1.344000000000000341e+02,1.725162026432496831e-01,5.797527445947993352e-02,3.464291037689580577e+00,1.000000000000000000e+00,1.000000000000000000e+00,5.797512669699162596e-02
1.345000000000000284e+02,1.724990109525617599e-01,5.622424985767376926e-02,3.461608988892072691e+00,1.000000000000000000e+00,1.000000000000000000e+00,5.622410659231449892e-02
1.346000000000000227e+02,1.724823480467177206e-01,5.447356888028108413e-02,3.458927241029274402e+00,1.000000000000000000e+00,1.000000000000000000e+00,5.447343010799483159e-02
1.347000000000000171e+02,1.724662136709930182e-01,5.272322076329339496e-02,3.456245762676908306e+00,1.000000000000000000e+00,1.000000000000000000e+00,5.272308648024761485e-02
1.348000000000000114e+02,1.724506075787989312e-01,5.097319475113921278e-02,3.453564522852432095e+00,1.000000000000000000e+00,1.000000000000000000e+00,5.097306495343664756e-02
1.349000000000000057e+02,1.724355295316732650e-01,4.922348009582391132e-02,3.450883491010603432e+00,1.000000000000000000e+00,1.000000000000000000e+00,4.922335477980731983e-02
1.350000000000000000e+02,1.724209792992717205e-01,4.747406605694369508e-02,3.448202637039105678e+00,1.000000000000000000e+00,1.000000000000000000e+00,4.747394521922204680e-02
1.350999999999999943e+02,1.724069566593590397e-01,4.572494190183659657e-02,3.445521931254246439e+00,1.000000000000000000e+00,1.000000000000000000e+00,4.572482553889604256e-02
1.352000000000000455e+02,1.723934613978007346e-01,4.397609690453285758e-02,3.442841344396707637e+00,1.000000000000000000e+00,1.000000000000000000e+00,4.397598501313157437e-02
1.353000000000000398e+02,1.723804933085553159e-01,4.222752034599489002e-02,3.440160847627368845e+00,1.000000000000000000e+00,1.000000000000000000e+00,4.222741292305766392e-02
1.354000000000000341e+02,1.723680521936663268e-01,4.047920151389483578e-02,3.437480412523183482e+00,1.000000000000000000e+00,1.000000000000000000e+00,4.047909855636169785e-02
1.355000000000000284e+02,1.723561378632551544e-01,3.873112970211385619e-02,3.434800011073114057e+00,1.000000000000000000e+00,1.000000000000000000e+00,3.873103120702878904e-02
1.356000000000000227e+02,1.723447501355138134e-01,3.698329421042455267e-02,3.432119615674135815e+00,1.000000000000000000e+00,1.000000000000000000e+00,3.698320017507907009e-02
1.357000000000000171e+02,1.723338888366983956e-01,3.523568434449504683e-02,3.429439199127288340e+00,1.000000000000000000e+00,1.000000000000000000e+00,3.523559476630432064e-02
1.358000000000000114e+02,1.723235538011222978e-01,3.348828941561514394e-02,3.426758734633788439e+00,1.000000000000000000e+00,1.000000000000000000e+00,3.348820429200596166e-02
1.359000000000000057e+02,1.723137448711502817e-01,3.174109874014435090e-02,3.424078195791200763e+00,1.000000000000000000e+00,1.000000000000000000e+00,3.174101806873309145e-02
1.360000000000000284e+02,1.723044618971924791e-01,2.999410163951250763e-02,3.421397556589656830e+00,1.000000000000000000e+00,1.000000000000000000e+00,2.999402541801959865e-02
1.361000000000000227e+02,1.722957047376988959e-01,2.824728743994252972e-02,3.418716791408144218e+00,1.000000000000000000e+00,1.000000000000000000e+00,2.824721566612682644e-02
1.362000000000000171e+02,1.722874732591540281e-01,2.650064547180296104e-02,3.416035875010826839e+00,1.000000000000000000e+00,1.000000000000000000e+00,2.650057814377625859e-02
1.363000000000000114e+02,1.722797673360721982e-01,2.475416506992857840e-02,3.413354782543435384e+00,1.000000000000000000e+00,1.000000000000000000e+00,2.475410218589254099e-02
1.364000000000000057e+02,1.722725868509924207e-01,2.300783557324814071e-02,3.410673489529705726e+00,1.000000000000000000e+00,1.000000000000000000e+00,2.300777713134183680e-02
1.365000000000000000e+02,1.722659316944744057e-01,2.126164632413408972e-02,3.407991971867863512e+00,1.000000000000000000e+00,1.000000000000000000e+00,2.126159232267111482e-02
1.365999999999999943e+02,1.722598017650942559e-01,1.951558666835163589e-02,3.405310205827169145e+00,1.000000000000000000e+00,1.000000000000000000e+00,1.951553710584787854e-02
1.366999999999999886e+02,1.722541969694409425e-01,1.776964595491468610e-02,3.402628168044494750e+00,1.000000000000000000e+00,1.000000000000000000e+00,1.776960082999932272e-02
1.367999999999999829e+02,1.722491172221125300e-01,1.602381353580278195e-02,3.399945835520973070e+00,1.000000000000000000e+00,1.000000000000000000e+00,1.602377284715358202e-02
1.369000000000000341e+02,1.722445624457132618e-01,1.427807876544649746e-02,3.397263185618676573e+00,1.000000000000000000e+00,1.000000000000000000e+00,1.427804251197781031e-02
1.370000000000000284e+02,1.722405325708505353e-01,1.253243100081242664e-02,3.394580196057351618e+00,1.000000000000000000e+00,1.000000000000000000e+00,1.253239918152245641e-02
1.371000000000000227e+02,1.722370275361323755e-01,1.078685960093370665e-02,3.391896844911196585e+00,1.000000000000000000e+00,1.000000000000000000e+00,1.078683221495604569e-02
1.372000000000000171e+02,1.722340472881651319e-01,9.041353926809410704e-03,3.389213110605688861e+00,1.000000000000000000e+00,1.000000000000000000e+00,9.041330973309646621e-03
1.373000000000000114e+02,1.722315917815514519e-01,7.295903340934209100e-03,3.386528971914454456e+00,1.000000000000000000e+00,1.000000000000000000e+00,7.295884819216241594e-03
1.374000000000000057e+02,1.722296609788886990e-01,5.550497206966193038e-03,3.383844407956183797e+00,1.000000000000000000e+00,1.000000000000000000e+00,5.550483116651218352e-03
1.375000000000000000e+02,1.722282548507675648e-01,3.805124889994576307e-03,3.381159398191590171e+00,1.000000000000000000e+00,1.000000000000000000e+00,3.805115230673693227e-03
1.375999999999999943e+02,1.722273733757707648e-01,2.059775755883854007e-03,3.378473922420414333e+00,1.000000000000000000e+00,1.000000000000000000e+00,2.059770527166574113e-03
1.377000000000000455e+02,1.722270165404724829e-01,3.144391708485826391e-04,3.375787960778464214e+00,1.000000000000000000e+00,1.000000000000000000e+00,3.144383725768940875e-04
1.378000000000000398e+02,1.722271843394377611e-01,1.430895498648763076e-03,3.373101493734715906e+00,1.000000000000000000e+00,1.000000000000000000e+00,1.430891866339732265e-03
1.379000000000000341e+02,1.722278767752224438e-01,2.650785141083337407e-03,3.370414502088421305e+00,1.000000000000000000e+00,1.000000000000000000e+00,3.176230822783767706e-03
1.380000000000000284e+02,1.722255907173576850e-01,9.499900086677925612e-03,3.367727413829224581e+00,1.000000000000000000e+00,1.000000000000000000e+00,1.226747064329868075e-02
1.381000000000000227e+02,1.722221656184214078e-01,1.052194104975052828e-02,3.365040091561684932e+00,1.000000000000000000e+00,1.000000000000000000e+00,1.052191433653701033e-02
1.382000000000000171e+02,1.722192652550304515e-01,8.776444421014941225e-03,3.362352326023872795e+00,1.000000000000000000e+00,1.000000000000000000e+00,8.776422140170393391e-03
1.383000000000000114e+02,1.722168895830045454e-01,7.031001266134627621e-03,3.359664098178706926e+00,1.000000000000000000e+00,1.000000000000000000e+00,7.030983417052243632e-03
1.384000000000000057e+02,1.722150385661573857e-01,5.285600949131885606e-03,3.356975389317243597e+00,1.000000000000000000e+00,1.000000000000000000e+00,5.285587531339100767e-03
1.385000000000000284e+02,1.722137121762948864e-01,3.540232835201842076e-03,3.354286181055888605e+00,1.000000000000000000e+00,1.000000000000000000e+00,3.540223848230803633e-03
1.386000000000000227e+02,1.722129103932144578e-01,1.794886290056420383e-03,3.351596455333640368e+00,1.000000000000000000e+00,1.000000000000000000e+00,1.794881733714694377e-03
1.387000000000000171e+02,1.722126332047040909e-01,4.955068009925853108e-05,3.348906194409367654e+00,1.000000000000000000e+00,1.000000000000000000e+00,4.955055430080387006e-05
1.388000000000000114e+02,1.722128806065419682e-01,1.695784627999721980e-03,3.346215380859136612e+00,1.000000000000000000e+00,1.000000000000000000e+00,1.695780323233134950e-03
1.389000000000000057e+02,1.722136526024962422e-01,3.441130267452774481e-03,3.343523997573570217e+00,1.000000000000000000e+00,1.000000000000000000e+00,3.441121532102417793e-03
1.390000000000000000e+02,1.722149492043251739e-01,5.186496871918336651e-03,3.340832027755243239e+00,1.000000000000000000e+00,1.000000000000000000e+00,5.186483705773704649e-03
1.390999999999999943e+02,1.722167704317776882e-01,6.931895075695599512e-03,3.338139454916118520e+00,1.000000000000000000e+00,1.000000000000000000e+00,6.931877478224869778e-03
1.391999999999999886e+02,1.722191163125940672e-01,8.677335513503435516e-03,3.335446262875017442e+00,1.000000000000000000e+00,1.000000000000000000e+00,8.677313484203601560e-03
1.393000000000000398e+02,1.722219868825068112e-01,1.042282882104409412e-02,3.332752435755125475e+00,1.000000000000000000e+00,1.000000000000000000e+00,1.042280235948813902e-02
1.394000000000000341e+02,1.722253821852421096e-01,1.216838563575132516e-02,3.330057957981540362e+00,1.000000000000000000e+00,1.000000000000000000e+00,1.216835474114214520e-02
1.395000000000000284e+02,1.722293022725215894e-01,1.391401659643012878e-02,3.327362814278838954e+00,1.000000000000000000e+00,1.000000000000000000e+00,1.391398126778014242e-02
1.396000000000000227e+02,1.722337472040640083e-01,1.565973234335795924e-02,3.324666989668695560e+00,1.000000000000000000e+00,1.000000000000000000e+00,1.565969257982319923e-02
1.397000000000000171e+02,1.722387170475875029e-01,1.740554351935501287e-02,3.321970469467528719e+00,1.000000000000000000e+00,1.000000000000000000e+00,1.740549931975846412e-02
1.398000000000000114e+02,1.722442118788123644e-01,1.915146076937667904e-02,3.319273239284174171e+00,1.000000000000000000e+00,1.000000000000000000e+00,1.915141213240024662e-02
1.399000000000000057e+02,1.722502317814634809e-01,2.089749474075197275e-02,3.316575285017601793e+00,1.000000000000000000e+00,1.000000000000000000e+00,2.089744166514856047e-02
1.400000000000000000e+02,1.722567768472736960e-01,2.264365608402140947e-02,3.313876592854658298e+00,1.000000000000000000e+00,1.000000000000000000e+00,2.264359856824963227e-02
1.401000000000000512e+02,1.722638471759871948e-01,2.438995545262025513e-02,3.311177149267844566e+00,1.000000000000000000e+00,1.000000000000000000e+00,2.438989349505633203e-02
1.402000000000000455e+02,1.722714428753631122e-01,2.613640350329974119e-02,3.308476941013124062e+00,1.000000000000000000e+00,1.000000000000000000e+00,2.613633710228506490e-02
1.403000000000000398e+02,1.722795640611796131e-01,2.788301089668596133e-02,3.305775955127760124e+00,1.000000000000000000e+00,1.000000000000000000e+00,2.788294005028162797e-02
1.404000000000000057e+02,1.722882108572382776e-01,2.962978829705337214e-02,3.303074178928187887e+00,1.000000000000000000e+00,1.000000000000000000e+00,2.962971300327775503e-02
1.405000000000000000e+02,1.722973833953684863e-01,3.137674637283596746e-02,3.300371600007916406e+00,1.000000000000000000e+00,1.000000000000000000e+00,3.137666662965304248e-02
1.405999999999999943e+02,1.723070818154325556e-01,3.312389579713753696e-02,3.297668206235455646e+00,1.000000000000000000e+00,1.000000000000000000e+00,3.312381160219586562e-02
1.406999999999999886e+02,1.723173062653308718e-01,3.487124724741022530e-02,3.294963985752280777e+00,1.000000000000000000e+00,1.000000000000000000e+00,3.487115859836444065e-02
1.407999999999999829e+02,1.723280569010072760e-01,3.661881140614756808e-02,3.292258926970818678e+00,1.000000000000000000e+00,1.000000000000000000e+00,3.661871830054817811e-02
1.409000000000000341e+02,1.723393338864550595e-01,3.836659896111474510e-02,3.289553018572464183e+00,1.000000000000000000e+00,1.000000000000000000e+00,3.836650139633068779e-02
1.410000000000000284e+02,1.723511373937229307e-01,4.011462060543950076e-02,3.286846249505635864e+00,1.000000000000000000e+00,1.000000000000000000e+00,4.011451857874762106e-02
1.411000000000000227e+02,1.723634676029215107e-01,4.186288703793249188e-02,3.284138608983838470e+00,1.000000000000000000e+00,1.000000000000000000e+00,4.186278054655450526e-02
1.412000000000000171e+02,1.723763247022299383e-01,4.361140896368335962e-02,3.281430086483771547e+00,1.000000000000000000e+00,1.000000000000000000e+00,4.361129800448577259e-02
1.413000000000000114e+02,1.723897088879031703e-01,4.536019709368644542e-02,3.278720671743458492e+00,1.000000000000000000e+00,1.000000000000000000e+00,4.536008166351836179e-02
1.414000000000000057e+02,1.724036203642788090e-01,4.710926214538829759e-02,3.276010354760403143e+00,1.000000000000000000e+00,1.000000000000000000e+00,4.710914224113518095e-02
1.415000000000000000e+02,1.724180593437851794e-01,4.885861484327939236e-02,3.273299125789770336e+00,1.000000000000000000e+00,1.000000000000000000e+00,4.885849046158769610e-02
1.415999999999999943e+02,1.724330260469489617e-01,5.060826591883896275e-02,3.270586975342595792e+00,1.000000000000000000e+00,1.000000000000000000e+00,5.060813705616105940e-02
1.416999999999999886e+02,1.724485207024036848e-01,5.143162648234617801e-02,3.267873894184023964e+00,1.000000000000000000e+00,1.000000000000000000e+00,5.235809276343745405e-02
1.418000000000000398e+02,1.724639857720092484e-01,4.543225254827198273e-02,3.265160200341487684e+00,1.000000000000000000e+00,1.000000000000000000e+00,3.861126951070851382e-02
1.419000000000000341e+02,1.724758715035400458e-01,4.035942297886194879e-02,3.262448022735711994e+00,1.000000000000000000e+00,1.000000000000000000e+00,4.035932032715762452e-02
1.420000000000000284e+02,1.724882843388873543e-01,4.210772454457364228e-02,3.259734989277094819e+00,1.000000000000000000e+00,1.000000000000000000e+00,4.210761742766117033e-02
1.421000000000000227e+02,1.725012244674959672e-01,4.385628310297082916e-02,3.257021090955825926e+00,1.000000000000000000e+00,1.000000000000000000e+00,4.385617151781204259e-02
1.422000000000000171e+02,1.725146920868930456e-01,4.560510936595705417e-02,3.254306319014725002e+00,1.000000000000000000e+00,1.000000000000000000e+00,4.560499330948227653e-02
1.423000000000000114e+02,1.725286874026954465e-01,4.735421405208859597e-02,3.251590664947529685e+00,1.000000000000000000e+00,1.000000000000000000e+00,4.735409352108644471e-02
1.424000000000000057e+02,1.725432106286174938e-01,4.910360788679643540e-02,3.248874120497206253e+00,1.000000000000000000e+00,1.000000000000000000e+00,4.910348287784551541e-02
1.425000000000000000e+02,1.725582619864788891e-01,5.085330160260683602e-02,3.246156677654290057e+00,1.000000000000000000e+00,1.000000000000000000e+00,5.085317211205034327e-02
1.426000000000000227e+02,1.725738417062130658e-01,5.260330593903788515e-02,3.243438328655242842e+00,1.000000000000000000e+00,1.000000000000000000e+00,5.260317196332714440e-02
1.427000000000000171e+02,1.725899500258754882e-01,5.435363164341616704e-02,3.240719065980846025e+00,1.000000000000000000e+00,1.000000000000000000e+00,5.435349317889810045e-02
1.428000000000000114e+02,1.726065871916529493e-01,5.610428947118462767e-02,3.237998882354600205e+00,1.000000000000000000e+00,1.000000000000000000e+00,5.610414651385239176e-02
1.429000000000000057e+02,1.726237534578725086e-01,5.785529018561004488e-02,3.235277770741162406e+00,1.000000000000000000e+00,1.000000000000000000e+00,5.785514273140755087e-02
1.430000000000000000e+02,1.726414490870110674e-01,5.960664455841022114e-02,3.232555724344802872e+00,1.000000000000000000e+00,1.000000000000000000e+00,5.960649260317663761e-02
1.430999999999999943e+02,1.726596743497051389e-01,6.135836336991861567e-02,3.229832736607881394e+00,1.000000000000000000e+00,1.000000000000000000e+00,6.135820690943433880e-02
1.431999999999999886e+02,1.726784295247609791e-01,6.311045740952345162e-02,3.227108801209348066e+00,1.000000000000000000e+00,1.000000000000000000e+00,6.311029643938355360e-02
1.432999999999999829e+02,1.726977148991650779e-01,6.486293747573654289e-02,3.224383912063267132e+00,1.000000000000000000e+00,1.000000000000000000e+00,6.486277199142338745e-02
1.434000000000000341e+02,1.727175307680947902e-01,6.661581437658241345e-02,3.221658063317360821e+00,1.000000000000000000e+00,1.000000000000000000e+00,6.661564437341654932e-02
1.435000000000000284e+02,1.727378774349295210e-01,6.836909892980133630e-02,3.218931249351578483e+00,1.000000000000000000e+00,1.000000000000000000e+00,6.836892440295516682e-02
1.436000000000000227e+02,1.727587552112619385e-01,7.012280196314220337e-02,3.216203464776681287e+00,1.000000000000000000e+00,1.000000000000000000e+00,7.012262290763415784e-02
1.437000000000000171e+02,1.727801644169097983e-01,7.187693431442336578e-02,3.213474704432853546e+00,1.000000000000000000e+00,1.000000000000000000e+00,7.187675072531703180e-02
1.438000000000000114e+02,1.728021053799276563e-01,7.363150683228140980e-02,3.210744963388331819e+00,1.000000000000000000e+00,1.000000000000000000e+00,7.363131870440703386e-02
1.439000000000000057e+02,1.728245784366196081e-01,7.538653037618121833e-02,3.208014236938056207e+00,1.000000000000000000e+00,1.000000000000000000e+00,7.538633770411652668e-02
1.440000000000000000e+02,1.728475839315514739e-01,7.714201581628608861e-02,3.205282520602339869e+00,1.000000000000000000e+00,1.000000000000000000e+00,7.714181859473871750e-02
1.440999999999999943e+02,1.728711222175639273e-01,7.889797403461343284e-02,3.202549810125564278e+00,1.000000000000000000e+00,1.000000000000000000e+00,7.889777225791889947e-02
1.442000000000000455e+02,1.728951936557858449e-01,8.065441592453179154e-02,3.199816101474883823e+00,1.000000000000000000e+00,1.000000000000000000e+00,8.065420958692737230e-02
1.443000000000000398e+02,1.729197986156476019e-01,8.241135239122170109e-02,3.197081390838965920e+00,1.000000000000000000e+00,1.000000000000000000e+00,8.241114148692814390e-02
1.444000000000000341e+02,1.729449374748951718e-01,8.416879435217967942e-02,3.194345674626732023e+00,1.000000000000000000e+00,1.000000000000000000e+00,8.416857887525852622e-02
1.445000000000000284e+02,1.729706106196041981e-01,8.592675273735168873e-02,3.191608949466132383e+00,1.000000000000000000e+00,1.000000000000000000e+00,8.592653268169850311e-02
1.446000000000000227e+02,1.729968184441946499e-01,8.768523848931004949e-02,3.188871212202931904e+00,1.000000000000000000e+00,1.000000000000000000e+00,8.768501384874705096e-02
1.447000000000000171e+02,1.730235613514454762e-01,8.944426256379527096e-02,3.186132459899521319e+00,1.000000000000000000e+00,1.000000000000000000e+00,8.944403333189675231e-02
1.448000000000000114e+02,1.730508397525100661e-01,9.120383592974933007e-02,3.183392689833739020e+00,1.000000000000000000e+00,1.000000000000000000e+00,9.120360209991004719e-02
1.449000000000000057e+02,1.730786540669314033e-01,9.296396956934650790e-02,3.180651899497718205e+00,1.000000000000000000e+00,1.000000000000000000e+00,9.296373113509590058e-02
1.450000000000000284e+02,1.731070047226580255e-01,9.472467447903189230e-02,3.177910086596746009e+00,1.000000000000000000e+00,1.000000000000000000e+00,9.472443143358810769e-02
1.451000000000000227e+02,1.731358921560602893e-01,9.648596166917833283e-02,3.175167249048150175e+00,1.000000000000000000e+00,1.000000000000000000e+00,9.648571400561958833e-02
1.452000000000000171e+02,1.731653168119466069e-01,9.824784216442997153e-02,3.172423384980191052e+00,1.000000000000000000e+00,1.000000000000000000e+00,9.824758987580646530e-02
1.453000000000000114e+02,1.731952791435804051e-01,1.000103270044095244e-01,3.169678492730978014e+00,1.000000000000000000e+00,1.000000000000000000e+00,1.000100700834244821e-01
1.454000000000000057e+02,1.732257796126972782e-01,1.017734272433205162e-01,3.166932570847406314e+00,1.000000000000000000e+00,1.000000000000000000e+00,1.017731656826902087e-01
1.455000000000000000e+02,1.732568186895221962e-01,1.035371539506942662e-01,3.164185618084104146e+00,1.000000000000000000e+00,1.000000000000000000e+00,1.035368877430417056e-01
1.455999999999999943e+02,1.732883968527876017e-01,1.053015182116283366e-01,3.161437633402399694e+00,1.000000000000000000e+00,1.000000000000000000e+00,1.053012473494209511e-01
1.456999999999999886e+02,1.733205145897512567e-01,1.070665311270674463e-01,3.158688615969309055e+00,1.000000000000000000e+00,1.000000000000000000e+00,1.070662556025565731e-01
1.458000000000000398e+02,1.733531723962150051e-01,1.025298746184973714e-01,3.155938565156531261e+00,1.000000000000000000e+00,1.000000000000000000e+00,1.088319236192481776e-01
1.459000000000000341e+02,1.733825571317379466e-01,9.706420529443991752e-02,3.153191220049058163e+00,1.000000000000000000e+00,1.000000000000000000e+00,9.613494422943939799e-02
1.460000000000000284e+02,1.734119175263552359e-01,9.789695244400466179e-02,3.150443464489394607e+00,1.000000000000000000e+00,1.000000000000000000e+00,9.789670107684654565e-02
1.461000000000000227e+02,1.734418162896988747e-01,9.965931606028038958e-02,3.147694751344906283e+00,1.000000000000000000e+00,1.000000000000000000e+00,9.965906006226005198e-02
1.462000000000000171e+02,1.734722538824867988e-01,1.014222928730125345e-01,3.144945080240038049e+00,1.000000000000000000e+00,1.000000000000000000e+00,1.014220322368990373e-01
1.463000000000000114e+02,1.735032307739353408e-01,1.031858939487310389e-01,3.142194451003246236e+00,1.000000000000000000e+00,1.000000000000000000e+00,1.031856286671479633e-01
1.464000000000000057e+02,1.735347474417770208e-01,1.049501303696083881e-01,3.139442863666032757e+00,1.000000000000000000e+00,1.000000000000000000e+00,1.049498604348390457e-01
1.465000000000000000e+02,1.735668043722786991e-01,1.067150132330523388e-01,3.136690318461998306e+00,1.000000000000000000e+00,1.000000000000000000e+00,1.067147386375349311e-01
1.465999999999999943e+02,1.735994020602596166e-01,1.084805536528993530e-01,3.133936815825913769e+00,1.000000000000000000e+00,1.000000000000000000e+00,1.084802743888111515e-01
1.467000000000000455e+02,1.736325410091107690e-01,1.102467627592289834e-01,3.131182356392794741e+00,1.000000000000000000e+00,1.000000000000000000e+00,1.102464788185428951e-01
1.468000000000000398e+02,1.736662217308133360e-01,1.120136516984507613e-01,3.128426940997015571e+00,1.000000000000000000e+00,1.000000000000000000e+00,1.120133630731851293e-01
1.469000000000000341e+02,1.737004447459586098e-01,1.137812316341195729e-01,3.125670570671411408e+00,1.000000000000000000e+00,1.000000000000000000e+00,1.137809383160648252e-01
1.470000000000000284e+02,1.737352105837674243e-01,1.155495137469230854e-01,3.122913246646413565e+00,1.000000000000000000e+00,1.000000000000000000e+00,1.155492157276638010e-01
1.471000000000000227e+02,1.737705197821105829e-01,1.173185092349859349e-01,3.120154970349195978e+00,1.000000000000000000e+00,1.000000000000000000e+00,1.173182065059081430e-01
1.472000000000000171e+02,1.738063728875289815e-01,1.190882293138501302e-01,3.117395743402834096e+00,1.000000000000000000e+00,1.000000000000000000e+00,1.190879218664560035e-01
1.473000000000000114e+02,1.738427704552545361e-01,1.208586852175036336e-01,3.114635567625480217e+00,1.000000000000000000e+00,1.000000000000000000e+00,1.208583730429883540e-01
1.473999999999999773e+02,1.738797130492314436e-01,1.226298881981693761e-01,3.111874445029550795e+00,1.000000000000000000e+00,1.000000000000000000e+00,1.226295712874987953e-01
1.475000000000000284e+02,1.739172012421374980e-01,1.244018495263196494e-01,3.109112377820933304e+00,1.000000000000000000e+00,1.000000000000000000e+00,1.244015278705865174e-01
1.476000000000000227e+02,1.739552356154058788e-01,1.261745804917837610e-01,3.106349368398209077e+00,1.000000000000000000e+00,1.000000000000000000e+00,1.261742540817453462e-01
1.477000000000000171e+02,1.739938167592476603e-01,1.279480924033876976e-01,3.103585419351877484e+00,1.000000000000000000e+00,1.000000000000000000e+00,1.279477612296624489e-01
1.478000000000000114e+02,1.740329452726739057e-01,1.297223965893677389e-01,3.100820533463604978e+00,1.000000000000000000e+00,1.000000000000000000e+00,1.297220606425098788e-01
1.479000000000000057e+02,1.740726217635189532e-01,1.314975043979617619e-01,3.098054713705489682e+00,1.000000000000000000e+00,1.000000000000000000e+00,1.314971636682409351e-01
1.480000000000000000e+02,1.741128468484633984e-01,1.332734271971739159e-01,3.095287963239336193e+00,1.000000000000000000e+00,1.000000000000000000e+00,1.332730816748868841e-01
1.480999999999999943e+02,1.741536211530577694e-01,1.350501763756316587e-01,3.092520285415938819e+00,1.000000000000000000e+00,1.000000000000000000e+00,1.350498260508546378e-01
1.481999999999999886e+02,1.741949453117465629e-01,1.368277633426152329e-01,3.089751683774387470e+00,1.000000000000000000e+00,1.000000000000000000e+00,1.368274082052261531e-01
1.483000000000000398e+02,1.742368199678924756e-01,1.386061995281747117e-01,3.086982162041381539e+00,1.000000000000000000e+00,1.000000000000000000e+00,1.386058395680591082e-01
1.484000000000000341e+02,1.742792457738010503e-01,1.403854963838811476e-01,3.084211724130562438e+00,1.000000000000000000e+00,1.000000000000000000e+00,1.403851315906845254e-01
1.485000000000000284e+02,1.743222233907459062e-01,1.421656653828881067e-01,3.081440374141848793e+00,1.000000000000000000e+00,1.000000000000000000e+00,1.421652957460141919e-01
1.486000000000000227e+02,1.743657534889939686e-01,1.439467180198976126e-01,3.078668116360795626e+00,1.000000000000000000e+00,1.000000000000000000e+00,1.439463435288410309e-01
1.487000000000000171e+02,1.744098367478312261e-01,1.457286658122615430e-01,3.075894955257960639e+00,1.000000000000000000e+00,1.000000000000000000e+00,1.457282864561440794e-01
1.488000000000000114e+02,1.744544738555891816e-01,1.475115202995266328e-01,3.073120895488289150e+00,1.000000000000000000e+00,1.000000000000000000e+00,1.475111360673953542e-01
1.489000000000000057e+02,1.744996655096708871e-01,1.492952930439790660e-01,3.070345941890500363e+00,1.000000000000000000e+00,1.000000000000000000e+00,1.492949039248653575e-01
1.490000000000000000e+02,1.745454124165782828e-01,1.510799956315014014e-01,3.067570099486500279e+00,1.000000000000000000e+00,1.000000000000000000e+00,1.510796016139327458e-01
1.491000000000000512e+02,1.745917152919393145e-01,1.528656396706478959e-01,3.064793373480793282e+00,1.000000000000000000e+00,1.000000000000000000e+00,1.528652407433941374e-01
1.492000000000000455e+02,1.746385748605352728e-01,1.546522367941752518e-01,3.062015769259925690e+00,1.000000000000000000e+00,1.000000000000000000e+00,1.546518329457714225e-01
1.493000000000000398e+02,1.746859918563294090e-01,1.564397986589720901e-01,3.059237292391913332e+00,1.000000000000000000e+00,1.000000000000000000e+00,1.564393898776293146e-01
1.494000000000000057e+02,1.747339670224948016e-01,1.582283369459392408e-01,3.056457948625708632e+00,1.000000000000000000e+00,1.000000000000000000e+00,1.582279232198849916e-01
1.495000000000000000e+02,1.747825011114434723e-01,1.600178633610471191e-01,3.053677743890661489e+00,1.000000000000000000e+00,1.000000000000000000e+00,1.600174446781239268e-01
1.495999999999999943e+02,1.748315948848554735e-01,1.618083896346585171e-01,3.050896684296003691e+00,1.000000000000000000e+00,1.000000000000000000e+00,1.618079659829160244e-01
1.496999999999999886e+02,1.748812491137081704e-01,1.635999275230299033e-01,3.048114776130339543e+00,1.000000000000000000e+00,1.000000000000000000e+00,1.635994988901322278e-01
1.497999999999999829e+02,1.749314645783068278e-01,1.653924888079860156e-01,3.045332025861146708e+00,1.000000000000000000e+00,1.000000000000000000e+00,1.653920551812649020e-01
1.499000000000000341e+02,1.749822420683142810e-01,1.652905439432844070e-01,3.042548440134291265e+00,1.000000000000000000e+00,1.000000000000000000e+00,1.671856466637471061e-01
1.500000000000000284e+02,1.750324245799602940e-01,1.604418977714463512e-01,3.039765512828454419e+00,1.000000000000000000e+00,1.000000000000000000e+00,1.556990702258926607e-01
1.501000000000000227e+02,1.750802686057304769e-01,1.574876095090098349e-01,3.036985524516104373e+00,1.000000000000000000e+00,1.000000000000000000e+00,1.574871978319262178e-01
1.502000000000000171e+02,1.751286724125554195e-01,1.592767253326723143e-01,3.034204779039932909e+00,1.000000000000000000e+00,1.000000000000000000e+00,1.592763087038139846e-01
1.503000000000000114e+02,1.751776367598625317e-01,1.610668361544823346e-01,3.031423283339158115e+00,1.000000000000000000e+00,1.000000000000000000e+00,1.610664145617418108e-01
1.504000000000000057e+02,1.752271624163836694e-01,1.628579537198370231e-01,3.028641044531271476e+00,1.000000000000000000e+00,1.000000000000000000e+00,1.628575271510652456e-01
1.505000000000000000e+02,1.752772501601854993e-01,1.646500897999395863e-01,3.025858069911582238e+00,1.000000000000000000e+00,1.000000000000000000e+00,1.646496582426284772e-01
1.505999999999999943e+02,1.753279007786994192e-01,1.664432561913345432e-01,3.023074366952769765e+00,1.000000000000000000e+00,1.000000000000000000e+00,1.664428196330832166e-01
1.506999999999999886e+02,1.753791150687522282e-01,1.682374647171609172e-01,3.020289943304448332e+00,1.000000000000000000e+00,1.000000000000000000e+00,1.682370231452104126e-01
1.508000000000000398e+02,1.754308938365974069e-01,1.700327272268110368e-01,3.017504806792740801e+00,1.000000000000000000e+00,1.000000000000000000e+00,1.700322806282432986e-01
1.509000000000000341e+02,1.754832378979461760e-01,1.718290555963105093e-01,3.014718965419871388e+00,1.000000000000000000e+00,1.000000000000000000e+00,1.718286039581874702e-01
1.510000000000000284e+02,1.755361480779996097e-01,1.736264617290078083e-01,3.011932427363754439e+00,1.000000000000000000e+00,1.000000000000000000e+00,1.736260050381520093e-01
1.511000000000000227e+02,1.755896252114807210e-01,1.754249575555333340e-01,3.009145200977608514e+00,1.000000000000000000e+00,1.000000000000000000e+00,1.754244957986725861e-01
1.512000000000000171e+02,1.756436701426671576e-01,1.772245550344767884e-01,3.006357294789574475e+00,1.000000000000000000e+00,1.000000000000000000e+00,1.772240881980405580e-01
1.513000000000000114e+02,1.756982837254243146e-01,1.790252661522428179e-01,3.003568717502348662e+00,1.000000000000000000e+00,1.000000000000000000e+00,1.790247942226332878e-01
1.514000000000000057e+02,1.757534668232385577e-01,1.808271029238062988e-01,3.000779477992818300e+00,1.000000000000000000e+00,1.000000000000000000e+00,1.808266258872447962e-01
1.515000000000000000e+02,1.758092203092514183e-01,1.826300773930528420e-01,2.997989585311719551e+00,1.000000000000000000e+00,1.000000000000000000e+00,1.826295952354197449e-01
1.516000000000000227e+02,1.758655450662936492e-01,1.844342016324796441e-01,2.995199048683293341e+00,1.000000000000000000e+00,1.000000000000000000e+00,1.844337143397881684e-01
1.517000000000000171e+02,1.759224419869198641e-01,1.862394877443376839e-01,2.992407877504967395e+00,1.000000000000000000e+00,1.000000000000000000e+00,1.862389953023978750e-01
1.518000000000000114e+02,1.759799119734439254e-01,1.880459478608609014e-01,2.989616081347029386e+00,1.000000000000000000e+00,1.000000000000000000e+00,1.880454502550587548e-01
1.519000000000000057e+02,1.760379559379743608e-01,1.898535941439476460e-01,2.986823669952326288e+00,1.000000000000000000e+00,1.000000000000000000e+00,1.898530913596774838e-01
1.520000000000000000e+02,1.760965748024501953e-01,1.916624387860550449e-01,2.984030653235968167e+00,1.000000000000000000e+00,1.000000000000000000e+00,1.916619308085998619e-01
1.520999999999999943e+02,1.761557694986775613e-01,1.934724940105885249e-01,2.981237041285039524e+00,1.000000000000000000e+00,1.000000000000000000e+00,1.934719808249541761e-01
1.521999999999999886e+02,1.762155409683664187e-01,1.952837720719685366e-01,2.978442844358327957e+00,1.000000000000000000e+00,1.000000000000000000e+00,1.952832536629947047e-01
1.522999999999999829e+02,1.762758901631678587e-01,1.970962852560060874e-01,2.975648072886055484e+00,1.000000000000000000e+00,1.000000000000000000e+00,1.970957616084490771e-01
1.524000000000000341e+02,1.763368180447117128e-01,1.989100458804062554e-01,2.972852737469623197e+00,1.000000000000000000e+00,1.000000000000000000e+00,1.989095169788662465e-01
1.525000000000000284e+02,1.763983255846448273e-01,2.007250662951735043e-01,2.970056848881369671e+00,1.000000000000000000e+00,1.000000000000000000e+00,2.007245321239631286e-01
1.526000000000000227e+02,1.764604137646695881e-01,2.025413588825588918e-01,2.967260418064330274e+00,1.000000000000000000e+00,1.000000000000000000e+00,2.025408194259814554e-01
1.527000000000000171e+02,1.765230835765828343e-01,2.043589360579915470e-01,2.964463456132015562e+00,1.000000000000000000e+00,1.000000000000000000e+00,2.043583913000377172e-01
1.528000000000000114e+02,1.765863360223156320e-01,2.061778102700100035e-01,2.961665974368190124e+00,1.000000000000000000e+00,1.000000000000000000e+00,2.061772601944791283e-01
1.529000000000000057e+02,1.766501721139728254e-01,2.079979940005926009e-01,2.958867984226675851e+00,1.000000000000000000e+00,1.000000000000000000e+00,2.079974385912405910e-01
1.530000000000000000e+02,1.767145928738736993e-01,2.098194997658838490e-01,2.956069497331145435e+00,1.000000000000000000e+00,1.000000000000000000e+00,2.098189390062040749e-01
1.530999999999999943e+02,1.767795993345926686e-01,2.116423401162830509e-01,2.953270525474945174e+00,1.000000000000000000e+00,1.000000000000000000e+00,2.116417739895591343e-01
1.532000000000000455e+02,1.768451925390006896e-01,2.134665276367048170e-01,2.950471080620907127e+00,1.000000000000000000e+00,1.000000000000000000e+00,2.134659561261667282e-01
1.533000000000000398e+02,1.769113735403068099e-01,2.152920749472361783e-01,2.947671174901195901e+00,1.000000000000000000e+00,1.000000000000000000e+00,2.152914980359205699e-01
1.534000000000000341e+02,1.769781434021006905e-01,2.171189947034250500e-01,2.944870820617135454e+00,1.000000000000000000e+00,1.000000000000000000e+00,2.171184123741189409e-01
1.535000000000000284e+02,1.770455031983950434e-01,2.189472995965158486e-01,2.942070030239073208e+00,1.000000000000000000e+00,1.000000000000000000e+00,2.189467118318302041e-01
1.536000000000000227e+02,1.771134540136690139e-01,2.207770023539456505e-01,2.939268816406231721e+00,1.000000000000000000e+00,1.000000000000000000e+00,2.207764091362642289e-01
1.537000000000000171e+02,1.771819969429116459e-01,2.226081157394728949e-01,2.936467191926586118e+00,1.000000000000000000e+00,1.000000000000000000e+00,2.226075170511453427e-01
1.538000000000000114e+02,1.772511330916660688e-01,2.244406525539256736e-01,2.933665169776739301e+00,1.000000000000000000e+00,1.000000000000000000e+00,2.244400483770870314e-01
1.539000000000000057e+02,1.773208635760741558e-01,2.262746256354916663e-01,2.930862763101813595e+00,1.000000000000000000e+00,1.000000000000000000e+00,2.262740159519692762e-01
1.540000000000000284e+02,1.773911895229216273e-01,2.281100478598648285e-01,2.928059985215344163e+00,1.000000000000000000e+00,1.000000000000000000e+00,2.281094326513183612e-01
1.541000000000000227e+02,1.774621120696835419e-01,2.299469321406079347e-01,2.925256849599196851e+00,1.000000000000000000e+00,1.000000000000000000e+00,2.299463113886845989e-01
1.542000000000000171e+02,1.775336323645703707e-01,2.266640182270892034e-01,2.922453369903473153e+00,1.000000000000000000e+00,1.000000000000000000e+00,2.317846651160308802e-01
1.543000000000000114e+02,1.776025778660272891e-01,2.222102643228090757e-01,2.919654370727240877e+00,1.000000000000000000e+00,1.000000000000000000e+00,2.210391956141108671e-01
1.544000000000000057e+02,1.776713916065508769e-01,2.228711065609267350e-01,2.916856195589921708e+00,1.000000000000000000e+00,1.000000000000000000e+00,2.228705070858167381e-01
1.545000000000000000e+02,1.777408003319334573e-01,2.247038487755996239e-01,2.914057761572423910e+00,1.000000000000000000e+00,1.000000000000000000e+00,2.247032438092868845e-01
1.545999999999999943e+02,1.778108051628667363e-01,2.265380291033676496e-01,2.911259082654674035e+00,1.000000000000000000e+00,1.000000000000000000e+00,2.265374186277824553e-01
1.546999999999999886e+02,1.778814072307214611e-01,2.283736604254426872e-01,2.908460172985273928e+00,1.000000000000000000e+00,1.000000000000000000e+00,2.283730444222641931e-01
1.548000000000000398e+02,1.779526076775934385e-01,2.302107556610024364e-01,2.905661046881438558e+00,1.000000000000000000e+00,1.000000000000000000e+00,2.302101341117757105e-01
1.549000000000000341e+02,1.780244076563494982e-01,2.320493277677613819e-01,2.902861718828942728e+00,1.000000000000000000e+00,1.000000000000000000e+00,2.320487006538231312e-01
1.550000000000000284e+02,1.780968083306746219e-01,2.338893897423081625e-01,2.900062203482070000e+00,1.000000000000000000e+00,1.000000000000000000e+00,2.338887570447665820e-01
1.551000000000000227e+02,1.781698108751188780e-01,2.357309546204343631e-01,2.897262515663579396e+00,1.000000000000000000e+00,1.000000000000000000e+00,2.357303163202048857e-01
1.552000000000000171e+02,1.782434164751455219e-01,2.375740354774972807e-01,2.894462670364677859e+00,1.000000000000000000e+00,1.000000000000000000e+00,2.375733915553665254e-01
1.553000000000000114e+02,1.783176263271789297e-01,2.394186454289082278e-01,2.891662682744998047e+00,1.000000000000000000e+00,1.000000000000000000e+00,2.394179958655029694e-01
1.554000000000000057e+02,1.783924416386537815e-01,2.412647976307432940e-01,2.888862568132589015e+00,1.000000000000000000e+00,1.000000000000000000e+00,2.412641424062831053e-01
1.555000000000000000e+02,1.784678636280641606e-01,2.431125052793639552e-01,2.886062342023917093e+00,1.000000000000000000e+00,1.000000000000000000e+00,2.431118443741909219e-01
1.555999999999999943e+02,1.785438935250132919e-01,2.449617816128558667e-01,2.883262020083867228e+00,1.000000000000000000e+00,1.000000000000000000e+00,2.449611150069249677e-01
1.557000000000000455e+02,1.786205325702643343e-01,2.468126399108512281e-01,2.880461618145762959e+00,1.000000000000000000e+00,1.000000000000000000e+00,2.468119675838015836e-01
1.558000000000000398e+02,1.786977820157908126e-01,2.486650934946103841e-01,2.877661152211392181e+00,1.000000000000000000e+00,1.000000000000000000e+00,2.486644154261556938e-01
1.559000000000000341e+02,1.787756431248282707e-01,2.505191557281161718e-01,2.874860638451032013e+00,1.000000000000000000e+00,1.000000000000000000e+00,2.505184718977530034e-01
1.560000000000000284e+02,1.788541171719262024e-01,2.523748400183559726e-01,2.872060093203499420e+00,1.000000000000000000e+00,1.000000000000000000e+00,2.523741504051958406e-01
1.561000000000000227e+02,1.789332054430007035e-01,2.542321598153708395e-01,2.869259532976195626e+00,1.000000000000000000e+00,1.000000000000000000e+00,2.542314643983364930e-01
1.562000000000000171e+02,1.790129092353872631e-01,2.560911286126506536e-01,2.866458974445166952e+00,1.000000000000000000e+00,1.000000000000000000e+00,2.560904273706905432e-01
1.563000000000000114e+02,1.790932298578944981e-01,2.579517599481395140e-01,2.863658434455171875e+00,1.000000000000000000e+00,1.000000000000000000e+00,2.579510528598547570e-01
1.563999999999999773e+02,1.791741686308584158e-01,2.598140674043856180e-01,2.860857930019755191e+00,1.000000000000000000e+00,1.000000000000000000e+00,2.598133544479264700e-01
1.565000000000000284e+02,1.792557268861970921e-01,2.616780646082809691e-01,2.858057478321333278e+00,1.000000000000000000e+00,1.000000000000000000e+00,2.616773457619262500e-01
1.566000000000000227e+02,1.793379059674656273e-01,2.635437652323445734e-01,2.855257096711291354e+00,1.000000000000000000e+00,1.000000000000000000e+00,2.635430404742193367e-01
1.567000000000000171e+02,1.794207072299124905e-01,2.654111829951478763e-01,2.852456802710074069e+00,1.000000000000000000e+00,1.000000000000000000e+00,2.654104523029484075e-01
1.568000000000000114e+02,1.795041320405356133e-01,2.672803316611990776e-01,2.849656614007302746e+00,1.000000000000000000e+00,1.000000000000000000e+00,2.672795950124605135e-01
1.569000000000000057e+02,1.795881817781395384e-01,2.691512250416570051e-01,2.846856548461893954e+00,1.000000000000000000e+00,1.000000000000000000e+00,2.691504824137402330e-01
1.570000000000000000e+02,1.796728578333928461e-01,2.710238769948118409e-01,2.844056624102180741e+00,1.000000000000000000e+00,1.000000000000000000e+00,2.710231283648458223e-01
1.570999999999999943e+02,1.797581616088864964e-01,2.728983014265091156e-01,2.841256859126052081e+00,1.000000000000000000e+00,1.000000000000000000e+00,2.728975467713470882e-01
1.571999999999999886e+02,1.798440945191924212e-01,2.747745122903847426e-01,2.838457271901090984e+00,1.000000000000000000e+00,1.000000000000000000e+00,2.747737515867675340e-01
1.573000000000000398e+02,1.799306579909229209e-01,2.766525235884866318e-01,2.835657880964732147e+00,1.000000000000000000e+00,1.000000000000000000e+00,2.766517568130281157e-01
1.574000000000000341e+02,1.800178534627905613e-01,2.785323493719707999e-01,2.832858705024418722e+00,1.000000000000000000e+00,1.000000000000000000e+00,2.785315765008916089e-01
1.575000000000000284e+02,1.801056823856689304e-01,2.804140037411222974e-01,2.830059762957767955e+00,1.000000000000000000e+00,1.000000000000000000e+00,2.804132247504175224e-01
1.576000000000000227e+02,1.801941462226534785e-01,2.822975008458505353e-01,2.827261073812751047e+00,1.000000000000000000e+00,1.000000000000000000e+00,2.822967157114114056e-01
1.577000000000000171e+02,1.802832464491235243e-01,2.841828548864356874e-01,2.824462656807876115e+00,1.000000000000000000e+00,1.000000000000000000e+00,2.841820635838812059e-01
1.578000000000000114e+02,1.803729845528045106e-01,2.860700801138644223e-01,2.821664531332382264e+00,1.000000000000000000e+00,1.000000000000000000e+00,2.860692826184965676e-01
1.579000000000000057e+02,1.804633620338311761e-01,2.879591908300209169e-01,2.818866716946439865e+00,1.000000000000000000e+00,1.000000000000000000e+00,2.879583871170504628e-01
1.580000000000000000e+02,1.805543804048108936e-01,2.898502013885703166e-01,2.816069233381361503e+00,1.000000000000000000e+00,1.000000000000000000e+00,2.898493914329240417e-01
1.581000000000000512e+02,1.806460411908883679e-01,2.917431261951657362e-01,2.813272100539816467e+00,1.000000000000000000e+00,1.000000000000000000e+00,2.917423099715555912e-01
1.582000000000000455e+02,1.807383459298100847e-01,2.936379797079526899e-01,2.810475338496065678e+00,1.000000000000000000e+00,1.000000000000000000e+00,2.936371571909080491e-01
1.583000000000000398e+02,1.808312961719903134e-01,2.955347764382330045e-01,2.807678967496181954e+00,1.000000000000000000e+00,1.000000000000000000e+00,2.955339476019489542e-01
1.584000000000000057e+02,1.809248934805769704e-01,2.974335309505889424e-01,2.804883007958305363e+00,1.000000000000000000e+00,1.000000000000000000e+00,2.974326957691244000e-01
1.585000000000000000e+02,1.810191394315187052e-01,2.935568394991632801e-01,2.802087480472886583e+00,1.000000000000000000e+00,1.000000000000000000e+00,2.993334163108408719e-01
1.585999999999999943e+02,1.811103850016347883e-01,2.896223032528504326e-01,2.799298481019248275e+00,1.000000000000000000e+00,1.000000000000000000e+00,2.895618275608576875e-01
1.586999999999999886e+02,1.812022370603247057e-01,2.914552694680284106e-01,2.796510049055666247e+00,1.000000000000000000e+00,1.000000000000000000e+00,2.914544541988227655e-01
1.587999999999999829e+02,1.812947348692147131e-01,2.933498288752338645e-01,2.793722142706113409e+00,1.000000000000000000e+00,1.000000000000000000e+00,2.933490073164322642e-01
1.589000000000000341e+02,1.813878799816771303e-01,2.952463292906742365e-01,2.790934782945839299e+00,1.000000000000000000e+00,1.000000000000000000e+00,2.952455014165662472e-01
1.590000000000000284e+02,1.814816739638479559e-01,2.971447852708255510e-01,2.788147990923299790e+00,1.000000000000000000e+00,1.000000000000000000e+00,2.971439510555092256e-01
1.591000000000000227e+02,1.815761183946941471e-01,2.990452114261819005e-01,2.785361787960415558e+00,1.000000000000000000e+00,1.000000000000000000e+00,2.990443708434348258e-01
1.592000000000000171e+02,1.816712148660810378e-01,3.009476224214351348e-01,2.782576195552850074e+00,1.000000000000000000e+00,1.000000000000000000e+00,3.009467754448866827e-01
1.593000000000000114e+02,1.817669649828407563e-01,3.028520329763407237e-01,2.779791235370292934e+00,1.000000000000000000e+00,1.000000000000000000e+00,3.028511795792654393e-01
1.594000000000000057e+02,1.818633703628412257e-01,3.047584578657809851e-01,2.777006929256749856e+00,1.000000000000000000e+00,1.000000000000000000e+00,3.047575980213192981e-01
1.595000000000000000e+02,1.819604326370556635e-01,3.066669119206887895e-01,2.774223299230841100e+00,1.000000000000000000e+00,1.000000000000000000e+00,3.066660456016379599e-01
1.595999999999999943e+02,1.820581534496332199e-01,3.085774100282561716e-01,2.771440367486107004e+00,1.000000000000000000e+00,1.000000000000000000e+00,3.085765372071496704e-01
1.597000000000000455e+02,1.821565344579696710e-01,3.104899671322161603e-01,2.768658156391323732e+00,1.000000000000000000e+00,1.000000000000000000e+00,3.104890877816218753e-01
1.598000000000000398e+02,1.822555773327793061e-01,3.124045982341136507e-01,2.765876688490829682e+00,1.000000000000000000e+00,1.000000000000000000e+00,3.124037123261625415e-01
1.599000000000000341e+02,1.823552837581675079e-01,3.143213183932928589e-01,2.763095986504847890e+00,1.000000000000000000e+00,1.000000000000000000e+00,3.143204258997323031e-01
1.600000000000000284e+02,1.824556554317037227e-01,3.162401427270902232e-01,2.760316073329832420e+00,1.000000000000000000e+00,1.000000000000000000e+00,3.162392436196531653e-01
1.601000000000000227e+02,1.825566940644952618e-01,3.181610864121004467e-01,2.757536972038813872e+00,1.000000000000000000e+00,1.000000000000000000e+00,3.181601806621227602e-01
1.602000000000000171e+02,1.826584013812621865e-01,3.200841646841613986e-01,2.754758705881750647e+00,1.000000000000000000e+00,1.000000000000000000e+00,3.200832522627337084e-01
1.603000000000000114e+02,1.827607791204122201e-01,3.220093928388916282e-01,2.751981298285897548e+00,1.000000000000000000e+00,1.000000000000000000e+00,3.220084737169949252e-01
1.604000000000000057e+02,1.828638290341171035e-01,3.239367862327313663e-01,2.749204772856174817e+00,1.000000000000000000e+00,1.000000000000000000e+00,3.239358603808583092e-01
1.605000000000000000e+02,1.829675528883893121e-01,3.258663602827934769e-01,2.746429153375546495e+00,1.000000000000000000e+00,1.000000000000000000e+00,3.258654276712475983e-01
1.606000000000000227e+02,1.830719524631594652e-01,3.277981304676111929e-01,2.743654463805408117e+00,1.000000000000000000e+00,1.000000000000000000e+00,3.277971910665927746e-01
1.607000000000000171e+02,1.831770295523546810e-01,3.297321123279552957e-01,2.740880728285987278e+00,1.000000000000000000e+00,1.000000000000000000e+00,3.297311661073639710e-01
1.608000000000000114e+02,1.832827859639776791e-01,3.316683214672426216e-01,2.738107971136740204e+00,1.000000000000000000e+00,1.000000000000000000e+00,3.316673683966178676e-01
1.609000000000000057e+02,1.833892235201865784e-01,3.336067735520143462e-01,2.735336216856767422e+00,1.000000000000000000e+00,1.000000000000000000e+00,3.336058136005389807e-01
1.610000000000000000e+02,1.834963440573754989e-01,3.355474843122241979e-01,2.732565490125233865e+00,1.000000000000000000e+00,1.000000000000000000e+00,3.355465174489899449e-01
1.610999999999999943e+02,1.836041494262557472e-01,3.374904695422886736e-01,2.729795815801796088e+00,1.000000000000000000e+00,1.000000000000000000e+00,3.374894957360637937e-01
1.611999999999999886e+02,1.837126414919383055e-01,3.394357451013823024e-01,2.727027218927041474e+00,1.000000000000000000e+00,1.000000000000000000e+00,3.394347643206424570e-01
1.612999999999999829e+02,1.838218221340164327e-01,3.413833269140180704e-01,2.724259724722928322e+00,1.000000000000000000e+00,1.000000000000000000e+00,3.413823391269564245e-01
1.614000000000000341e+02,1.839316932466497634e-01,3.433332309706098595e-01,2.721493358593241929e+00,1.000000000000000000e+00,1.000000000000000000e+00,3.433322361451525140e-01
1.615000000000000284e+02,1.840422567386485186e-01,3.452854733279299149e-01,2.718728146124057332e+00,1.000000000000000000e+00,1.000000000000000000e+00,3.452844714318583641e-01
1.616000000000000227e+02,1.841535145335591594e-01,3.472400701101519549e-01,2.715964113084203824e+00,1.000000000000000000e+00,1.000000000000000000e+00,3.472390611107624703e-01
1.617000000000000171e+02,1.842654685697505401e-01,3.491970375087519174e-01,2.713201285425745013e+00,1.000000000000000000e+00,1.000000000000000000e+00,3.491960213731893914e-01
1.618000000000000114e+02,1.843781208005007832e-01,3.511563917837296489e-01,2.710439689284465548e+00,1.000000000000000000e+00,1.000000000000000000e+00,3.511553684786814511e-01
1.619000000000000057e+02,1.844914731940855146e-01,3.531181492635570018e-01,2.707679350980364053e+00,1.000000000000000000e+00,1.000000000000000000e+00,3.531171187555867674e-01
1.620000000000000000e+02,1.846055277338660150e-01,3.550823263461882484e-01,2.704920297018155839e+00,1.000000000000000000e+00,1.000000000000000000e+00,3.550812886016500580e-01
1.620999999999999943e+02,1.847202864183794258e-01,3.570489394999601940e-01,2.702162554087784052e+00,1.000000000000000000e+00,1.000000000000000000e+00,3.570478944846085523e-01
1.622000000000000455e+02,1.848357512614288156e-01,3.590180052633112906e-01,2.699406149064937033e+00,1.000000000000000000e+00,1.000000000000000000e+00,3.590169529427929551e-01
1.623000000000000398e+02,1.849519242921745521e-01,3.609895402458590530e-01,2.696651109011581227e+00,1.000000000000000000e+00,1.000000000000000000e+00,3.609884805857284662e-01
1.624000000000000341e+02,1.850688075552264222e-01,3.629635611294982356e-01,2.693897461176489649e+00,1.000000000000000000e+00,1.000000000000000000e+00,3.629624940947501766e-01
1.625000000000000284e+02,1.851864031107370856e-01,3.649400846683589217e-01,2.691145232995789893e+00,1.000000000000000000e+00,1.000000000000000000e+00,3.649390102236132472e-01
1.626000000000000227e+02,1.853047130344955551e-01,3.669191276893059572e-01,2.688394452093517906e+00,1.000000000000000000e+00,1.000000000000000000e+00,3.669180457991124689e-01
1.627000000000000171e+02,1.854237394180223708e-01,3.662141834056956147e-01,2.685645146282178874e+00,1.000000000000000000e+00,1.000000000000000000e+00,3.688996177217062633e-01
1.628000000000000114e+02,1.855417455136487426e-01,3.625311882670046448e-01,2.682900354484499594e+00,1.000000000000000000e+00,1.000000000000000000e+00,3.595570869634237554e-01
1.629000000000000057e+02,1.856585374085404638e-01,3.615303559783870080e-01,2.680160447995982409e+00,1.000000000000000000e+00,1.000000000000000000e+00,3.615292943003296511e-01
1.630000000000000284e+02,1.857760426911726492e-01,3.635050611505631357e-01,2.677422122099406554e+00,1.000000000000000000e+00,1.000000000000000000e+00,3.635039920881658615e-01
1.631000000000000227e+02,1.858942634335030708e-01,3.654822735825146718e-01,2.674685405043731645e+00,1.000000000000000000e+00,1.000000000000000000e+00,3.654811971006431959e-01
1.632000000000000171e+02,1.860132017232095925e-01,3.674620101218799562e-01,2.671950325267614001e+00,1.000000000000000000e+00,1.000000000000000000e+00,3.674609261846859543e-01
1.633000000000000114e+02,1.861328596637849553e-01,3.694442876894607486e-01,2.669216911399984404e+00,1.000000000000000000e+00,1.000000000000000000e+00,3.694431962610527087e-01
1.634000000000000057e+02,1.862532393746334225e-01,3.714291232808585863e-01,2.666485192260624526e+00,1.000000000000000000e+00,1.000000000000000000e+00,3.714280243249664659e-01
1.635000000000000000e+02,1.863743429911680627e-01,3.734165339666359884e-01,2.663755196860760677e+00,1.000000000000000000e+00,1.000000000000000000e+00,3.734154274467504364e-01
1.635999999999999943e+02,1.864961726649089491e-01,3.754065368932667512e-01,2.661026954403653555e+00,1.000000000000000000e+00,1.000000000000000000e+00,3.754054227724665793e-01
1.636999999999999886e+02,1.866187305635825244e-01,3.773991492835515049e-01,2.658300494285208426e+00,1.000000000000000000e+00,1.000000000000000000e+00,3.773980275245605864e-01
1.638000000000000398e+02,1.867420188712215490e-01,3.793943884371395736e-01,2.655575846094585746e+00,1.000000000000000000e+00,1.000000000000000000e+00,3.793932590025126395e-01
1.639000000000000341e+02,1.868660397882662971e-01,3.813922717314968125e-01,2.652853039614826880e+00,1.000000000000000000e+00,1.000000000000000000e+00,3.813911345834880562e-01
1.640000000000000284e+02,1.869907955316666426e-01,3.833928166225505363e-01,2.650132104823479828e+00,1.000000000000000000e+00,1.000000000000000000e+00,3.833916717230028692e-01
1.641000000000000227e+02,1.871162883349851980e-01,3.853960406452268117e-01,2.647413071893240044e+00,1.000000000000000000e+00,1.000000000000000000e+00,3.853948879555857965e-01
1.642000000000000171e+02,1.872425204485012873e-01,3.874019614139644352e-01,2.644695971192598360e+00,1.000000000000000000e+00,1.000000000000000000e+00,3.874008008954481497e-01
1.643000000000000114e+02,1.873694941393159730e-01,3.894105966237150773e-01,2.641980833286498243e+00,1.000000000000000000e+00,1.000000000000000000e+00,3.894094282371615146e-01
1.644000000000000057e+02,1.874972116914582487e-01,3.914219640504083553e-01,2.639267688936998368e+00,1.000000000000000000e+00,1.000000000000000000e+00,3.914207877563367632e-01
1.645000000000000000e+02,1.876256754059919540e-01,3.934360815517333188e-01,2.636556569103946313e+00,1.000000000000000000e+00,1.000000000000000000e+00,3.934348973103121150e-01
1.645999999999999943e+02,1.877548876011240764e-01,3.954529670678090802e-01,2.633847504945663331e+00,1.000000000000000000e+00,1.000000000000000000e+00,3.954517748388444720e-01
1.647000000000000455e+02,1.878848506123137196e-01,3.974726386216618224e-01,2.631140527819629593e+00,1.000000000000000000e+00,1.000000000000000000e+00,3.974714383648084715e-01
1.648000000000000398e+02,1.880155667923823493e-01,3.994951143205235922e-01,2.628435669283192944e+00,1.000000000000000000e+00,1.000000000000000000e+00,3.994939059948951487e-01
1.649000000000000341e+02,1.881470385116252586e-01,4.015204123559599769e-01,2.625732961094266571e+00,1.000000000000000000e+00,1.000000000000000000e+00,4.015191959203271987e-01
1.650000000000000284e+02,1.882792681579235627e-01,4.035485510046952218e-01,2.623032435212055535e+00,1.000000000000000000e+00,1.000000000000000000e+00,4.035473264175696850e-01
1.651000000000000227e+02,1.884122581368578853e-01,4.055795486296610575e-01,2.620334123797776193e+00,1.000000000000000000e+00,1.000000000000000000e+00,4.055783158490513518e-01
1.652000000000000171e+02,1.885460108718227390e-01,4.076134236802180788e-01,2.617638059215396051e+00,1.000000000000000000e+00,1.000000000000000000e+00,4.076121826638911538e-01
1.653000000000000114e+02,1.886805288041420725e-01,4.096501946931948579e-01,2.614944274032375393e+00,1.000000000000000000e+00,1.000000000000000000e+00,4.096489453986298934e-01
1.653999999999999773e+02,1.888158143931860655e-01,4.116898802938979141e-01,2.612252801020423121e+00,1.000000000000000000e+00,1.000000000000000000e+00,4.116886226779696845e-01
1.655000000000000284e+02,1.889518701164890901e-01,4.137324991959996923e-01,2.609563673156253039e+00,1.000000000000000000e+00,1.000000000000000000e+00,4.137312332155182459e-01
1.656000000000000227e+02,1.890886984698681994e-01,4.157780702032110032e-01,2.606876923622366782e+00,1.000000000000000000e+00,1.000000000000000000e+00,4.157767958145353049e-01
1.657000000000000171e+02,1.892263019675439750e-01,4.178266122098270308e-01,2.604192585807822091e+00,1.000000000000000000e+00,1.000000000000000000e+00,4.178253293686965963e-01
1.658000000000000114e+02,1.893646831422611809e-01,4.198781442007862852e-01,2.601510693309029953e+00,1.000000000000000000e+00,1.000000000000000000e+00,4.198768528628512575e-01
1.659000000000000057e+02,1.895038445454114706e-01,4.219326852534222572e-01,2.598831279930550409e+00,1.000000000000000000e+00,1.000000000000000000e+00,4.219313853737924891e-01
1.660000000000000000e+02,1.896437887471570383e-01,4.239902545375894283e-01,2.596154379685904789e+00,1.000000000000000000e+00,1.000000000000000000e+00,4.239889460710341562e-01
1.660999999999999943e+02,1.897845183365552690e-01,4.260508713166425987e-01,2.593480026798391513e+00,1.000000000000000000e+00,1.000000000000000000e+00,4.260495542175914974e-01
1.661999999999999886e+02,1.899260359216849159e-01,4.281145549483425516e-01,2.590808255701912532e+00,1.000000000000000000e+00,1.000000000000000000e+00,4.281132291707710480e-01
1.663000000000000398e+02,1.900683441297732479e-01,4.301813248853561533e-01,2.588139101041811774e+00,1.000000000000000000e+00,1.000000000000000000e+00,4.301799903829661709e-01
1.664000000000000341e+02,1.902114456073244753e-01,4.322512006764367420e-01,2.585472597675725126e+00,1.000000000000000000e+00,1.000000000000000000e+00,4.322498574024550844e-01
1.665000000000000284e+02,1.903553430202496177e-01,4.343242019669874554e-01,2.582808780674428206e+00,1.000000000000000000e+00,1.000000000000000000e+00,4.343228498742162658e-01
1.666000000000000227e+02,1.905000390539972610e-01,4.364003484998869586e-01,2.580147685322711215e+00,1.000000000000000000e+00,1.000000000000000000e+00,4.363989875407392471e-01
1.667000000000000171e+02,1.906455364136859509e-01,4.384796601162834206e-01,2.577489347120249352e+00,1.000000000000000000e+00,1.000000000000000000e+00,4.384782902428484563e-01
1.668000000000000114e+02,1.907918378242374757e-01,4.405621567566480046e-01,2.574833801782490994e+00,1.000000000000000000e+00,1.000000000000000000e+00,4.405607779205325536e-01
1.669000000000000057e+02,1.909389460305119801e-01,4.376147520658048573e-01,2.572181085241550758e+00,1.000000000000000000e+00,1.000000000000000000e+00,4.426464706137814287e-01
1.670000000000000000e+02,1.910835092186645989e-01,4.342581255896608150e-01,2.569537011674827731e+00,1.000000000000000000e+00,1.000000000000000000e+00,4.338456253607687607e-01
1.671000000000000512e+02,1.912285993601274547e-01,4.359223965534843037e-01,2.566896322836716315e+00,1.000000000000000000e+00,1.000000000000000000e+00,4.359210376384520247e-01
1.672000000000000455e+02,1.913744934064391945e-01,4.380009781962644899e-01,2.564258582276234044e+00,1.000000000000000000e+00,1.000000000000000000e+00,4.379996103780621208e-01
1.673000000000000398e+02,1.915211940888358610e-01,4.400827402664850285e-01,2.561623826426479678e+00,1.000000000000000000e+00,1.000000000000000000e+00,4.400813634966995180e-01
1.674000000000000057e+02,1.916687041585399820e-01,4.421677027812553895e-01,2.558992091938690372e+00,1.000000000000000000e+00,1.000000000000000000e+00,4.421663170112718477e-01
1.675000000000000000e+02,1.918170263868971548e-01,4.442558858587173920e-01,2.556363415683142737e+00,1.000000000000000000e+00,1.000000000000000000e+00,4.442544910393361191e-01
1.675999999999999943e+02,1.919661635655137144e-01,4.463473097182026339e-01,2.553737834750066771e+00,1.000000000000000000e+00,1.000000000000000000e+00,4.463459057999486501e-01
1.676999999999999886e+02,1.921161185063955112e-01,4.484419946816031177e-01,2.551115386450563349e+00,1.000000000000000000e+00,1.000000000000000000e+00,4.484405816145210499e-01
1.677999999999999829e+02,1.922668940420886041e-01,4.505399611741240928e-01,2.548496108317537701e+00,1.000000000000000000e+00,1.000000000000000000e+00,4.505385389076850267e-01
1.679000000000000341e+02,1.924184930258206749e-01,4.526412297246755201e-01,2.545880038106639542e+00,1.000000000000000000e+00,1.000000000000000000e+00,4.526397982081630800e-01
1.680000000000000284e+02,1.925709183316441364e-01,4.547458209673029272e-01,2.543267213797218762e+00,1.000000000000000000e+00,1.000000000000000000e+00,4.547443801496449112e-01
1.681000000000000227e+02,1.927241728545806831e-01,4.568537556422920809e-01,2.540657673593280208e+00,1.000000000000000000e+00,1.000000000000000000e+00,4.568523054716789877e-01
1.682000000000000171e+02,1.928782595107673414e-01,4.589650545962893902e-01,2.538051455924459354e+00,1.000000000000000000e+00,1.000000000000000000e+00,4.589635950205630532e-01
1.683000000000000114e+02,1.930331812376033240e-01,4.610797387835852135e-01,2.535448599447005513e+00,1.000000000000000000e+00,1.000000000000000000e+00,4.610782697502469052e-01
1.684000000000000057e+02,1.931889409938991886e-01,4.631978292672753184e-01,2.532849143044771267e+00,1.000000000000000000e+00,1.000000000000000000e+00,4.631963507232418897e-01
1.685000000000000000e+02,1.933455417600267456e-01,4.653193472196462399e-01,2.530253125830219219e+00,1.000000000000000000e+00,1.000000000000000000e+00,4.653178591115395557e-01
1.685999999999999943e+02,1.935029865380707703e-01,4.674443139237980382e-01,2.527660587145432736e+00,1.000000000000000000e+00,1.000000000000000000e+00,4.674428161975360263e-01
1.687000000000000455e+02,1.936612783519823244e-01,4.695727507736667250e-01,2.525071566563140468e+00,1.000000000000000000e+00,1.000000000000000000e+00,4.695712433749683057e-01
1.688000000000000398e+02,1.938204202477328275e-01,4.717046792756142137e-01,2.522486103887758624e+00,1.000000000000000000e+00,1.000000000000000000e+00,4.717031621498511407e-01
1.689000000000000341e+02,1.939804152934708203e-01,4.738401210497693583e-01,2.519904239156425696e+00,1.000000000000000000e+00,1.000000000000000000e+00,4.738385941414342550e-01
1.690000000000000284e+02,1.941412665796793391e-01,4.759790978298961139e-01,2.517326012640067390e+00,1.000000000000000000e+00,1.000000000000000000e+00,4.759775610831570303e-01
1.691000000000000227e+02,1.943029772193350102e-01,4.781216314649062715e-01,2.514751464844464213e+00,1.000000000000000000e+00,1.000000000000000000e+00,4.781200848236167866e-01
1.692000000000000171e+02,1.944655503480688941e-01,4.802677439202054366e-01,2.512180636511328835e+00,1.000000000000000000e+00,1.000000000000000000e+00,4.802661873275440585e-01
1.693000000000000114e+02,1.946289891243289660e-01,4.824174572780984827e-01,2.509613568619398105e+00,1.000000000000000000e+00,1.000000000000000000e+00,4.824158906767885280e-01
1.694000000000000057e+02,1.947932967295437356e-01,4.845707937388520348e-01,2.507050302385535723e+00,1.000000000000000000e+00,1.000000000000000000e+00,4.845692170713111202e-01
1.695000000000000000e+02,1.949584763682879751e-01,4.867277756223671314e-01,2.504490879265845127e+00,1.000000000000000000e+00,1.000000000000000000e+00,4.867261888301871453e-01
1.696000000000000227e+02,1.951245312684500299e-01,4.888884253680124692e-01,2.501935340956794818e+00,1.000000000000000000e+00,1.000000000000000000e+00,4.888868283926179337e-01
1.697000000000000171e+02,1.952914646814000177e-01,4.910527655366646593e-01,2.499383729396359222e+00,1.000000000000000000e+00,1.000000000000000000e+00,4.910511583189472451e-01
1.698000000000000114e+02,1.954592798821611355e-01,4.932208188115962400e-01,2.496836086765160889e+00,1.000000000000000000e+00,1.000000000000000000e+00,4.932192012916976620e-01
1.699000000000000057e+02,1.956279801695811060e-01,4.953926079988395514e-01,2.494292455487638005e+00,1.000000000000000000e+00,1.000000000000000000e+00,4.953909801166038740e-01
1.700000000000000000e+02,1.957975688665063996e-01,4.975681560290484140e-01,2.491752878233211899e+00,1.000000000000000000e+00,1.000000000000000000e+00,4.975665177236633374e-01
1.700999999999999943e+02,1.959680493199576490e-01,4.997474859580162132e-01,2.489217397917481200e+00,1.000000000000000000e+00,1.000000000000000000e+00,4.997458371681930966e-01
1.701999999999999886e+02,1.961394249013069524e-01,5.019306209679205155e-01,2.486686057703408004e+00,1.000000000000000000e+00,1.000000000000000000e+00,5.019289616318973746e-01
1.702999999999999829e+02,1.963116990064568967e-01,5.041175843686436231e-01,2.484158901002539555e+00,1.000000000000000000e+00,1.000000000000000000e+00,5.041159144239448775e-01
1.704000000000000341e+02,1.964848750560215518e-01,5.063083995981949581e-01,2.481635971476221059e+00,1.000000000000000000e+00,1.000000000000000000e+00,5.063067189820559255e-01
1.705000000000000284e+02,1.966589564955086022e-01,5.085030902244270790e-01,2.479117313036843573e+00,1.000000000000000000e+00,1.000000000000000000e+00,5.085013988735958002e-01
1.706000000000000227e+02,1.968339467955043665e-01,5.107016799462940071e-01,2.476602969849080349e+00,1.000000000000000000e+00,1.000000000000000000e+00,5.106999777966878540e-01
1.707000000000000171e+02,1.970098494518596755e-01,5.129041925942162683e-01,2.474092986331157817e+00,1.000000000000000000e+00,1.000000000000000000e+00,5.129024795813257320e-01
1.708000000000000114e+02,1.971866679858780558e-01,5.151106521317312392e-01,2.471587407156125238e+00,1.000000000000000000e+00,1.000000000000000000e+00,5.151089281905023576e-01
1.709000000000000057e+02,1.973644059445056886e-01,5.123918598141379288e-01,2.469086277253146999e+00,1.000000000000000000e+00,1.000000000000000000e+00,5.173193477213474667e-01
1.710000000000000000e+02,1.975396710024437952e-01,5.093080267715447418e-01,2.466595212593770459e+00,1.000000000000000000e+00,1.000000000000000000e+00,5.089386608576517146e-01
1.710999999999999943e+02,1.977155960003958712e-01,5.111397229336729353e-01,2.464109104105233872e+00,1.000000000000000000e+00,1.000000000000000000e+00,5.111380186270323422e-01
1.712000000000000455e+02,1.978924379804591072e-01,5.133430191994324820e-01,2.461627580383081160e+00,1.000000000000000000e+00,1.000000000000000000e+00,5.133413040165722974e-01
1.713000000000000398e+02,1.980702004841918551e-01,5.155502671399171399e-01,2.459150686923264217e+00,1.000000000000000000e+00,1.000000000000000000e+00,5.155485410158676673e-01
1.714000000000000341e+02,1.982488870789438085e-01,5.177614908800602933e-01,2.456678469479462557e+00,1.000000000000000000e+00,1.000000000000000000e+00,5.177597537488830559e-01
1.715000000000000284e+02,1.984285013580489587e-01,5.199767146797479311e-01,2.454210974064381823e+00,1.000000000000000000e+00,1.000000000000000000e+00,5.199749664750953349e-01
1.716000000000000227e+02,1.986090469410203008e-01,5.221959629355270582e-01,2.451748246951061638e+00,1.000000000000000000e+00,1.000000000000000000e+00,5.221942035906584900e-01
1.717000000000000171e+02,1.987905274737470362e-01,5.244192601822168509e-01,2.449290334674195435e+00,1.000000000000000000e+00,1.000000000000000000e+00,5.244174896295732413e-01
1.718000000000000114e+02,1.989729466286934978e-01,5.266466310933496375e-01,2.446837284031467163e+00,1.000000000000000000e+00,1.000000000000000000e+00,5.266448492648705404e-01
1.719000000000000057e+02,1.991563081050997941e-01,5.288781004828412291e-01,2.444389142084899103e+00,1.000000000000000000e+00,1.000000000000000000e+00,5.288763073098053935e-01
1.720000000000000284e+02,1.993406156291850639e-01,5.311136933057668541e-01,2.441945956162215214e+00,1.000000000000000000e+00,1.000000000000000000e+00,5.311118887190624527e-01
1.721000000000000227e+02,1.995258729543518683e-01,5.333534346600060649e-01,2.439507773858224482e+00,1.000000000000000000e+00,1.000000000000000000e+00,5.333516185899683792e-01
1.722000000000000171e+02,1.997120838613938298e-01,5.355973497877073441e-01,2.437074643036205135e+00,1.000000000000000000e+00,1.000000000000000000e+00,5.355955221637253016e-01
1.723000000000000114e+02,1.998992521587043270e-01,5.378454640755866434e-01,2.434646611829316853e+00,1.000000000000000000e+00,1.000000000000000000e+00,5.378436248266459385e-01
1.724000000000000057e+02,2.000873816824876583e-01,5.400978030570035004e-01,2.432223728642022742e+00,1.000000000000000000e+00,1.000000000000000000e+00,5.400959521114055972e-01
1.725000000000000000e+02,2.002764762969725387e-01,5.423543924128625404e-01,2.429806042151528178e+00,1.000000000000000000e+00,1.000000000000000000e+00,5.423525296983044974e-01
1.725999999999999943e+02,2.004665398946272881e-01,5.446152579729792720e-01,2.427393601309230764e+00,1.000000000000000000e+00,1.000000000000000000e+00,5.446133834165426402e-01
1.726999999999999886e+02,2.006575763963777126e-01,5.468804257174652017e-01,2.424986455342191594e+00,1.000000000000000000e+00,1.000000000000000000e+00,5.468785392455065564e-01
1.728000000000000398e+02,2.008495897518267348e-01,5.491499217776194541e-01,2.422584653754618511e+00,1.000000000000000000e+00,1.000000000000000000e+00,5.491480233160687119e-01
1.729000000000000341e+02,2.010425839394764103e-01,5.514237724378716621e-01,2.420188246329370685e+00,1.000000000000000000e+00,1.000000000000000000e+00,5.514218619118949061e-01
1.730000000000000284e+02,2.012365629669524703e-01,5.537020041366734757e-01,2.417797283129470287e+00,1.000000000000000000e+00,1.000000000000000000e+00,5.537000814707754293e-01
1.731000000000000227e+02,2.014315308712305574e-01,5.559846434679645011e-01,2.415411814499637710e+00,1.000000000000000000e+00,1.000000000000000000e+00,5.559827085859549989e-01
1.732000000000000171e+02,2.016274917188654314e-01,5.582717171824574942e-01,2.413031891067844992e+00,1.000000000000000000e+00,1.000000000000000000e+00,5.582697700074856773e-01
1.733000000000000114e+02,2.018244496062217841e-01,5.605632521890209219e-01,2.410657563746879894e+00,1.000000000000000000e+00,1.000000000000000000e+00,5.605612926435875609e-01
1.734000000000000057e+02,2.020224086597081359e-01,5.628592755561551142e-01,2.408288883735933528e+00,1.000000000000000000e+00,1.000000000000000000e+00,5.628573035620242360e-01
1.735000000000000000e+02,2.022213730360124528e-01,5.651598145133271967e-01,2.405925902522201287e+00,1.000000000000000000e+00,1.000000000000000000e+00,5.651578299914922221e-01
1.736000000000000512e+02,2.024213469223407891e-01,5.674648964520048189e-01,2.403568671882501118e+00,1.000000000000000000e+00,1.000000000000000000e+00,5.674628993230238505e-01
1.737000000000000455e+02,2.026223345366574835e-01,5.697745489276118125e-01,2.401217243884920194e+00,1.000000000000000000e+00,1.000000000000000000e+00,5.697725391113973581e-01
1.738000000000000398e+02,2.028243401279290758e-01,5.720887996610960480e-01,2.398871670890461605e+00,1.000000000000000000e+00,1.000000000000000000e+00,5.720867770765749594e-01
1.739000000000000341e+02,2.030273679763695549e-01,5.744076765396909368e-01,2.396532005554725231e+00,1.000000000000000000e+00,1.000000000000000000e+00,5.744056411051404742e-01
1.740000000000000284e+02,2.032314223936887987e-01,5.767312076187846026e-01,2.394198300829602388e+00,1.000000000000000000e+00,1.000000000000000000e+00,5.767291592517577170e-01
1.741000000000000227e+02,2.034365077233431796e-01,5.790594211232890087e-01,2.391870609964988681e+00,1.000000000000000000e+00,1.000000000000000000e+00,5.790573597406427631e-01
1.742000000000000171e+02,2.036426283407890558e-01,5.813923454492152532e-01,2.389548986510519057e+00,1.000000000000000000e+00,1.000000000000000000e+00,5.813902709670497604e-01
1.743000000000000114e+02,2.038497886537386228e-01,5.837300091650203804e-01,2.387233484317319299e+00,1.000000000000000000e+00,1.000000000000000000e+00,5.837279214987708409e-01
1.743999999999999773e+02,2.040579931024185389e-01,5.860724410134704465e-01,2.384924157539781486e+00,1.000000000000000000e+00,1.000000000000000000e+00,5.860703400776527960e-01
1.745000000000000284e+02,2.042672461598313283e-01,5.884196699125343599e-01,2.382621060637355903e+00,1.000000000000000000e+00,1.000000000000000000e+00,5.884175556211274083e-01
1.746000000000000227e+02,2.044775523320189192e-01,5.907717249575693552e-01,2.380324248376373575e+00,1.000000000000000000e+00,1.000000000000000000e+00,5.907695972237527737e-01
1.747000000000000171e+02,2.046889161583299310e-01,5.881902012421847958e-01,2.378033775831872365e+00,1.000000000000000000e+00,1.000000000000000000e+00,5.931264941587806039e-01
1.748000000000000114e+02,2.048978137048822479e-01,5.854563639165363265e-01,2.375754964802240021e+00,1.000000000000000000e+00,1.000000000000000000e+00,5.852977713919923497e-01
1.749000000000000057e+02,2.051076511157929605e-01,5.876455125731552265e-01,2.373482759156575028e+00,1.000000000000000000e+00,1.000000000000000000e+00,5.876434026933274879e-01
1.750000000000000000e+02,2.053185448365534571e-01,5.899959737383944081e-01,2.371217046710374809e+00,1.000000000000000000e+00,1.000000000000000000e+00,5.899938504448434262e-01
1.750999999999999943e+02,2.055304994156742227e-01,5.923512806555589760e-01,2.368957883186181057e+00,1.000000000000000000e+00,1.000000000000000000e+00,5.923491438607229043e-01
1.751999999999999886e+02,2.057435194353015306e-01,5.947114627193048619e-01,2.366705324617336625e+00,1.000000000000000000e+00,1.000000000000000000e+00,5.947093123348936583e-01
1.753000000000000398e+02,2.059576095114900862e-01,5.970765495052546834e-01,2.364459427349844933e+00,1.000000000000000000e+00,1.000000000000000000e+00,5.970743854426164843e-01
1.754000000000000341e+02,2.061727742944780006e-01,5.994465707727207882e-01,2.362220248044256010e+00,1.000000000000000000e+00,1.000000000000000000e+00,5.994443929420824047e-01
1.755000000000000284e+02,2.063890184689659291e-01,6.018215564654139094e-01,2.359987843677562314e+00,1.000000000000000000e+00,1.000000000000000000e+00,6.018193647760393672e-01
1.756000000000000227e+02,2.066063467543971521e-01,6.042015367128167336e-01,2.357762271545133181e+00,1.000000000000000000e+00,1.000000000000000000e+00,6.041993310734203870e-01
1.757000000000000171e+02,2.068247639052423481e-01,6.065865418327052172e-01,2.355543589262663939e+00,1.000000000000000000e+00,1.000000000000000000e+00,6.065843221509971128e-01
1.758000000000000114e+02,2.070442747112861970e-01,6.089766023320513089e-01,2.353331854768149878e+00,1.000000000000000000e+00,1.000000000000000000e+00,6.089743685150459385e-01
1.759000000000000057e+02,2.072648839979175650e-01,6.113717489092296287e-01,2.351127126323888206e+00,1.000000000000000000e+00,1.000000000000000000e+00,6.113695008630329886e-01
1.760000000000000000e+02,2.074865966264225203e-01,6.137720124555638979e-01,2.348929462518498212e+00,1.000000000000000000e+00,1.000000000000000000e+00,6.137697500853148691e-01
1.761000000000000512e+02,2.077094174942805127e-01,6.161774240565237593e-01,2.346738922268974292e+00,1.000000000000000000e+00,1.000000000000000000e+00,6.161751472668581808e-01
1.762000000000000455e+02,2.079333515354631901e-01,6.185880149942943884e-01,2.344555564822762950e+00,1.000000000000000000e+00,1.000000000000000000e+00,6.185857236889708011e-01
1.763000000000000398e+02,2.081584037207374338e-01,6.210038167496048089e-01,2.342379449759858012e+00,1.000000000000000000e+00,1.000000000000000000e+00,6.210015108310611431e-01
1.764000000000000057e+02,2.083845790579705592e-01,6.234248610022488091e-01,2.340210636994934923e+00,1.000000000000000000e+00,1.000000000000000000e+00,6.234225403724060754e-01
1.765000000000000000e+02,2.086118825924388465e-01,6.258511796340826550e-01,2.338049186779504574e+00,1.000000000000000000e+00,1.000000000000000000e+00,6.258488441939389357e-01
1.765999999999999943e+02,2.088403194071400959e-01,6.282828047305897279e-01,2.335895159704095558e+00,1.000000000000000000e+00,1.000000000000000000e+00,6.282804543800591945e-01
1.766999999999999886e+02,2.090698946231085431e-01,6.307197685821324118e-01,2.333748616700467959e+00,1.000000000000000000e+00,1.000000000000000000e+00,6.307174032204561076e-01
1.767999999999999829e+02,2.093006133997336315e-01,6.331621036867491892e-01,2.331609619043853332e+00,1.000000000000000000e+00,1.000000000000000000e+00,6.331597232119535734e-01
1.769000000000000341e+02,2.095324809350823381e-01,6.356098427508409809e-01,2.329478228355222669e+00,1.000000000000000000e+00,1.000000000000000000e+00,6.356074470603759741e-01
1.770000000000000284e+02,2.097655024662238854e-01,6.380630186919744595e-01,2.327354506603594331e+00,1.000000000000000000e+00,1.000000000000000000e+00,6.380606076824231199e-01
1.771000000000000227e+02,2.099996832695596172e-01,6.405216646409354064e-01,2.325238516108353082e+00,1.000000000000000000e+00,1.000000000000000000e+00,6.405192382075822755e-01
1.772000000000000171e+02,2.102350286611547880e-01,6.429858139427836461e-01,2.323130319541620636e+00,1.000000000000000000e+00,1.000000000000000000e+00,6.429833719800419622e-01
1.773000000000000114e+02,2.104715439970748503e-01,6.454555001593229591e-01,2.321029979930647524e+00,1.000000000000000000e+00,1.000000000000000000e+00,6.454530425606360700e-01
1.774000000000000057e+02,2.107092346737247657e-01,6.479307570708322528e-01,2.318937560660237374e+00,1.000000000000000000e+00,1.000000000000000000e+00,6.479282837288048436e-01
1.775000000000000000e+02,2.109481061281923420e-01,6.504116186783363007e-01,2.316853125475209385e+00,1.000000000000000000e+00,1.000000000000000000e+00,6.504091294845758542e-01
1.775999999999999943e+02,2.111881638385950666e-01,6.528981192057378147e-01,2.314776738482890117e+00,1.000000000000000000e+00,1.000000000000000000e+00,6.528956140505672856e-01
1.777000000000000455e+02,2.114294133244309370e-01,6.553902931008678268e-01,2.312708464155638133e+00,1.000000000000000000e+00,1.000000000000000000e+00,6.553877718740113156e-01
1.778000000000000398e+02,2.116718601469320671e-01,6.578881750386202931e-01,2.310648367333415276e+00,1.000000000000000000e+00,1.000000000000000000e+00,6.578856376287938179e-01
1.779000000000000341e+02,2.119155099094238992e-01,6.603917999229573788e-01,2.308596513226375713e+00,1.000000000000000000e+00,1.000000000000000000e+00,6.603892462175279254e-01
1.780000000000000284e+02,2.121603682576864436e-01,6.629012028881763330e-01,2.306552967417506039e+00,1.000000000000000000e+00,1.000000000000000000e+00,6.628986327736352546e-01
1.781000000000000227e+02,2.124064408803206516e-01,6.654164193017926276e-01,2.304517795865299146e+00,1.000000000000000000e+00,1.000000000000000000e+00,6.654138326634567724e-01
1.782000000000000171e+02,2.126537335091180925e-01,6.661201180493778740e-01,2.302491064906461826e+00,1.000000000000000000e+00,1.000000000000000000e+00,6.679348814883845353e-01
1.783000000000000114e+02,2.129009028852799912e-01,6.634960077657388045e-01,2.300474583171569165e+00,1.000000000000000000e+00,1.000000000000000000e+00,6.601751936936034459e-01
1.784000000000000057e+02,2.131468200865748175e-01,6.626866540977147668e-01,2.298469848128812831e+00,1.000000000000000000e+00,1.000000000000000000e+00,6.626840853890474392e-01
1.785000000000000000e+02,2.133939568387653030e-01,6.652013726112447900e-01,2.296473725819763168e+00,1.000000000000000000e+00,1.000000000000000000e+00,6.651987873884993574e-01
1.786000000000000227e+02,2.136423188971414144e-01,6.677219371253779734e-01,2.294486283298794227e+00,1.000000000000000000e+00,1.000000000000000000e+00,6.677193352731931597e-01
1.787000000000000171e+02,2.138919120607319924e-01,6.702483834594269441e-01,2.292507588001634566e+00,1.000000000000000000e+00,1.000000000000000000e+00,6.702457648613789898e-01
1.788000000000000114e+02,2.141427421726848357e-01,6.727807476723445257e-01,2.290537707748145912e+00,1.000000000000000000e+00,1.000000000000000000e+00,6.727781122105050970e-01
1.789000000000000057e+02,2.143948151206498676e-01,6.753190660637786724e-01,2.288576710745153342e+00,1.000000000000000000e+00,1.000000000000000000e+00,6.753164136194103051e-01
1.790000000000000000e+02,2.146481368371666587e-01,6.778633751773153193e-01,2.286624665589313654e+00,1.000000000000000000e+00,1.000000000000000000e+00,6.778607056305459011e-01
1.790999999999999943e+02,2.149027133000567524e-01,6.804137118024148334e-01,2.284681641270027264e+00,1.000000000000000000e+00,1.000000000000000000e+00,6.804110250322208397e-01
1.791999999999999886e+02,2.151585505328194592e-01,6.829701129766023726e-01,2.282747707172393614e+00,1.000000000000000000e+00,1.000000000000000000e+00,6.829674088608694849e-01
1.792999999999999829e+02,2.154156546050327303e-01,6.855326159881657277e-01,2.280822933080209669e+00,1.000000000000000000e+00,1.000000000000000000e+00,6.855298944033447750e-01
1.794000000000000341e+02,2.156740316327579732e-01,6.881012583772927460e-01,2.278907389179019027e+00,1.000000000000000000e+00,1.000000000000000000e+00,6.880985191992357031e-01
1.795000000000000284e+02,2.159336877789488629e-01,6.906760779398577466e-01,2.277001146059207226e+00,1.000000000000000000e+00,1.000000000000000000e+00,6.906733210432050019e-01
1.796000000000000227e+02,2.161946292538661774e-01,6.932571127295974467e-01,2.275104274719136122e+00,1.000000000000000000e+00,1.000000000000000000e+00,6.932543379873635780e-01
1.797000000000000171e+02,2.164568623154955185e-01,6.958444010594329043e-01,2.273216846568340443e+00,1.000000000000000000e+00,1.000000000000000000e+00,6.958416083436572697e-01
1.798000000000000114e+02,2.167203932699705016e-01,6.984379815047232487e-01,2.271338933430765650e+00,1.000000000000000000e+00,1.000000000000000000e+00,6.984351706862875764e-01
1.799000000000000057e+02,2.169852284720003854e-01,7.010378929057624608e-01,2.269470607548058627e+00,1.000000000000000000e+00,1.000000000000000000e+00,7.010350638541544832e-01
