theta_degrees,alpha,central_lhs,beta_c1,is_spectral,beta_less_10,exact_polygon_lhs
-1.800000000000000000e+02,2.172513743253026985e-01,7.036591236255894666e-01,2.267611941582912127e+00,1.000000000000000000e+00,1.000000000000000000e+00,7.036413269533293713e-01
-1.797500000000000000e+02,2.179225155296343475e-01,7.102031995023017075e-01,2.263008019497591672e+00,1.000000000000000000e+00,1.000000000000000000e+00,7.101851122244928760e-01
-1.795000000000000000e+02,2.186019909770701986e-01,7.167879623468027539e-01,2.258466083620740417e+00,1.000000000000000000e+00,1.000000000000000000e+00,7.167695791501689229e-01
-1.792500000000000000e+02,2.192899048644947890e-01,7.234140459121571887e-01,2.253987304774820455e+00,1.000000000000000000e+00,1.000000000000000000e+00,7.233953613563158802e-01
-1.790000000000000000e+02,2.199863634269597634e-01,7.300820950979818313e-01,2.249572871206945379e+00,1.000000000000000000e+00,1.000000000000000000e+00,7.300631036118843120e-01
-1.787500000000000000e+02,2.206914749842194823e-01,7.367927662159344804e-01,2.245223988965385331e+00,1.000000000000000000e+00,1.000000000000000000e+00,7.367734620942114621e-01
-1.785000000000000000e+02,2.214053499885857423e-01,7.403468803407391441e-01,2.240941882292208476e+00,1.000000000000000000e+00,1.000000000000000000e+00,7.435271046617962787e-01
-1.782500000000000000e+02,2.221219185661710283e-01,7.422418220568142155e-01,2.236734136979531939e+00,1.000000000000000000e+00,1.000000000000000000e+00,7.405414412502780985e-01
-1.780000000000000000e+02,2.228440962536371306e-01,7.473393656441927879e-01,2.232598795191303331e+00,1.000000000000000000e+00,1.000000000000000000e+00,7.473195625075756965e-01
-1.777500000000000000e+02,2.235752556788437040e-01,7.541621638193186650e-01,2.228533708360836307e+00,1.000000000000000000e+00,1.000000000000000000e+00,7.541420328108431326e-01
-1.775000000000000000e+02,2.243155135205993078e-01,7.610300162979735106e-01,2.224540160422772139e+00,1.000000000000000000e+00,1.000000000000000000e+00,7.610095512027797993e-01
-1.772500000000000000e+02,2.250649887827583795e-01,7.679436349910870874e-01,2.220619455108066020e+00,1.000000000000000000e+00,1.000000000000000000e+00,7.679228294417050904e-01
-1.770000000000000000e+02,2.258238028489223115e-01,7.749037448392697147e-01,2.216772916428301432e+00,1.000000000000000000e+00,1.000000000000000000e+00,7.748825923112638847e-01
-1.767500000000000000e+02,2.265920795387321163e-01,7.819110841316426752e-01,2.213001889182749871e+00,1.000000000000000000e+00,1.000000000000000000e+00,7.818895779390112599e-01
-1.765000000000000000e+02,2.273699451658037773e-01,7.889664048335334190e-01,2.209307739489550393e+00,1.000000000000000000e+00,1.000000000000000000e+00,7.889445381241623201e-01
-1.762500000000000000e+02,2.281575285973639344e-01,7.960704729242632505e-01,2.205691855342458929e+00,1.000000000000000000e+00,1.000000000000000000e+00,7.960482386748318762e-01
-1.760000000000000000e+02,2.289549613156430796e-01,8.032240687440275195e-01,2.202155647194712351e+00,1.000000000000000000e+00,1.000000000000000000e+00,8.032014597550876100e-01
-1.757500000000000000e+02,2.297623774810857444e-01,8.104279873513413612e-01,2.198700548571658420e+00,1.000000000000000000e+00,1.000000000000000000e+00,8.104049962421421283e-01
-1.755000000000000000e+02,2.305799139974417378e-01,8.161363011912542431e-01,2.195328016713891994e+00,1.000000000000000000e+00,1.000000000000000000e+00,8.176596580940540537e-01
-1.752500000000000000e+02,2.314045982496844289e-01,8.183822997733067872e-01,2.192041822366928905e+00,1.000000000000000000e+00,1.000000000000000000e+00,8.148948102726187859e-01
-1.750000000000000000e+02,2.322325438150573129e-01,8.222051952051185886e-01,2.188846075741387232e+00,1.000000000000000000e+00,1.000000000000000000e+00,8.221815690272280541e-01
-1.747500000000000000e+02,2.330708885562579047e-01,8.295448265579712377e-01,2.185736955788277314e+00,1.000000000000000000e+00,1.000000000000000000e+00,8.295207980247414348e-01
-1.745000000000000000e+02,2.339197775996938178e-01,8.369377875267515199e-01,2.182715997790613205e+00,1.000000000000000000e+00,1.000000000000000000e+00,8.369133485546902396e-01
-1.742500000000000000e+02,2.347793590822443432e-01,8.443849461143779767e-01,2.179784763547741644e+00,1.000000000000000000e+00,1.000000000000000000e+00,8.443600884120608940e-01
-1.740000000000000000e+02,2.356497842262915421e-01,8.518871872564230951e-01,2.176944842201993691e+00,1.000000000000000000e+00,1.000000000000000000e+00,8.518619023184582639e-01
-1.737500000000000000e+02,2.365312074170443091e-01,8.594454132557987069e-01,2.174197851109343826e+00,1.000000000000000000e+00,1.000000000000000000e+00,8.594196923560244450e-01
-1.735000000000000000e+02,2.374237862822372036e-01,8.670605442298723320e-01,2.171545436756836978e+00,1.000000000000000000e+00,1.000000000000000000e+00,8.670343784145615462e-01
-1.732500000000000000e+02,2.383276817742872311e-01,8.747335185713327466e-01,2.168989275729712674e+00,1.000000000000000000e+00,1.000000000000000000e+00,8.747068986523256484e-01
-1.730000000000000000e+02,2.392430582549989193e-01,8.824652934236635327e-01,2.166531075731329636e+00,1.000000000000000000e+00,1.000000000000000000e+00,8.824382099709991989e-01
-1.727500000000000000e+02,2.401700835829088110e-01,8.902568451709349517e-01,2.164172576659226355e+00,1.000000000000000000e+00,1.000000000000000000e+00,8.902292885053419980e-01
-1.725000000000000000e+02,2.411089292033655462e-01,8.939146024028277182e-01,2.161915551740857921e+00,1.000000000000000000e+00,1.000000000000000000e+00,8.980811301280666736e-01
-1.722500000000000000e+02,2.420509445679259186e-01,8.969482138259697868e-01,2.159765184557933537e+00,1.000000000000000000e+00,1.000000000000000000e+00,8.962455475225390433e-01
-1.720000000000000000e+02,2.430035466100064490e-01,9.041730942782432168e-01,2.157719924519107657e+00,1.000000000000000000e+00,1.000000000000000000e+00,9.041446770278891432e-01
-1.717500000000000000e+02,2.439683394487197898e-01,9.121352977169525644e-01,2.155781031017658389e+00,1.000000000000000000e+00,1.000000000000000000e+00,9.121063791065590065e-01
-1.715000000000000000e+02,2.449455058243475147e-01,9.201611376702095724e-01,2.153950391489772631e+00,1.000000000000000000e+00,1.000000000000000000e+00,9.201317070085113237e-01
-1.712500000000000000e+02,2.459352324487100727e-01,9.282516894636848592e-01,2.152229932058612238e+00,1.000000000000000000e+00,1.000000000000000000e+00,9.282217357700444094e-01
-1.710000000000000000e+02,2.469377101102411542e-01,9.364080508041467965e-01,2.150621619047957012e+00,1.000000000000000000e+00,1.000000000000000000e+00,9.363775627993093931e-01
-1.707500000000000000e+02,2.479531337824511794e-01,9.446313423841038448e-01,2.149127460583762694e+00,1.000000000000000000e+00,1.000000000000000000e+00,9.446003084805961736e-01
-1.705000000000000000e+02,2.489817027359089996e-01,9.529227085062971225e-01,2.147749508289344522e+00,1.000000000000000000e+00,1.000000000000000000e+00,9.528911167981143349e-01
-1.702500000000000000e+02,2.500236206538745676e-01,9.612833177276447483e-01,2.146489859080275675e+00,1.000000000000000000e+00,1.000000000000000000e+00,9.612511559800029914e-01
-1.700000000000000000e+02,2.510790957517205491e-01,9.683560381066379508e-01,2.145350657065534961e+00,1.000000000000000000e+00,1.000000000000000000e+00,9.696816191633305104e-01
-1.697500000000000000e+02,2.521453647027361300e-01,9.717510141344133379e-01,2.144334196282107641e+00,1.000000000000000000e+00,1.000000000000000000e+00,9.680322360326194531e-01
-1.695000000000000000e+02,2.532173205558985729e-01,9.765534986868353862e-01,2.143442361428721465e+00,1.000000000000000000e+00,1.000000000000000000e+00,9.765202759377769048e-01
-1.692500000000000000e+02,2.543032920615960202e-01,9.851147877108346052e-01,2.142676831865603315e+00,1.000000000000000000e+00,1.000000000000000000e+00,9.850809587549145263e-01
-1.690000000000000000e+02,2.554035019439729326e-01,9.937499999808691031e-01,2.142039918190865588e+00,1.000000000000000000e+00,1.000000000000000000e+00,9.937155512295866577e-01
-1.687500000000000000e+02,2.565181779764825198e-01,1.002460430273132364e+00,2.141533987535127359e+00,1.000000000000000000e+00,1.000000000000000000e+00,1.002425347753321594e+00
-1.685000000000000000e+02,2.576475531223714199e-01,1.011247401800801526e+00,2.141161466152158965e+00,1.000000000000000000e+00,1.000000000000000000e+00,1.011211671141424961e+00
-1.682500000000000000e+02,2.587918656799183537e-01,1.020112267018276286e+00,2.140924842168922204e+00,1.000000000000000000e+00,1.000000000000000000e+00,1.020075873436995018e+00
-1.680000000000000000e+02,2.599513594326106625e-01,1.029056408453117522e+00,2.140826668505865893e+00,1.000000000000000000e+00,1.000000000000000000e+00,1.029019336742172941e+00
-1.677500000000000000e+02,2.611262838044605683e-01,1.038081239566267522e+00,2.140869565979126588e+00,1.000000000000000000e+00,1.000000000000000000e+00,1.038043474077738892e+00
-1.675000000000000000e+02,2.623168940206615507e-01,1.044705154970272165e+00,2.141056226597182643e+00,1.000000000000000000e+00,1.000000000000000000e+00,1.047149730272160850e+00
-1.672500000000000000e+02,2.635177672064500931e-01,1.048728150891212296e+00,2.141387298457868571e+00,1.000000000000000000e+00,1.000000000000000000e+00,1.046054321183190750e+00
-1.670000000000000000e+02,2.647285768974631526e-01,1.055273192897487888e+00,2.141864624204410372e+00,1.000000000000000000e+00,1.000000000000000000e+00,1.055234079000919145e+00
-1.667500000000000000e+02,2.659556515756644757e-01,1.064538616940149840e+00,2.142493069018585494e+00,1.000000000000000000e+00,1.000000000000000000e+00,1.064498761597473919e+00
-1.665000000000000000e+02,2.671992655232381941e-01,1.073890524959403070e+00,2.143275586907729124e+00,1.000000000000000000e+00,1.000000000000000000e+00,1.073849910665390261e+00
-1.662500000000000000e+02,2.684596995348688675e-01,1.083330494727257287e+00,2.144215219920952986e+00,1.000000000000000000e+00,1.000000000000000000e+00,1.083289103456389624e+00
-1.660000000000000000e+02,2.697372411087264332e-01,1.092860140644815736e+00,2.145315102744836722e+00,1.000000000000000000e+00,1.000000000000000000e+00,1.092817953832349920e+00
-1.657500000000000000e+02,2.710321846442469429e-01,1.102481114830655029e+00,2.146578467599315587e+00,1.000000000000000000e+00,1.000000000000000000e+00,1.102438113353572335e+00
-1.654999999999999716e+02,2.723448316469906927e-01,1.112195108248866360e+00,2.148008649455679819e+00,1.000000000000000000e+00,1.000000000000000000e+00,1.112151272405897506e+00
-1.652500000000000000e+02,2.736754909408781189e-01,1.119203065419998477e+00,2.149609091600426680e+00,1.000000000000000000e+00,1.000000000000000000e+00,1.121959161368313085e+00
-1.650000000000000000e+02,2.750177898560802192e-01,1.123554107248448730e+00,2.151378013699657643e+00,1.000000000000000000e+00,1.000000000000000000e+00,1.120810052374647148e+00
-1.647500000000000000e+02,2.763720016610842767e-01,1.130748555347680151e+00,2.153318021425273621e+00,1.000000000000000000e+00,1.000000000000000000e+00,1.130703092492290285e+00
-1.645000000000000000e+02,2.777449300073496774e-01,1.140740591749494159e+00,2.155437680919604304e+00,1.000000000000000000e+00,1.000000000000000000e+00,1.140694234288873066e+00
-1.642500000000000000e+02,2.791369078941835502e-01,1.150832604607034071e+00,2.157740844949997960e+00,1.000000000000000000e+00,1.000000000000000000e+00,1.150785330386408400e+00
-1.640000000000000000e+02,2.805482765843909099e-01,1.161026492176382874e+00,2.160231503688759602e+00,1.000000000000000000e+00,1.000000000000000000e+00,1.160978278351061599e+00
-1.637500000000000000e+02,2.819793858586777113e-01,1.171324199074533334e+00,2.162913792637775945e+00,1.000000000000000000e+00,1.000000000000000000e+00,1.171275022084613537e+00
-1.635000000000000000e+02,2.834305942795453115e-01,1.181727717724665006e+00,2.165792001105419473e+00,1.000000000000000000e+00,1.000000000000000000e+00,1.181677553267750591e+00
-1.632500000000000000e+02,2.849022694650944487e-01,1.190374706458196874e+00,2.168870581279567666e+00,1.000000000000000000e+00,1.000000000000000000e+00,1.192187912857450849e+00
-1.630000000000000000e+02,2.863901530661253081e-01,1.195288600437277804e+00,2.172148436382525638e+00,1.000000000000000000e+00,1.000000000000000000e+00,1.191474164623681942e+00
-1.627500000000000000e+02,2.878895652846693021e-01,1.202139093243850709e+00,2.175622999060321749e+00,1.000000000000000000e+00,1.000000000000000000e+00,1.202086948844167891e+00
-1.625000000000000000e+02,2.894102996101360903e-01,1.212864858575344096e+00,2.179310222364239102e+00,1.000000000000000000e+00,1.000000000000000000e+00,1.212811650891586712e+00
-1.622500000000000000e+02,2.909527541014542140e-01,1.223704763875981039e+00,2.183215194689994476e+00,1.000000000000000000e+00,1.000000000000000000e+00,1.223650465402033705e+00
-1.620000000000000000e+02,2.925173371116984167e-01,1.234661060412112654e+00,2.187343216068451834e+00,1.000000000000000000e+00,1.000000000000000000e+00,1.234605642748226595e+00
-1.617500000000000000e+02,2.941044676194175533e-01,1.245736057022887922e+00,2.191699811431282008e+00,1.000000000000000000e+00,1.000000000000000000e+00,1.245679490840947645e+00
-1.615000000000000000e+02,2.957145755728783909e-01,1.256932121993788343e+00,2.196290744869466849e+00,1.000000000000000000e+00,1.000000000000000000e+00,1.256874377000624543e+00
-1.612500000000000000e+02,2.973481022478149383e-01,1.262882263803679184e+00,2.201122034970857566e+00,1.000000000000000000e+00,1.000000000000000000e+00,1.268192729902247518e+00
-1.610000000000000000e+02,2.989915677675539785e-01,1.268504908372731776e+00,2.206175718896415283e+00,1.000000000000000000e+00,1.000000000000000000e+00,1.268003588939069726e+00
-1.607500000000000000e+02,3.006578771954496188e-01,1.279505963025001192e+00,2.211477995046061018e+00,1.000000000000000000e+00,1.000000000000000000e+00,1.279445786398089480e+00
-1.605000000000000000e+02,3.023486522681163580e-01,1.291077909057864792e+00,2.217037520599149047e+00,1.000000000000000000e+00,1.000000000000000000e+00,1.291016457124863237e+00
-1.602500000000000000e+02,3.040643730062593253e-01,1.302780986942515540e+00,2.222861339674822911e+00,1.000000000000000000e+00,1.000000000000000000e+00,1.302718225169713140e+00
-1.600000000000000000e+02,3.058055324024437360e-01,1.314617891802167593e+00,2.228956835726183972e+00,1.000000000000000000e+00,1.000000000000000000e+00,1.314553784482318077e+00
-1.597500000000000000e+02,3.075726368585431358e-01,1.325046759118068795e+00,2.235331754740724097e+00,1.000000000000000000e+00,1.000000000000000000e+00,1.326525901276148334e+00
-1.595000000000000000e+02,3.093620607290175628e-01,1.331007283122676688e+00,2.241985194076702825e+00,1.000000000000000000e+00,1.000000000000000000e+00,1.326440196992651588e+00
-1.592500000000000000e+02,3.111659482634271945e-01,1.338617609999605662e+00,2.248905766108824533e+00,1.000000000000000000e+00,1.000000000000000000e+00,1.338550709777355685e+00
-1.590000000000000000e+02,3.129969900511899161e-01,1.350871878293893324e+00,2.256127796458431867e+00,1.000000000000000000e+00,1.000000000000000000e+00,1.350803518155525129e+00
-1.587500000000000000e+02,3.148557386410434367e-01,1.363271480677633152e+00,2.263660522275909859e+00,1.000000000000000000e+00,1.000000000000000000e+00,1.363201619727584690e+00
-1.585000000000000000e+02,3.167427620143675737e-01,1.375819498901747373e+00,2.271513674376485437e+00,1.000000000000000000e+00,1.000000000000000000e+00,1.375748094807190514e+00
-1.582500000000000000e+02,3.186586441239495637e-01,1.386718078048363001e+00,2.279697513424436384e+00,1.000000000000000000e+00,1.000000000000000000e+00,1.388446109315859767e+00
-1.580000000000000000e+02,3.205989771342976913e-01,1.392763489372793817e+00,2.288209423843223789e+00,1.000000000000000000e+00,1.000000000000000000e+00,1.387803301874446005e+00
-1.577500000000000000e+02,3.225552535590385794e-01,1.400722780007717549e+00,2.297034128482319915e+00,1.000000000000000000e+00,1.000000000000000000e+00,1.400648239840477149e+00
-1.575000000000000000e+02,3.245417674699117572e-01,1.413727364575295242e+00,2.306218895416436876e+00,1.000000000000000000e+00,1.000000000000000000e+00,1.413651147422404053e+00
-1.572500000000000000e+02,3.265591573501990252e-01,1.426893403894961887e+00,2.315776193510746594e+00,1.000000000000000000e+00,1.000000000000000000e+00,1.426815461121232920e+00
-1.570000000000000000e+02,3.286080801334658186e-01,1.440224434533204922e+00,2.325719229634131135e+00,1.000000000000000000e+00,1.000000000000000000e+00,1.440144715733267855e+00
-1.567500000000000000e+02,3.306892118709268691e-01,1.447225913520374441e+00,2.336062007098195448e+00,1.000000000000000000e+00,1.000000000000000000e+00,1.453642547912429528e+00
-1.564999999999999716e+02,3.327844959254174784e-01,1.453589617700230763e+00,2.346757948477879996e+00,1.000000000000000000e+00,1.000000000000000000e+00,1.452720127801168770e+00
-1.562500000000000000e+02,3.349105706893223955e-01,1.466461752027009124e+00,2.357870611155910456e+00,1.000000000000000000e+00,1.000000000000000000e+00,1.466378452132564902e+00
-1.560000000000000000e+02,3.370704446151747136e-01,1.480297917396439455e+00,2.369423583785691623e+00,1.000000000000000000e+00,1.000000000000000000e+00,1.480212682727593432e+00
-1.557500000000000000e+02,3.392648589232908907e-01,1.493858139271252883e+00,2.381434250332977509e+00,1.000000000000000000e+00,1.000000000000000000e+00,1.494226776942278567e+00
-1.555000000000000000e+02,3.414932273679213703e-01,1.499897183640525267e+00,2.393916096751225187e+00,1.000000000000000000e+00,1.000000000000000000e+00,1.492304282909176383e+00
-1.552500000000000000e+02,3.437346884143488435e-01,1.506565976053316103e+00,2.406804881624088566e+00,1.000000000000000000e+00,1.000000000000000000e+00,1.506476978911895470e+00
-1.550000000000000000e+02,3.460123995543832320e-01,1.520928334563253825e+00,2.420201916621584015e+00,1.000000000000000000e+00,1.000000000000000000e+00,1.520837230182041644e+00
-1.547500000000000000e+02,3.483271738213439828e-01,1.535482618674865352e+00,2.434129086664643005e+00,1.000000000000000000e+00,1.000000000000000000e+00,1.535389342345549357e+00
-1.545000000000000000e+02,3.506798491079117785e-01,1.544225927421488231e+00,2.448609812995029777e+00,1.000000000000000000e+00,1.000000000000000000e+00,1.550137751663458019e+00
-1.542500000000000000e+02,3.530529051039862365e-01,1.550597973393786022e+00,2.463588357638010873e+00,1.000000000000000000e+00,1.000000000000000000e+00,1.548001106223298562e+00
-1.540000000000000000e+02,3.554571915562332318e-01,1.563018651576689289e+00,2.479128760728473324e+00,1.000000000000000000e+00,1.000000000000000000e+00,1.562921164124755347e+00
-1.537500000000000000e+02,3.579013095149307100e-01,1.578145974511992344e+00,2.495291840549916706e+00,1.000000000000000000e+00,1.000000000000000000e+00,1.578046116175204627e+00
-1.535000000000000000e+02,3.603861803550905130e-01,1.586342235269793788e+00,2.512107731334949801e+00,1.000000000000000000e+00,1.000000000000000000e+00,1.593380800145590026e+00
-1.532500000000000000e+02,3.628902966948180375e-01,1.592634890192032193e+00,2.529496081705178590e+00,1.000000000000000000e+00,1.000000000000000000e+00,1.590475020654114280e+00
-1.530000000000000000e+02,3.654297608137204723e-01,1.606087923455113087e+00,2.547558803203761713e+00,1.000000000000000000e+00,1.000000000000000000e+00,1.605983577084662439e+00
-1.527500000000000000e+02,3.680120729469414376e-01,1.619910479069720521e+00,2.566364083325721523e+00,1.000000000000000000e+00,1.000000000000000000e+00,1.621711018827808992e+00
-1.525000000000000000e+02,3.706321214278631149e-01,1.627192835086742839e+00,2.585917339496233591e+00,1.000000000000000000e+00,1.000000000000000000e+00,1.620511698459563332e+00
-1.522500000000000000e+02,3.732750254502991694e-01,1.636555535848138954e+00,2.606165995694989856e+00,1.000000000000000000e+00,1.000000000000000000e+00,1.636446132498036166e+00
-1.520000000000000000e+02,3.759631014274899541e-01,1.652646051198701116e+00,2.627269315250788662e+00,1.000000000000000000e+00,1.000000000000000000e+00,1.652609759162438463e+00
-1.517500000000000000e+02,3.786971869101034560e-01,1.661171791844012979e+00,2.649274586119594765e+00,1.000000000000000000e+00,1.000000000000000000e+00,1.653482737107284217e+00
-1.515000000000000000e+02,3.814528695211599763e-01,1.670009069583523020e+00,2.672071212163631415e+00,1.000000000000000000e+00,1.000000000000000000e+00,1.669893913725476686e+00
-1.512500000000000000e+02,3.842563202104327114e-01,1.685908862902841143e+00,2.695864841339231877e+00,1.000000000000000000e+00,1.000000000000000000e+00,1.686546000288577263e+00
-1.510000000000000000e+02,3.871061754136235211e-01,1.695571125008155988e+00,2.720699474371836679e+00,1.000000000000000000e+00,1.000000000000000000e+00,1.689157387574082181e+00
-1.507500000000000000e+02,3.899841945750167072e-01,1.706216942535002445e+00,2.746501199638738289e+00,1.000000000000000000e+00,1.000000000000000000e+00,1.706095319921789200e+00
-1.505000000000000000e+02,3.929128652410376898e-01,1.720372347942657143e+00,2.773483077054877288e+00,1.000000000000000000e+00,1.000000000000000000e+00,1.723287325507555368e+00
-1.502500000000000000e+02,3.958830272137912609e-01,1.731429457492671409e+00,2.801643459143238868e+00,1.000000000000000000e+00,1.000000000000000000e+00,1.728045996516307747e+00
-1.500000000000000000e+02,3.988944885025104137e-01,1.745085366354404810e+00,2.831047371488177422e+00,1.000000000000000000e+00,1.000000000000000000e+00,1.745571077048810871e+00
-1.497500000000000000e+02,4.019576887379111563e-01,1.756660048764288495e+00,2.861854150794930440e+00,1.000000000000000000e+00,1.000000000000000000e+00,1.751091456869363627e+00
-1.495000000000000000e+02,4.050563997209300493e-01,1.769104317563402473e+00,2.894011714465196228e+00,1.000000000000000000e+00,1.000000000000000000e+00,1.768970852993789089e+00
-1.492500000000000000e+02,4.082110902248336504e-01,1.779284018567415249e+00,2.927785591816712607e+00,1.000000000000000000e+00,1.000000000000000000e+00,1.787128405365608907e+00
-1.490000000000000000e+02,4.113947677055491137e-01,1.789281437883105230e+00,2.963030973092498410e+00,1.000000000000000000e+00,1.000000000000000000e+00,1.788693816097114198e+00
-1.487500000000000000e+02,4.146347834510484831e-01,1.796230434481646432e+00,3.000106768877733199e+00,1.000000000000000000e+00,1.000000000000000000e+00,1.807161517941899831e+00
-1.485000000000000000e+02,4.178941959667478723e-01,1.801356183040756065e+00,3.038763675725355995e+00,1.000000000000000000e+00,1.000000000000000000e+00,1.803309939568001674e+00
-1.482500000000000000e+02,4.212039958795980032e-01,1.805873944576211754e+00,3.079431414196931449e+00,1.000000000000000000e+00,1.000000000000000000e+00,1.794466692606268232e+00
-1.480000000000000000e+02,4.245320437102860778e-01,1.805298612296418304e+00,3.121895685892483563e+00,1.000000000000000000e+00,1.000000000000000000e+00,1.813025832118491776e+00
-1.477500000000000000e+02,4.278921596143330230e-01,1.807825145894263130e+00,3.166434864863680421e+00,1.000000000000000000e+00,1.000000000000000000e+00,1.799488696242577568e+00
-1.474999999999999716e+02,4.312825776279297640e-01,1.802556564726888855e+00,3.213176533483364850e+00,1.000000000000000000e+00,1.000000000000000000e+00,1.818127622400808052e+00
-1.472500000000000000e+02,4.346763525179137555e-01,1.798610333250761695e+00,3.261929711265873166e+00,1.000000000000000000e+00,1.000000000000000000e+00,1.802354118926650539e+00
-1.470000000000000000e+02,4.381051864300314902e-01,1.802254064873392236e+00,3.313257998122574044e+00,1.000000000000000000e+00,1.000000000000000000e+00,1.794593497282894079e+00
-1.467500000000000000e+02,4.415667104098537354e-01,1.805215794009421337e+00,3.367335155723225171e+00,1.000000000000000000e+00,1.000000000000000000e+00,1.797403930289652951e+00
-1.465000000000000000e+02,4.450613986197848870e-01,1.814028094643136857e+00,3.424396502107256435e+00,1.000000000000000000e+00,1.000000000000000000e+00,1.816009707552293850e+00
-1.462500000000000000e+02,4.486122021354101985e-01,1.830868687891233915e+00,3.485071828728915744e+00,1.000000000000000000e+00,1.000000000000000000e+00,1.828817646012032005e+00
-1.460000000000000000e+02,4.522290298212079951e-01,1.852970831006738761e+00,3.549888399415682461e+00,1.000000000000000000e+00,1.000000000000000000e+00,1.852152475318567637e+00
-1.457500000000000000e+02,4.559248454776815285e-01,1.879232017897587204e+00,3.619523913473944088e+00,1.000000000000000000e+00,1.000000000000000000e+00,1.882175964860924866e+00
-1.455000000000000000e+02,4.597059205682920702e-01,1.902122258366681917e+00,3.694657901834654812e+00,1.000000000000000000e+00,1.000000000000000000e+00,1.904568081919850275e+00
-1.452500000000000000e+02,4.635555721319566391e-01,1.912123291193538188e+00,3.775623380934173046e+00,1.000000000000000000e+00,1.000000000000000000e+00,1.913903767009090595e+00
-1.450000000000000000e+02,4.674410051920528386e-01,1.902224509846360823e+00,3.862419940420661835e+00,1.000000000000000000e+00,1.000000000000000000e+00,1.908368644033435535e+00
-1.447500000000000000e+02,4.713151117048541283e-01,1.860490114762669789e+00,3.954622543548600433e+00,1.000000000000000000e+00,1.000000000000000000e+00,1.884921661150680272e+00
-1.445000000000000000e+02,4.750932015118963236e-01,1.793580524598956671e+00,4.050626262255621057e+00,1.000000000000000000e+00,1.000000000000000000e+00,1.781328341124836845e+00
-1.442499999999999716e+02,4.787512433086360542e-01,1.722016703255194736e+00,4.149941467288496888e+00,1.000000000000000000e+00,1.000000000000000000e+00,1.741759628894784528e+00
-1.440000000000000000e+02,4.822876026064256694e-01,1.667892778639559204e+00,4.252576643267068413e+00,1.000000000000000000e+00,1.000000000000000000e+00,1.671583674150018739e+00
-1.437500000000000000e+02,4.857709925506458748e-01,1.632678018935202147e+00,4.360773940941580662e+00,1.000000000000000000e+00,1.000000000000000000e+00,1.638201076139530032e+00
-1.435000000000000000e+02,4.892087722677327943e-01,1.584917147576687224e+00,4.475362754677957966e+00,1.000000000000000000e+00,1.000000000000000000e+00,1.599570387928179072e+00
-1.432500000000000000e+02,4.925372446070912513e-01,1.499323783402458199e+00,4.594783735294630134e+00,1.000000000000000000e+00,1.000000000000000000e+00,1.481746122164318225e+00
-1.430000000000000000e+02,4.956531632100212303e-01,1.417931546719471747e+00,4.715421000319816258e+00,1.000000000000000000e+00,1.000000000000000000e+00,1.411447711748666789e+00
-1.427500000000000000e+02,4.986703512889395506e-01,1.381386643601905106e+00,4.841759808482054339e+00,1.000000000000000000e+00,1.000000000000000000e+00,1.384879472682113866e+00
-1.425000000000000000e+02,5.016645707577056523e-01,1.320819009236806174e+00,4.978038797069119781e+00,1.000000000000000000e+00,1.000000000000000000e+00,1.358051664279453785e+00
-1.422500000000000000e+02,5.044526977981279581e-01,1.142047533466595377e+00,5.117314491207601179e+00,1.000000000000000000e+00,1.000000000000000000e+00,1.189752427838404625e+00
-1.420000000000000000e+02,5.066920698524634004e-01,8.889542687102112151e-01,5.242447078325611187e+00,1.000000000000000000e+00,1.000000000000000000e+00,8.903398336780971034e-01
-1.417500000000000000e+02,5.083834068507390169e-01,4.584347947059675965e-01,5.351178526735810514e+00,1.000000000000000000e+00,1.000000000000000000e+00,5.837097218295778100e-01
-1.415000000000000000e+02,5.087259076388777057e-01,4.672152581163755980e-01,5.397737102637790940e+00,1.000000000000000000e+00,1.000000000000000000e+00,3.808363605238551663e-01
-1.412500000000000000e+02,5.063092182432368249e-01,1.472580888530855336e+00,5.306585428360275358e+00,1.000000000000000000e+00,1.000000000000000000e+00,3.309549671714510310e+00
-1.410000000000000000e+02,5.022194835635952481e-01,1.397359180576643878e+00,5.148725061014499005e+00,1.000000000000000000e+00,1.000000000000000000e+00,2.449920240133896865e+00
-1.407500000000000000e+02,5.001850236517153547e-01,1.105790974909029556e+00,5.100343685154237861e+00,0.000000000000000000e+00,1.000000000000000000e+00,1.288767170000327145e+00
-1.405000000000000000e+02,4.973927747759747109e-01,1.277281497593539150e+00,5.024731477906823507e+00,0.000000000000000000e+00,1.000000000000000000e+00,1.277221563869981535e+00
-1.402500000000000000e+02,4.946408928827727425e-01,1.265862629245118942e+00,4.957247925173835945e+00,0.000000000000000000e+00,1.000000000000000000e+00,1.265803931083830491e+00
-1.400000000000000000e+02,4.919286077245972888e-01,1.254569222766206193e+00,4.896296232026783990e+00,0.000000000000000000e+00,1.000000000000000000e+00,1.254511728050660802e+00
-1.397500000000000000e+02,4.892551690450457902e-01,1.243398798560891860e+00,4.840674828743272151e+00,0.000000000000000000e+00,1.000000000000000000e+00,1.243342476208813885e+00
-1.395000000000000000e+02,4.866198459401327447e-01,1.232348940017378824e+00,4.789461878151572094e+00,0.000000000000000000e+00,1.000000000000000000e+00,1.232293759941452960e+00
-1.392500000000000000e+02,4.840219262439873216e-01,1.221417291501017299e+00,4.741938124849210290e+00,0.000000000000000000e+00,1.000000000000000000e+00,1.221363224571352823e+00
-1.390000000000000000e+02,4.814607159378517798e-01,1.210601556424242276e+00,4.697533991470199233e+00,0.000000000000000000e+00,1.000000000000000000e+00,1.210548574431663971e+00
-1.387500000000000000e+02,4.789355385813636734e-01,1.199899495387565462e+00,4.655792461047528086e+00,0.000000000000000000e+00,1.000000000000000000e+00,1.199847571009330371e+00
-1.384999999999999716e+02,4.764457347651483432e-01,1.189308924391027977e+00,4.616342502689844807e+00,0.000000000000000000e+00,1.000000000000000000e+00,1.189258031157991446e+00
-1.382500000000000000e+02,4.739906615837931048e-01,1.178827713112701403e+00,4.578879699935891168e+00,0.000000000000000000e+00,1.000000000000000000e+00,1.178777825377332000e+00
-1.380000000000000000e+02,4.715696921283253351e-01,1.168453783249694844e+00,4.543151899801176619e+00,0.000000000000000000e+00,1.000000000000000000e+00,1.168404876156023953e+00
-1.377500000000000000e+02,4.691822149973615130e-01,1.158185106920962548e+00,4.508948425436071439e+00,0.000000000000000000e+00,1.000000000000000000e+00,1.158137156375541821e+00
-1.375000000000000000e+02,4.668276338261247438e-01,1.148019705128077161e+00,4.476091859838289722e+00,0.000000000000000000e+00,1.000000000000000000e+00,1.147972687772227829e+00
-1.372500000000000000e+02,4.645053668325823115e-01,1.137955646271918697e+00,4.444431712221230235e+00,0.000000000000000000e+00,1.000000000000000000e+00,1.137909539455178587e+00
-1.370000000000000000e+02,4.622148463799738982e-01,1.127991044723006153e+00,4.413839481721378633e+00,0.000000000000000000e+00,1.000000000000000000e+00,1.127945826477560365e+00
-1.367500000000000000e+02,4.599555185550526781e-01,1.118124059442519025e+00,4.384204771153974001e+00,0.000000000000000000e+00,1.000000000000000000e+00,1.118079708459151833e+00
-1.365000000000000000e+02,4.577268427613798152e-01,1.108352892653712285e+00,4.355432198872135174e+00,0.000000000000000000e+00,1.000000000000000000e+00,1.108309388257961103e+00
-1.362500000000000000e+02,4.555282913270507494e-01,1.098675788558942878e+00,4.327438923637881629e+00,0.000000000000000000e+00,1.000000000000000000e+00,1.098633110688884695e+00
-1.360000000000000000e+02,4.533593491262650210e-01,1.089091032102587953e+00,4.300152644936448887e+00,0.000000000000000000e+00,1.000000000000000000e+00,1.089049161287498180e+00
-1.357500000000000000e+02,4.512195132141659792e-01,1.079596947777725857e+00,4.273509975379022663e+00,0.000000000000000000e+00,1.000000000000000000e+00,1.079555865117101332e+00
-1.355000000000000000e+02,4.491082924744174143e-01,1.070191898473284997e+00,4.247455106762465071e+00,0.000000000000000000e+00,1.000000000000000000e+00,1.070151585617278522e+00
-1.352499999999999716e+02,4.470252072790006359e-01,1.060874284361802866e+00,4.221938709710441273e+00,0.000000000000000000e+00,1.000000000000000000e+00,1.060834723492295906e+00
-1.350000000000000000e+02,4.449697891597403365e-01,1.051642541825637878e+00,4.196917020477425098e+00,0.000000000000000000e+00,1.000000000000000000e+00,1.051603715637727365e+00
-1.347500000000000000e+02,4.429415804910910581e-01,1.042495142419070264e+00,4.172351078756165954e+00,0.000000000000000000e+00,1.000000000000000000e+00,1.042457034103777547e+00
-1.345000000000000000e+02,4.409401341837402843e-01,1.033430591866450143e+00,4.148206088104453571e+00,0.000000000000000000e+00,1.000000000000000000e+00,1.033393185093868016e+00
-1.342500000000000000e+02,4.389650133885950600e-01,1.024447429093980011e+00,4.124450876549544454e+00,0.000000000000000000e+00,1.000000000000000000e+00,1.024410707997054359e+00
-1.340000000000000000e+02,4.370157912107515696e-01,1.015544225293935510e+00,4.101057439506666569e+00,0.000000000000000000e+00,1.000000000000000000e+00,1.015508174452987911e+00
-1.337500000000000000e+02,4.350920504330513250e-01,1.006719583020378783e+00,4.078000550700678239e+00,0.000000000000000000e+00,1.000000000000000000e+00,1.006684187448108947e+00
-1.335000000000000000e+02,4.331933832488576996e-01,9.979721353144901386e-01,4.055257429556966997e+00,0.000000000000000000e+00,1.000000000000000000e+00,9.979373804418970595e-01
-1.332500000000000000e+02,4.313193910036926537e-01,9.893005448597584905e-01,4.032807455712165812e+00,0.000000000000000000e+00,1.000000000000000000e+00,9.892664165219845485e-01
-1.330000000000000000e+02,4.294696839453941428e-01,9.807035031638484668e-01,4.010631923025099965e+00,0.000000000000000000e+00,1.000000000000000000e+00,9.806699875870400485e-01
-1.327500000000000000e+02,4.276438809824724130e-01,9.721797297675861538e-01,3.988713826845991406e+00,0.000000000000000000e+00,1.000000000000000000e+00,9.721468135563635649e-01
-1.325000000000000000e+02,4.258416094503488791e-01,9.637279714802461372e-01,3.967037679405344797e+00,0.000000000000000000e+00,1.000000000000000000e+00,9.636956416051676300e-01
-1.322500000000000000e+02,4.240625048851827117e-01,9.553470016387958230e-01,3.945589349072698315e+00,0.000000000000000000e+00,1.000000000000000000e+00,9.553152454245739111e-01
-1.319999999999999716e+02,4.223062108050001928e-01,9.470356193910859366e-01,3.924355919954694905e+00,0.000000000000000000e+00,1.000000000000000000e+00,9.470044245054077825e-01
-1.317500000000000000e+02,4.205723784978534496e-01,9.387926490025347848e-01,3.903325568887054953e+00,0.000000000000000000e+00,1.000000000000000000e+00,9.387620034448865836e-01
-1.315000000000000000e+02,4.188606668167458302e-01,9.306169391841452310e-01,3.882487457353209326e+00,0.000000000000000000e+00,1.000000000000000000e+00,9.305868312753525773e-01
-1.312500000000000000e+02,4.171707419810780082e-01,9.225073624420726537e-01,3.861831636254942524e+00,0.000000000000000000e+00,1.000000000000000000e+00,9.224777808142434754e-01
-1.310000000000000000e+02,4.155022773843697892e-01,9.144628144478111897e-01,3.841348961783921379e+00,0.000000000000000000e+00,1.000000000000000000e+00,9.144337480345081648e-01
-1.307500000000000000e+02,4.138549534080328551e-01,9.064822134279524324e-01,3.821031020910917952e+00,0.000000000000000000e+00,1.000000000000000000e+00,9.064536514547226753e-01
-1.305000000000000000e+02,4.122284572409700698e-01,8.985644995728979678e-01,3.800870065232121675e+00,0.000000000000000000e+00,1.000000000000000000e+00,8.985364315481852993e-01
-1.302500000000000000e+02,4.106224827047949000e-01,8.907086344637301645e-01,3.780858952097671200e+00,0.000000000000000000e+00,1.000000000000000000e+00,8.906810501703116278e-01
-1.300000000000000000e+02,4.090367300844647280e-01,8.829136005173914281e-01,3.760991092102898392e+00,0.000000000000000000e+00,1.000000000000000000e+00,8.828864900036580421e-01
-1.297500000000000000e+02,4.074709059641357101e-01,8.751784004479918888e-01,3.741260402153476328e+00,0.000000000000000000e+00,1.000000000000000000e+00,8.751517540199447165e-01
-1.294999999999999716e+02,4.059247230680547158e-01,8.675020567448846753e-01,3.721661263425688482e+00,0.000000000000000000e+00,1.000000000000000000e+00,8.674758649584779491e-01
-1.292500000000000000e+02,4.043979001063069401e-01,8.598836111671128712e-01,3.702188483636094762e+00,0.000000000000000000e+00,1.000000000000000000e+00,8.598578648203795138e-01
-1.290000000000000000e+02,4.028901616252488771e-01,8.523221242521793473e-01,3.682837263113847293e+00,0.000000000000000000e+00,1.000000000000000000e+00,8.522968143780657035e-01
-1.287500000000000000e+02,4.014012378624646216e-01,8.448166748400337545e-01,3.663603164236109766e+00,0.000000000000000000e+00,1.000000000000000000e+00,8.447917926994487070e-01
-1.285000000000000000e+02,3.999308646060835137e-01,8.373663596114415686e-01,3.644482083844217790e+00,0.000000000000000000e+00,1.000000000000000000e+00,8.373418966863290791e-01
-1.282500000000000000e+02,3.984787830583111368e-01,8.299702926396818059e-01,3.625470228307403620e+00,0.000000000000000000e+00,1.000000000000000000e+00,8.299462406265045722e-01
-1.280000000000000000e+02,3.970447397030258951e-01,8.226276049557210701e-01,3.606564090942812051e+00,0.000000000000000000e+00,1.000000000000000000e+00,8.226039557590973939e-01
-1.277499999999999858e+02,3.956284861773027295e-01,8.153374441259123584e-01,3.587760431536823447e+00,0.000000000000000000e+00,1.000000000000000000e+00,8.153141898526655718e-01
-1.275000000000000142e+02,3.942297791467291312e-01,8.080989738426016533e-01,3.569056257743806970e+00,0.000000000000000000e+00,1.000000000000000000e+00,8.080761067956450105e-01
-1.272500000000000000e+02,3.928483801843828949e-01,8.009113735261271794e-01,3.550448808165404646e+00,0.000000000000000000e+00,1.000000000000000000e+00,8.008888861987023544e-01
-1.269999999999999858e+02,3.914840556533508154e-01,7.937738379380923082e-01,3.531935536936835707e+00,0.000000000000000000e+00,1.000000000000000000e+00,7.937517230086039710e-01
-1.267500000000000000e+02,3.901365765926665397e-01,7.866855768068089505e-01,3.513514099666910528e+00,0.000000000000000000e+00,1.000000000000000000e+00,7.866638271332008214e-01
-1.265000000000000000e+02,3.888057186065517756e-01,7.796458144624953679e-01,3.495182340596131976e+00,0.000000000000000000e+00,1.000000000000000000e+00,7.796244230771512962e-01
-1.262499999999999858e+02,3.874912617568550544e-01,7.726537894830990405e-01,3.476938280852678087e+00,0.000000000000000000e+00,1.000000000000000000e+00,7.726327495880418450e-01
-1.260000000000000000e+02,3.861929904585765794e-01,7.657087543506934102e-01,3.458780107699395590e+00,0.000000000000000000e+00,1.000000000000000000e+00,7.656880593125334755e-01
-1.257499999999999858e+02,3.849106933783806306e-01,7.588099751168141394e-01,3.440706164676829992e+00,0.000000000000000000e+00,1.000000000000000000e+00,7.587896184622168194e-01
-1.255000000000000000e+02,3.836441633359963244e-01,7.519567310776718028e-01,3.422714942557557816e+00,0.000000000000000000e+00,1.000000000000000000e+00,7.519367064888541341e-01
-1.252500000000000000e+02,3.823931972084114728e-01,7.451483144582151663e-01,3.404805071036177022e+00,0.000000000000000000e+00,1.000000000000000000e+00,7.451286157686874967e-01
-1.250000000000000142e+02,3.811575958367700023e-01,7.383840301053353761e-01,3.386975311087345286e+00,0.000000000000000000e+00,1.000000000000000000e+00,7.383646512955349683e-01
-1.247500000000000000e+02,3.799371639358826158e-01,7.316631951890743002e-01,3.369224547931221725e+00,0.000000000000000000e+00,1.000000000000000000e+00,7.316441303823651987e-01
-1.244999999999999858e+02,3.787317100062706499e-01,7.249851389122413670e-01,3.351551784551983548e+00,0.000000000000000000e+00,1.000000000000000000e+00,7.249663823710997823e-01
-1.242500000000000000e+02,3.775410462486568641e-01,7.183492022284349021e-01,3.333956135720531400e+00,0.000000000000000000e+00,1.000000000000000000e+00,7.183307483503565960e-01
-1.240000000000000000e+02,3.763649884808283885e-01,7.117547375668176191e-01,3.316436822477391910e+00,0.000000000000000000e+00,1.000000000000000000e+00,7.117365808808856498e-01
-1.237499999999999858e+02,3.752033560567960002e-01,7.052011085651251898e-01,3.298993167036226026e+00,0.000000000000000000e+00,1.000000000000000000e+00,7.051832437284626387e-01
-1.235000000000000000e+02,3.740559717881748458e-01,6.986876898099589894e-01,3.281624588072084681e+00,0.000000000000000000e+00,1.000000000000000000e+00,6.986701116039805148e-01
-1.232499999999999858e+02,3.729226618677185523e-01,6.922138665832421323e-01,3.264330596362105208e+00,0.000000000000000000e+00,1.000000000000000000e+00,6.921965699105243619e-01
-1.229999999999999858e+02,3.718032557949398909e-01,6.857790346160396178e-01,3.247110790749339504e+00,0.000000000000000000e+00,1.000000000000000000e+00,6.857620144972124132e-01
-1.227500000000000000e+02,3.706975863037502150e-01,6.793825998492492024e-01,3.229964854403132080e+00,0.000000000000000000e+00,1.000000000000000000e+00,6.793658514195759501e-01
-1.225000000000000142e+02,3.696054892920565549e-01,6.730239781999142190e-01,3.212892551351929527e+00,0.000000000000000000e+00,1.000000000000000000e+00,6.730074967062824598e-01
-1.222500000000000000e+02,3.685268037532565266e-01,6.667025953338394650e-01,3.195893723266594044e+00,0.000000000000000000e+00,1.000000000000000000e+00,6.666863761320047654e-01
-1.220000000000000000e+02,3.674613717095714382e-01,6.604178864445449104e-01,3.178968286474231686e+00,0.000000000000000000e+00,1.000000000000000000e+00,6.604019249962416183e-01
-1.217500000000000142e+02,3.664090381471612479e-01,6.541692960378924226e-01,3.162116229184289029e+00,0.000000000000000000e+00,1.000000000000000000e+00,6.541535879079052318e-01
-1.215000000000000000e+02,3.653696509529673619e-01,6.479562777218887959e-01,3.145337608910296900e+00,0.000000000000000000e+00,1.000000000000000000e+00,6.479408185754962357e-01
-1.212499999999999858e+02,3.643430608532318149e-01,6.417782940023416538e-01,3.128632550072019569e+00,0.000000000000000000e+00,1.000000000000000000e+00,6.417630796027042894e-01
-1.210000000000000000e+02,3.633291213536398168e-01,6.356348160836835515e-01,3.112001241764043247e+00,0.000000000000000000e+00,1.000000000000000000e+00,6.356198422892541666e-01
-1.207500000000000000e+02,3.623276886810394837e-01,6.295253236746043424e-01,3.095443935677998137e+00,0.000000000000000000e+00,1.000000000000000000e+00,6.295105864368466531e-01
-1.204999999999999858e+02,3.613386217266897904e-01,6.234493047991576109e-01,3.078960944166660774e+00,0.000000000000000000e+00,1.000000000000000000e+00,6.234348001600401590e-01
-1.202500000000000000e+02,3.603617819909912812e-01,6.174062556122013046e-01,3.062552638439048902e+00,0.000000000000000000e+00,1.000000000000000000e+00,6.173919797019169486e-01
-1.200000000000000142e+02,3.593970335296569063e-01,6.113956802197102469e-01,3.046219446876556436e+00,0.000000000000000000e+00,1.000000000000000000e+00,6.113816292543958753e-01
-1.197499999999999858e+02,3.584442429012784093e-01,6.054170905032817407e-01,3.029961853460856336e+00,0.000000000000000000e+00,1.000000000000000000e+00,6.054032607830482915e-01
-1.195000000000000000e+02,3.575032791162502943e-01,5.994700059495247091e-01,3.013780396305044906e+00,0.000000000000000000e+00,1.000000000000000000e+00,5.994563938562927907e-01
-1.192500000000000142e+02,3.565740135870070215e-01,5.935539534835613251e-01,2.997675666280046780e+00,0.000000000000000000e+00,1.000000000000000000e+00,5.935405554788160121e-01
-1.190000000000000000e+02,3.556563200795402335e-01,5.876684673060993402e-01,2.981648305728963777e+00,0.000000000000000000e+00,1.000000000000000000e+00,5.876552799291202556e-01
-1.187499999999999858e+02,3.547500746661555460e-01,5.818130887350874136e-01,2.965699007262470044e+00,0.000000000000000000e+00,1.000000000000000000e+00,5.818001086010615719e-01
-1.185000000000000142e+02,3.538551556794347075e-01,5.759873660511741766e-01,2.949828512628836386e+00,0.000000000000000000e+00,1.000000000000000000e+00,5.759745898492607541e-01
-1.182500000000000000e+02,3.529714436673671574e-01,5.701908543468111601e-01,2.934037611652601907e+00,0.000000000000000000e+00,1.000000000000000000e+00,5.701782788382774303e-01
-1.179999999999999858e+02,3.520988213496192842e-01,5.644231153788539235e-01,2.918327141236280564e+00,0.000000000000000000e+00,1.000000000000000000e+00,5.644107373954392326e-01
-1.177500000000000000e+02,3.512371735749077462e-01,5.586837174250521842e-01,2.902697984419797095e+00,0.000000000000000000e+00,1.000000000000000000e+00,5.586715338672143538e-01
-1.175000000000000000e+02,3.503863872794458212e-01,5.529722351437581507e-01,2.887151069492677191e+00,0.000000000000000000e+00,1.000000000000000000e+00,5.529602429790246854e-01
-1.172499999999999858e+02,3.495463514464329791e-01,5.472882494370303608e-01,2.871687369154309888e+00,0.000000000000000000e+00,1.000000000000000000e+00,5.472764456984098302e-01
-1.170000000000000000e+02,3.487169570665578089e-01,5.416313473170556447e-01,2.856307899717797305e+00,0.000000000000000000e+00,1.000000000000000000e+00,5.416197291014311910e-01
-1.167500000000000142e+02,3.478980970994863808e-01,5.360011217756279756e-01,2.841013720353169791e+00,0.000000000000000000e+00,1.000000000000000000e+00,5.359896862422326436e-01
-1.164999999999999858e+02,3.470896664363085637e-01,5.303971716565812899e-01,2.825805932365943907e+00,0.000000000000000000e+00,1.000000000000000000e+00,5.303859160256646499e-01
-1.162500000000000000e+02,3.462915618629162084e-01,5.248191015315369912e-01,2.810685678507170326e+00,0.000000000000000000e+00,1.000000000000000000e+00,5.248080230828903181e-01
-1.160000000000000142e+02,3.455036820242861073e-01,5.192665215784670885e-01,2.795654142311247981e+00,0.000000000000000000e+00,1.000000000000000000e+00,5.192556176498711595e-01
-1.157500000000000000e+02,3.447259273896445819e-01,5.137390474626774006e-01,2.780712547458018324e+00,0.000000000000000000e+00,1.000000000000000000e+00,5.137283154486735892e-01
-1.154999999999999858e+02,3.439582002184891629e-01,5.082363002208123426e-01,2.765862157155682954e+00,0.000000000000000000e+00,1.000000000000000000e+00,5.082257375715035774e-01
-1.152500000000000000e+02,3.432004045274437143e-01,5.027579061477756017e-01,2.751104273541258305e+00,0.000000000000000000e+00,1.000000000000000000e+00,5.027475103673926249e-01
-1.150000000000000000e+02,3.424524460579240759e-01,4.973034966857730055e-01,2.736440237095360217e+00,0.000000000000000000e+00,1.000000000000000000e+00,4.972932653314628415e-01
-1.147499999999999858e+02,3.417142322445941849e-01,4.918727083159811775e-01,2.721871426068251498e+00,0.000000000000000000e+00,1.000000000000000000e+00,4.918626389967040158e-01
-1.145000000000000000e+02,3.409856721845894167e-01,4.864651824529676594e-01,2.707399255914077152e+00,0.000000000000000000e+00,1.000000000000000000e+00,4.864552728281829608e-01
-1.142499999999999858e+02,3.402666766074878835e-01,4.810805653410045735e-01,2.693025178730378499e+00,0.000000000000000000e+00,1.000000000000000000e+00,4.810708131196227977e-01
-1.140000000000000000e+02,3.395571578460100937e-01,4.757185079530036331e-01,2.678750682699983621e+00,0.000000000000000000e+00,1.000000000000000000e+00,4.757089108922903931e-01
-1.137500000000000000e+02,3.388570298074266018e-01,4.703786658916559449e-01,2.664577291532447045e+00,0.000000000000000000e+00,1.000000000000000000e+00,4.703692217961185085e-01
-1.135000000000000000e+02,3.381662079456563275e-01,4.650606992926793470e-01,2.650506563902257806e+00,0.000000000000000000e+00,1.000000000000000000e+00,4.650514060130092608e-01
-1.132500000000000000e+02,3.374846092340364478e-01,4.597642727301404220e-01,2.636540092881094033e+00,0.000000000000000000e+00,1.000000000000000000e+00,4.597551281622556663e-01
-1.130000000000000000e+02,3.368121521387476003e-01,4.544890551239761378e-01,2.622679505361414698e+00,0.000000000000000000e+00,1.000000000000000000e+00,4.544800572080229251e-01
-1.127500000000000000e+02,3.361487565928758525e-01,4.492347196495125039e-01,2.608926461468747515e+00,0.000000000000000000e+00,1.000000000000000000e+00,4.492258663688347142e-01
-1.125000000000000000e+02,3.354943439710966757e-01,4.440009436487236116e-01,2.595282653960041763e+00,0.000000000000000000e+00,1.000000000000000000e+00,4.439922330290073105e-01
-1.122500000000000000e+02,3.348488370649639889e-01,4.387874085436674343e-01,2.581749807605503211e+00,0.000000000000000000e+00,1.000000000000000000e+00,4.387788386519810846e-01
-1.119999999999999858e+02,3.342121600587890651e-01,4.335937997515400544e-01,2.568329678551341200e+00,0.000000000000000000e+00,1.000000000000000000e+00,4.335853686954966868e-01
-1.117500000000000000e+02,3.335842385060948101e-01,4.284198066017286810e-01,2.555024053660916117e+00,0.000000000000000000e+00,1.000000000000000000e+00,4.284115125285663517e-01
-1.115000000000000000e+02,3.329649993066298719e-01,4.232651222544177028e-01,2.541834749831757279e+00,0.000000000000000000e+00,1.000000000000000000e+00,4.232569633501893636e-01
-1.112500000000000000e+02,3.323543706839301448e-01,4.181294436209769816e-01,2.528763613286013623e+00,0.000000000000000000e+00,1.000000000000000000e+00,4.181214181097701599e-01
-1.110000000000000000e+02,3.317522821634121821e-01,4.130124712861096836e-01,2.515812518831878730e+00,0.000000000000000000e+00,1.000000000000000000e+00,4.130045774291870031e-01
-1.107500000000000000e+02,3.311586645509868587e-01,4.079139094313801173e-01,2.502983369093589872e+00,0.000000000000000000e+00,1.000000000000000000e+00,4.079061455264706981e-01
-1.105000000000000000e+02,3.305734499121795733e-01,4.028334657605595615e-01,2.490278093707650964e+00,0.000000000000000000e+00,1.000000000000000000e+00,4.028258301410501119e-01
-1.102500000000000000e+02,3.299965715517447218e-01,3.977708514262434658e-01,2.477698648482928867e+00,0.000000000000000000e+00,1.000000000000000000e+00,3.977633424605194201e-01
-1.100000000000000000e+02,3.294279639937629511e-01,3.927257809582012094e-01,2.465247014522376823e+00,0.000000000000000000e+00,1.000000000000000000e+00,3.927183970488906106e-01
-1.097499999999999858e+02,3.288675629622082042e-01,3.876979721930322587e-01,2.452925197304137050e+00,0.000000000000000000e+00,1.000000000000000000e+00,3.876907117762887767e-01
-1.095000000000000000e+02,3.283153053619748962e-01,3.826871462051717465e-01,2.440735225719871782e+00,0.000000000000000000e+00,1.000000000000000000e+00,3.826800077500533970e-01
-1.092500000000000000e+02,3.277711292603526783e-01,3.776930272394414811e-01,2.428679151068205311e+00,0.000000000000000000e+00,1.000000000000000000e+00,3.776860092472051345e-01
-1.090000000000000000e+02,3.272349738689391274e-01,3.727153426447336049e-01,2.416759046001266231e+00,0.000000000000000000e+00,1.000000000000000000e+00,3.727084436482475671e-01
-1.087500000000000000e+02,3.267067795259795404e-01,3.677538228092038231e-01,2.404977003422368753e+00,0.000000000000000000e+00,1.000000000000000000e+00,3.677470413722617737e-01
-1.085000000000000000e+02,3.261864876791236156e-01,3.628082010964716608e-01,2.393335135332981256e+00,0.000000000000000000e+00,1.000000000000000000e+00,3.628015358132646306e-01
-1.082500000000000000e+02,3.256740408685901422e-01,3.578782137832700605e-01,2.381835571627225701e+00,0.000000000000000000e+00,1.000000000000000000e+00,3.578716632777959039e-01
-1.080000000000000000e+02,3.251693827107287049e-01,3.529635999983050110e-01,2.370480458832257664e+00,0.000000000000000000e+00,1.000000000000000000e+00,3.529571629236981090e-01
-1.077500000000000000e+02,3.246724578819706886e-01,3.480641016619958616e-01,2.359271958793006885e+00,0.000000000000000000e+00,1.000000000000000000e+00,3.480577767000642697e-01
-1.074999999999999858e+02,3.241832121031599789e-01,3.431794634276841283e-01,2.348212247299881206e+00,0.000000000000000000e+00,1.000000000000000000e+00,3.431732492883166064e-01
-1.072500000000000000e+02,3.237015921242544225e-01,3.383094326237590654e-01,2.337303512658194471e+00,0.000000000000000000e+00,1.000000000000000000e+00,3.383033280443900059e-01
-1.070000000000000000e+02,3.232275457093904403e-01,3.334537591967869363e-01,2.326547954198221912e+00,0.000000000000000000e+00,1.000000000000000000e+00,3.334477629419889122e-01
-1.067500000000000000e+02,3.227610216223020245e-01,3.286121956560640323e-01,2.315947780724976202e+00,0.000000000000000000e+00,1.000000000000000000e+00,3.286063065168904895e-01
-1.065000000000000000e+02,3.223019696120857369e-01,3.237844970186911642e-01,2.305505208906961201e+00,0.000000000000000000e+00,1.000000000000000000e+00,3.237787138122659725e-01
-1.062500000000000000e+02,3.218503403993058787e-01,3.189704207559110882e-01,2.295222461603376729e+00,0.000000000000000000e+00,1.000000000000000000e+00,3.189647423249936664e-01
-1.060000000000000000e+02,3.214060856624297302e-01,3.141697267405103577e-01,2.285101766129454148e+00,0.000000000000000000e+00,1.000000000000000000e+00,3.141641519529369542e-01
-1.057500000000000000e+02,3.209691580245879750e-01,3.093821771947961596e-01,2.275145352459815751e+00,0.000000000000000000e+00,1.000000000000000000e+00,3.093767049431612182e-01
-1.055000000000000000e+02,3.205395110406519255e-01,3.046075366400270434e-01,2.265355451370012041e+00,0.000000000000000000e+00,1.000000000000000000e+00,3.046021658410662525e-01
-1.052499999999999858e+02,3.201170991846205571e-01,2.998455718461088271e-01,2.255734292516631712e+00,0.000000000000000000e+00,1.000000000000000000e+00,2.998403014404088518e-01
-1.050000000000000000e+02,3.197018778373126313e-01,2.950960517825838569e-01,2.246284102456641563e+00,0.000000000000000000e+00,1.000000000000000000e+00,2.950908807341931506e-01
-1.047500000000000000e+02,3.192938032743543597e-01,2.903587475705141641e-01,2.237007102606906717e+00,0.000000000000000000e+00,1.000000000000000000e+00,2.903536748664021783e-01
-1.045000000000000000e+02,3.188928326544593350e-01,2.856334324348099307e-01,2.227905507145116371e+00,0.000000000000000000e+00,1.000000000000000000e+00,2.856284570845538662e-01
-1.042500000000000000e+02,3.184989240079927342e-01,2.809198816576280455e-01,2.218981520853660960e+00,0.000000000000000000e+00,1.000000000000000000e+00,2.809150026930541943e-01
-1.040000000000000000e+02,3.181120362258150758e-01,2.762178725325272199e-01,2.210237336908302819e+00,0.000000000000000000e+00,1.000000000000000000e+00,2.762130890073294376e-01
-1.037500000000000000e+02,3.177321290483987037e-01,2.715271843194023149e-01,2.201675134613818585e+00,0.000000000000000000e+00,1.000000000000000000e+00,2.715224953087160276e-01
-1.035000000000000000e+02,3.173591630552125009e-01,2.668475981999551827e-01,2.193297077089108260e+00,0.000000000000000000e+00,1.000000000000000000e+00,2.668430028000850496e-01
-1.032500000000000000e+02,3.169930996543689483e-01,2.621788972341587143e-01,2.185105308904625954e+00,0.000000000000000000e+00,1.000000000000000000e+00,2.621743945621868854e-01
-1.029999999999999858e+02,3.166339010725280345e-01,2.575208663172679491e-01,2.177101953675301349e+00,0.000000000000000000e+00,1.000000000000000000e+00,2.575164555106903563e-01
-1.027500000000000000e+02,3.162815303450536297e-01,2.528732921373668674e-01,2.169289111612488163e+00,0.000000000000000000e+00,1.000000000000000000e+00,2.528689723539037648e-01
-1.025000000000000000e+02,3.159359513064171066e-01,2.482359631340224360e-01,2.161668857038808955e+00,0.000000000000000000e+00,1.000000000000000000e+00,2.482317335511528555e-01
-1.022500000000000000e+02,3.155971285808424898e-01,2.436086694571285571e-01,2.154243235870130224e+00,0.000000000000000000e+00,1.000000000000000000e+00,2.436045292718033439e-01
-1.020000000000000000e+02,3.152650275731906926e-01,2.389912029264023852e-01,2.147014263069215723e+00,0.000000000000000000e+00,1.000000000000000000e+00,2.389871513549068904e-01
-1.017500000000000000e+02,3.149396144600760672e-01,2.343833569920008020e-01,2.139983920075971380e+00,0.000000000000000000e+00,1.000000000000000000e+00,2.343793932694546722e-01
-1.015000000000000000e+02,3.146208561812117721e-01,2.297849266950864611e-01,2.133154152219511879e+00,0.000000000000000000e+00,1.000000000000000000e+00,2.297810500752218155e-01
-1.012500000000000000e+02,3.143087204309806260e-01,2.251957086292051546e-01,2.126526866117587566e+00,0.000000000000000000e+00,1.000000000000000000e+00,2.251919183841843419e-01
-1.010000000000000000e+02,3.140031756502257854e-01,2.206155009024116098e-01,2.120103927069238114e+00,0.000000000000000000e+00,1.000000000000000000e+00,2.206117963224960288e-01
-1.007499999999999858e+02,3.137041910182583049e-01,2.160441030997312661e-01,2.113887156446808913e+00,0.000000000000000000e+00,1.000000000000000000e+00,2.160404834930054752e-01
-1.005000000000000000e+02,3.134117364450772492e-01,2.114813162461711971e-01,2.107878329093744618e+00,0.000000000000000000e+00,1.000000000000000000e+00,2.114777809383022456e-01
-1.002500000000000000e+02,3.131257825637990266e-01,2.069269427702694342e-01,2.102079170734813207e+00,0.000000000000000000e+00,1.000000000000000000e+00,2.069234911042715230e-01
-1.000000000000000000e+02,3.128463007232918369e-01,2.023807864681492763e-01,2.096491355405653678e+00,0.000000000000000000e+00,1.000000000000000000e+00,2.023774178041483351e-01
-9.975000000000000000e+01,3.125732629810121788e-01,1.978426524680443332e-01,2.091116502908711983e+00,0.000000000000000000e+00,1.000000000000000000e+00,1.978393661830530892e-01
-9.950000000000000000e+01,3.123066420960395884e-01,1.933123471952779004e-01,2.085956176302815823e+00,0.000000000000000000e+00,1.000000000000000000e+00,1.933091426829952331e-01
-9.925000000000000000e+01,3.120464115223067769e-01,1.887896783378210097e-01,2.081011879433763756e+00,0.000000000000000000e+00,1.000000000000000000e+00,1.887865550083326627e-01
-9.900000000000000000e+01,3.117925454020211706e-01,1.842744548120441583e-01,2.076285054513388406e+00,0.000000000000000000e+00,1.000000000000000000e+00,1.842714120916692511e-01
-9.875000000000000000e+01,3.115450185592762433e-01,1.797664867290476309e-01,2.071777079754642426e+00,0.000000000000000000e+00,1.000000000000000000e+00,1.797635240601828666e-01
-9.849999999999998579e+01,3.113038064938477567e-01,1.752655853615498749e-01,2.067489267070241610e+00,0.000000000000000000e+00,1.000000000000000000e+00,1.752627022023657832e-01
-9.825000000000000000e+01,3.110688853751735206e-01,1.707715631108198129e-01,2.063422859842413359e+00,0.000000000000000000e+00,1.000000000000000000e+00,1.707687589351685187e-01
-9.800000000000000000e+01,3.108402320365133420e-01,1.662842334743421246e-01,2.059579030771200525e+00,0.000000000000000000e+00,1.000000000000000000e+00,1.662815077715303069e-01
-9.775000000000000000e+01,3.106178239692860554e-01,1.618034110137404336e-01,2.055958879808704065e+00,0.000000000000000000e+00,1.000000000000000000e+00,1.618007632882886293e-01
-9.750000000000000000e+01,3.104016393175817456e-01,1.573289113228892866e-01,2.052563432186461423e+00,0.000000000000000000e+00,1.000000000000000000e+00,1.573263410944522045e-01
-9.725000000000000000e+01,3.101916568728463885e-01,1.528605509966156906e-01,2.049393636542980790e+00,0.000000000000000000e+00,1.000000000000000000e+00,1.528580577998269463e-01
-9.700000000000000000e+01,3.099878560687360785e-01,1.483981475997555588e-01,2.046450363158221819e+00,0.000000000000000000e+00,1.000000000000000000e+00,1.483957309839836203e-01
-9.675000000000000000e+01,3.097902169761388436e-01,1.439415196363297844e-01,2.043734402301504272e+00,0.000000000000000000e+00,1.000000000000000000e+00,1.439391791655534880e-01
-9.650000000000000000e+01,3.095987202983619957e-01,1.394904865191954613e-01,2.041246462699023656e+00,0.000000000000000000e+00,1.000000000000000000e+00,1.394882217718439454e-01
-9.624999999999998579e+01,3.094133473664821832e-01,1.350448685398736026e-01,2.038987170126777659e+00,0.000000000000000000e+00,1.000000000000000000e+00,1.350426791087603884e-01
-9.600000000000000000e+01,3.092340801348570367e-01,1.306044868389291957e-01,2.036957066134299499e+00,0.000000000000000000e+00,1.000000000000000000e+00,1.306023723310256179e-01
-9.575000000000000000e+01,3.090609011767946890e-01,1.261691633764168707e-01,2.035156606904144905e+00,0.000000000000000000e+00,1.000000000000000000e+00,1.261671234126824082e-01
-9.550000000000000000e+01,3.088937936803815010e-01,1.217387209025193595e-01,2.033586162251613594e+00,0.000000000000000000e+00,1.000000000000000000e+00,1.217367551178735741e-01
-9.525000000000000000e+01,3.087327414444640539e-01,1.173129829287331005e-01,2.032246014768661624e+00,0.000000000000000000e+00,1.000000000000000000e+00,1.173110909718852873e-01
-9.500000000000000000e+01,3.085777288747849068e-01,1.128917736991103954e-01,2.031136359115421453e+00,0.000000000000000000e+00,1.000000000000000000e+00,1.128899552324447858e-01
-9.475000000000000000e+01,3.084287409802696223e-01,1.084749181618074598e-01,2.030257301462191855e+00,0.000000000000000000e+00,1.000000000000000000e+00,1.084731728612633173e-01
-9.450000000000000000e+01,3.082857633694640054e-01,1.040622419408573501e-01,2.029608859084152339e+00,0.000000000000000000e+00,1.000000000000000000e+00,1.040605694958111060e-01
-9.425000000000000000e+01,3.081487822471193905e-01,9.965357130812782516e-02,2.029190960110480280e+00,0.000000000000000000e+00,1.000000000000000000e+00,9.965197142131902719e-02
-9.399999999999998579e+01,3.080177844109251439e-01,9.524873315560844489e-02,2.029003443428902820e+00,0.000000000000000000e+00,1.000000000000000000e+00,9.524720554299336006e-02
-9.375000000000000000e+01,3.078927572483859398e-01,9.084755496779974016e-02,2.029046058746108105e+00,0.000000000000000000e+00,1.000000000000000000e+00,9.084609935843726558e-02
-9.350000000000000000e+01,3.077736887338436977e-01,8.644986479416184866e-02,2.029318466803814225e+00,0.000000000000000000e+00,1.000000000000000000e+00,8.644848093026535896e-02
-9.325000000000000000e+01,3.076605674256419620e-01,8.205549122219898961e-02,2.029820239749646760e+00,0.000000000000000000e+00,1.000000000000000000e+00,8.205417885890699259e-02
-9.300000000000000000e+01,3.075533824634311686e-01,7.766426335033164985e-02,2.030550861661377660e+00,0.000000000000000000e+00,1.000000000000000000e+00,7.766302225558517625e-02
-9.275000000000000000e+01,3.074521235656149654e-01,7.327601076079989784e-02,2.031509729222445770e+00,0.000000000000000000e+00,1.000000000000000000e+00,7.327484071546358502e-02
-9.250000000000000000e+01,3.073567810269354772e-01,6.889056349329859830e-02,2.032696152546098034e+00,0.000000000000000000e+00,1.000000000000000000e+00,6.888946429095331447e-02
-9.225000000000000000e+01,3.072673457161959054e-01,6.450775201834829664e-02,2.034109356144897518e+00,0.000000000000000000e+00,1.000000000000000000e+00,6.450672346516721223e-02
-9.200000000000000000e+01,3.071838090741211280e-01,6.012740721072756117e-02,2.035748480041799535e+00,0.000000000000000000e+00,1.000000000000000000e+00,6.012644912551744908e-02
-9.174999999999998579e+01,3.071061631113539137e-01,5.574936032329371599e-02,2.037612581018464653e+00,0.000000000000000000e+00,1.000000000000000000e+00,5.574847253744386055e-02
-9.150000000000000000e+01,3.070344004065866383e-01,5.137344296095936597e-02,2.039700633995975565e+00,0.000000000000000000e+00,1.000000000000000000e+00,5.137262531826689016e-02
-9.125000000000000000e+01,3.069685141048268395e-01,4.699948705444643299e-02,2.042011533542670954e+00,0.000000000000000000e+00,1.000000000000000000e+00,4.699873941115324111e-02
-9.100000000000000000e+01,3.069084979157976067e-01,4.262732483434993752e-02,2.044544095503359138e+00,0.000000000000000000e+00,1.000000000000000000e+00,4.262664705918978170e-02
-9.075000000000000000e+01,3.068543461124698113e-01,3.825678880565133028e-02,2.047297058743817288e+00,0.000000000000000000e+00,1.000000000000000000e+00,3.825618077955390134e-02
-9.050000000000000000e+01,3.068060535297268965e-01,3.388771172155542050e-02,2.050269087004098711e+00,0.000000000000000000e+00,1.000000000000000000e+00,3.388717333777305912e-02
-9.025000000000000000e+01,3.067636155631623396e-01,2.951992655792899309e-02,2.053458770853888726e+00,0.000000000000000000e+00,1.000000000000000000e+00,2.951945772206608642e-02
-9.000000000000000000e+01,3.067270281680071764e-01,2.515326648794106654e-02,2.056864629742877870e+00,0.000000000000000000e+00,1.000000000000000000e+00,2.515286711775457928e-02
-8.975000000000000000e+01,3.066962878581888652e-01,2.078756485627519801e-02,2.060485114138897789e+00,0.000000000000000000e+00,1.000000000000000000e+00,2.078723488174046008e-02
-8.949999999999998579e+01,3.066713917055206573e-01,1.642265515371517035e-02,2.064318607746403966e+00,0.000000000000000000e+00,1.000000000000000000e+00,1.642239451703782216e-02
-8.925000000000000000e+01,3.066523373390206975e-01,1.205837099188947041e-02,2.068363429797747344e+00,0.000000000000000000e+00,1.000000000000000000e+00,1.205817964735346644e-02
-8.900000000000000000e+01,3.066391229443606870e-01,7.694546077627498204e-03,2.072617837409597819e+00,0.000000000000000000e+00,1.000000000000000000e+00,7.694423991704365910e-03
-8.875000000000000000e+01,3.066317472634448871e-01,3.331014187707921018e-03,2.077080027996842215e+00,0.000000000000000000e+00,1.000000000000000000e+00,3.330961339068132417e-03
-8.850000000000000000e+01,3.066302095941172978e-01,1.032390856298895290e-03,2.081748141736277535e+00,0.000000000000000000e+00,1.000000000000000000e+00,1.032374476944894351e-03
-8.825000000000000000e+01,3.066345097899986771e-01,5.395835213579548879e-03,2.086620264072454933e+00,0.000000000000000000e+00,1.000000000000000000e+00,5.395749603405160071e-03
-8.800000000000000000e+01,3.066446482604526236e-01,9.759485049423659644e-03,2.091694428258123573e+00,0.000000000000000000e+00,1.000000000000000000e+00,9.759330193370023207e-03
-8.775000000000000000e+01,3.066606259706808890e-01,1.412350656025080156e-02,2.096968617921823430e+00,0.000000000000000000e+00,1.000000000000000000e+00,1.412328243119405358e-02
-8.750000000000000000e+01,3.066824444419469220e-01,1.848806599913539045e-02,2.102440769655335551e+00,0.000000000000000000e+00,1.000000000000000000e+00,1.848777255784721241e-02
-8.724999999999998579e+01,3.067101057519300844e-01,2.285332970123572435e-02,2.108108775613881658e+00,0.000000000000000000e+00,1.000000000000000000e+00,2.285296689625275143e-02
-8.700000000000000000e+01,3.067436125352080434e-01,2.721946410890704882e-02,2.113970486122166204e+00,0.000000000000000000e+00,1.000000000000000000e+00,2.721903187665024315e-02
-8.675000000000000000e+01,3.067829679838692813e-01,3.158663579731527810e-02,2.120023712279611505e+00,0.000000000000000000e+00,1.000000000000000000e+00,3.158613406199565349e-02
-8.650000000000000000e+01,3.068281758482555022e-01,3.595501149979170308e-02,2.126266228558363558e+00,0.000000000000000000e+00,1.000000000000000000e+00,3.595444017340218568e-02
-8.625000000000000000e+01,3.068792404378339334e-01,4.032475813333028652e-02,2.132695775387972059e+00,0.000000000000000000e+00,1.000000000000000000e+00,4.032411711563342605e-02
-8.600000000000000000e+01,3.069361666222004681e-01,4.469604282419343405e-02,2.139310061720912426e+00,0.000000000000000000e+00,1.000000000000000000e+00,4.469533200265623368e-02
-8.575000000000000000e+01,3.069989598322136470e-01,4.906903293348841705e-02,2.146106767573447094e+00,0.000000000000000000e+00,1.000000000000000000e+00,4.906825218326019838e-02
-8.550000000000000000e+01,3.070676260612601460e-01,5.344389608290797677e-02,2.153083546536654236e+00,0.000000000000000000e+00,1.000000000000000000e+00,5.344304526675573014e-02
-8.525000000000000000e+01,3.071421718666523804e-01,5.782080018043474906e-02,2.160238028252778442e+00,0.000000000000000000e+00,1.000000000000000000e+00,5.781987914875456880e-02
-8.499999999999998579e+01,3.072226043711584476e-01,6.219991344628540697e-02,2.167567820852404736e+00,0.000000000000000000e+00,1.000000000000000000e+00,6.219892203704463496e-02
-8.475000000000000000e+01,3.073089312646658522e-01,6.658140443897626881e-02,2.175070513348312584e+00,0.000000000000000000e+00,1.000000000000000000e+00,6.658034247756537682e-02
-8.450000000000000000e+01,3.074011608059790124e-01,7.096544208120592057e-02,2.182743677982201369e+00,0.000000000000000000e+00,1.000000000000000000e+00,7.096430938049540227e-02
-8.425000000000000000e+01,3.074993018247512699e-01,7.535219568622329722e-02,2.190584872520843884e+00,0.000000000000000000e+00,1.000000000000000000e+00,7.535099204645666349e-02
-8.399999999999998579e+01,3.076033637235532914e-01,7.974183498414745552e-02,2.198591642498546328e+00,0.000000000000000000e+00,1.000000000000000000e+00,7.974056019284775365e-02
-8.375000000000000000e+01,3.077133564800772492e-01,8.413453014838981336e-02,2.206761523403172998e+00,0.000000000000000000e+00,1.000000000000000000e+00,8.413318398031172096e-02
-8.350000000000000000e+01,3.078292906494791703e-01,8.853045182226530752e-02,2.215092042803283423e+00,0.000000000000000000e+00,1.000000000000000000e+00,8.852903403935163951e-02
-8.325000000000000000e+01,3.079511773668591745e-01,9.292977114585898590e-02,2.223580722414295607e+00,0.000000000000000000e+00,1.000000000000000000e+00,9.292828149709776719e-02
-8.300000000000000000e+01,3.080790283498822668e-01,9.733265978286183284e-02,2.232225080101884807e+00,0.000000000000000000e+00,1.000000000000000000e+00,9.733109800423908609e-02
-8.274999999999998579e+01,3.082128559015387403e-01,1.017392899476687179e-01,2.241022631821137701e+00,0.000000000000000000e+00,1.000000000000000000e+00,1.017376557621266220e-01
-8.250000000000000000e+01,3.083526729130477428e-01,1.061498344328435511e-01,2.249970893490292667e+00,0.000000000000000000e+00,1.000000000000000000e+00,1.061481275500573279e-01
-8.225000000000000000e+01,3.084984928669034510e-01,1.105644666363555378e-01,2.259067382798154888e+00,0.000000000000000000e+00,1.000000000000000000e+00,1.105626867527510077e-01
-8.200000000000000000e+01,3.086503298400659068e-01,1.149833605894338279e-01,2.268309620944565008e+00,0.000000000000000000e+00,1.000000000000000000e+00,1.149815073880244287e-01
-8.174999999999998579e+01,3.088081985072983482e-01,1.194066909843399249e-01,2.277695134313550085e+00,0.000000000000000000e+00,1.000000000000000000e+00,1.194047641346772243e-01
-8.150000000000000000e+01,3.089721141446513109e-01,1.238346332025530849e-01,2.287221456079022275e+00,0.000000000000000000e+00,1.000000000000000000e+00,1.238326323605948298e-01
-8.125000000000000000e+01,3.091420926330967767e-01,1.282673633431615223e-01,2.296886127743124284e+00,0.000000000000000000e+00,1.000000000000000000e+00,1.282652881510835674e-01
-8.100000000000000000e+01,3.093181504623122025e-01,1.327050582513350785e-01,2.306686700607530671e+00,0.000000000000000000e+00,1.000000000000000000e+00,1.327029083374416663e-01
-8.075000000000000000e+01,3.095003047346174818e-01,1.371478955470834538e-01,2.316620737178205047e+00,0.000000000000000000e+00,1.000000000000000000e+00,1.371456705257806663e-01
-8.049999999999998579e+01,3.096885731690653398e-01,1.415960536545438908e-01,2.326685812504311723e+00,0.000000000000000000e+00,1.000000000000000000e+00,1.415937531261060867e-01
-8.025000000000000000e+01,3.098829741056889908e-01,1.460497118312590881e-01,2.336879515452126022e+00,0.000000000000000000e+00,1.000000000000000000e+00,1.460473353816661712e-01
-8.000000000000000000e+01,3.100835265099062266e-01,1.505090501976687478e-01,2.347199449914961988e+00,0.000000000000000000e+00,1.000000000000000000e+00,1.505065973985831029e-01
-7.975000000000000000e+01,3.102902499770844869e-01,1.549742497672809416e-01,2.357643235960263706e+00,0.000000000000000000e+00,1.000000000000000000e+00,1.549717201757724039e-01
-7.949999999999998579e+01,3.105031647372674675e-01,1.594454924766955106e-01,2.368208510915126741e+00,0.000000000000000000e+00,1.000000000000000000e+00,1.594428856351652879e-01
-7.925000000000000000e+01,3.107222916600657081e-01,1.639229612162323990e-01,2.378892930391647731e+00,0.000000000000000000e+00,1.000000000000000000e+00,1.639202766522417087e-01
-7.900000000000000000e+01,3.109476522597138803e-01,1.684068398608074002e-01,2.389694169253583578e+00,0.000000000000000000e+00,1.000000000000000000e+00,1.684040770868899806e-01
-7.875000000000000000e+01,3.111792687002963853e-01,1.728973133010874019e-01,2.400609922525892337e+00,0.000000000000000000e+00,1.000000000000000000e+00,1.728944718145987991e-01
-7.850000000000000000e+01,3.114171638011442034e-01,1.773945674750377344e-01,2.411637906248802032e+00,0.000000000000000000e+00,1.000000000000000000e+00,1.773916467579963185e-01
-7.824999999999998579e+01,3.116613610424050496e-01,1.818987893999112482e-01,2.422775858278131356e+00,0.000000000000000000e+00,1.000000000000000000e+00,1.818957889187488297e-01
-7.800000000000000000e+01,3.119118845707900545e-01,1.864101672044009561e-01,2.434021539033613735e+00,0.000000000000000000e+00,1.000000000000000000e+00,1.864070864098276992e-01
-7.775000000000000000e+01,3.121687592054984139e-01,1.909288901613105938e-01,2.445372732197061083e+00,0.000000000000000000e+00,1.000000000000000000e+00,1.909257284881613892e-01
-7.750000000000000000e+01,3.124320104443243373e-01,1.954551487207274452e-01,2.456827245362181333e+00,0.000000000000000000e+00,1.000000000000000000e+00,1.954519055876804412e-01
-7.724999999999998579e+01,3.127016644699478487e-01,1.999891345433545686e-01,2.468382910637958894e+00,0.000000000000000000e+00,1.000000000000000000e+00,1.999858093527708824e-01
-7.700000000000000000e+01,3.129777481564129937e-01,2.045310405344543947e-01,2.480037585207458317e+00,0.000000000000000000e+00,1.000000000000000000e+00,2.045276326721477411e-01
-7.675000000000000000e+01,3.132602890757963943e-01,2.090810608781597801e-01,2.491789151843981642e+00,0.000000000000000000e+00,1.000000000000000000e+00,2.090775697131637689e-01
-7.650000000000000000e+01,3.135493155050692038e-01,2.136393910721731959e-01,2.503635519386468111e+00,0.000000000000000000e+00,1.000000000000000000e+00,2.136358159565636960e-01
-7.625000000000000000e+01,3.138448564331556279e-01,2.182062279630757606e-01,2.515574623176050739e+00,0.000000000000000000e+00,1.000000000000000000e+00,2.182025682317002280e-01
-7.599999999999998579e+01,3.141469415681918398e-01,2.227817697820191345e-01,2.527604425455669102e+00,0.000000000000000000e+00,1.000000000000000000e+00,2.227780247522251622e-01
-7.575000000000000000e+01,3.144556013449880116e-01,2.273662161807758209e-01,2.539722915734622166e+00,0.000000000000000000e+00,1.000000000000000000e+00,2.273623851522684758e-01
-7.550000000000000000e+01,3.147708669326974018e-01,2.319597682686073692e-01,2.551928111119937892e+00,0.000000000000000000e+00,1.000000000000000000e+00,2.319558505231237300e-01
-7.525000000000000000e+01,3.150927702426966626e-01,2.365626286494749431e-01,2.564218056616400343e+00,0.000000000000000000e+00,1.000000000000000000e+00,2.365586234504495067e-01
-7.499999999999998579e+01,3.154213439366801985e-01,2.411750014595441249e-01,2.576590825397069739e+00,0.000000000000000000e+00,1.000000000000000000e+00,2.411709080520068604e-01
-7.475000000000000000e+01,3.157566214349727951e-01,2.457970924057790718e-01,2.589044519046082904e+00,0.000000000000000000e+00,1.000000000000000000e+00,2.457929100159442770e-01
-7.450000000000000000e+01,3.160986369250657346e-01,2.504291088046620151e-01,2.601577267775518898e+00,0.000000000000000000e+00,1.000000000000000000e+00,2.504248366396507608e-01
-7.425000000000000000e+01,3.164474253703781770e-01,2.550712596215498063e-01,2.614187230618051139e+00,0.000000000000000000e+00,1.000000000000000000e+00,2.550668968691883753e-01
-7.400000000000000000e+01,3.168030225192506322e-01,2.597237555109079832e-01,2.626872595597098403e+00,0.000000000000000000e+00,1.000000000000000000e+00,2.597193013393238048e-01
-7.374999999999998579e+01,3.171654649141731896e-01,2.643868088567604691e-01,2.639631579876150269e+00,0.000000000000000000e+00,1.000000000000000000e+00,2.643822624141763389e-01
-7.350000000000000000e+01,3.175347899012537223e-01,2.690606338141962595e-01,2.652462429888877704e+00,0.000000000000000000e+00,1.000000000000000000e+00,2.690559942284963535e-01
-7.325000000000000000e+01,3.179110356399312831e-01,2.737454463511449498e-01,2.665363421451655501e+00,0.000000000000000000e+00,1.000000000000000000e+00,2.737407127295973797e-01
-7.300000000000000000e+01,3.182942411129379701e-01,2.784414642909973647e-01,2.678332859860033999e+00,0.000000000000000000e+00,1.000000000000000000e+00,2.784366357199551389e-01
-7.274999999999998579e+01,3.186844461365163084e-01,2.831489073560203851e-01,2.691369079970686862e+00,0.000000000000000000e+00,1.000000000000000000e+00,2.831439829004944175e-01
-7.250000000000000000e+01,3.190816913708955371e-01,2.878679972111743424e-01,2.704470446270325734e+00,0.000000000000000000e+00,1.000000000000000000e+00,2.878629759145825417e-01
-7.225000000000000000e+01,3.194860183310330171e-01,2.925989575090786055e-01,2.717635352933029935e+00,0.000000000000000000e+00,1.000000000000000000e+00,2.925938383927502717e-01
-7.200000000000000000e+01,3.198974693976264771e-01,2.973420139353073477e-01,2.730862223867395855e+00,0.000000000000000000e+00,1.000000000000000000e+00,2.973367959981585429e-01
-7.175000000000000000e+01,3.203160878284013191e-01,3.020973942546374413e-01,2.744149512754888498e+00,0.000000000000000000e+00,1.000000000000000000e+00,3.020920764728306507e-01
-7.149999999999998579e+01,3.207419177696806956e-01,3.068653283581219138e-01,2.757495703080742544e+00,0.000000000000000000e+00,1.000000000000000000e+00,3.068599096846756358e-01
-7.125000000000000000e+01,3.211750042682425255e-01,3.116460483110248258e-01,2.770899308158708774e+00,0.000000000000000000e+00,1.000000000000000000e+00,3.116405276753174691e-01
-7.100000000000000000e+01,3.216153932834715512e-01,3.164397884013880891e-01,2.784358871150941717e+00,0.000000000000000000e+00,1.000000000000000000e+00,3.164341647087606790e-01
-7.075000000000000000e+01,3.220631316998102678e-01,3.212467851895177695e-01,2.797872965084256425e+00,0.000000000000000000e+00,1.000000000000000000e+00,3.212410573209063536e-01
-7.049999999999998579e+01,3.225182673395179389e-01,3.260672775585108929e-01,2.811440192863984944e+00,0.000000000000000000e+00,1.000000000000000000e+00,3.260614443699491605e-01
-7.025000000000000000e+01,3.229808489757421963e-01,3.309015067655459719e-01,2.825059187286619977e+00,0.000000000000000000e+00,1.000000000000000000e+00,3.308955670876732591e-01
-7.000000000000000000e+01,3.234509263459119932e-01,3.357497164939550749e-01,2.838728611052408812e+00,0.000000000000000000e+00,1.000000000000000000e+00,3.357436691316784683e-01
-6.975000000000000000e+01,3.239285501654567967e-01,3.406121529066624132e-01,2.852447156779042370e+00,0.000000000000000000e+00,1.000000000000000000e+00,3.406059966385538429e-01
-6.950000000000000000e+01,3.244137721418627884e-01,3.454890647002467063e-01,2.866213547017554486e+00,0.000000000000000000e+00,1.000000000000000000e+00,3.454827982780324658e-01
-6.924999999999998579e+01,3.249066449890692376e-01,3.503807031598939470e-01,2.880026534271541205e+00,0.000000000000000000e+00,1.000000000000000000e+00,3.503743253081474385e-01
-6.900000000000000000e+01,3.254072224422169257e-01,3.552873222160604083e-01,2.893884901020773004e+00,0.000000000000000000e+00,1.000000000000000000e+00,3.552808316314196579e-01
-6.875000000000000000e+01,3.259155592727545070e-01,3.602091785013728509e-01,2.907787459750276415e+00,0.000000000000000000e+00,1.000000000000000000e+00,3.602025738521069664e-01
-6.850000000000000000e+01,3.264317113039109097e-01,3.651465314089958891e-01,2.921733052985941104e+00,0.000000000000000000e+00,1.000000000000000000e+00,3.651398113345385998e-01
-6.824999999999998579e+01,3.269557354265435478e-01,3.700996431522724506e-01,2.935720553337692440e+00,0.000000000000000000e+00,1.000000000000000000e+00,3.700928062625685189e-01
-6.800000000000000000e+01,3.274876896153703365e-01,3.750687788252125565e-01,2.949748863551274525e+00,0.000000000000000000e+00,1.000000000000000000e+00,3.750618237001758781e-01
-6.775000000000000000e+01,3.280276329455945050e-01,3.800542064643929185e-01,2.963816916569680160e+00,0.000000000000000000e+00,1.000000000000000000e+00,3.800471316532453847e-01
-6.750000000000000000e+01,3.285756256099322536e-01,3.850561971118305338e-01,2.977923675605247844e+00,0.000000000000000000e+00,1.000000000000000000e+00,3.850490011325590212e-01
-6.725000000000000000e+01,3.291317289360514708e-01,3.900750248793056207e-01,2.992068134223471620e+00,0.000000000000000000e+00,1.000000000000000000e+00,3.900677062180296084e-01
-6.699999999999998579e+01,3.296960054044333899e-01,3.951109670139553720e-01,3.006249316439555397e+00,0.000000000000000000e+00,1.000000000000000000e+00,3.951035241242152884e-01
-6.675000000000000000e+01,3.302685186666654005e-01,4.001643039649249722e-01,3.020466276828747354e+00,0.000000000000000000e+00,1.000000000000000000e+00,4.001567352671435707e-01
-6.650000000000000000e+01,3.308493335641767841e-01,4.052353194518373281e-01,3.034718100651525585e+00,0.000000000000000000e+00,1.000000000000000000e+00,4.052276233324875188e-01
-6.625000000000000000e+01,3.314385161474283081e-01,4.103243005341541960e-01,3.049003903994674580e+00,0.000000000000000000e+00,1.000000000000000000e+00,4.103164753451239433e-01
-6.599999999999998579e+01,3.320361336955653386e-01,4.154315376821836048e-01,3.063322833929360112e+00,0.000000000000000000e+00,1.000000000000000000e+00,4.154235817401168984e-01
-6.575000000000000000e+01,3.326422547365481264e-01,4.205573248496960459e-01,3.077674068687284326e+00,0.000000000000000000e+00,1.000000000000000000e+00,4.205492364351619550e-01
-6.550000000000000000e+01,3.332569490677694257e-01,4.257019595478107044e-01,3.092056817856062345e+00,0.000000000000000000e+00,1.000000000000000000e+00,4.256937369045347697e-01
-6.524999999999998579e+01,3.338802877771727129e-01,4.308657429203568978e-01,3.106470322594956812e+00,0.000000000000000000e+00,1.000000000000000000e+00,4.308573842545821431e-01
-6.500000000000000000e+01,3.345123432648823836e-01,4.360489798212530688e-01,3.120913855872160525e+00,0.000000000000000000e+00,1.000000000000000000e+00,4.360404833007969216e-01
-6.474999999999998579e+01,3.351531892653614175e-01,4.412519788931351661e-01,3.135386722724855080e+00,0.000000000000000000e+00,1.000000000000000000e+00,4.412433426465293129e-01
-6.450000000000001421e+01,3.358029008701063356e-01,4.464750526475771419e-01,3.149888260543274310e+00,0.000000000000000000e+00,1.000000000000000000e+00,4.464662747633644790e-01
-6.425000000000000000e+01,3.364615545508966021e-01,4.517185175474695003e-01,3.164417839380114561e+00,0.000000000000000000e+00,1.000000000000000000e+00,4.517095960732296356e-01
-6.399999999999998579e+01,3.371292281836106852e-01,4.569826940907171786e-01,3.178974862286594760e+00,0.000000000000000000e+00,1.000000000000000000e+00,4.569736270322632965e-01
-6.375000000000000711e+01,3.378060010726242068e-01,4.622679068961710880e-01,3.193558765676607347e+00,0.000000000000000000e+00,1.000000000000000000e+00,4.622586922165068946e-01
-6.349999999999999289e+01,3.384919539758058371e-01,4.675744847910295876e-01,3.208169019720410908e+00,0.000000000000000000e+00,1.000000000000000000e+00,4.675651204094667390e-01
-6.325000000000000711e+01,3.391871691301249214e-01,4.729027609004173849e-01,3.222805128769364647e+00,0.000000000000000000e+00,1.000000000000000000e+00,4.728932446915904975e-01
-6.300000000000000000e+01,3.398917302778893812e-01,4.782530727388316083e-01,3.237466631813346485e+00,0.000000000000000000e+00,1.000000000000000000e+00,4.782434025317273130e-01
-6.274999999999999289e+01,3.406057226936278215e-01,4.836257623036488984e-01,3.252153102972483278e+00,0.000000000000000000e+00,1.000000000000000000e+00,4.836159358806101372e-01
-6.250000000000000711e+01,3.413292332116358296e-01,4.890211761709464811e-01,3.266864152024968604e+00,0.000000000000000000e+00,1.000000000000000000e+00,4.890111912664313887e-01
-6.224999999999999289e+01,3.420623502542020633e-01,4.944396655929302886e-01,3.281599424972827084e+00,0.000000000000000000e+00,1.000000000000000000e+00,4.944295198925652834e-01
-6.199999999999998579e+01,3.428051638605329465e-01,4.998815865979320816e-01,3.296358604647513069e+00,0.000000000000000000e+00,1.000000000000000000e+00,4.998712777374913485e-01
-6.175000000000000000e+01,3.435577657163954024e-01,5.053473000929499248e-01,3.311141411357458875e+00,0.000000000000000000e+00,1.000000000000000000e+00,5.053368256569946704e-01
-6.149999999999999289e+01,3.443202491844973845e-01,5.108371719678983514e-01,3.325947603579683332e+00,0.000000000000000000e+00,1.000000000000000000e+00,5.108265294886995544e-01
-6.125000000000000711e+01,3.450927093356241926e-01,5.163515732027331717e-01,3.340776978697751254e+00,0.000000000000000000e+00,1.000000000000000000e+00,5.163407601589992124e-01
-6.100000000000000000e+01,3.458752429805548867e-01,5.218908799767936202e-01,3.355629373788524550e+00,0.000000000000000000e+00,1.000000000000000000e+00,5.218798937924645776e-01
-6.074999999999998579e+01,3.466679487027759521e-01,5.274554737806819160e-01,3.370504666460216292e+00,0.000000000000000000e+00,1.000000000000000000e+00,5.274443118237837069e-01
-6.050000000000000000e+01,3.474709268920186389e-01,5.330457415313798464e-01,3.385402775744506876e+00,0.000000000000000000e+00,1.000000000000000000e+00,5.330344011123241410e-01
-6.024999999999999289e+01,3.482842797786404598e-01,5.386620756888473860e-01,3.400323663045567102e+00,0.000000000000000000e+00,1.000000000000000000e+00,5.386505540593826691e-01
-6.000000000000000711e+01,3.491081114688732168e-01,5.443048743764745678e-01,3.415267333149043516e+00,0.000000000000000000e+00,1.000000000000000000e+00,5.442931687281977737e-01
-5.975000000000000000e+01,3.499425279809664779e-01,5.499745415040094842e-01,3.430233835294284273e+00,0.000000000000000000e+00,1.000000000000000000e+00,5.499626489668203444e-01
-5.949999999999998579e+01,3.507876372822461009e-01,5.556714868930880957e-01,3.445223264313212130e+00,0.000000000000000000e+00,1.000000000000000000e+00,5.556594045339051657e-01
-5.925000000000000711e+01,3.516435493271184431e-01,5.613961264065386869e-01,3.460235761839571378e+00,0.000000000000000000e+00,1.000000000000000000e+00,5.613838512275276527e-01
-5.899999999999999289e+01,3.525103760960449084e-01,5.671488820799719388e-01,3.475271517592445569e+00,0.000000000000000000e+00,1.000000000000000000e+00,5.671364110171054351e-01
-5.875000000000000711e+01,3.533882316355144160e-01,5.729301822570580516e-01,3.490330770738211630e+00,0.000000000000000000e+00,1.000000000000000000e+00,5.729175121785121672e-01
-5.850000000000000000e+01,3.542772320990442703e-01,5.787404617281565189e-01,3.505413811335436058e+00,0.000000000000000000e+00,1.000000000000000000e+00,5.787275894324934722e-01
-5.824999999999999289e+01,3.551774957892376294e-01,5.845801618718292625e-01,3.520520981867420574e+00,0.000000000000000000e+00,1.000000000000000000e+00,5.845670840864622964e-01
-5.800000000000000711e+01,3.560891432009282709e-01,5.904497308004754696e-01,3.535652678867539311e+00,0.000000000000000000e+00,1.000000000000000000e+00,5.904364441797933516e-01
-5.774999999999999289e+01,3.570122970654464045e-01,5.963496235092804465e-01,3.550809354642781468e+00,0.000000000000000000e+00,1.000000000000000000e+00,5.963361246327126830e-01
-5.749999999999998579e+01,3.579470823960355652e-01,6.022803020285446562e-01,3.565991519101323171e+00,0.000000000000000000e+00,1.000000000000000000e+00,6.022665873988852780e-01
-5.725000000000000000e+01,3.588936265344563892e-01,6.082422355804781855e-01,3.581199741690386240e+00,0.000000000000000000e+00,1.000000000000000000e+00,6.082283016218238414e-01
-5.699999999999999289e+01,3.598520591988126349e-01,6.142359007394677661e-01,3.596434653451053620e+00,0.000000000000000000e+00,1.000000000000000000e+00,6.142217437952283143e-01
-5.675000000000000711e+01,3.608225125326341987e-01,6.202617815965705272e-01,3.611696949197195750e+00,0.000000000000000000e+00,1.000000000000000000e+00,6.202473979273700477e-01
-5.650000000000000000e+01,3.618051211552569257e-01,6.263203699280647241e-01,3.626987389826223929e+00,0.000000000000000000e+00,1.000000000000000000e+00,6.263057557096577410e-01
-5.624999999999998579e+01,3.628000222135356334e-01,6.324121653682950317e-01,3.642306804769900541e+00,0.000000000000000000e+00,1.000000000000000000e+00,6.323973166894973907e-01
-5.600000000000000000e+01,3.638073554349331440e-01,6.385376755874280219e-01,3.657656094594079033e+00,0.000000000000000000e+00,1.000000000000000000e+00,6.385225884475910219e-01
-5.574999999999999289e+01,3.648272631820260736e-01,6.446974164729577517e-01,3.673036233756924229e+00,0.000000000000000000e+00,1.000000000000000000e+00,6.446820867798055410e-01
-5.550000000000000711e+01,3.658598905084689545e-01,6.508919123165123333e-01,3.688448273535828825e+00,0.000000000000000000e+00,1.000000000000000000e+00,6.508763358837488244e-01
-5.525000000000000000e+01,3.669053852164648744e-01,6.571216960054626632e-01,3.703893345134118498e+00,0.000000000000000000e+00,1.000000000000000000e+00,6.571058685502138008e-01
-5.499999999999998579e+01,3.679638979157853207e-01,6.633873092192248411e-01,3.719372662979384625e+00,0.000000000000000000e+00,1.000000000000000000e+00,6.633712263596207581e-01
-5.475000000000000711e+01,3.690355820843898016e-01,6.696893026312649155e-01,3.734887528226312092e+00,0.000000000000000000e+00,1.000000000000000000e+00,6.696729598836387298e-01
-5.449999999999999289e+01,3.701205941306940361e-01,6.760282361159066777e-01,3.750439332477811138e+00,0.000000000000000000e+00,1.000000000000000000e+00,6.760116288921315109e-01
-5.425000000000000711e+01,3.712190934575373968e-01,6.824046789608969599e-01,3.766029561739372866e+00,0.000000000000000000e+00,1.000000000000000000e+00,6.823878025656009427e-01
-5.400000000000000000e+01,3.723312425279045601e-01,6.888192100856675992e-01,3.781659800622829248e+00,0.000000000000000000e+00,1.000000000000000000e+00,6.888020597133089895e-01
-5.374999999999999289e+01,3.734572069324550991e-01,6.952724182652142426e-01,3.797331736816898839e+00,0.000000000000000000e+00,1.000000000000000000e+00,6.952549889972484687e-01
-5.350000000000000711e+01,3.745971554589190844e-01,7.017649023606494785e-01,3.813047165843444830e+00,0.000000000000000000e+00,1.000000000000000000e+00,7.017471891621588354e-01
-5.324999999999999289e+01,3.757512601634193650e-01,7.082972715551466569e-01,3.828807996119864221e+00,0.000000000000000000e+00,1.000000000000000000e+00,7.082792692717813088e-01
-5.299999999999998579e+01,3.769196964437780961e-01,7.148701455966772755e-01,3.844616254349750406e+00,0.000000000000000000e+00,1.000000000000000000e+00,7.148518489515414132e-01
-5.275000000000000000e+01,3.781026431148765132e-01,7.214841550479047516e-01,3.860474091265876151e+00,0.000000000000000000e+00,1.000000000000000000e+00,7.214655586378893037e-01
-5.249999999999999289e+01,3.793002824861307354e-01,7.281399415420845012e-01,3.876383787751572996e+00,0.000000000000000000e+00,1.000000000000000000e+00,7.281210398344983847e-01
-5.225000000000000711e+01,3.805128004411529319e-01,7.348381580466680774e-01,3.892347761368824877e+00,0.000000000000000000e+00,1.000000000000000000e+00,7.348189453755489264e-01
-5.200000000000000000e+01,3.817403865196705159e-01,7.415794691339143707e-01,3.908368573323932615e+00,0.000000000000000000e+00,1.000000000000000000e+00,7.415599396963391543e-01
-5.174999999999998579e+01,3.829832340017749193e-01,7.483645512591002857e-01,3.924448935904242042e+00,0.000000000000000000e+00,1.000000000000000000e+00,7.483446991114516278e-01
-5.150000000000000000e+01,3.842415399945792176e-01,7.551940930471191527e-01,3.940591720422502942e+00,0.000000000000000000e+00,1.000000000000000000e+00,7.551739121007372546e-01
-5.124999999999999289e+01,3.855155055213637105e-01,7.620687955860617757e-01,3.956799965708701183e+00,0.000000000000000000e+00,1.000000000000000000e+00,7.620482796033777317e-01
-5.100000000000000711e+01,3.868053356132891141e-01,7.689893727300701753e-01,3.973076887192799944e+00,0.000000000000000000e+00,1.000000000000000000e+00,7.689685153202788781e-01
-5.075000000000000000e+01,3.881112394037694036e-01,7.759565514105501993e-01,3.989425886625966200e+00,0.000000000000000000e+00,1.000000000000000000e+00,7.759353460251056100e-01
-5.049999999999998579e+01,3.894334302255865188e-01,7.829710719558926613e-01,4.005850562492152100e+00,0.000000000000000000e+00,1.000000000000000000e+00,7.829495118842191292e-01
-5.025000000000000711e+01,3.907721257108451862e-01,7.900336884214832489e-01,4.022354721166956359e+00,0.000000000000000000e+00,1.000000000000000000e+00,7.900117667858408410e-01
-4.999999999999999289e+01,3.921275478938621717e-01,7.971451689279264174e-01,4.038942388886058055e+00,0.000000000000000000e+00,1.000000000000000000e+00,7.971228786787533105e-01
-4.974999999999998579e+01,3.934999233170874966e-01,8.043062960098437131e-01,4.055617824591567278e+00,0.000000000000000000e+00,1.000000000000000000e+00,8.042836299208484530e-01
-4.950000000000000000e+01,3.948894831401664751e-01,8.115178669752859397e-01,4.072385533731400997e+00,0.000000000000000000e+00,1.000000000000000000e+00,8.114948176378905531e-01
-4.924999999999999289e+01,3.962964632522472108e-01,8.187806942746955752e-01,4.089250283094199467e+00,0.000000000000000000e+00,1.000000000000000000e+00,8.187572540928254039e-01
-4.900000000000000711e+01,3.977211043876459073e-01,8.260956058815516201e-01,4.106217116770626063e+00,0.000000000000000000e+00,1.000000000000000000e+00,8.260717670660067125e-01
-4.874999999999999289e+01,3.991636522449894531e-01,8.334634456841005790e-01,4.123291373341202437e+00,0.000000000000000000e+00,1.000000000000000000e+00,8.334392002467316818e-01
-4.849999999999998579e+01,4.006243576099534631e-01,8.408850738886646248e-01,4.140478704401092891e+00,0.000000000000000000e+00,1.000000000000000000e+00,8.408604136364677961e-01
-4.825000000000000000e+01,4.021034764817251195e-01,8.483613674355215961e-01,4.157785094543900328e+00,0.000000000000000000e+00,1.000000000000000000e+00,8.483362839641944708e-01
-4.799999999999999289e+01,4.036012702033210386e-01,8.558932204265652377e-01,4.175216882939457363e+00,0.000000000000000000e+00,1.000000000000000000e+00,8.558677051142877801e-01
-4.775000000000000711e+01,4.051180055958957249e-01,8.634815445667227696e-01,4.192780786655053937e+00,0.000000000000000000e+00,1.000000000000000000e+00,8.634555885673840248e-01
-4.750000000000000000e+01,4.066539550971871031e-01,8.711272696184636510e-01,4.210483925885972312e+00,0.000000000000000000e+00,1.000000000000000000e+00,8.711008638547091953e-01
-4.724999999999998579e+01,4.082093969042422388e-01,8.788313438700002811e-01,4.228333851279396427e+00,0.000000000000000000e+00,1.000000000000000000e+00,8.788044790263312978e-01
-4.700000000000000000e+01,4.097846151205820631e-01,8.865947346188959299e-01,4.246338573556515783e+00,0.000000000000000000e+00,1.000000000000000000e+00,8.865674011338647853e-01
-4.674999999999999289e+01,4.113798999079650853e-01,8.944184286693590558e-01,4.264506595660899180e+00,0.000000000000000000e+00,1.000000000000000000e+00,8.943906167281399089e-01
-4.650000000000000711e+01,4.129955476429140737e-01,9.023034328460851627e-01,4.282846947687534822e+00,0.000000000000000000e+00,1.000000000000000000e+00,9.022751323723768868e-01
-4.625000000000000000e+01,4.146318610781876135e-01,9.102507745237252701e-01,4.301369224876800956e+00,0.000000000000000000e+00,1.000000000000000000e+00,9.102219751714581975e-01
-4.599999999999998579e+01,4.162891495093696825e-01,9.182615021728542937e-01,4.320083628991364222e+00,0.000000000000000000e+00,1.000000000000000000e+00,9.182321933178642093e-01
-4.575000000000000711e+01,4.179677289467751411e-01,9.263366859241786155e-01,4.339001013432486786e+00,0.000000000000000000e+00,1.000000000000000000e+00,9.263068566549151894e-01
-4.549999999999999289e+01,4.196679222928642039e-01,9.344774181494398535e-01,4.358132932495910161e+00,0.000000000000000000e+00,1.000000000000000000e+00,9.344470572579547385e-01
-4.524999999999998579e+01,4.213900595253723957e-01,9.426848140616870264e-01,4.377491695217353929e+00,0.000000000000000000e+00,1.000000000000000000e+00,9.426539100341412292e-01
-4.500000000000000000e+01,4.231344778863736500e-01,9.509600123351439338e-01,4.397090424314711754e+00,0.000000000000000000e+00,1.000000000000000000e+00,9.509285533415663405e-01
-4.474999999999999289e+01,4.249015220774995938e-01,9.593041757442318795e-01,4.416943120799224687e+00,0.000000000000000000e+00,1.000000000000000000e+00,9.592721496284218885e-01
-4.450000000000000711e+01,4.266915444615474451e-01,9.677184918242281997e-01,4.437064734902878449e+00,0.000000000000000000e+00,1.000000000000000000e+00,9.676858860929735684e-01
-4.424999999999999289e+01,4.285049052707258777e-01,9.762041735533213416e-01,4.457471244055403403e+00,0.000000000000000000e+00,1.000000000000000000e+00,9.761709753651609534e-01
-4.399999999999998579e+01,4.303419728217885432e-01,9.847624600567405073e-01,4.478179738743547134e+00,0.000000000000000000e+00,1.000000000000000000e+00,9.847286562106301044e-01
-4.375000000000000000e+01,4.322031237383260338e-01,9.933946173351573261e-01,4.499208517200076862e+00,0.000000000000000000e+00,1.000000000000000000e+00,9.933601942580887467e-01
-4.349999999999999289e+01,4.340887431804941188e-01,1.002101939016106780e+00,4.520577190002867951e+00,0.000000000000000000e+00,1.000000000000000000e+00,1.002066882750889176e+00
-4.325000000000000711e+01,4.359992250824653026e-01,1.010885747131520018e+00,4.542306795818731757e+00,0.000000000000000000e+00,1.000000000000000000e+00,1.010850043323771263e+00
-4.300000000000000000e+01,4.379349723979150677e-01,1.019747392921417806e+00,4.564419929706401646e+00,0.000000000000000000e+00,1.000000000000000000e+00,1.019711026805788068e+00
-4.274999999999998579e+01,4.398963973538532746e-01,1.028688257663856298e+00,4.586940885602706963e+00,0.000000000000000000e+00,1.000000000000000000e+00,1.028651214050419149e+00
-4.250000000000000000e+01,4.418839217131366182e-01,1.037709753534715063e+00,4.609895814861625141e+00,0.000000000000000000e+00,1.000000000000000000e+00,1.037672016793976804e+00
-4.224999999999999289e+01,4.438979770460118601e-01,1.046813324495619923e+00,4.633312903004018324e+00,0.000000000000000000e+00,1.000000000000000000e+00,1.046774878543434761e+00
-4.200000000000000711e+01,4.459390050110461634e-01,1.056000447213069071e+00,4.657222567175302252e+00,0.000000000000000000e+00,1.000000000000000000e+00,1.055961275494852192e+00
-4.175000000000000000e+01,4.480074576458341618e-01,1.065272632009400144e+00,4.681657677209248192e+00,0.000000000000000000e+00,1.000000000000000000e+00,1.065232717483658442e+00
-4.149999999999998579e+01,4.501037976678704533e-01,1.074631423846753808e+00,4.706653803671037473e+00,0.000000000000000000e+00,1.000000000000000000e+00,1.074590748968066389e+00
-4.125000000000000711e+01,4.522284987860128447e-01,1.084078403346221853e+00,4.732249496817718892e+00,0.000000000000000000e+00,1.000000000000000000e+00,1.084036950047002623e+00
-4.099999999999999289e+01,4.543820460229666680e-01,1.093615187841707526e+00,4.758486601088129930e+00,0.000000000000000000e+00,1.000000000000000000e+00,1.093572937513962673e+00
-4.074999999999998579e+01,4.565649360492483044e-01,1.103243432472192032e+00,4.785410610541482868e+00,0.000000000000000000e+00,1.000000000000000000e+00,1.103200365948275863e+00
-4.050000000000000000e+01,4.587776775291093623e-01,1.112964831313433045e+00,4.813071071634305476e+00,0.000000000000000000e+00,1.000000000000000000e+00,1.112920928845357871e+00
-4.024999999999999289e+01,4.610207914789223871e-01,1.122781118548865864e+00,4.841522040896468759e+00,0.000000000000000000e+00,1.000000000000000000e+00,1.122736359787585902e+00
-4.000000000000000711e+01,4.632948116385492976e-01,1.132694069683925386e+00,4.870822606486549411e+00,0.000000000000000000e+00,1.000000000000000000e+00,1.132648433657487130e+00
-3.974999999999999289e+01,4.656002848562530438e-01,1.142705502804637563e+00,4.901037484334758609e+00,0.000000000000000000e+00,1.000000000000000000e+00,1.142658967895081146e+00
-3.949999999999998579e+01,4.679377714877225314e-01,1.152817279881548806e+00,4.932237701694448084e+00,0.000000000000000000e+00,1.000000000000000000e+00,1.152769823801224947e+00
-3.925000000000000000e+01,4.703078458098232661e-01,1.163031308122443708e+00,4.964501383519634992e+00,0.000000000000000000e+00,1.000000000000000000e+00,1.162982907888963080e+00
-3.899999999999999289e+01,4.727110964497082124e-01,1.173349541374504312e+00,4.997914660291885802e+00,0.000000000000000000e+00,1.000000000000000000e+00,1.173300173284955505e+00
-3.875000000000000711e+01,4.751481268299572180e-01,1.183773981579627543e+00,5.032572719899931712e+00,0.000000000000000000e+00,1.000000000000000000e+00,1.183723621183153885e+00
-3.850000000000000000e+01,4.776195556304509426e-01,1.194306680283361510e+00,5.068581031143907900e+00,0.000000000000000000e+00,1.000000000000000000e+00,1.194255302353039783e+00
-3.824999999999998579e+01,4.801260172677090377e-01,1.204949740201258557e+00,5.106056772674283373e+00,0.000000000000000000e+00,1.000000000000000000e+00,1.204897318704795994e+00
-3.800000000000000000e+01,4.826681623924768960e-01,1.215705316845690831e+00,5.145130509057440626e+00,0.000000000000000000e+00,1.000000000000000000e+00,1.215651824913973167e+00
-3.774999999999999289e+01,4.852466584063699906e-01,1.226575620213196771e+00,5.185948165682431110e+00,0.000000000000000000e+00,1.000000000000000000e+00,1.226521030108292942e+00
-3.750000000000000711e+01,4.878621899984306176e-01,1.237562916537969571e+00,5.228673367056974719e+00,0.000000000000000000e+00,1.000000000000000000e+00,1.237507199619367615e+00
-3.725000000000000000e+01,4.905154597025038754e-01,1.248669530113121651e+00,5.273490219594216377e+00,0.000000000000000000e+00,1.000000000000000000e+00,1.248612656802303933e+00
-3.699999999999998579e+01,4.932071884763734593e-01,1.259897845182376352e+00,5.320606641508847545e+00,0.000000000000000000e+00,1.000000000000000000e+00,1.259839784926249484e+00
-3.675000000000000711e+01,4.959381163036585827e-01,1.271250307907282551e+00,5.370258370643454349e+00,0.000000000000000000e+00,1.000000000000000000e+00,1.271191029139155049e+00
-3.649999999999999289e+01,4.987090028195226843e-01,1.282729428410879446e+00,5.422713818335883396e+00,0.000000000000000000e+00,1.000000000000000000e+00,1.282668898510174627e+00
-3.624999999999998579e+01,5.015206279612928197e-01,1.294337782903130174e+00,5.478279987211322144e+00,0.000000000000000000e+00,1.000000000000000000e+00,1.294275968153288270e+00
-3.600000000000000000e+01,5.043737926451623554e-01,1.306078015892191857e+00,5.537309737889207994e+00,0.000000000000000000e+00,1.000000000000000000e+00,1.306014881435974440e+00
-3.574999999999999289e+01,5.072693194701988206e-01,1.317952842483491649e+00,5.600210781055484865e+00,0.000000000000000000e+00,1.000000000000000000e+00,1.317888352276914699e+00
-3.550000000000000711e+01,5.102080534509496612e-01,1.329965050773336044e+00,5.667456897462643362e+00,0.000000000000000000e+00,1.000000000000000000e+00,1.329899167536946036e+00
-3.524999999999999289e+01,5.131908627800155775e-01,1.342117504339930711e+00,5.739602064511859503e+00,0.000000000000000000e+00,1.000000000000000000e+00,1.342050189507730584e+00
-3.499999999999998579e+01,5.162186396220227458e-01,1.354413144836478899e+00,5.817298417318878201e+00,0.000000000000000000e+00,1.000000000000000000e+00,1.354344358502808099e+00
-3.475000000000000000e+01,5.192923009405177037e-01,1.366854994692941139e+00,5.901319330219061854e+00,0.000000000000000000e+00,1.000000000000000000e+00,1.366784695556006346e+00
-3.449999999999999289e+01,5.224127893593875083e-01,1.379446159928980675e+00,5.992589427388655743e+00,0.000000000000000000e+00,1.000000000000000000e+00,1.379374305232424325e+00
-3.425000000000000711e+01,5.255810740604911491e-01,1.392189833086441730e+00,6.092224107985874326e+00,0.000000000000000000e+00,1.000000000000000000e+00,1.392116378557503475e+00
-3.400000000000000000e+01,5.287981517193026670e-01,1.405089296285351841e+00,6.201582348031386971e+00,0.000000000000000000e+00,1.000000000000000000e+00,1.405014196070044630e+00
-3.374999999999998579e+01,5.320650474804410335e-01,1.418147924409852934e+00,6.322338362979849080e+00,0.000000000000000000e+00,1.000000000000000000e+00,1.418071131005289365e+00
-3.350000000000000000e+01,5.353828159750977367e-01,1.431369188432097816e+00,6.456580603226386827e+00,0.000000000000000000e+00,1.000000000000000000e+00,1.431290652614633396e+00
-3.324999999999999289e+01,5.387525423824677251e-01,1.444756658878434186e+00,6.606951258191196885e+00,0.000000000000000000e+00,1.000000000000000000e+00,1.444676329628826750e+00
-3.300000000000000711e+01,5.421753435374204733e-01,1.458314009447634119e+00,6.776847338136906984e+00,0.000000000000000000e+00,1.000000000000000000e+00,1.458231833871958871e+00
-3.275000000000000000e+01,5.456523690867817189e-01,1.472045020787286829e+00,6.970718111570918474e+00,0.000000000000000000e+00,1.000000000000000000e+00,1.471960944033968710e+00
-3.249999999999998579e+01,5.491848026967254270e-01,1.485953584436953356e+00,7.194518437228192731e+00,0.000000000000000000e+00,1.000000000000000000e+00,1.485867549609817262e+00
-3.225000000000000711e+01,5.527738633139365199e-01,1.500043706948259059e+00,7.456424336564550615e+00,0.000000000000000000e+00,1.000000000000000000e+00,1.499955655014012956e+00
-3.199999999999999289e+01,5.564208064833587875e-01,1.514319514187877802e+00,7.768010491963632802e+00,0.000000000000000000e+00,1.000000000000000000e+00,1.514229383879659219e+00
-3.174999999999998579e+01,5.601269257255013789e-01,1.528785255835882095e+00,8.146287745688733040e+00,0.000000000000000000e+00,1.000000000000000000e+00,1.528692983551724449e+00
-3.150000000000000000e+01,5.638935539764817761e-01,1.543445310090020506e+00,8.617454378822040795e+00,0.000000000000000000e+00,1.000000000000000000e+00,1.543350829784900569e+00
-3.124999999999998934e+01,5.677220650941547930e-01,1.558304188584010763e+00,9.224368166990192464e+00,0.000000000000000000e+00,1.000000000000000000e+00,1.558207431656973840e+00
-3.100000000000000711e+01,5.716138754338919714e-01,1.573366541534424234e+00,1.004305316795123737e+01,0.000000000000000000e+00,0.000000000000000000e+00,1.573267436709324452e+00
-3.074999999999999645e+01,5.755704454978035622e-01,1.588637163127412766e+00,1.122478707738043546e+01,0.000000000000000000e+00,0.000000000000000000e+00,1.588535636326937395e+00
-3.049999999999998579e+01,5.795932816614207672e-01,1.604120997157907125e+00,1.312915329131353381e+01,0.000000000000000000e+00,0.000000000000000000e+00,1.604016971371011957e+00
-3.025000000000000000e+01,5.836839379821187057e-01,1.619823142936767990e+00,1.693489466892321715e+01,0.000000000000000000e+00,0.000000000000000000e+00,1.619716538078142198e+00
-2.999999999999999289e+01,5.878440180938313553e-01,6.504121229150940098e-02,3.213627815098323737e+01,0.000000000000000000e+00,0.000000000000000000e+00,1.635639594240900996e+00
-2.975000000000000711e+01,5.833502826247777273e-01,2.686762619391417584e+00,inf,1.000000000000000000e+00,0.000000000000000000e+00,3.667957530506147812e+00
-2.949999999999999645e+01,5.741665382978735632e-01,3.606833591669833528e+00,inf,1.000000000000000000e+00,0.000000000000000000e+00,3.605883508761277056e+00
-2.924999999999998579e+01,5.652780687972941420e-01,3.546637722446257079e+00,inf,1.000000000000000000e+00,0.000000000000000000e+00,3.545732542560028122e+00
-2.900000000000000355e+01,5.566710391572231575e-01,3.488277489519013841e+00,inf,1.000000000000000000e+00,0.000000000000000000e+00,3.487414443841470035e+00
-2.874999999999999289e+01,5.483324658972068555e-01,3.431668044172494714e+00,inf,1.000000000000000000e+00,0.000000000000000000e+00,3.430844573821065779e+00
-2.850000000000000711e+01,5.402501525160692264e-01,3.376729685373288881e+00,inf,1.000000000000000000e+00,0.000000000000000000e+00,3.375943422591088705e+00
-2.825000000000000000e+01,5.324126307624748033e-01,3.323387475079888187e+00,inf,1.000000000000000000e+00,0.000000000000000000e+00,3.322636226362529754e+00
-2.799999999999998934e+01,5.248091070875282593e-01,3.271570887546603856e+00,inf,1.000000000000000000e+00,0.000000000000000000e+00,3.270852618484138663e+00
-2.775000000000000355e+01,5.174294137536648019e-01,3.221213489174435285e+00,inf,1.000000000000000000e+00,0.000000000000000000e+00,3.220526310807547254e+00
-2.749999999999999289e+01,5.102639641342121557e-01,3.172252645839536811e+00,inf,1.000000000000000000e+00,0.000000000000000000e+00,3.171594802363267185e+00
-2.724999999999998579e+01,5.033037117904710644e-01,3.124629254991975191e+00,inf,1.000000000000000000e+00,0.000000000000000000e+00,3.123999112653844890e+00
-2.700000000000000000e+01,4.965401129590354956e-01,3.078287500112792063e+00,inf,1.000000000000000000e+00,0.000000000000000000e+00,3.077683537175203377e+00
-2.674999999999998934e+01,4.899650921223557831e-01,3.033174625376875433e+00,inf,1.000000000000000000e+00,0.000000000000000000e+00,3.032595423031792414e+00
-2.650000000000000711e+01,4.835710103708890095e-01,2.989240728613602904e+00,inf,1.000000000000000000e+00,0.000000000000000000e+00,2.988684962742762519e+00
-2.624999999999999645e+01,4.773506362962731675e-01,2.946438570850069549e+00,inf,1.000000000000000000e+00,0.000000000000000000e+00,2.945905004546024664e+00
-2.599999999999998579e+01,4.712971191824287809e-01,2.904723400909713593e+00,inf,1.000000000000000000e+00,0.000000000000000000e+00,2.904210877675527325e+00
-2.575000000000000000e+01,4.654039642856588888e-01,2.864052793697573929e+00,inf,1.000000000000000000e+00,0.000000000000000000e+00,2.863560231259616451e+00
-2.549999999999999289e+01,4.596650100162910091e-01,2.824386500935680999e+00,inf,1.000000000000000000e+00,0.000000000000000000e+00,2.823912885600829537e+00
-2.525000000000000711e+01,4.540744068533698052e-01,2.785686313252011992e+00,inf,1.000000000000000000e+00,0.000000000000000000e+00,2.785230694762658832e+00
-2.499999999999999645e+01,4.486265978407428801e-01,2.747915932622738922e+00,inf,1.000000000000000000e+00,0.000000000000000000e+00,2.747477419454777969e+00
-2.474999999999998579e+01,4.433163005278992763e-01,2.711040854272901868e+00,inf,1.000000000000000000e+00,0.000000000000000000e+00,2.710618609334854323e+00
-2.450000000000000355e+01,4.381384902322074115e-01,2.675028257230777307e+00,inf,1.000000000000000000e+00,0.000000000000000000e+00,2.674621493926777394e+00
-2.424999999999999289e+01,4.330883845111185293e-01,2.639846902798410611e+00,inf,1.000000000000000000e+00,0.000000000000000000e+00,2.639454881418773269e+00
-2.400000000000000711e+01,4.281614287435108746e-01,2.605467040284218605e+00,inf,1.000000000000000000e+00,0.000000000000000000e+00,2.605089064693757894e+00
-2.375000000000000000e+01,4.233532827288179479e-01,2.571860319395924410e+00,inf,1.000000000000000000e+00,0.000000000000000000e+00,2.571495733991575161e+00
-2.349999999999998934e+01,4.186598082211158145e-01,2.538999708750527606e+00,inf,1.000000000000000000e+00,0.000000000000000000e+00,2.538647895664368992e+00
-2.325000000000000355e+01,4.140770573229287099e-01,2.506859420011684492e+00,inf,1.000000000000000000e+00,0.000000000000000000e+00,2.506519796535582767e+00
-2.299999999999999289e+01,4.096012616703730291e-01,2.476865609067292695e+00,inf,1.000000000000000000e+00,0.000000000000000000e+00,2.475086853416235133e+00
-2.274999999999998579e+01,4.052236366426997805e-01,2.448279576053675299e+00,7.854751428378965556e+02,1.000000000000000000e+00,0.000000000000000000e+00,2.449072886106626878e+00
-2.250000000000000000e+01,4.009435493418411212e-01,2.416829008164113279e+00,4.973734486331460971e+02,1.000000000000000000e+00,0.000000000000000000e+00,2.414434428237814956e+00
-2.224999999999998934e+01,3.967674116910487880e-01,2.385244326894826461e+00,4.891894176314082188e+02,1.000000000000000000e+00,0.000000000000000000e+00,2.384945617043987109e+00
-2.200000000000000711e+01,3.926847628668553858e-01,2.356358805598627981e+00,4.813119100649985285e+02,1.000000000000000000e+00,0.000000000000000000e+00,2.356075545792633008e+00
-2.174999999999999645e+01,3.886925918119122358e-01,2.328063110547699655e+00,4.736919734197753655e+02,1.000000000000000000e+00,0.000000000000000000e+00,2.327781704791230588e+00
-2.149999999999998579e+01,3.847880129488804313e-01,2.300335087844126214e+00,4.662410051225733696e+02,1.000000000000000000e+00,0.000000000000000000e+00,2.300068415960697887e+00
-2.125000000000000000e+01,3.809682762070776274e-01,2.273159472643902834e+00,4.591131501486168531e+02,1.000000000000000000e+00,0.000000000000000000e+00,2.272894285790419744e+00
-2.099999999999999289e+01,3.772307229251082306e-01,2.246516945351641148e+00,4.520657564773216563e+02,1.000000000000000000e+00,0.000000000000000000e+00,2.246265680757041583e+00
-2.075000000000000711e+01,3.735728343563824438e-01,2.220391992998849151e+00,4.453602633727588227e+02,1.000000000000000000e+00,0.000000000000000000e+00,2.220154486753794565e+00
-2.049999999999999645e+01,3.699921607024108106e-01,2.194768149555421211e+00,4.387080956785151784e+02,1.000000000000000000e+00,0.000000000000000000e+00,2.194532017605395957e+00
-2.024999999999998579e+01,3.664863873545624595e-01,2.169630656008866953e+00,4.323889908929051558e+02,1.000000000000000000e+00,0.000000000000000000e+00,2.169408159447501205e+00
-2.000000000000000355e+01,3.630532543137400259e-01,2.144964788244379861e+00,4.261030955115445522e+02,1.000000000000000000e+00,0.000000000000000000e+00,2.144742910574232830e+00
-1.974999999999999289e+01,3.596906298539362945e-01,2.120755841673565900e+00,4.201241053343544536e+02,1.000000000000000000e+00,0.000000000000000000e+00,2.120535029439079455e+00
-1.950000000000000711e+01,3.563964288813902814e-01,2.096991817046042872e+00,4.141922575385010532e+02,1.000000000000000000e+00,0.000000000000000000e+00,2.096783844265037722e+00
-1.925000000000000000e+01,3.531686800581571584e-01,2.073657171106067398e+00,4.085074100935786987e+02,1.000000000000000000e+00,0.000000000000000000e+00,2.073450487659679098e+00
-1.899999999999998934e+01,3.500054628081785135e-01,2.050742930477200243e+00,4.029244069171883780e+02,1.000000000000000000e+00,0.000000000000000000e+00,2.050548892614960206e+00
-1.875000000000000355e+01,3.469049444516070779e-01,2.028232534259827524e+00,3.974971152715155540e+02,1.000000000000000000e+00,0.000000000000000000e+00,2.028040130947690756e+00
-1.849999999999999289e+01,3.438653605125836510e-01,2.006120018353304779e+00,3.922591191188891457e+02,1.000000000000000000e+00,0.000000000000000000e+00,2.005940163342531335e+00
-1.824999999999998579e+01,3.408849968288937826e-01,1.984390002895443539e+00,3.870567055553525506e+02,1.000000000000000000e+00,0.000000000000000000e+00,1.984209777037527322e+00
-1.800000000000000000e+01,3.379622312978929899e-01,1.963032124253961230e+00,3.820781694026861715e+02,1.000000000000000000e+00,0.000000000000000000e+00,1.962852435804736562e+00
-1.774999999999998934e+01,3.350954716451860493e-01,1.942039681576325227e+00,3.771587368020362305e+02,1.000000000000000000e+00,0.000000000000000000e+00,1.941872053999048386e+00
-1.750000000000000711e+01,3.322832030293021432e-01,1.921395495974006939e+00,3.723635982001324578e+02,1.000000000000000000e+00,0.000000000000000000e+00,1.921229988878300654e+00
-1.724999999999999645e+01,3.295239665961750553e-01,1.901098867035925455e+00,3.677629308959823788e+02,1.000000000000000000e+00,0.000000000000000000e+00,1.900931131528988738e+00
-1.699999999999998579e+01,3.268163288120298771e-01,1.881137036358667025e+00,3.631433978306888548e+02,1.000000000000000000e+00,0.000000000000000000e+00,1.880981168268102577e+00
-1.675000000000000000e+01,3.241589440287213075e-01,1.861493401326240527e+00,3.586877369960542410e+02,1.000000000000000000e+00,0.000000000000000000e+00,1.861341082525360013e+00
-1.649999999999999289e+01,3.215504982358652897e-01,1.842173712268975860e+00,3.544032309168152324e+02,1.000000000000000000e+00,0.000000000000000000e+00,1.842017447813072639e+00
-1.625000000000000711e+01,3.189896987540161155e-01,1.823162370685334599e+00,3.500636141478962031e+02,1.000000000000000000e+00,0.000000000000000000e+00,1.823018147616367823e+00
-1.599999999999999645e+01,3.164753424360233214e-01,1.804442998302813184e+00,3.458867981612506242e+02,1.000000000000000000e+00,0.000000000000000000e+00,1.804302530540322413e+00
-1.574999999999998757e+01,3.140062451676679522e-01,1.786024051158158876e+00,3.418629163969984575e+02,1.000000000000000000e+00,0.000000000000000000e+00,1.785879300363925504e+00
-1.550000000000000355e+01,3.115812410654741349e-01,1.767891123559562905e+00,3.377880479341641831e+02,1.000000000000000000e+00,0.000000000000000000e+00,1.767758914529381498e+00
-1.524999999999999289e+01,3.091992444162290909e-01,1.750027773317434088e+00,3.338370222304720301e+02,1.000000000000000000e+00,0.000000000000000000e+00,1.749897984050240440e+00
-1.500000000000000888e+01,3.068591893732232623e-01,1.732440173238919634e+00,3.300249109198494466e+02,1.000000000000000000e+00,0.000000000000000000e+00,1.732307738149884146e+00
-1.474999999999999822e+01,3.045600267311261433e-01,1.715120541976565161e+00,3.262099858153181344e+02,1.000000000000000000e+00,0.000000000000000000e+00,1.715001343172504633e+00
-1.449999999999998934e+01,3.023007632330202421e-01,1.698052249708079664e+00,3.224410001169650286e+02,1.000000000000000000e+00,0.000000000000000000e+00,1.697932107426321391e+00
-1.425000000000000355e+01,3.000804429340412915e-01,1.681232579532071281e+00,3.188002059761334408e+02,1.000000000000000000e+00,0.000000000000000000e+00,1.681113932440469805e+00
-1.399999999999999467e+01,2.978981264120487138e-01,1.664667457069411327e+00,3.152485442737358881e+02,1.000000000000000000e+00,0.000000000000000000e+00,1.664563027205287815e+00
-1.374999999999998401e+01,2.957528875645671906e-01,1.648339879214553827e+00,3.116233370038469275e+02,1.000000000000000000e+00,0.000000000000000000e+00,1.648228473565499286e+00
-1.350000000000000000e+01,2.936438751992327401e-01,1.632235867832794174e+00,3.081183601754868278e+02,1.000000000000000000e+00,0.000000000000000000e+00,1.632127191935409005e+00
-1.324999999999998934e+01,2.915702403474177418e-01,1.616365821735189057e+00,3.047259913057658878e+02,1.000000000000000000e+00,0.000000000000000000e+00,1.616253620612246866e+00
-1.300000000000000533e+01,2.895311449498338963e-01,1.600724150563452186e+00,3.013273100378372078e+02,1.000000000000000000e+00,0.000000000000000000e+00,1.600626813228933187e+00
-1.274999999999999645e+01,2.875257932694644247e-01,1.585293319367108600e+00,2.979300588032440373e+02,1.000000000000000000e+00,0.000000000000000000e+00,1.585192326515486583e+00
-1.249999999999998579e+01,2.855534285884417378e-01,1.570068473365080042e+00,2.946400296050180145e+02,1.000000000000000000e+00,0.000000000000000000e+00,1.569969886110012203e+00
-1.225000000000000178e+01,2.836133023364660333e-01,1.555060018934202315e+00,2.914506525686902592e+02,1.000000000000000000e+00,0.000000000000000000e+00,1.554954584199445877e+00
-1.199999999999999112e+01,2.817046659828065791e-01,1.540257512489312752e+00,2.882068836739302355e+02,1.000000000000000000e+00,0.000000000000000000e+00,1.540167105777523027e+00
-1.175000000000000711e+01,2.798268303504776178e-01,1.525643410627956165e+00,2.850067332603539398e+02,1.000000000000000000e+00,0.000000000000000000e+00,1.525551606657801207e+00
-1.149999999999999645e+01,2.779791214185369230e-01,1.511219073471979923e+00,2.819030781201519744e+02,1.000000000000000000e+00,0.000000000000000000e+00,1.511129397532439800e+00
-1.124999999999998757e+01,2.761608766459926478e-01,1.496993861907717438e+00,2.788901863994639143e+02,1.000000000000000000e+00,0.000000000000000000e+00,1.496896130800142499e+00
-1.100000000000000355e+01,2.743714286639273858e-01,1.482956335765240663e+00,2.758154643360720115e+02,1.000000000000000000e+00,0.000000000000000000e+00,1.482873700813856166e+00
-1.074999999999999289e+01,2.726101714112621477e-01,1.469089111540673676e+00,2.727896881665732849e+02,1.000000000000000000e+00,0.000000000000000000e+00,1.469005446725613506e+00
-1.050000000000000888e+01,2.708765060193713547e-01,1.455395620971420723e+00,2.698513079953680176e+02,1.000000000000000000e+00,0.000000000000000000e+00,1.455313845416014384e+00
-1.024999999999999822e+01,2.691698440081362609e-01,1.441883664396608866e+00,2.669952807632544136e+02,1.000000000000000000e+00,0.000000000000000000e+00,1.441795031464032206e+00
-9.999999999999989342e+00,2.674895933678478888e-01,1.428545442890865047e+00,2.641032135172250150e+02,1.000000000000000000e+00,0.000000000000000000e+00,1.428472046662823569e+00
-9.750000000000003553e+00,2.658352088668243240e-01,1.415363746699896508e+00,2.612323923706801452e+02,1.000000000000000000e+00,0.000000000000000000e+00,1.415287316601214096e+00
-9.499999999999994671e+00,2.642061620189420923e-01,1.402339176062752601e+00,2.584412021995458986e+02,1.000000000000000000e+00,0.000000000000000000e+00,1.402264428933043927e+00
-9.249999999999984013e+00,2.626019283817255245e-01,1.389477482482841086e+00,2.557251707311736197e+02,1.000000000000000000e+00,0.000000000000000000e+00,1.389399935063560632e+00
-9.000000000000000000e+00,2.610219879886396810e-01,1.376779998610495603e+00,2.530278554464202045e+02,1.000000000000000000e+00,0.000000000000000000e+00,1.376717818636161272e+00
-8.749999999999989342e+00,2.594658348045515428e-01,1.364229797447042314e+00,2.502960713819807950e+02,1.000000000000000000e+00,0.000000000000000000e+00,1.364159819511528982e+00
-8.500000000000005329e+00,2.579330080823708515e-01,1.351818907871931152e+00,2.476372062066175488e+02,1.000000000000000000e+00,0.000000000000000000e+00,1.351750433947225716e+00
-8.249999999999996447e+00,2.564230389803807686e-01,1.339553586077258052e+00,2.450472678768284425e+02,1.000000000000000000e+00,0.000000000000000000e+00,1.339486575159516857e+00
-7.999999999999985789e+00,2.549354714021990764e-01,1.327441747759060320e+00,2.425225514635858417e+02,1.000000000000000000e+00,0.000000000000000000e+00,1.327365239295995814e+00
-7.750000000000001776e+00,2.534698372733802940e-01,1.315472612679884579e+00,2.399461821048331274e+02,1.000000000000000000e+00,0.000000000000000000e+00,1.315411541325274714e+00
-7.499999999999991118e+00,2.520257227967417912e-01,1.303629096559793865e+00,2.374040738617185298e+02,1.000000000000000000e+00,0.000000000000000000e+00,1.303566239074623878e+00
-7.250000000000007105e+00,2.506027145279403068e-01,1.291916470011953644e+00,2.349256232888393470e+02,1.000000000000000000e+00,0.000000000000000000e+00,1.291854924898747647e+00
-6.999999999999997335e+00,2.492004032262625512e-01,1.280335167080786318e+00,2.325074859665942313e+02,1.000000000000000000e+00,0.000000000000000000e+00,1.280274899722937176e+00
-6.749999999999987566e+00,2.478183904240292557e-01,1.268897548429773314e+00,2.301465481932820865e+02,1.000000000000000000e+00,0.000000000000000000e+00,1.268823534539025299e+00
-6.500000000000002665e+00,2.464562556578272223e-01,1.257586173132879903e+00,2.277022603543837818e+02,1.000000000000000000e+00,0.000000000000000000e+00,1.257528470031603618e+00
-6.249999999999992895e+00,2.451136538620053706e-01,1.246383112431733053e+00,2.253165113043453402e+02,1.000000000000000000e+00,0.000000000000000000e+00,1.246326478609719679e+00
-6.000000000000008882e+00,2.437902170647901490e-01,1.235301148212232247e+00,2.229872641841490690e+02,1.000000000000000000e+00,0.000000000000000000e+00,1.235245664641295704e+00
-5.749999999999998224e+00,2.424855865102532038e-01,1.224338019998838734e+00,2.207116546740897434e+02,1.000000000000000000e+00,0.000000000000000000e+00,1.224283657295685446e+00
-5.499999999999988454e+00,2.411994125990054305e-01,1.213507434101655180e+00,2.184870091271901344e+02,1.000000000000000000e+00,0.000000000000000000e+00,1.213438145262836221e+00
-5.250000000000004441e+00,2.399313208839079503e-01,1.202791723227149223e+00,2.161804481405148124e+02,1.000000000000000000e+00,0.000000000000000000e+00,1.202740129865548679e+00
-4.999999999999994671e+00,2.386810123838881137e-01,1.192171728079292725e+00,2.139225600091123454e+02,1.000000000000000000e+00,0.000000000000000000e+00,1.192120557618993049e+00
-4.749999999999984013e+00,2.374481645553650766e-01,1.181661050148164138e+00,2.117157304505797413e+02,1.000000000000000000e+00,0.000000000000000000e+00,1.181610892065458884e+00
-4.500000000000000000e+00,2.362324616366190122e-01,1.171258212519978859e+00,2.095574470925139110e+02,1.000000000000000000e+00,0.000000000000000000e+00,1.171209041746944068e+00
-4.249999999999990230e+00,2.350335956891493328e-01,1.160974094410818447e+00,2.074453600108217302e+02,1.000000000000000000e+00,0.000000000000000000e+00,1.160912966025495319e+00
-4.000000000000005329e+00,2.338512398587651586e-01,1.150799237661700447e+00,2.052838575042369200e+02,1.000000000000000000e+00,0.000000000000000000e+00,1.150757528729136059e+00
-3.749999999999995559e+00,2.326851170503844712e-01,1.140713064193386694e+00,2.031309443560044201e+02,1.000000000000000000e+00,0.000000000000000000e+00,1.140666709215140573e+00
-3.499999999999985789e+00,2.315349527332698498e-01,1.130721299295369686e+00,2.010249699779370758e+02,1.000000000000000000e+00,0.000000000000000000e+00,1.130675838862586602e+00
-3.250000000000001332e+00,2.304004679469799366e-01,1.120827652546166897e+00,1.989636797063855909e+02,1.000000000000000000e+00,0.000000000000000000e+00,1.120783065170802173e+00
-2.999999999999991562e+00,2.292813904479745757e-01,1.111034901909304429e+00,1.969449613888382373e+02,1.000000000000000000e+00,0.000000000000000000e+00,1.110986579237843941e+00
-2.750000000000007105e+00,2.281774453324797725e-01,1.101352549329317476e+00,1.949373321428833492e+02,1.000000000000000000e+00,0.000000000000000000e+00,1.101325806222146042e+00
-2.499999999999997335e+00,2.270883509845792181e-01,1.091758339054887728e+00,1.928704105124017474e+02,1.000000000000000000e+00,0.000000000000000000e+00,1.091716244799193269e+00
-2.249999999999987121e+00,2.260138863147249932e-01,1.082239101295160211e+00,1.908473757195085057e+02,1.000000000000000000e+00,0.000000000000000000e+00,1.082197800415626743e+00
-2.000000000000002665e+00,2.249538040137187833e-01,1.072809351913252218e+00,1.888661580141194349e+02,1.000000000000000000e+00,0.000000000000000000e+00,1.072768825908160251e+00
-1.749999999999992895e+00,2.239078625661583555e-01,1.063467480780089236e+00,1.869248163540115684e+02,1.000000000000000000e+00,0.000000000000000000e+00,1.063427711684683308e+00
-1.500000000000008438e+00,2.228758260845092043e-01,1.054224270478107517e+00,1.850215284161404838e+02,1.000000000000000000e+00,0.000000000000000000e+00,1.054172884640371510e+00
-1.249999999999998668e+00,2.218574401165650245e-01,1.045075927484103495e+00,1.830854507374769469e+02,1.000000000000000000e+00,0.000000000000000000e+00,1.045047901565157700e+00
-9.999999999999886757e-01,2.208524844704368439e-01,1.035998267225006542e+00,1.811326040390108290e+02,1.000000000000000000e+00,0.000000000000000000e+00,1.035960662717697600e+00
-7.500000000000042188e-01,2.198607590942615597e-01,1.026992121916471268e+00,1.792194058042639142e+02,1.000000000000000000e+00,0.000000000000000000e+00,1.026955207547820992e+00
-4.999999999999943379e-01,2.188820490437155264e-01,1.018066338398567749e+00,1.773440404782392648e+02,1.000000000000000000e+00,0.000000000000000000e+00,1.018030098623280422e+00
-2.499999999999844569e-01,2.179161442543479932e-01,1.009219510402840747e+00,1.755048023429093291e+02,1.000000000000000000e+00,0.000000000000000000e+00,1.009183930112363736e+00
0.000000000000000000e+00,2.169628394066162314e-01,1.000466263309638615e+00,1.737000872249358565e+02,1.000000000000000000e+00,0.000000000000000000e+00,1.000415326901716417e+00
2.500000000000098810e-01,2.160219034999428245e-01,9.917962550693909529e-01,1.718504549038352707e+02,1.000000000000000000e+00,0.000000000000000000e+00,9.917690711487376909e-01
4.999999999999943379e-01,2.150931579333474619e-01,9.831848876511316560e-01,1.700032187243728004e+02,1.000000000000000000e+00,0.000000000000000000e+00,9.831511960647795201e-01
7.500000000000042188e-01,2.141764242681877262e-01,9.746400320324127842e-01,1.681918778399602843e+02,1.000000000000000000e+00,0.000000000000000000e+00,9.746069436516316964e-01
1.000000000000014211e+00,2.132715148840398645e-01,9.661675515800386416e-01,1.664148355107105317e+02,1.000000000000000000e+00,0.000000000000000000e+00,9.661350532706819427e-01
1.249999999999998668e+00,2.123782462949721783e-01,9.577662120255355793e-01,1.646705890504177887e+02,1.000000000000000000e+00,0.000000000000000000e+00,9.577342910109840624e-01
1.500000000000008438e+00,2.114964390390195736e-01,9.494492452823151130e-01,1.629577229140058137e+02,1.000000000000000000e+00,0.000000000000000000e+00,9.494034489662520615e-01
1.749999999999992895e+00,2.106258909196548346e-01,9.412094073195198529e-01,1.612136283165890518e+02,1.000000000000000000e+00,0.000000000000000000e+00,9.411871167017020756e-01
2.000000000000002665e+00,2.097664418939997610e-01,9.330224844997319078e-01,1.594667810773473775e+02,1.000000000000000000e+00,0.000000000000000000e+00,9.329922191385323638e-01
2.250000000000012879e+00,2.089179395797492456e-01,9.248935092121715051e-01,1.577523606084193659e+02,1.000000000000000000e+00,0.000000000000000000e+00,9.248637734546272249e-01
2.499999999999997335e+00,2.080802195586253789e-01,9.168298861628823015e-01,1.560689672902813356e+02,1.000000000000000000e+00,0.000000000000000000e+00,9.168006688545506933e-01
2.750000000000007105e+00,2.072531209348862091e-01,9.088305269852020585e-01,1.544152816990091708e+02,1.000000000000000000e+00,0.000000000000000000e+00,9.088018172664490413e-01
2.999999999999991562e+00,2.064364862442407411e-01,9.009013350203127768e-01,1.527900588745137327e+02,1.000000000000000000e+00,0.000000000000000000e+00,9.008661527456246487e-01
3.250000000000001332e+00,2.056301488099334940e-01,8.930496800977363314e-01,1.511663215762758625e+02,1.000000000000000000e+00,0.000000000000000000e+00,8.930375761707883830e-01
3.500000000000011102e+00,2.048339429140532963e-01,8.852520782107676789e-01,1.495144074534515823e+02,1.000000000000000000e+00,0.000000000000000000e+00,8.852248262109265742e-01
3.749999999999995559e+00,2.040477488915296567e-01,8.774989832713466775e-01,1.478917273529930867e+02,1.000000000000000000e+00,0.000000000000000000e+00,8.774721982466513470e-01
4.000000000000005329e+00,2.032714221340520266e-01,8.698050366929841459e-01,1.462970584897563526e+02,1.000000000000000000e+00,0.000000000000000000e+00,8.697787091249001845e-01
4.250000000000015099e+00,2.025048210503299917e-01,8.621692744903106664e-01,1.447292461657082185e+02,1.000000000000000000e+00,0.000000000000000000e+00,8.621433951049399802e-01
4.500000000000000000e+00,2.017478069905850602e-01,8.545907516029617179e-01,1.431871990429325479e+02,1.000000000000000000e+00,0.000000000000000000e+00,8.545653113633134845e-01
4.750000000000009770e+00,2.010002441733283740e-01,8.470830402340503440e-01,1.416698848108145796e+02,1.000000000000000000e+00,0.000000000000000000e+00,8.470435315136655152e-01
4.999999999999994671e+00,2.002619741825747146e-01,8.396377454979556676e-01,1.401304442366819956e+02,1.000000000000000000e+00,0.000000000000000000e+00,8.396202692786564059e-01
5.250000000000004441e+00,1.995328803121452499e-01,8.322322532081180002e-01,1.385944457995315702e+02,1.000000000000000000e+00,0.000000000000000000e+00,8.322080760770803609e-01
5.500000000000014211e+00,1.988128473883981340e-01,8.248732905124736003e-01,1.370836752546392461e+02,1.000000000000000000e+00,0.000000000000000000e+00,8.248495186584124950e-01
5.749999999999998224e+00,1.981017504015732400e-01,8.175671142990195150e-01,1.355971260967191085e+02,1.000000000000000000e+00,0.000000000000000000e+00,8.175437397672945528e-01
6.000000000000008882e+00,1.973994668759956606e-01,8.103128833585592217e-01,1.341338454525363773e+02,1.000000000000000000e+00,0.000000000000000000e+00,8.102898983925297394e-01
6.249999999999992895e+00,1.967058768089885723e-01,8.031097723305865577e-01,1.326929305218404238e+02,1.000000000000000000e+00,0.000000000000000000e+00,8.030871693658361288e-01
6.500000000000002665e+00,1.960208626115743646e-01,7.959706008566114210e-01,1.312735253021777737e+02,1.000000000000000000e+00,0.000000000000000000e+00,7.959347429722176681e-01
6.750000000000012434e+00,1.953442857361440133e-01,7.888883406564977108e-01,1.298378457678973916e+02,1.000000000000000000e+00,0.000000000000000000e+00,7.888739746879485093e-01
6.999999999999997335e+00,1.946760442781757527e-01,7.818409991046477714e-01,1.284042868685066594e+02,1.000000000000000000e+00,0.000000000000000000e+00,7.818194964709448413e-01
7.250000000000007105e+00,1.940160403203936568e-01,7.748341342853722891e-01,1.269926114318469956e+02,1.000000000000000000e+00,0.000000000000000000e+00,7.748129852488125913e-01
7.499999999999991118e+00,1.933641653586752052e-01,7.678744914840548441e-01,1.256019862205750002e+02,1.000000000000000000e+00,0.000000000000000000e+00,7.678536893602662117e-01
7.750000000000001776e+00,1.927203130311599955e-01,7.609613325462641908e-01,1.242316205530677280e+02,1.000000000000000000e+00,0.000000000000000000e+00,7.609408708123641674e-01
8.000000000000010658e+00,1.920843790684874652e-01,7.540939326626737715e-01,1.228807636006502833e+02,1.000000000000000000e+00,0.000000000000000000e+00,7.540738049528559195e-01
8.249999999999996447e+00,1.914562612454455692e-01,7.472755181393413437e-01,1.215487018912814676e+02,1.000000000000000000e+00,0.000000000000000000e+00,7.472517801516873615e-01
8.500000000000005329e+00,1.908358527543412009e-01,7.405200672143382734e-01,1.202255748455052640e+02,1.000000000000000000e+00,0.000000000000000000e+00,7.405194440641551523e-01
8.750000000000015987e+00,1.902230309821564269e-01,7.338042907059451059e-01,1.188778787932382954e+02,1.000000000000000000e+00,0.000000000000000000e+00,7.337851262768331218e-01
9.000000000000000000e+00,1.896177309527700694e-01,7.271126485706890241e-01,1.175495054637839161e+02,1.000000000000000000e+00,0.000000000000000000e+00,7.270937942240945917e-01
9.250000000000010658e+00,1.890198581503987896e-01,7.204633351835960653e-01,1.162397491010101334e+02,1.000000000000000000e+00,0.000000000000000000e+00,7.204447852743603997e-01
9.499999999999994671e+00,1.884293198815159276e-01,7.138556993394546968e-01,1.149479387198371967e+02,1.000000000000000000e+00,0.000000000000000000e+00,7.138374483550272709e-01
9.750000000000003553e+00,1.878460252340548864e-01,7.072891011261067673e-01,1.136734359791341831e+02,1.000000000000000000e+00,0.000000000000000000e+00,7.072711436829990372e-01
1.000000000000001421e+01,1.872698850377368107e-01,7.007629116620839316e-01,1.124156332112138870e+02,1.000000000000000000e+00,0.000000000000000000e+00,7.007452425025103571e-01
1.024999999999999822e+01,1.867008118254852023e-01,6.942833979958412671e-01,1.111739515944909158e+02,1.000000000000000000e+00,0.000000000000000000e+00,6.942591268299962426e-01
1.050000000000000888e+01,1.861387085781061046e-01,6.878611537126434472e-01,1.099343063979241322e+02,1.000000000000000000e+00,0.000000000000000000e+00,6.878623477961247623e-01
1.074999999999999289e+01,1.855834730972121815e-01,6.814705290268066040e-01,1.086755466047286518e+02,1.000000000000000000e+00,0.000000000000000000e+00,6.814536922625958892e-01
1.100000000000000355e+01,1.850350525264303214e-01,6.750996032984467599e-01,1.074335899151448785e+02,1.000000000000000000e+00,0.000000000000000000e+00,6.750830350128016466e-01
1.125000000000001243e+01,1.844933658360972673e-01,6.687661031449323445e-01,1.062078516194279132e+02,1.000000000000000000e+00,0.000000000000000000e+00,6.687497986583609277e-01
1.149999999999999645e+01,1.839583335222135518e-01,6.624694606675975983e-01,1.049977746703626309e+02,1.000000000000000000e+00,0.000000000000000000e+00,6.624534154074158687e-01
1.175000000000000711e+01,1.834298775737031317e-01,6.562091173497610619e-01,1.038028280617550649e+02,1.000000000000000000e+00,0.000000000000000000e+00,6.561933268473530978e-01
1.200000000000001776e+01,1.829079214405459064e-01,6.499845238450634444e-01,1.026225053213826328e+02,1.000000000000000000e+00,0.000000000000000000e+00,6.499689837331737996e-01
1.225000000000000178e+01,1.823923900027566714e-01,6.437954954376621242e-01,1.014563231089826445e+02,1.000000000000000000e+00,0.000000000000000000e+00,6.437798457813370678e-01
1.250000000000001066e+01,1.818832089740799185e-01,6.376684067141261680e-01,1.003032301447304064e+02,1.000000000000000000e+00,0.000000000000000000e+00,6.376809194431428685e-01
1.274999999999999645e+01,1.813802633063385517e-01,6.315751154057545058e-01,9.911914693163765833e+01,1.000000000000000000e+00,0.000000000000000000e+00,6.315602991015205614e-01
1.300000000000000533e+01,1.808835257364701521e-01,6.254879018620659314e-01,9.794998898433732393e+01,1.000000000000000000e+00,0.000000000000000000e+00,6.254733194768931082e-01
1.325000000000001599e+01,1.803929265604576060e-01,6.194338264657293092e-01,9.679525844965297665e+01,1.000000000000000000e+00,0.000000000000000000e+00,6.194194741004207527e-01
1.350000000000000000e+01,1.799083973612537746e-01,6.134123906699638917e-01,9.565448026911725776e+01,1.000000000000000000e+00,0.000000000000000000e+00,6.133982645119883115e-01
1.375000000000001066e+01,1.794298709823257953e-01,6.074231037619610696e-01,9.452720088844968416e+01,1.000000000000000000e+00,0.000000000000000000e+00,6.074092000835226157e-01
1.399999999999999467e+01,1.789572815018840024e-01,6.014654826910718066e-01,9.341298705506919475e+01,1.000000000000000000e+00,0.000000000000000000e+00,6.014517978467297521e-01
1.425000000000000355e+01,1.784905642077750099e-01,5.955390519004262195e-01,9.231142469663450356e+01,1.000000000000000000e+00,0.000000000000000000e+00,5.955255823251085490e-01
1.450000000000001421e+01,1.780296555730213059e-01,5.896576986589483482e-01,9.122211787424667762e+01,1.000000000000000000e+00,0.000000000000000000e+00,5.896300853701293976e-01
1.474999999999999822e+01,1.775744709292616796e-01,5.838230846439133037e-01,9.012504570752112443e+01,1.000000000000000000e+00,0.000000000000000000e+00,5.838266789151351777e-01
1.500000000000000888e+01,1.771249460442133328e-01,5.780037770543292597e-01,8.901834720638795773e+01,1.000000000000000000e+00,0.000000000000000000e+00,5.779909305208469350e-01
1.524999999999999289e+01,1.766810465907314442e-01,5.721971880524059362e-01,8.792473879147232196e+01,1.000000000000000000e+00,0.000000000000000000e+00,5.721845433270837944e-01
1.550000000000000355e+01,1.762427135403489831e-01,5.664195229773331119e-01,8.684380473434684689e+01,1.000000000000000000e+00,0.000000000000000000e+00,5.664070768676759959e-01
1.575000000000001243e+01,1.758098889367112061e-01,5.606703478621418713e-01,8.577514766362057230e+01,1.000000000000000000e+00,0.000000000000000000e+00,5.606580972449951572e-01
1.599999999999999645e+01,1.753825158746095403e-01,5.549492351687951297e-01,8.471838756542270232e+01,1.000000000000000000e+00,0.000000000000000000e+00,5.549371769885858008e-01
1.625000000000000711e+01,1.749605384795420993e-01,5.492557636499941776e-01,8.367316084950560651e+01,1.000000000000000000e+00,0.000000000000000000e+00,5.492438949171754015e-01
1.650000000000001776e+01,1.745439018877865400e-01,5.435895182144386828e-01,8.263911947594047547e+01,1.000000000000000000e+00,0.000000000000000000e+00,5.435778360039700274e-01
1.675000000000000000e+01,1.741325522269701609e-01,5.379754845873190305e-01,8.161593013781687489e+01,1.000000000000000000e+00,0.000000000000000000e+00,5.379385912451292162e-01
1.700000000000001066e+01,1.737263980073712188e-01,5.323971988942338696e-01,8.057468787710327263e+01,1.000000000000000000e+00,0.000000000000000000e+00,5.323952983929676197e-01
1.724999999999999645e+01,1.733254120810542587e-01,5.268192995220796204e-01,7.953475518274008493e+01,1.000000000000000000e+00,0.000000000000000000e+00,5.268081577545018490e-01
1.750000000000000711e+01,1.729295577081562674e-01,5.212576102553931889e-01,7.850654616716904854e+01,1.000000000000000000e+00,0.000000000000000000e+00,5.212466439572592813e-01
1.775000000000001421e+01,1.725387847870413216e-01,5.157211642209379443e-01,7.748970411541705516e+01,1.000000000000000000e+00,0.000000000000000000e+00,5.157103707666677028e-01
1.800000000000000000e+01,1.721530441174534687e-01,5.102095805397990347e-01,7.648388762510900563e+01,1.000000000000000000e+00,0.000000000000000000e+00,5.101989573596283911e-01
1.825000000000001066e+01,1.717722873837922715e-01,5.047224836314193608e-01,7.548876979799491949e+01,1.000000000000000000e+00,0.000000000000000000e+00,5.047120282102582900e-01
1.849999999999999289e+01,1.713964671387983307e-01,4.992595031020749530e-01,7.450403748298492701e+01,1.000000000000000000e+00,0.000000000000000000e+00,4.992492129782415966e-01
1.875000000000000355e+01,1.710255367876368504e-01,4.938202736357455991e-01,7.352939056686022923e+01,1.000000000000000000e+00,0.000000000000000000e+00,4.938101463997084384e-01
1.900000000000001421e+01,1.706594505723696698e-01,4.884400360302408872e-01,7.256454130915840040e+01,1.000000000000000000e+00,0.000000000000000000e+00,4.883944681805806320e-01
1.925000000000000000e+01,1.702981105365685977e-01,4.830862184491246381e-01,7.157641831132059451e+01,1.000000000000000000e+00,0.000000000000000000e+00,4.830798188056718012e-01
1.950000000000000711e+01,1.699415209890104139e-01,4.777191842884110917e-01,7.059609772245136128e+01,1.000000000000000000e+00,0.000000000000000000e+00,4.777095295182230972e-01
1.974999999999999289e+01,1.695896436523274542e-01,4.723710824678313269e-01,6.962645313418084925e+01,1.000000000000000000e+00,0.000000000000000000e+00,4.723615814775858346e-01
2.000000000000000355e+01,1.692424359584184801e-01,4.670449825603991134e-01,6.866717166481372203e+01,1.000000000000000000e+00,0.000000000000000000e+00,4.670356331836719166e-01
2.025000000000001421e+01,1.688998561040785384e-01,4.617405474929149323e-01,6.771795357725785891e+01,1.000000000000000000e+00,0.000000000000000000e+00,4.617313476088758528e-01
2.049999999999999645e+01,1.685618630375878557e-01,4.564574445724438045e-01,6.677851160141023001e+01,1.000000000000000000e+00,0.000000000000000000e+00,4.564483921047929327e-01
2.075000000000000711e+01,1.682284164456221975e-01,4.511953453949094084e-01,6.584857029873725764e+01,1.000000000000000000e+00,0.000000000000000000e+00,4.511864383109602805e-01
2.100000000000001776e+01,1.678994767404776989e-01,4.459563737443489329e-01,6.492786546598546238e+01,1.000000000000000000e+00,0.000000000000000000e+00,4.459451620655732751e-01
2.125000000000000000e+01,1.675750014608093919e-01,4.407794118780241632e-01,6.401426848551652427e+01,1.000000000000000000e+00,0.000000000000000000e+00,4.408127590860095868e-01
2.150000000000001066e+01,1.672548951393801053e-01,4.356200290596923819e-01,6.307834349637870019e+01,1.000000000000000000e+00,0.000000000000000000e+00,4.356115439982657933e-01
2.174999999999999645e+01,1.669391816595938716e-01,4.304384109292686000e-01,6.215257349875477644e+01,1.000000000000000000e+00,0.000000000000000000e+00,4.304300635697159150e-01
2.200000000000000711e+01,1.666278242042601720e-01,4.252762209996335252e-01,6.123666636105797068e+01,1.000000000000000000e+00,0.000000000000000000e+00,4.252680095129613425e-01
2.225000000000001421e+01,1.663207866225318576e-01,4.201331547263464361e-01,6.033034215934564770e+01,1.000000000000000000e+00,0.000000000000000000e+00,4.201250773218946910e-01
2.250000000000000000e+01,1.660180334188469387e-01,4.150089112685462212e-01,5.943333255186546182e+01,1.000000000000000000e+00,0.000000000000000000e+00,4.150009661931275962e-01
2.275000000000001066e+01,1.657195297421331093e-01,4.099031934118414489e-01,5.854538019236223079e+01,1.000000000000000000e+00,0.000000000000000000e+00,4.098953789490449306e-01
2.299999999999999289e+01,1.654252413752680673e-01,4.048157074930637811e-01,5.766623817934650731e+01,1.000000000000000000e+00,0.000000000000000000e+00,4.048080219624460852e-01
2.325000000000000355e+01,1.651351347247893842e-01,3.997555649329928573e-01,5.679566953875539781e+01,1.000000000000000000e+00,0.000000000000000000e+00,3.997386050827191339e-01
2.350000000000001421e+01,1.648491632624192738e-01,3.947539606414926516e-01,5.592765000367900541e+01,1.000000000000000000e+00,0.000000000000000000e+00,3.947876909903609288e-01
2.375000000000000000e+01,1.645672494402247721e-01,3.897602637604853371e-01,5.504346982410043410e+01,1.000000000000000000e+00,0.000000000000000000e+00,3.897529528261891585e-01
2.400000000000000711e+01,1.642894206854506323e-01,3.847424983792953057e-01,5.416877914179491427e+01,1.000000000000000000e+00,0.000000000000000000e+00,3.847353100312537744e-01
2.424999999999999289e+01,1.640156457906280785e-01,3.797415528628982351e-01,5.330331202538688729e+01,1.000000000000000000e+00,0.000000000000000000e+00,3.797344855892259008e-01
2.450000000000000355e+01,1.637458941241956012e-01,3.747571532936114780e-01,5.244681355353758789e+01,1.000000000000000000e+00,0.000000000000000000e+00,3.747502056142794635e-01
2.475000000000001421e+01,1.634801356215807300e-01,3.697890288193970143e-01,5.159903925743837760e+01,1.000000000000000000e+00,0.000000000000000000e+00,3.697821992856617501e-01
2.499999999999999645e+01,1.632183407764925265e-01,3.648369115899571247e-01,5.075975459755404273e+01,1.000000000000000000e+00,0.000000000000000000e+00,3.648301987835360638e-01
2.525000000000000711e+01,1.629604806324193023e-01,3.599005366933937244e-01,4.992873447217237270e+01,1.000000000000000000e+00,0.000000000000000000e+00,3.598939392260665504e-01
2.550000000000001776e+01,1.627065267743282861e-01,3.549990306435026333e-01,4.910576275551727576e+01,1.000000000000000000e+00,0.000000000000000000e+00,3.549731586077148893e-01
2.575000000000000000e+01,1.624564237911028386e-01,3.501512286516119676e-01,4.828113291017032083e+01,1.000000000000000000e+00,0.000000000000000000e+00,3.501835730241494860e-01
2.600000000000001066e+01,1.622101174674280000e-01,3.452988862362157407e-01,4.744630442735648757e+01,1.000000000000000000e+00,0.000000000000000000e+00,3.452926241270947716e-01
2.624999999999999645e+01,1.619676358439473274e-01,3.404225427918886604e-01,4.662043618774370657e+01,1.000000000000000000e+00,0.000000000000000000e+00,3.404163907876974760e-01
2.650000000000000711e+01,1.617289525813529472e-01,3.355606649961915822e-01,4.580328216746055148e+01,1.000000000000000000e+00,0.000000000000000000e+00,3.355546218497553190e-01
2.675000000000001421e+01,1.614940418433198910e-01,3.307130042522112845e-01,4.499460649948857593e+01,1.000000000000000000e+00,0.000000000000000000e+00,3.307070687432011602e-01
2.700000000000000000e+01,1.612628782893133217e-01,3.258793144947412790e-01,4.419418296282962899e+01,1.000000000000000000e+00,0.000000000000000000e+00,3.258734854289833116e-01
2.725000000000001066e+01,1.610354370675669833e-01,3.210593521357517077e-01,4.340179450305379305e+01,1.000000000000000000e+00,0.000000000000000000e+00,3.210536283449502148e-01
2.749999999999999289e+01,1.608116938082294611e-01,3.162528760115718152e-01,4.261723278201040443e+01,1.000000000000000000e+00,0.000000000000000000e+00,3.162472563527158331e-01
2.775000000000000355e+01,1.605916246166731731e-01,3.114943653321134431e-01,4.184029775466468948e+01,1.000000000000000000e+00,0.000000000000000000e+00,3.114541306854675673e-01
2.800000000000001421e+01,1.603751574122441181e-01,3.067802621585140610e-01,4.105750633119043158e+01,1.000000000000000000e+00,0.000000000000000000e+00,3.068064080075364464e-01
2.825000000000000000e+01,1.601622742068108951e-01,3.020440334080374822e-01,4.027106334831566414e+01,1.000000000000000000e+00,0.000000000000000000e+00,3.020387167509288040e-01
2.850000000000000711e+01,1.599529966552708793e-01,2.972887924675688964e-01,3.949312682185560419e+01,1.000000000000000000e+00,0.000000000000000000e+00,2.972835756434983323e-01
2.874999999999999289e+01,1.597473026885653236e-01,2.925458728560403898e-01,3.872346702510044025e+01,1.000000000000000000e+00,0.000000000000000000e+00,2.925407548414249992e-01
2.900000000000000355e+01,1.595451706818869775e-01,2.878150468322118183e-01,3.796186374470940450e+01,1.000000000000000000e+00,0.000000000000000000e+00,2.878100266262401119e-01
2.925000000000001421e+01,1.593465794488965470e-01,2.830960887335391418e-01,3.720810580492378961e+01,1.000000000000000000e+00,0.000000000000000000e+00,2.830911653578170317e-01
2.949999999999999645e+01,1.591515082360802080e-01,2.783887749299775449e-01,3.646199062133394619e+01,1.000000000000000000e+00,0.000000000000000000e+00,2.783839474281456505e-01
2.975000000000000711e+01,1.589599367172448707e-01,2.736928837785563839e-01,3.572332378214761661e+01,1.000000000000000000e+00,0.000000000000000000e+00,2.736881512158718666e-01
3.000000000000001776e+01,1.587718449881487803e-01,2.690646227769243892e-01,3.499191865508083055e+01,1.000000000000000000e+00,0.000000000000000000e+00,2.690035570415889032e-01
3.025000000000000000e+01,1.585871353788009253e-01,2.644634548284071074e-01,3.425107585141087441e+01,1.000000000000000000e+00,0.000000000000000000e+00,2.644750863565537569e-01
3.050000000000001066e+01,1.584058450657283013e-01,2.598163692132804958e-01,3.351362149952282010e+01,1.000000000000000000e+00,0.000000000000000000e+00,2.598119132154189104e-01
3.074999999999999645e+01,1.582279777595408388e-01,2.551636654812649008e-01,3.278420784488785245e+01,1.000000000000000000e+00,0.000000000000000000e+00,2.551593009193338646e-01
3.100000000000000711e+01,1.580535151809625838e-01,2.505213110276147126e-01,3.206262184451836816e+01,1.000000000000000000e+00,0.000000000000000000e+00,2.505170370693771686e-01
3.125000000000001421e+01,1.578824394478872128e-01,2.458890951638742217e-01,3.134865934632923157e+01,1.000000000000000000e+00,0.000000000000000000e+00,2.458849109967950752e-01
3.150000000000000000e+01,1.577147330707615869e-01,2.412668088915345677e-01,3.064212465163283383e+01,1.000000000000000000e+00,0.000000000000000000e+00,2.412627137223410378e-01
3.175000000000001066e+01,1.575503789480865724e-01,2.366542448617310335e-01,2.994283010573559167e+01,1.000000000000000000e+00,0.000000000000000000e+00,2.366502379162302994e-01
3.199999999999999289e+01,1.573893603620341863e-01,2.320591642159624546e-01,2.925059571480952059e+01,1.000000000000000000e+00,0.000000000000000000e+00,2.320472778586981644e-01
3.225000000000000711e+01,1.572316500318165777e-01,2.275439204547782812e-01,2.856345275218306057e+01,1.000000000000000000e+00,0.000000000000000000e+00,2.276108895796555565e-01
3.250000000000001421e+01,1.570771462131748952e-01,2.230297909706177584e-01,2.786779455892006396e+01,1.000000000000000000e+00,0.000000000000000000e+00,2.230260413020426769e-01
3.275000000000000000e+01,1.569259304536564925e-01,2.184537720882506195e-01,2.717989163153706400e+01,1.000000000000000000e+00,0.000000000000000000e+00,2.184501077555358883e-01
3.300000000000000711e+01,1.567779875165187797e-01,2.138864689084407911e-01,2.649954043258822622e+01,1.000000000000000000e+00,0.000000000000000000e+00,2.138828892280416893e-01
3.324999999999999289e+01,1.566333025285505665e-01,2.093276831241414615e-01,2.582654613628783835e+01,1.000000000000000000e+00,0.000000000000000000e+00,2.093241874299204830e-01
3.350000000000000000e+01,1.564918609763353285e-01,2.047772178147132527e-01,2.516072221285753585e+01,1.000000000000000000e+00,0.000000000000000000e+00,2.047738054577763200e-01
3.375000000000001421e+01,1.563536487026168098e-01,2.002348774101960494e-01,2.450189004241540047e+01,1.000000000000000000e+00,0.000000000000000000e+00,2.002315477587426895e-01
3.400000000000000000e+01,1.562186519027642384e-01,1.957004676563063594e-01,2.384987855687908365e+01,1.000000000000000000e+00,0.000000000000000000e+00,1.956972200952407093e-01
3.425000000000000711e+01,1.560868571213361311e-01,1.912159075904791283e-01,2.320452390859427183e+01,1.000000000000000000e+00,0.000000000000000000e+00,1.911706295101974207e-01
3.450000000000001421e+01,1.559581938873480511e-01,1.867812995064232484e-01,2.255882997065310747e+01,1.000000000000000000e+00,0.000000000000000000e+00,1.868207540466842453e-01
3.475000000000000000e+01,1.558326492689383613e-01,1.823117993888097865e-01,2.191339654999891096e+01,1.000000000000000000e+00,0.000000000000000000e+00,1.823087915727879815e-01
3.500000000000001421e+01,1.557102687266016250e-01,1.778069297221344935e-01,2.127520199803193179e+01,1.000000000000000000e+00,0.000000000000000000e+00,1.778040017199235268e-01
3.524999999999999289e+01,1.555910401570301804e-01,1.733090449950734913e-01,2.064406403878173180e+01,1.000000000000000000e+00,0.000000000000000000e+00,1.733061962716807014e-01
3.550000000000000711e+01,1.554749517904453759e-01,1.688179580899834553e-01,2.001980864392615800e+01,1.000000000000000000e+00,0.000000000000000000e+00,1.688151881259284393e-01
3.575000000000001421e+01,1.553619921877167631e-01,1.643334829712179146e-01,1.940226970811807305e+01,1.000000000000000000e+00,0.000000000000000000e+00,1.643307912625156797e-01
3.600000000000000000e+01,1.552521502375689977e-01,1.598554346535158155e-01,1.879128875992153880e+01,1.000000000000000000e+00,0.000000000000000000e+00,1.598528207113379396e-01
3.625000000000000711e+01,1.551454151538756154e-01,1.553836291702552219e-01,1.818671470885421826e+01,1.000000000000000000e+00,0.000000000000000000e+00,1.553810925207652627e-01
3.649999999999999289e+01,1.550417764730386561e-01,1.510051215663703317e-01,1.758840362969420568e+01,1.000000000000000000e+00,0.000000000000000000e+00,1.509154237264201392e-01
3.675000000000000711e+01,1.549411060188647937e-01,1.466354993422563646e-01,1.698652108735506516e+01,1.000000000000000000e+00,0.000000000000000000e+00,1.466361245402941216e-01
3.700000000000001421e+01,1.548435082354581716e-01,1.421841128030964796e-01,1.639120098038515039e+01,1.000000000000000000e+00,0.000000000000000000e+00,1.421818022686635041e-01
3.725000000000000000e+01,1.547489776716385323e-01,1.377352383696257287e-01,1.580262969906910087e+01,1.000000000000000000e+00,0.000000000000000000e+00,1.377330033962013145e-01
3.750000000000000711e+01,1.546575051170069048e-01,1.332917083813519588e-01,1.522065264048350741e+01,1.000000000000000000e+00,0.000000000000000000e+00,1.332895485673674385e-01
3.774999999999999289e+01,1.545690816719136607e-01,1.288533443058327010e-01,1.464512395426943314e+01,1.000000000000000000e+00,0.000000000000000000e+00,1.288512592637652276e-01
3.800000000000000000e+01,1.544836987453250265e-01,1.244199684184298799e-01,1.407590651752791899e+01,1.000000000000000000e+00,0.000000000000000000e+00,1.244179577747516197e-01
3.825000000000001421e+01,1.544013480527675342e-01,1.199914037731779626e-01,1.351287200167682201e+01,1.000000000000000000e+00,0.000000000000000000e+00,1.199894671683250785e-01
3.850000000000000000e+01,1.543220216143498524e-01,1.156164181992770379e-01,1.295590104824073130e+01,1.000000000000000000e+00,0.000000000000000000e+00,1.155656112622694409e-01
3.875000000000000711e+01,1.542456458392716112e-01,1.112946711730659066e-01,1.240125371267916599e+01,1.000000000000000000e+00,0.000000000000000000e+00,1.113417502631207090e-01
3.900000000000001421e+01,1.541722137351356492e-01,1.069281718361338035e-01,1.184944713064583333e+01,1.000000000000000000e+00,0.000000000000000000e+00,1.069264521001283830e-01
3.925000000000000000e+01,1.541017839954959834e-01,1.025169189840597767e-01,1.130418250826626192e+01,1.000000000000000000e+00,0.000000000000000000e+00,1.025152719978511956e-01
3.950000000000001421e+01,1.540343498275370260e-01,9.810961099094664406e-02,1.076534720124445954e+01,1.000000000000000000e+00,0.000000000000000000e+00,9.810803646192114980e-02
3.974999999999999289e+01,1.539699047343248139e-01,9.370607495950568355e-02,1.023284308704862156e+01,1.000000000000000000e+00,0.000000000000000000e+00,9.370457260826016432e-02
4.000000000000000711e+01,1.539084425132709877e-01,8.930613857537632316e-02,9.706588192857878994e+00,1.000000000000000000e+00,1.000000000000000000e+00,8.930470813556748433e-02
4.025000000000001421e+01,1.538499572546690730e-01,8.490963007964036358e-02,9.186518934955687499e+00,1.000000000000000000e+00,1.000000000000000000e+00,8.490827129800405937e-02
4.050000000000000000e+01,1.537944433403015398e-01,8.052852711281065223e-02,8.672593185973852314e+00,1.000000000000000000e+00,1.000000000000000000e+00,8.051509087805736042e-02
4.075000000000000711e+01,1.537418791369998539e-01,7.625247351659478201e-02,8.164259239623641307e+00,1.000000000000000000e+00,1.000000000000000000e+00,7.635335240254723099e-02
4.099999999999999289e+01,1.536921391333694320e-01,7.196717452110887314e-02,7.657996338829305749e+00,1.000000000000000000e+00,1.000000000000000000e+00,7.196602563529863605e-02
4.125000000000000711e+01,1.536453555440447372e-01,6.758253146053616600e-02,7.158670402535252109e+00,1.000000000000000000e+00,1.000000000000000000e+00,6.758145335853317504e-02
4.150000000000001421e+01,1.536015238894276880e-01,6.320047368699435730e-02,6.666355272890687189e+00,1.000000000000000000e+00,1.000000000000000000e+00,6.319946617875901729e-02
4.175000000000000000e+01,1.535606399755390372e-01,5.882083219081046810e-02,6.181194315329837430e+00,1.000000000000000000e+00,1.000000000000000000e+00,5.881989509893056911e-02
4.200000000000000711e+01,1.535226998930367126e-01,5.444343833264315285e-02,5.703424264615057027e+00,1.000000000000000000e+00,1.000000000000000000e+00,5.444257149221418818e-02
4.224999999999999289e+01,1.534877000163019090e-01,5.006812381732295841e-02,5.233410755229147782e+00,1.000000000000000000e+00,1.000000000000000000e+00,5.006732707587868703e-02
4.250000000000000000e+01,1.534556370025920713e-01,4.569472066779135810e-02,4.771702461931124795e+00,1.000000000000000000e+00,1.000000000000000000e+00,4.569399388529082895e-02
4.275000000000001421e+01,1.534265077912608799e-01,4.143846806089175605e-02,4.319115698203909837e+00,1.000000000000000000e+00,1.000000000000000000e+00,4.132240424802193640e-02
4.300000000000000000e+01,1.534001550849287410e-01,3.720498815276466337e-02,3.874917277451984887e+00,1.000000000000000000e+00,1.000000000000000000e+00,3.722560235030712705e-02
4.325000000000000711e+01,1.533767026310809412e-01,3.285743660724022713e-02,3.443220080791129512e+00,1.000000000000000000e+00,1.000000000000000000e+00,3.285691463476227842e-02
4.350000000000001421e+01,1.533561765813936106e-01,2.848993182945748492e-02,3.027274488865959512e+00,1.000000000000000000e+00,1.000000000000000000e+00,2.848947938436675528e-02
4.375000000000000000e+01,1.533385749796765951e-01,2.412351282418515389e-02,2.631590908162481313e+00,1.000000000000000000e+00,1.000000000000000000e+00,2.412312982720863502e-02
4.400000000000001421e+01,1.533238961489481467e-01,1.975801297303532780e-02,2.263512017637478113e+00,1.000000000000000000e+00,1.000000000000000000e+00,1.975769935694343324e-02
4.424999999999999289e+01,1.533121386910447637e-01,1.539326579747333189e-02,1.935137331557390317e+00,1.000000000000000000e+00,1.000000000000000000e+00,1.539302150734132325e-02
4.450000000000000711e+01,1.533033014862966725e-01,1.102910493381905471e-02,1.665952216012150267e+00,1.000000000000000000e+00,1.000000000000000000e+00,1.102892992687338515e-02
4.475000000000001421e+01,1.532973836932668976e-01,6.795867318327724130e-03,1.484011034836998588e+00,1.000000000000000000e+00,1.000000000000000000e+00,6.665258353341041615e-03
4.500000000000000000e+01,1.532942101650101863e-01,2.597951408228113893e-03,1.418748380121979791e+00,1.000000000000000000e+00,1.000000000000000000e+00,2.632974132666219755e-03
4.525000000000000711e+01,1.532939082984598467e-01,1.730384262062310829e-03,1.481382029353192742e+00,1.000000000000000000e+00,1.000000000000000000e+00,1.730356808675881635e-03
4.549999999999999289e+01,1.532965249722145207e-01,6.093850323993602394e-03,1.653506236304614463e+00,1.000000000000000000e+00,1.000000000000000000e+00,6.093753638154389939e-03
4.575000000000000711e+01,1.533020604353738381e-01,1.045754844732017103e-02,1.902367783514442356e+00,1.000000000000000000e+00,1.000000000000000000e+00,1.045738251213373070e-02
4.600000000000001421e+01,1.533105152149313588e-01,1.482164483598130862e-02,2.199362161359771584e+00,1.000000000000000000e+00,1.000000000000000000e+00,1.482140962232275823e-02
4.625000000000000000e+01,1.533218901158969749e-01,1.918630575440899780e-02,2.525295381507511649e+00,1.000000000000000000e+00,1.000000000000000000e+00,1.918600122109781828e-02
4.650000000000000711e+01,1.533361862214837334e-01,2.355020666901238777e-02,2.868400962196411275e+00,1.000000000000000000e+00,1.000000000000000000e+00,2.355132364684490651e-02
4.674999999999999289e+01,1.533534028983919717e-01,2.771339873428062608e-02,3.221540656677373438e+00,1.000000000000000000e+00,1.000000000000000000e+00,2.751145320587272333e-02
4.700000000000000000e+01,1.533732739794119726e-01,3.187913719784193911e-02,3.577782209005819336e+00,1.000000000000000000e+00,1.000000000000000000e+00,3.187863080506030816e-02
4.725000000000001421e+01,1.533960710293190977e-01,3.624759949172753210e-02,3.936271840147419265e+00,1.000000000000000000e+00,1.000000000000000000e+00,3.624702350154657832e-02
4.750000000000000000e+01,1.534217962213076936e-01,4.061744390195788645e-02,4.295238591375960979e+00,1.000000000000000000e+00,1.000000000000000000e+00,4.061679821330520940e-02
4.775000000000000711e+01,1.534504520086365509e-01,4.498883756972262699e-02,4.653507754918874362e+00,1.000000000000000000e+00,1.000000000000000000e+00,4.498812206922848944e-02
4.800000000000001421e+01,1.534820411252001415e-01,4.936194787273925216e-02,5.010284772902053874e+00,1.000000000000000000e+00,1.000000000000000000e+00,4.936116243474869547e-02
4.825000000000000000e+01,1.535165665861657203e-01,5.373694245106713091e-02,5.365024417159257375e+00,1.000000000000000000e+00,1.000000000000000000e+00,5.373608693754187982e-02
4.850000000000001421e+01,1.535540316886764844e-01,5.797355411317762358e-02,5.717349211810835108e+00,1.000000000000000000e+00,1.000000000000000000e+00,5.811306349331742810e-02
4.874999999999999289e+01,1.535942518279152236e-01,6.210568595518160123e-02,6.063898670796414869e+00,1.000000000000000000e+00,1.000000000000000000e+00,6.199811850837376459e-02
4.900000000000000711e+01,1.536372758337916367e-01,6.638048498403636977e-02,6.404809471297665979e+00,1.000000000000000000e+00,1.000000000000000000e+00,6.637942626101778210e-02
4.924999999999999289e+01,1.536832506771161899e-01,7.076440217771046148e-02,6.742223250674825863e+00,1.000000000000000000e+00,1.000000000000000000e+00,7.076327272421432946e-02
4.950000000000002842e+01,1.537321807591745804e-01,7.515102756321669075e-02,7.076090460203703358e+00,1.000000000000000000e+00,1.000000000000000000e+00,7.514982718011203877e-02
4.975000000000000711e+01,1.537840707676339236e-01,7.954053085101767118e-02,7.406389945794543905e+00,1.000000000000000000e+00,1.000000000000000000e+00,7.953925932642326446e-02
4.999999999999999289e+01,1.538389256776418745e-01,8.393308219367574818e-02,7.733121205052113645e+00,1.000000000000000000e+00,1.000000000000000000e+00,8.393173930289106466e-02
5.025000000000002842e+01,1.538967507529942769e-01,8.818769318656319300e-02,8.056298807673499596e+00,1.000000000000000000e+00,1.000000000000000000e+00,8.832743771789508536e-02
5.050000000000001421e+01,1.539573619704469598e-01,9.231168785528250098e-02,8.371921780728635909e+00,1.000000000000000000e+00,1.000000000000000000e+00,9.217642561791301870e-02
5.075000000000000000e+01,1.540207744076335650e-01,9.658016961046837767e-02,8.679920758940042447e+00,1.000000000000000000e+00,1.000000000000000000e+00,9.657862017444630853e-02
5.099999999999998579e+01,1.540871739098449433e-01,1.009861483157779016e-01,8.984079469283688724e+00,1.000000000000000000e+00,1.000000000000000000e+00,1.009845265210861653e-01
5.125000000000002132e+01,1.541565668720197568e-01,1.053960117778487693e-01,9.284467141466755891e+00,1.000000000000000000e+00,1.000000000000000000e+00,1.053943173364484676e-01
5.150000000000000000e+01,1.542289599844542114e-01,1.098099332892693292e-01,9.581154038787159877e+00,1.000000000000000000e+00,1.000000000000000000e+00,1.098081658998605881e-01
5.174999999999998579e+01,1.543043602343851239e-01,1.142280867710832870e-01,9.874210639257396949e+00,1.000000000000000000e+00,1.000000000000000000e+00,1.142262461190068218e-01
5.200000000000002132e+01,1.543827749076457645e-01,1.184176704177190287e-01,1.016370702952294991e+01,1.000000000000000000e+00,0.000000000000000000e+00,1.186487325577746527e-01
5.225000000000000711e+01,1.544638977143928116e-01,1.225523800310914929e-01,1.044211715790211770e+01,1.000000000000000000e+00,0.000000000000000000e+00,1.224910820818127660e-01
5.249999999999999289e+01,1.545479696083257304e-01,1.269243218815562235e-01,1.071493123366097500e+01,1.000000000000000000e+00,0.000000000000000000e+00,1.269222692462049218e-01
5.275000000000002842e+01,1.546350787019577788e-01,1.313604944127897967e-01,1.098414514327144786e+01,1.000000000000000000e+00,0.000000000000000000e+00,1.313583671697209354e-01
5.300000000000001421e+01,1.547252334536252938e-01,1.358017554529438731e-01,1.124984299638038188e+01,1.000000000000000000e+00,0.000000000000000000e+00,1.357995532207478540e-01
5.324999999999999289e+01,1.548184426294096361e-01,1.402482831795509310e-01,1.151210589634184700e+01,1.000000000000000000e+00,0.000000000000000000e+00,1.402460055627334501e-01
5.349999999999997868e+01,1.549147153052366221e-01,1.445943801263024908e-01,1.177101197783109576e+01,1.000000000000000000e+00,0.000000000000000000e+00,1.446979031834500218e-01
5.375000000000001421e+01,1.550139177361484211e-01,1.487490667003256717e-01,1.202298059890490478e+01,1.000000000000000000e+00,0.000000000000000000e+00,1.485501266819420352e-01
5.400000000000000000e+01,1.551159358470005079e-01,1.530151525390474609e-01,1.226484374146957990e+01,1.000000000000000000e+00,0.000000000000000000e+00,1.530126566829330403e-01
5.424999999999998579e+01,1.552210454581776367e-01,1.574837223661877672e-01,1.250343407104181104e+01,1.000000000000000000e+00,0.000000000000000000e+00,1.574811494625381614e-01
5.450000000000002132e+01,1.553292568650236904e-01,1.619584378913019040e-01,1.273883191654247682e+01,1.000000000000000000e+00,0.000000000000000000e+00,1.619557874742479364e-01
5.475000000000000711e+01,1.554405806841093474e-01,1.664394825536952838e-01,1.297111403917352312e+01,1.000000000000000000e+00,0.000000000000000000e+00,1.664367541423834307e-01
5.499999999999998579e+01,1.555550278558084643e-01,1.708954998151863691e-01,1.320035381098706218e+01,1.000000000000000000e+00,0.000000000000000000e+00,1.709242338931458438e-01
5.525000000000002132e+01,1.556725668309084654e-01,1.750864067756908171e-01,1.342550765564824289e+01,1.000000000000000000e+00,0.000000000000000000e+00,1.748125528299820097e-01
5.550000000000000711e+01,1.557928826384085419e-01,1.793156323979846478e-01,1.363814142584839573e+01,1.000000000000000000e+00,0.000000000000000000e+00,1.793126777121502868e-01
5.574999999999999289e+01,1.559163552871509761e-01,1.838228846230419156e-01,1.384789523041889936e+01,1.000000000000000000e+00,0.000000000000000000e+00,1.838198499406832054e-01
5.600000000000002842e+01,1.560429969961532604e-01,1.883373733476233769e-01,1.405483846240350054e+01,1.000000000000000000e+00,0.000000000000000000e+00,1.883342581126574433e-01
5.625000000000001421e+01,1.561728203220392464e-01,1.928592883427856230e-01,1.425903725596090332e+01,1.000000000000000000e+00,0.000000000000000000e+00,1.928560919831547871e-01
5.650000000000000000e+01,1.563058381621323101e-01,1.973888205709977417e-01,1.446055467498437963e+01,1.000000000000000000e+00,0.000000000000000000e+00,1.973855424984856943e-01
5.674999999999997868e+01,1.564420637576411643e-01,2.016214625052673848e-01,1.465945088902043381e+01,1.000000000000000000e+00,0.000000000000000000e+00,2.019228018298169225e-01
5.700000000000001421e+01,1.565810947164563149e-01,2.058594759008333663e-01,1.484507872415059460e+01,1.000000000000000000e+00,0.000000000000000000e+00,2.058534348814838322e-01
5.725000000000000000e+01,1.567233558734675014e-01,2.104092900067267291e-01,1.502813739937266035e+01,1.000000000000000000e+00,0.000000000000000000e+00,2.104057744314904999e-01
5.749999999999998579e+01,1.568688650401786622e-01,2.149700801516094828e-01,1.520877501417893995e+01,1.000000000000000000e+00,0.000000000000000000e+00,2.149664804335796597e-01
5.775000000000002132e+01,1.570176368203152484e-01,2.195394346480428749e-01,1.538704498890515282e+01,1.000000000000000000e+00,0.000000000000000000e+00,2.195357501170249193e-01
5.800000000000000711e+01,1.571696861784043220e-01,2.241175521376317370e-01,1.556299824799472198e+01,1.000000000000000000e+00,0.000000000000000000e+00,2.241137821058934165e-01
5.824999999999999289e+01,1.573250284435368240e-01,2.283468458543815860e-01,1.573668336692849046e+01,1.000000000000000000e+00,0.000000000000000000e+00,2.287007764553777855e-01
5.850000000000002842e+01,1.574831881005732126e-01,2.325724466669495949e-01,1.589588024907646435e+01,1.000000000000000000e+00,0.000000000000000000e+00,2.325557279058137472e-01
5.875000000000000711e+01,1.576446527743053660e-01,2.371637466378427317e-01,1.605256231731676309e+01,1.000000000000000000e+00,0.000000000000000000e+00,2.371597299756848798e-01
5.899999999999999289e+01,1.578094564296465552e-01,2.417773754315228896e-01,1.620721361735689214e+01,1.000000000000000000e+00,0.000000000000000000e+00,2.417732704609290850e-01
5.925000000000002842e+01,1.579776158347444281e-01,2.464007493126230131e-01,1.635987459670237243e+01,1.000000000000000000e+00,0.000000000000000000e+00,2.463965552573983142e-01
5.950000000000001421e+01,1.581491481420825018e-01,2.510046040283006596e-01,1.651058383327740842e+01,1.000000000000000000e+00,0.000000000000000000e+00,2.510297918752917301e-01
5.975000000000000000e+01,1.583240302185277282e-01,2.551770031140854766e-01,1.665840042430107459e+01,1.000000000000000000e+00,0.000000000000000000e+00,2.547329932408518571e-01
5.999999999999998579e+01,1.585017103368501212e-01,2.593890949259072820e-01,1.678981221634601084e+01,1.000000000000000000e+00,0.000000000000000000e+00,2.593846473515282192e-01
6.025000000000002132e+01,1.586828141947462245e-01,2.640513825321920693e-01,1.691957944366039612e+01,1.000000000000000000e+00,0.000000000000000000e+00,2.640468427486767911e-01
6.050000000000000000e+01,1.588673604495486891e-01,2.687244263016641543e-01,1.704772968103191033e+01,1.000000000000000000e+00,0.000000000000000000e+00,2.687197934384253917e-01
6.074999999999998579e+01,1.590553681651928342e-01,2.734084420706959784e-01,1.717428927845399400e+01,1.000000000000000000e+00,0.000000000000000000e+00,2.734037152364314771e-01
6.100000000000002132e+01,1.592468568171921117e-01,2.778993297537847296e-01,1.729928343073530073e+01,1.000000000000000000e+00,0.000000000000000000e+00,2.780988258104314936e-01
6.125000000000000711e+01,1.594415623591717290e-01,2.820052002453535822e-01,1.741631535344477655e+01,1.000000000000000000e+00,0.000000000000000000e+00,2.816058367028330123e-01
6.149999999999999289e+01,1.596392360648665742e-01,2.863259926141920597e-01,1.751961361567634512e+01,1.000000000000000000e+00,0.000000000000000000e+00,2.863210030412208784e-01
6.175000000000002842e+01,1.598404474351310112e-01,2.910530526812576402e-01,1.762174487006273793e+01,1.000000000000000000e+00,0.000000000000000000e+00,2.910479656104995594e-01
6.200000000000001421e+01,1.600452175399707799e-01,2.957921349673734435e-01,1.772271908376963978e+01,1.000000000000000000e+00,0.000000000000000000e+00,2.957869494051599268e-01
6.224999999999999289e+01,1.602535678864956403e-01,3.005434665534225669e-01,1.782254596979562677e+01,1.000000000000000000e+00,0.000000000000000000e+00,3.005381814833785192e-01
6.249999999999997868e+01,1.604655204246637490e-01,3.046468666365141909e-01,1.792123498909221624e+01,1.000000000000000000e+00,0.000000000000000000e+00,3.053018910137760833e-01
6.275000000000001421e+01,1.606801727639928512e-01,3.086452312457876879e-01,1.799946536568328526e+01,1.000000000000000000e+00,0.000000000000000000e+00,3.085226966476993793e-01
6.300000000000000000e+01,1.608983024681302498e-01,3.133133765749627209e-01,1.807361559023402720e+01,1.000000000000000000e+00,0.000000000000000000e+00,3.133078201880976632e-01
6.324999999999998579e+01,1.611200968810908574e-01,3.181117046854595176e-01,1.814715319753163314e+01,1.000000000000000000e+00,0.000000000000000000e+00,3.181060448548671538e-01
6.350000000000002132e+01,1.613455796420643906e-01,3.229233723885723273e-01,1.822006580815488519e+01,1.000000000000000000e+00,0.000000000000000000e+00,3.229176079865929139e-01
6.375000000000000711e+01,1.615747748620938729e-01,3.271192027494013166e-01,1.829234213193348779e+01,1.000000000000000000e+00,0.000000000000000000e+00,3.277427492619047755e-01
6.399999999999998579e+01,1.618068196495001387e-01,3.309693845884335572e-01,1.834686659050333901e+01,1.000000000000000000e+00,0.000000000000000000e+00,3.306060835823311228e-01
6.425000000000002842e+01,1.620421138526505767e-01,3.354593836203768054e-01,1.839160389476003488e+01,1.000000000000000000e+00,0.000000000000000000e+00,3.354533427319920103e-01
6.450000000000001421e+01,1.622811874659039755e-01,3.403209622746893315e-01,1.843640378421145343e+01,1.000000000000000000e+00,0.000000000000000000e+00,3.403148125542513891e-01
6.474999999999998579e+01,1.625240663659667240e-01,3.451970013649377500e-01,1.848122256980347444e+01,1.000000000000000000e+00,0.000000000000000000e+00,3.451907415658135303e-01
6.500000000000002842e+01,1.627707769333651688e-01,3.492593510049945560e-01,1.852601977750808615e+01,1.000000000000000000e+00,0.000000000000000000e+00,3.500813808683564954e-01
6.525000000000001421e+01,1.630201693634077964e-01,3.530338318027138045e-01,1.855016747478034134e+01,1.000000000000000000e+00,0.000000000000000000e+00,3.527264691889109294e-01
6.550000000000000000e+01,1.632730096941425180e-01,3.576467982962552306e-01,1.856752685652642754e+01,1.000000000000000000e+00,0.000000000000000000e+00,3.576402531539923935e-01
6.574999999999998579e+01,1.635297537486937181e-01,3.625760569614903672e-01,1.858565728672359896e+01,1.000000000000000000e+00,0.000000000000000000e+00,3.625693971054550491e-01
6.600000000000001421e+01,1.637904297712753088e-01,3.673881794555537983e-01,1.860447872630486899e+01,1.000000000000000000e+00,0.000000000000000000e+00,3.675141617528827065e-01
6.625000000000000000e+01,1.640548767884472126e-01,3.711121209354046324e-01,1.862087851182983300e+01,1.000000000000000000e+00,0.000000000000000000e+00,3.700083545452333977e-01
6.649999999999998579e+01,1.643217320224372446e-01,3.749840500862897663e-01,1.861321098972490518e+01,1.000000000000000000e+00,0.000000000000000000e+00,3.749770969861141445e-01
6.675000000000001421e+01,1.645925955271974050e-01,3.799691981163951793e-01,1.860708456544534783e+01,1.000000000000000000e+00,0.000000000000000000e+00,3.799621253550392042e-01
6.700000000000000000e+01,1.648674974965249618e-01,3.849709045150473408e-01,1.860237450149647742e+01,1.000000000000000000e+00,0.000000000000000000e+00,3.849637106110991858e-01
6.724999999999998579e+01,1.651464686935610604e-01,3.890412395945366253e-01,1.859896560940506305e+01,1.000000000000000000e+00,0.000000000000000000e+00,3.899821267814159165e-01
6.750000000000002842e+01,1.654281739323917033e-01,3.927584635133759550e-01,1.857740701265518268e+01,1.000000000000000000e+00,0.000000000000000000e+00,3.923834487873064103e-01
6.775000000000001421e+01,1.657134678335297762e-01,3.974347380197877366e-01,1.855039391264355331e+01,1.000000000000000000e+00,0.000000000000000000e+00,3.974272374214233294e-01
6.800000000000000000e+01,1.660029133742360330e-01,4.024961766016521558e-01,1.852546495818641148e+01,1.000000000000000000e+00,0.000000000000000000e+00,4.024885494567572164e-01
6.825000000000002842e+01,1.662965433977832419e-01,4.068554584390360884e-01,1.850246461337903270e+01,1.000000000000000000e+00,0.000000000000000000e+00,4.075676701072242225e-01
6.850000000000001421e+01,1.665933465350719345e-01,4.105884514993313195e-01,1.846797386908609440e+01,1.000000000000000000e+00,0.000000000000000000e+00,4.099408905372672884e-01
6.875000000000000000e+01,1.668934573831170887e-01,4.150545881438023610e-01,1.842416669319238309e+01,1.000000000000000000e+00,0.000000000000000000e+00,4.150466418943510871e-01
6.899999999999998579e+01,1.671978404071051139e-01,4.201789983681085694e-01,1.838298564908940236e+01,1.000000000000000000e+00,0.000000000000000000e+00,4.201709197740821633e-01
6.925000000000001421e+01,1.675065306470520654e-01,4.246316895924423518e-01,1.834424148275354227e+01,1.000000000000000000e+00,0.000000000000000000e+00,4.253140213861179575e-01
6.950000000000000000e+01,1.678185543735691287e-01,4.283992824270599353e-01,1.829632318759435350e+01,1.000000000000000000e+00,0.000000000000000000e+00,4.276920689169789180e-01
6.974999999999998579e+01,1.681339184658631192e-01,4.328716281768889007e-01,1.823971237894159003e+01,1.000000000000000000e+00,0.000000000000000000e+00,4.328632163197896343e-01
7.000000000000002842e+01,1.684536832055406053e-01,4.380624849634532914e-01,1.818611777061310519e+01,1.000000000000000000e+00,0.000000000000000000e+00,4.380539345312176036e-01
7.025000000000000000e+01,1.687778859595719383e-01,4.423481825029922931e-01,1.813532617080810994e+01,1.000000000000000000e+00,0.000000000000000000e+00,4.432645336437006089e-01
7.049999999999998579e+01,1.691052023203461485e-01,4.460066995019320579e-01,1.807344937829526899e+01,1.000000000000000000e+00,0.000000000000000000e+00,4.453556502202416501e-01
7.075000000000002842e+01,1.694360675376608005e-01,4.506035066697758884e-01,1.800538189774783859e+01,1.000000000000000000e+00,0.000000000000000000e+00,4.505946158478449926e-01
7.100000000000001421e+01,1.697714685518001976e-01,4.558632587231446487e-01,1.794068723672159038e+01,1.000000000000000000e+00,0.000000000000000000e+00,4.558542227439448813e-01
7.125000000000000000e+01,1.701114451618937207e-01,4.596934803132871616e-01,1.787912977189670372e+01,1.000000000000000000e+00,0.000000000000000000e+00,4.611347946025907696e-01
7.149999999999998579e+01,1.704538846296697607e-01,4.631778724381570567e-01,1.780140706812510842e+01,1.000000000000000000e+00,0.000000000000000000e+00,4.628045642057433406e-01
7.175000000000001421e+01,1.708004179649739440e-01,4.681225927954827393e-01,1.772273149191466146e+01,1.000000000000000000e+00,0.000000000000000000e+00,4.681132128660170921e-01
7.200000000000000000e+01,1.711516282958507884e-01,4.732044631584642613e-01,1.764777602309015947e+01,1.000000000000000000e+00,0.000000000000000000e+00,4.734435921896111843e-01
7.224999999999998579e+01,1.715071865531204998e-01,4.764443142952505261e-01,1.757329985606242317e+01,1.000000000000000000e+00,0.000000000000000000e+00,4.745861120458041427e-01
7.250000000000001421e+01,1.718647141861941730e-01,4.799530421004727376e-01,1.748054175054960169e+01,1.000000000000000000e+00,0.000000000000000000e+00,4.799433226365472094e-01
7.275000000000000000e+01,1.722270213568738717e-01,4.853328944305221881e-01,1.739214686969095069e+01,1.000000000000000000e+00,0.000000000000000000e+00,4.853230180380526670e-01
7.299999999999998579e+01,1.725941521961543434e-01,4.893982881982796296e-01,1.730780756337069093e+01,1.000000000000000000e+00,0.000000000000000000e+00,4.907255462492274289e-01
7.325000000000002842e+01,1.729641374529952702e-01,4.923516339809840825e-01,1.721314315347843760e+01,1.000000000000000000e+00,0.000000000000000000e+00,4.912161490181874979e-01
7.350000000000001421e+01,1.733373061982362018e-01,4.966541928078520574e-01,1.711123884628485570e+01,1.000000000000000000e+00,0.000000000000000000e+00,4.966439809142747519e-01
7.374999999999998579e+01,1.737154030839455909e-01,5.019239997846737245e-01,1.701404494135439194e+01,1.000000000000000000e+00,0.000000000000000000e+00,5.020953884695373848e-01
7.400000000000002842e+01,1.740981993275476924e-01,5.045145207684020860e-01,1.691949742893298847e+01,1.000000000000000000e+00,0.000000000000000000e+00,5.018246369898343717e-01
7.425000000000001421e+01,1.744819086655680918e-01,5.073093222691900106e-01,1.680425827984300469e+01,1.000000000000000000e+00,0.000000000000000000e+00,5.072987879771485575e-01
7.450000000000000000e+01,1.748706497557084016e-01,5.128079302718032695e-01,1.669443706569972008e+01,1.000000000000000000e+00,0.000000000000000000e+00,5.127972270403321486e-01
7.474999999999998579e+01,1.752644711573309866e-01,5.160999583485030850e-01,1.658964070441441407e+01,1.000000000000000000e+00,0.000000000000000000e+00,5.183203269534970570e-01
7.500000000000001421e+01,1.756600096966410285e-01,5.183475590183409532e-01,1.647109026416240241e+01,1.000000000000000000e+00,0.000000000000000000e+00,5.172770325778875966e-01
7.525000000000000000e+01,1.760590579315854665e-01,5.228314368311305360e-01,1.634955883416713718e+01,1.000000000000000000e+00,0.000000000000000000e+00,5.228204210670540641e-01
7.549999999999998579e+01,1.764632905927887851e-01,5.269991411210951382e-01,1.623370288233231662e+01,1.000000000000000000e+00,0.000000000000000000e+00,5.283891590827347606e-01
7.575000000000001421e+01,1.768706011497082620e-01,5.288487389566506325e-01,1.611277572898410781e+01,1.000000000000000000e+00,0.000000000000000000e+00,5.265153925310772642e-01
7.600000000000000000e+01,1.772795618362507097e-01,5.321124878570094863e-01,1.598079596177884198e+01,1.000000000000000000e+00,0.000000000000000000e+00,5.321011773626544983e-01
7.624999999999998579e+01,1.776938089801676501e-01,5.370884520538742324e-01,1.585511750049768764e+01,1.000000000000000000e+00,0.000000000000000000e+00,5.377129600807249998e-01
7.650000000000002842e+01,1.781124093305667955e-01,5.384742086618827805e-01,1.573109931188911936e+01,1.000000000000000000e+00,0.000000000000000000e+00,5.348800794943281423e-01
7.675000000000001421e+01,1.785307723610850827e-01,5.405164800625066324e-01,1.558999089512052727e+01,1.000000000000000000e+00,0.000000000000000000e+00,5.405048981757217819e-01
7.700000000000000000e+01,1.789545204378728827e-01,5.461680777054845892e-01,1.545577364328011960e+01,1.000000000000000000e+00,0.000000000000000000e+00,5.461563108620247631e-01
7.725000000000002842e+01,1.793837081903457975e-01,5.470664027464217094e-01,1.532791830834822022e+01,1.000000000000000000e+00,0.000000000000000000e+00,5.518347233327489665e-01
7.750000000000001421e+01,1.798109081228383976e-01,5.479674766200375302e-01,1.517933904624825203e+01,1.000000000000000000e+00,0.000000000000000000e+00,5.479315659559993446e-01
7.775000000000000000e+01,1.802435492679100859e-01,5.536305318179692847e-01,1.503804166063824965e+01,1.000000000000000000e+00,0.000000000000000000e+00,5.536185176990765511e-01
7.799999999999998579e+01,1.806817255974061953e-01,5.544227095867914068e-01,1.490358268181507739e+01,1.000000000000000000e+00,0.000000000000000000e+00,5.593330111358505441e-01
7.825000000000001421e+01,1.811177327830820749e-01,5.547051355219578817e-01,1.475135144055218639e+01,1.000000000000000000e+00,0.000000000000000000e+00,5.541609280565966689e-01
7.850000000000000000e+01,1.815584650131421285e-01,5.598902874727091916e-01,1.460428653331535642e+01,1.000000000000000000e+00,0.000000000000000000e+00,5.598780632168666171e-01
7.874999999999998579e+01,1.820048209947548179e-01,5.602683896854416812e-01,1.446448358838648218e+01,1.000000000000000000e+00,0.000000000000000000e+00,5.656232000704402019e-01
7.900000000000002842e+01,1.824483346408904971e-01,5.598509249308242230e-01,1.430839619740549296e+01,1.000000000000000000e+00,0.000000000000000000e+00,5.590231402906890024e-01
7.925000000000000000e+01,1.828961944062769407e-01,5.647764616078839728e-01,1.415694285643205674e+01,1.000000000000000000e+00,0.000000000000000000e+00,5.647640715855379856e-01
7.949999999999998579e+01,1.833497576287280162e-01,5.642507179319162791e-01,1.401310959434540848e+01,1.000000000000000000e+00,0.000000000000000000e+00,5.705333671153962616e-01
7.975000000000002842e+01,1.837990116229537008e-01,5.630379045057564147e-01,1.385281866926612615e+01,1.000000000000000000e+00,0.000000000000000000e+00,5.623171974975217369e-01
8.000000000000001421e+01,1.842528416886175247e-01,5.680547159772267873e-01,1.369837475704214036e+01,1.000000000000000000e+00,0.000000000000000000e+00,5.680743683199322991e-01
8.025000000000000000e+01,1.847123921244749889e-01,5.659005021692694593e-01,1.355172552949700737e+01,1.000000000000000000e+00,0.000000000000000000e+00,5.580580276087431235e-01
8.050000000000002842e+01,1.851650278596448373e-01,5.638065760138628590e-01,1.338679486215299796e+01,1.000000000000000000e+00,0.000000000000000000e+00,5.637942190175052604e-01
8.075000000000001421e+01,1.856234300861037412e-01,5.678385920251997065e-01,1.323072642442160607e+01,1.000000000000000000e+00,0.000000000000000000e+00,5.695587024540422760e-01
8.100000000000000000e+01,1.860848525664796083e-01,5.647188813361552207e-01,1.307769667596687491e+01,1.000000000000000000e+00,0.000000000000000000e+00,5.575968387139427218e-01
8.124999999999998579e+01,1.865404752041560366e-01,5.633431092473309976e-01,1.291254931693629437e+01,1.000000000000000000e+00,0.000000000000000000e+00,5.633307680113265326e-01
8.150000000000001421e+01,1.870019034574443573e-01,5.643678627049888430e-01,1.275638815373317314e+01,1.000000000000000000e+00,0.000000000000000000e+00,5.690929548745388145e-01
8.175000000000000000e+01,1.874614668153439523e-01,5.602375330327792335e-01,1.259652634612130484e+01,1.000000000000000000e+00,0.000000000000000000e+00,5.550924896939171127e-01
8.199999999999998579e+01,1.879184015887190584e-01,5.608264238085565179e-01,1.243288124568440978e+01,1.000000000000000000e+00,0.000000000000000000e+00,5.608141679122784495e-01
8.225000000000002842e+01,1.883811646187987243e-01,5.573709300807287992e-01,1.227821794192726834e+01,1.000000000000000000e+00,0.000000000000000000e+00,5.665639170455811779e-01
8.250000000000001421e+01,1.888346836065707968e-01,5.523925656960173569e-01,1.211195664547578055e+01,1.000000000000000000e+00,0.000000000000000000e+00,5.508448340501692631e-01
8.274999999999998579e+01,1.892914487292192138e-01,5.530255157401793298e-01,1.195187921829950817e+01,1.000000000000000000e+00,0.000000000000000000e+00,5.565458591271085220e-01
8.300000000000002842e+01,1.897482151262421535e-01,5.472742451007817088e-01,1.179378772264451847e+01,1.000000000000000000e+00,0.000000000000000000e+00,5.393907257027638069e-01
8.325000000000001421e+01,1.901976612991060078e-01,5.450485785732487320e-01,1.162983374893144983e+01,1.000000000000000000e+00,0.000000000000000000e+00,5.450368485246378514e-01
8.350000000000000000e+01,1.906528800581099858e-01,5.409226502216759602e-01,1.147518899668885517e+01,1.000000000000000000e+00,0.000000000000000000e+00,5.507098904367105918e-01
8.374999999999998579e+01,1.910976268989272031e-01,5.344914023938561742e-01,1.131293739747737170e+01,1.000000000000000000e+00,0.000000000000000000e+00,5.321697981357291773e-01
8.400000000000001421e+01,1.915442200439114173e-01,5.335653237469324406e-01,1.115635386222494851e+01,1.000000000000000000e+00,0.000000000000000000e+00,5.377819019399342482e-01
8.425000000000000000e+01,1.919895019606518427e-01,5.263584281281560306e-01,1.100235772408854729e+01,1.000000000000000000e+00,0.000000000000000000e+00,5.178091654945944367e-01
8.449999999999998579e+01,1.924260938339873717e-01,5.233660082745896780e-01,1.084500346825369554e+01,1.000000000000000000e+00,0.000000000000000000e+00,5.233549756750179860e-01
8.475000000000001421e+01,1.928683561927927170e-01,5.174185681195387909e-01,1.069667481934157038e+01,1.000000000000000000e+00,0.000000000000000000e+00,5.289261724453236946e-01
8.500000000000000000e+01,1.932969578796895349e-01,5.094348675224562584e-01,1.054222449334809575e+01,1.000000000000000000e+00,0.000000000000000000e+00,5.073813372398786603e-01
8.524999999999998579e+01,1.937276883370342428e-01,5.078033598733020515e-01,1.039424684547963196e+01,1.000000000000000000e+00,0.000000000000000000e+00,5.128801445779178625e-01
8.550000000000002842e+01,1.941554466887611685e-01,4.985194543025749936e-01,1.024893547967355190e+01,1.000000000000000000e+00,0.000000000000000000e+00,4.888739683933421287e-01
8.575000000000001421e+01,1.945723427614587664e-01,4.943018485964812969e-01,1.010153839988559454e+01,1.000000000000000000e+00,0.000000000000000000e+00,4.942917070064277718e-01
8.600000000000000000e+01,1.949947534363967172e-01,4.865064412351483014e-01,9.962569022845286781e+00,1.000000000000000000e+00,1.000000000000000000e+00,4.997328657431949761e-01
8.625000000000002842e+01,1.954002065618998252e-01,4.757289405309373942e-01,9.818805206991349621e+00,1.000000000000000000e+00,1.000000000000000000e+00,4.727392699225713146e-01
8.650000000000001421e+01,1.958059609462447503e-01,4.734251139033133771e-01,9.680596159981378790e+00,1.000000000000000000e+00,1.000000000000000000e+00,4.780887875282358590e-01
8.675000000000000000e+01,1.962091619522594033e-01,4.611872604386172414e-01,9.546202489748873532e+00,1.000000000000000000e+00,1.000000000000000000e+00,4.483458974919156126e-01
8.699999999999998579e+01,1.965956278871845986e-01,4.536055885312722524e-01,9.408958163957743537e+00,1.000000000000000000e+00,1.000000000000000000e+00,4.535966150341244618e-01
8.725000000000001421e+01,1.969873769992340207e-01,4.455621476281714788e-01,9.279530427382297830e+00,1.000000000000000000e+00,1.000000000000000000e+00,4.588681582470528486e-01
8.750000000000000000e+01,1.973615666657239365e-01,4.317580508923977156e-01,9.147729913693158466e+00,1.000000000000000000e+00,1.000000000000000000e+00,4.260122277226845999e-01
8.774999999999998579e+01,1.977309958667040624e-01,4.288268729812504954e-01,9.019468894459070185e+00,1.000000000000000000e+00,1.000000000000000000e+00,4.311770680710336756e-01
8.800000000000002842e+01,1.981015196375621734e-01,4.132803927221405660e-01,8.896861525043435748e+00,1.000000000000000000e+00,1.000000000000000000e+00,3.950327885920902893e-01
8.825000000000000000e+01,1.984454592576417042e-01,4.000933208033209953e-01,8.769842789367947589e+00,1.000000000000000000e+00,1.000000000000000000e+00,4.000857538808182401e-01
8.849999999999998579e+01,1.987943865770424312e-01,3.929793633124648022e-01,8.650021223467602383e+00,1.000000000000000000e+00,1.000000000000000000e+00,4.051563920909923011e-01
8.875000000000002842e+01,1.991272031149645683e-01,3.744240596189685744e-01,8.530173308749159133e+00,1.000000000000000000e+00,1.000000000000000000e+00,3.630334095169560071e-01
8.900000000000001421e+01,1.994450280065202530e-01,3.679864425388620353e-01,8.411109290068219835e+00,1.000000000000000000e+00,1.000000000000000000e+00,3.679796556134236063e-01
8.925000000000000000e+01,1.997676784428325247e-01,3.485261685290003686e-01,8.298683939121870523e+00,1.000000000000000000e+00,1.000000000000000000e+00,3.729418108802144971e-01
8.950000000000002842e+01,2.000526143257509437e-01,3.264341320474762886e-01,8.181134621450421918e+00,1.000000000000000000e+00,1.000000000000000000e+00,3.237967240241991784e-01
8.975000000000001421e+01,2.003375633634691677e-01,3.202637853596705386e-01,8.069093322215575625e+00,1.000000000000000000e+00,1.000000000000000000e+00,3.286243680703699876e-01
9.000000000000000000e+01,2.006125235104917470e-01,2.940417836291602804e-01,7.959801756834409048e+00,1.000000000000000000e+00,1.000000000000000000e+00,2.714565730961190915e-01
9.024999999999998579e+01,2.008523348242353401e-01,2.761517912641685002e-01,7.847698243859928091e+00,1.000000000000000000e+00,1.000000000000000000e+00,2.761470090752650708e-01
9.050000000000001421e+01,2.010965533335665745e-01,2.593454262281525979e-01,7.741945072291790630e+00,1.000000000000000000e+00,1.000000000000000000e+00,2.808487619495758647e-01
9.075000000000000000e+01,2.013074597198255822e-01,2.288910589161768649e-01,7.634524434280725913e+00,1.000000000000000000e+00,1.000000000000000000e+00,2.152833648427432967e-01
9.099999999999998579e+01,2.014986551813342242e-01,2.198569267495966706e-01,7.528672065441125660e+00,1.000000000000000000e+00,1.000000000000000000e+00,2.198532363062313810e-01
9.125000000000002842e+01,2.016940577855891314e-01,1.891115129122446226e-01,7.428785092700832315e+00,1.000000000000000000e+00,1.000000000000000000e+00,2.244318839147824707e-01
9.150000000000001421e+01,2.018315127559879851e-01,1.552465051181428357e-01,7.323983825402142323e+00,1.000000000000000000e+00,1.000000000000000000e+00,1.521254133659654395e-01
9.174999999999998579e+01,2.019674953515351590e-01,1.503692617634536099e-01,7.224351593091713042e+00,1.000000000000000000e+00,1.000000000000000000e+00,1.565927067528812833e-01
9.200000000000002842e+01,2.020965384126272302e-01,1.191485026921823842e-01,7.128671652476695542e+00,1.000000000000000000e+00,1.000000000000000000e+00,8.974031414982069910e-02
9.225000000000001421e+01,2.021776286297257419e-01,9.414203692077548202e-02,7.030950070477439695e+00,1.000000000000000000e+00,1.000000000000000000e+00,9.414052743313364169e-02
9.250000000000000000e+01,2.022626362817963597e-01,8.782603759240339980e-02,6.938785555122270132e+00,1.000000000000000000e+00,1.000000000000000000e+00,9.854435713687609288e-02
9.274999999999998579e+01,2.023326481272226529e-01,6.118066383956487220e-02,6.849308002931664419e+00,1.000000000000000000e+00,1.000000000000000000e+00,4.086897273370722339e-02
9.300000000000001421e+01,2.023706620895787123e-01,4.524111060950163771e-02,6.760427126692929889e+00,1.000000000000000000e+00,1.000000000000000000e+00,4.524039107726565007e-02
9.325000000000000000e+01,2.024125447058670035e-01,3.947902652002208135e-02,6.676435757225935852e+00,1.000000000000000000e+00,1.000000000000000000e+00,4.961353559488705656e-02
9.349999999999998579e+01,2.024403971580980566e-01,1.838715090319663348e-02,6.594999410162926345e+00,1.000000000000000000e+00,1.000000000000000000e+00,3.060724938407038184e-03
9.375000000000001421e+01,2.024450279198408975e-01,7.424292706449208031e-03,6.515098974288187073e+00,1.000000000000000000e+00,1.000000000000000000e+00,7.424174909088900910e-03
9.400000000000000000e+01,2.024535134046786533e-01,5.861709244898139631e-03,6.439404199032994214e+00,1.000000000000000000e+00,1.000000000000000000e+00,1.178790759056556024e-02
9.424999999999998579e+01,2.024553840371786095e-01,9.482081789794557722e-03,6.366609226573002545e+00,1.000000000000000000e+00,1.000000000000000000e+00,2.326542439021873215e-02
9.450000000000002842e+01,2.024367608748541270e-01,1.890045490861690797e-02,6.295329567035398810e+00,1.000000000000000000e+00,1.000000000000000000e+00,1.890015491634751063e-02
9.475000000000001421e+01,2.024219946068987752e-01,1.494960521984853644e-02,6.227609062391560535e+00,1.000000000000000000e+00,1.000000000000000000e+00,1.453560537324830211e-02
9.500000000000000000e+01,2.024103529183440275e-01,2.665910932469993735e-02,6.163113170600620805e+00,1.000000000000000000e+00,1.000000000000000000e+00,4.232550970359443693e-02
9.525000000000002842e+01,2.023749049279315038e-01,3.795575251122338539e-02,6.099556255850225206e+00,1.000000000000000000e+00,1.000000000000000000e+00,3.795514928616398886e-02
9.550000000000001421e+01,2.023433210019340844e-01,3.358676978373357352e-02,6.039000543323581383e+00,1.000000000000000000e+00,1.000000000000000000e+00,3.358623619408096506e-02
9.575000000000000000e+01,2.023155981290928884e-01,4.081950934322058078e-02,5.981224952871613709e+00,1.000000000000000000e+00,1.000000000000000000e+00,2.921860342996149967e-02
9.599999999999998579e+01,2.022712526618373752e-01,5.747304356082726801e-02,5.924669253991760698e+00,1.000000000000000000e+00,1.000000000000000000e+00,6.690066775549774469e-02
9.625000000000001421e+01,2.022141496051864940e-01,6.252006348588415308e-02,5.869570004601309954e+00,1.000000000000000000e+00,1.000000000000000000e+00,6.251906692622619111e-02
9.650000000000000000e+01,2.021609265472570360e-01,5.814078215151810558e-02,5.816897754809372323e+00,1.000000000000000000e+00,1.000000000000000000e+00,5.813985598176995423e-02
9.674999999999998579e+01,2.021115783993331083e-01,7.758699442736501084e-02,5.766484960364606671e+00,1.000000000000000000e+00,1.000000000000000000e+00,5.376286635045203488e-02
9.700000000000002842e+01,2.020240820009375771e-01,1.007878883859139874e-01,5.715822079204368578e+00,1.000000000000000000e+00,1.000000000000000000e+00,1.045445196906700652e-01
9.725000000000000000e+01,2.019338900878988596e-01,1.001370984561519295e-01,5.666960675195752195e+00,1.000000000000000000e+00,1.000000000000000000e+00,1.001354906223889535e-01
9.749999999999998579e+01,2.018476198425970258e-01,9.573184824179908903e-02,5.620141058957229596e+00,1.000000000000000000e+00,1.000000000000000000e+00,9.573031271273146903e-02
9.775000000000002842e+01,2.017652629579867185e-01,1.230154688570716665e-01,5.575229096255859496e+00,1.000000000000000000e+00,1.000000000000000000e+00,9.132881339564279111e-02
9.800000000000001421e+01,2.016310223145349467e-01,1.525145744345134113e-01,5.529437554495838292e+00,1.000000000000000000e+00,1.000000000000000000e+00,1.547286610731750389e-01
9.825000000000000000e+01,2.014969040158234859e-01,1.502663104298672392e-01,5.485347054522331511e+00,1.000000000000000000e+00,1.000000000000000000e+00,1.502638617954849820e-01
9.850000000000002842e+01,2.013667952057774380e-01,1.458072857166876901e-01,5.443028874273630358e+00,1.000000000000000000e+00,1.000000000000000000e+00,1.458049134081519649e-01
9.875000000000001421e+01,2.012406831729277312e-01,1.698097398234753863e-01,5.402370861025787008e+00,1.000000000000000000e+00,1.000000000000000000e+00,1.413516349616053547e-01
9.900000000000000000e+01,2.010685827689984717e-01,2.048182828531598387e-01,5.361224544630396771e+00,1.000000000000000000e+00,1.000000000000000000e+00,2.158534860403007183e-01
9.924999999999998579e+01,2.008812978725753595e-01,2.112946637024698815e-01,5.320934706436725392e+00,1.000000000000000000e+00,1.000000000000000000e+00,2.112911318322555354e-01
9.950000000000001421e+01,2.006981789919767278e-01,2.067406305398584165e-01,5.282219394679638746e+00,1.000000000000000000e+00,1.000000000000000000e+00,2.067371822849847773e-01
9.975000000000000000e+01,2.005192077812490981e-01,2.088135629778904157e-01,5.244981763580889300e+00,1.000000000000000000e+00,1.000000000000000000e+00,2.021914412669555960e-01
9.999999999999998579e+01,2.003327844500214505e-01,2.462928714243320383e-01,5.208724023885282328e+00,1.000000000000000000e+00,1.000000000000000000e+00,2.818385878974508096e-01
1.002500000000000284e+02,2.000886303709935865e-01,2.771392302380240591e-01,5.171696541103934841e+00,1.000000000000000000e+00,1.000000000000000000e+00,2.771344280668392446e-01
1.005000000000000142e+02,1.998488708924117119e-01,2.724463388394059438e-01,5.136082265271697977e+00,1.000000000000000000e+00,1.000000000000000000e+00,2.724416313624659636e-01
1.007499999999999858e+02,1.996134811221436378e-01,2.677645923043248666e-01,5.101796361224728571e+00,1.000000000000000000e+00,1.000000000000000000e+00,2.677599786137734306e-01
1.010000000000000284e+02,1.993824366904046186e-01,2.690387314717856415e-01,5.068760598132679540e+00,1.000000000000000000e+00,1.000000000000000000e+00,2.630892525365901569e-01
1.012500000000000142e+02,1.991453698729311883e-01,3.015263843021193657e-01,5.036597060003773940e+00,1.000000000000000000e+00,1.000000000000000000e+00,3.328876116592552337e-01
1.015000000000000000e+02,1.988584226719324333e-01,3.280536465091819509e-01,5.004017982304241663e+00,1.000000000000000000e+00,1.000000000000000000e+00,3.280477696706484148e-01
1.017499999999999858e+02,1.985760763643081295e-01,3.232275342975283738e-01,4.972618171045033897e+00,1.000000000000000000e+00,1.000000000000000000e+00,3.232217632566705134e-01
1.020000000000000142e+02,1.982983006517838320e-01,3.184150165917795650e-01,4.942330099383577036e+00,1.000000000000000000e+00,1.000000000000000000e+00,3.184093501943108806e-01
1.022500000000000000e+02,1.980250658254102125e-01,3.136158535388212654e-01,4.913091224681071623e+00,1.000000000000000000e+00,1.000000000000000000e+00,3.136102906555157666e-01
1.024999999999999858e+02,1.977563427574267341e-01,3.294475498086037457e-01,4.884843529509478977e+00,1.000000000000000000e+00,1.000000000000000000e+00,3.088243471555067177e-01
1.027500000000000142e+02,1.974565218319938309e-01,3.556585631184976948e-01,4.856672769975899584e+00,1.000000000000000000e+00,1.000000000000000000e+00,3.660817699363458910e-01
1.030000000000000000e+02,1.971434956731392407e-01,3.611481786397818250e-01,4.829029603351560951e+00,1.000000000000000000e+00,1.000000000000000000e+00,3.611415521162775755e-01
1.032499999999999858e+02,1.968352019459734537e-01,3.562233914675880797e-01,4.802309696192118338e+00,1.000000000000000000e+00,1.000000000000000000e+00,3.562168792655242555e-01
1.035000000000000284e+02,1.965316067714323323e-01,3.513138907052325566e-01,4.776463533157325081e+00,1.000000000000000000e+00,1.000000000000000000e+00,3.513074914874608767e-01
1.037500000000000142e+02,1.962326769082814726e-01,3.464194191988972382e-01,4.751444987426338251e+00,1.000000000000000000e+00,1.000000000000000000e+00,3.464131316567716223e-01
1.040000000000000000e+02,1.959383797437165287e-01,3.572510739193734963e-01,4.727211031268571340e+00,1.000000000000000000e+00,1.000000000000000000e+00,3.415335453608975835e-01
1.042500000000000284e+02,1.956218186811979065e-01,3.774924364945047572e-01,4.703182933402176857e+00,1.000000000000000000e+00,1.000000000000000000e+00,3.869416613374868086e-01
1.045000000000000142e+02,1.952939539448791950e-01,3.819405888582344533e-01,4.679584596052663414e+00,1.000000000000000000e+00,1.000000000000000000e+00,3.819334684797463519e-01
1.047500000000000000e+02,1.949708921347397261e-01,3.769489403909143110e-01,4.656710597656192441e+00,1.000000000000000000e+00,1.000000000000000000e+00,3.769419402543197073e-01
1.049999999999999858e+02,1.946525971833355240e-01,3.719736858566053961e-01,4.634524445447698149e+00,1.000000000000000000e+00,1.000000000000000000e+00,3.719668044993877931e-01
1.052500000000000142e+02,1.943390336920134687e-01,3.670145560915573646e-01,4.612991963210073543e+00,1.000000000000000000e+00,1.000000000000000000e+00,3.670077920821284700e-01
1.055000000000000000e+02,1.940301669206889457e-01,3.622048713608442827e-01,4.592081107716841970e+00,1.000000000000000000e+00,1.000000000000000000e+00,3.620646368352651856e-01
1.057499999999999858e+02,1.937257365849064383e-01,3.772057239163117970e-01,4.571757998872692852e+00,1.000000000000000000e+00,1.000000000000000000e+00,3.971239366049303943e-01
1.060000000000000284e+02,1.933924719863435171e-01,3.920885591992407937e-01,4.551451322235880781e+00,1.000000000000000000e+00,1.000000000000000000e+00,3.920811910037385606e-01
1.062500000000000000e+02,1.930640213909994296e-01,3.870629149683975645e-01,4.531715110619702891e+00,1.000000000000000000e+00,1.000000000000000000e+00,3.870556700699676611e-01
1.064999999999999858e+02,1.927403478374953572e-01,3.820542184440827715e-01,4.512522249044358169e+00,1.000000000000000000e+00,1.000000000000000000e+00,3.820470953157856231e-01
1.067500000000000284e+02,1.924214150456325656e-01,3.770621942674082794e-01,4.493847221631654953e+00,1.000000000000000000e+00,1.000000000000000000e+00,3.770551914145926498e-01
1.070000000000000142e+02,1.921071874058044027e-01,3.720865701754508814e-01,4.475665993924847541e+00,1.000000000000000000e+00,1.000000000000000000e+00,3.720796861349894291e-01
1.072500000000000000e+02,1.917976299686570685e-01,3.671270769365483910e-01,4.457955905572385191e+00,1.000000000000000000e+00,1.000000000000000000e+00,3.671203102760282055e-01
1.075000000000000284e+02,1.914927084349958009e-01,3.744718650772623225e-01,4.440695572317287620e+00,1.000000000000000000e+00,1.000000000000000000e+00,3.621767976037319481e-01
1.077500000000000142e+02,1.911718541062309706e-01,3.848846060863458929e-01,4.423587388476052595e+00,1.000000000000000000e+00,1.000000000000000000e+00,3.879496003714448804e-01
1.080000000000000000e+02,1.908506096243349492e-01,3.829451720047432062e-01,4.406838801870062383e+00,1.000000000000000000e+00,1.000000000000000000e+00,3.829380272963235354e-01
1.082499999999999858e+02,1.905340643758973995e-01,3.779501980577905651e-01,4.390501700536682428e+00,1.000000000000000000e+00,1.000000000000000000e+00,3.779431738887238934e-01
1.085000000000000142e+02,1.902221829934416242e-01,3.729716724690907426e-01,4.374557911541043786e+00,1.000000000000000000e+00,1.000000000000000000e+00,3.729647673706819599e-01
1.087500000000000000e+02,1.899149307648817231e-01,3.680093254716089168e-01,4.358990231441712382e+00,1.000000000000000000e+00,1.000000000000000000e+00,3.680025380061318629e-01
1.089999999999999858e+02,1.896122736234869544e-01,3.630628902772014555e-01,4.343782361831286742e+00,1.000000000000000000e+00,1.000000000000000000e+00,3.630562190371921516e-01
1.092500000000000284e+02,1.893141781380843491e-01,3.583426848315151569e-01,4.328918850013287134e+00,1.000000000000000000e+00,1.000000000000000000e+00,3.581255466216931582e-01
1.095000000000000142e+02,1.890202636059324925e-01,3.656029866838638176e-01,4.314381110217341941e+00,1.000000000000000000e+00,1.000000000000000000e+00,3.776376795839342382e-01
1.097499999999999858e+02,1.887111112673184043e-01,3.726671698072231420e-01,4.299942252843568014e+00,1.000000000000000000e+00,1.000000000000000000e+00,3.726602719571228683e-01
1.100000000000000284e+02,1.884065496784423366e-01,3.677058053589782327e-01,4.285818150144993233e+00,1.000000000000000000e+00,1.000000000000000000e+00,3.676990250546958161e-01
1.102500000000000142e+02,1.881065450787337834e-01,3.627603364631665772e-01,4.271995596984754506e+00,1.000000000000000000e+00,1.000000000000000000e+00,3.627536722992030782e-01
1.105000000000000000e+02,1.878110643376058042e-01,3.578304994245825599e-01,4.258462039119105036e+00,1.000000000000000000e+00,1.000000000000000000e+00,3.578239500251144123e-01
1.107499999999999858e+02,1.875200749449777438e-01,3.529160333991725462e-01,4.245205533295875355e+00,1.000000000000000000e+00,1.000000000000000000e+00,3.529095974176169048e-01
1.110000000000000142e+02,1.872335450020220504e-01,3.480166803340948856e-01,4.232214710288202397e+00,1.000000000000000000e+00,1.000000000000000000e+00,3.480103564525698912e-01
1.112500000000000000e+02,1.869514432121298642e-01,3.431321849089081777e-01,4.219478740612752077e+00,1.000000000000000000e+00,1.000000000000000000e+00,3.431259718375994083e-01
1.114999999999999858e+02,1.866737388720905721e-01,3.446054267657271963e-01,4.206987302705932130e+00,1.000000000000000000e+00,1.000000000000000000e+00,3.382561909542861622e-01
1.117500000000000142e+02,1.863900686746276514e-01,3.497912570480355976e-01,4.194637101021637449e+00,1.000000000000000000e+00,1.000000000000000000e+00,3.535053609491573545e-01
1.120000000000000000e+02,1.861047823365740150e-01,3.486106366052612593e-01,4.182464050829518776e+00,1.000000000000000000e+00,1.000000000000000000e+00,3.486042991847840833e-01
1.122499999999999858e+02,1.858239003879144646e-01,3.437243510730021434e-01,4.170514876885622613e+00,1.000000000000000000e+00,1.000000000000000000e+00,3.437181246177918870e-01
1.125000000000000284e+02,1.855473922450393831e-01,3.388527010637145120e-01,4.158780662199310640e+00,1.000000000000000000e+00,1.000000000000000000e+00,3.388465843082042461e-01
1.127500000000000142e+02,1.852752279065216223e-01,3.339954362343103278e-01,4.147252889014176880e+00,1.000000000000000000e+00,1.000000000000000000e+00,3.339894279401036670e-01
1.130000000000000000e+02,1.850073779447372058e-01,3.291523088106951267e-01,4.135923416680722831e+00,1.000000000000000000e+00,1.000000000000000000e+00,3.291464077658123322e-01
1.132500000000000284e+02,1.847438134976852886e-01,3.243230735324204583e-01,4.124784461003739189e+00,1.000000000000000000e+00,1.000000000000000000e+00,3.243172785511047040e-01
1.135000000000000142e+02,1.844845062610036002e-01,3.195074875991682495e-01,4.113828574950141537e+00,1.000000000000000000e+00,1.000000000000000000e+00,3.195017975214138328e-01
1.137500000000000000e+02,1.842294284801730686e-01,3.196138545551434618e-01,4.103048630613084669e+00,1.000000000000000000e+00,1.000000000000000000e+00,3.146997243089965091e-01
1.139999999999999858e+02,1.839706614520190686e-01,3.227937325006337010e-01,4.092380142386397246e+00,1.000000000000000000e+00,1.000000000000000000e+00,3.258652901544902836e-01
1.142500000000000142e+02,1.837112002879277006e-01,3.210511797837385384e-01,4.081842143989137028e+00,1.000000000000000000e+00,1.000000000000000000e+00,3.210454561706929111e-01
1.145000000000000000e+02,1.834559577679679698e-01,3.162447263542853548e-01,4.071465115843325044e+00,1.000000000000000000e+00,1.000000000000000000e+00,3.162391068712933628e-01
1.147499999999999858e+02,1.832049066337053389e-01,3.114515199645325194e-01,4.061242851005721910e+00,1.000000000000000000e+00,1.000000000000000000e+00,3.114460034934624644e-01
1.150000000000000284e+02,1.829580201613856261e-01,3.066713241473571494e-01,4.051169397550812512e+00,1.000000000000000000e+00,1.000000000000000000e+00,3.066659095945980518e-01
1.152500000000000000e+02,1.827152721546643488e-01,3.019039047060537162e-01,4.041239045699002830e+00,1.000000000000000000e+00,1.000000000000000000e+00,3.018985910019693075e-01
1.154999999999999858e+02,1.824766369375102337e-01,2.971490296647762985e-01,4.031446315728157259e+00,1.000000000000000000e+00,1.000000000000000000e+00,2.971438157632275145e-01
1.157500000000000284e+02,1.822420893472806724e-01,2.924064692196382542e-01,4.021785946613090523e+00,1.000000000000000000e+00,1.000000000000000000e+00,2.924013540977807302e-01
1.160000000000000142e+02,1.820116047279643212e-01,2.876759956912982030e-01,4.012252885341993647e+00,1.000000000000000000e+00,1.000000000000000000e+00,2.876709783489977412e-01
1.162500000000000000e+02,1.817851589235874865e-01,2.889270824538668903e-01,4.002842276862925708e+00,1.000000000000000000e+00,1.000000000000000000e+00,2.829524629372142663e-01
1.165000000000000284e+02,1.815532580918982897e-01,2.904849304096076001e-01,3.993494684713223108e+00,1.000000000000000000e+00,1.000000000000000000e+00,2.907761886104895388e-01
1.167500000000000142e+02,1.813249288159717865e-01,2.860548935332383191e-01,3.984260551460975019e+00,1.000000000000000000e+00,1.000000000000000000e+00,2.860499095295801486e-01
1.170000000000000000e+02,1.811006166962477459e-01,2.813403013530166308e-01,3.975138227324766849e+00,1.000000000000000000e+00,1.000000000000000000e+00,2.813354138205689248e-01
1.172499999999999858e+02,1.808802983169233713e-01,2.766372706306241547e-01,3.966123451582687309e+00,1.000000000000000000e+00,1.000000000000000000e+00,2.766324786211550868e-01
1.175000000000000142e+02,1.806639507457843130e-01,2.719455804521416775e-01,3.957212124381508378e+00,1.000000000000000000e+00,1.000000000000000000e+00,2.719408830389448695e-01
1.177500000000000000e+02,1.804515515281557847e-01,2.672650118295607502e-01,3.948400299375337763e+00,1.000000000000000000e+00,1.000000000000000000e+00,2.672604081070153459e-01
1.179999999999999858e+02,1.802430786810031438e-01,2.625953476568912981e-01,3.939684176772191293e+00,1.000000000000000000e+00,1.000000000000000000e+00,2.625908367401888488e-01
1.182500000000000284e+02,1.800385106871791874e-01,2.579363726670992896e-01,3.931060096762224010e+00,1.000000000000000000e+00,1.000000000000000000e+00,2.579319536920156031e-01
1.185000000000000142e+02,1.798378264898148338e-01,2.532878733899660562e-01,3.922524533303267003e+00,1.000000000000000000e+00,1.000000000000000000e+00,2.532835455124350932e-01
1.187499999999999858e+02,1.796410054868504413e-01,2.520639510869505662e-01,3.914074088241045857e+00,1.000000000000000000e+00,1.000000000000000000e+00,2.486454005060922401e-01
1.190000000000000284e+02,1.794426750318448005e-01,2.527486918259950754e-01,3.905681050214807382e+00,1.000000000000000000e+00,1.000000000000000000e+00,2.546511855685355541e-01
1.192500000000000142e+02,1.792452180330668665e-01,2.500143045772817985e-01,3.897354710753273110e+00,1.000000000000000000e+00,1.000000000000000000e+00,2.500100404766490980e-01
1.195000000000000000e+02,1.790516002535960105e-01,2.453831846266493477e-01,3.889105916114042216e+00,1.000000000000000000e+00,1.000000000000000000e+00,2.453790102294464148e-01
1.197499999999999858e+02,1.788618019048973107e-01,2.407619715148920370e-01,3.880931660448194265e+00,1.000000000000000000e+00,1.000000000000000000e+00,2.407578860299828816e-01
1.200000000000000142e+02,1.786758036380224623e-01,2.361504580711264734e-01,3.872829043614216094e+00,1.000000000000000000e+00,1.000000000000000000e+00,2.361464607264335547e-01
1.202500000000000000e+02,1.784935865386528264e-01,2.315484387304946046e-01,3.864795266765664206e+00,1.000000000000000000e+00,1.000000000000000000e+00,2.315445287727171397e-01
1.204999999999999858e+02,1.783151321222697649e-01,2.269557094954928744e-01,3.856827628163296939e+00,1.000000000000000000e+00,1.000000000000000000e+00,2.269518861896895334e-01
1.207500000000000142e+02,1.781404223294517641e-01,2.223720678973805376e-01,3.848923519198440335e+00,1.000000000000000000e+00,1.000000000000000000e+00,2.223683305269107680e-01
1.210000000000000000e+02,1.779694395212949587e-01,2.177973129587952028e-01,3.841080420615196278e+00,1.000000000000000000e+00,1.000000000000000000e+00,2.177936608249594896e-01
1.212499999999999858e+02,1.778021664749549202e-01,2.132312451565784028e-01,3.833295898919923950e+00,1.000000000000000000e+00,1.000000000000000000e+00,2.132276775782709355e-01
1.215000000000000284e+02,1.776385863793079889e-01,2.128947061304400645e-01,3.825567602967247183e+00,1.000000000000000000e+00,1.000000000000000000e+00,2.086701826985027930e-01
1.217500000000000142e+02,1.774721394209027581e-01,2.144463806117792304e-01,3.817870495941594999e+00,1.000000000000000000e+00,1.000000000000000000e+00,2.163295438961604089e-01
1.220000000000000000e+02,1.773064654248356631e-01,2.117698428924384146e-01,3.810216508819967096e+00,1.000000000000000000e+00,1.000000000000000000e+00,2.117663022689219021e-01
1.222500000000000284e+02,1.771444698905645099e-01,2.072149427651503728e-01,3.802613890064343583e+00,1.000000000000000000e+00,1.000000000000000000e+00,2.072114858246193458e-01
1.225000000000000142e+02,1.769861365847231471e-01,2.026682721895275707e-01,3.795060532133280429e+00,1.000000000000000000e+00,1.000000000000000000e+00,2.026648982910067009e-01
1.227500000000000000e+02,1.768314496750446607e-01,1.981296362105461895e-01,3.787554397253659388e+00,1.000000000000000000e+00,1.000000000000000000e+00,1.981263447299505265e-01
1.229999999999999858e+02,1.766803937264145308e-01,1.935988411724270108e-01,3.780093514772366436e+00,1.000000000000000000e+00,1.000000000000000000e+00,1.935956315024093266e-01
1.232500000000000142e+02,1.765329536970336455e-01,1.890756946842338249e-01,3.772675978631812477e+00,1.000000000000000000e+00,1.000000000000000000e+00,1.890725662338609836e-01
1.235000000000000000e+02,1.763891149346903942e-01,1.845600055855840804e-01,3.765299944962604783e+00,1.000000000000000000e+00,1.000000000000000000e+00,1.845569577801786931e-01
1.237499999999999858e+02,1.762488631731395639e-01,1.800515839130185369e-01,3.757963629787028026e+00,1.000000000000000000e+00,1.000000000000000000e+00,1.800486161939252316e-01
1.240000000000000284e+02,1.761121845285865128e-01,1.755502408666388126e-01,3.750665306827459577e+00,1.000000000000000000e+00,1.000000000000000000e+00,1.755473526910705240e-01
1.242500000000000000e+02,1.759790654962750389e-01,1.716526840776741447e-01,3.743403305414156002e+00,1.000000000000000000e+00,1.000000000000000000e+00,1.710529796181133044e-01
1.244999999999999858e+02,1.758485762908539307e-01,1.743080774103257791e-01,3.736173635347996402e+00,1.000000000000000000e+00,1.000000000000000000e+00,1.808712627205525114e-01
1.247500000000000284e+02,1.757115778426547315e-01,1.763716235232472007e-01,3.728951970902303348e+00,1.000000000000000000e+00,1.000000000000000000e+00,1.763687208636015025e-01
1.250000000000000142e+02,1.755781328435415123e-01,1.718759271655900533e-01,3.721763581161414258e+00,1.000000000000000000e+00,1.000000000000000000e+00,1.718731036173998528e-01
1.252500000000000000e+02,1.754482281279903522e-01,1.673869691796600334e-01,3.714606950968392773e+00,1.000000000000000000e+00,1.000000000000000000e+00,1.673842242283932469e-01
1.255000000000000284e+02,1.753218509026737704e-01,1.629045638682390662e-01,3.707480613376318956e+00,1.000000000000000000e+00,1.000000000000000000e+00,1.629018970147818879e-01
1.257500000000000142e+02,1.751989887433394177e-01,1.584285265743932691e-01,3.700383147976278320e+00,1.000000000000000000e+00,1.000000000000000000e+00,1.584259373347080280e-01
1.260000000000000000e+02,1.750796295917865231e-01,1.539586736498022856e-01,3.693313179297936344e+00,1.000000000000000000e+00,1.000000000000000000e+00,1.539561615547904438e-01
1.262499999999999858e+02,1.749637617529387068e-01,1.494948224235900791e-01,3.686269375279098703e+00,1.000000000000000000e+00,1.000000000000000000e+00,1.494923870190123516e-01
1.265000000000000142e+02,1.748513738920115801e-01,1.450367911716363145e-01,3.679250445800778202e+00,1.000000000000000000e+00,1.000000000000000000e+00,1.450344320179372259e-01
1.267500000000000000e+02,1.747424550317738523e-01,1.405843990861648518e-01,3.672255141284572755e+00,1.000000000000000000e+00,1.000000000000000000e+00,1.405821157582484715e-01
1.269999999999999858e+02,1.746369945499007537e-01,1.361374662455119844e-01,3.665282251349256448e+00,1.000000000000000000e+00,1.000000000000000000e+00,1.361352583325933785e-01
1.272500000000000284e+02,1.745349821764187181e-01,1.316958135841221067e-01,3.658330603523735736e+00,1.000000000000000000e+00,1.000000000000000000e+00,1.316936806897313073e-01
1.275000000000000142e+02,1.744364079912401333e-01,1.335692596895428075e-01,3.651399062013635177e+00,1.000000000000000000e+00,1.000000000000000000e+00,1.272572046049720018e-01
1.277499999999999858e+02,1.743316570617567118e-01,1.372047439741453378e-01,3.644469952953163894e+00,1.000000000000000000e+00,1.000000000000000000e+00,1.389635616879384694e-01
1.280000000000000284e+02,1.742276742016223012e-01,1.345208264938943798e-01,3.637555508889660061e+00,1.000000000000000000e+00,1.000000000000000000e+00,1.345186459206512142e-01
1.282500000000000000e+02,1.741271284653148066e-01,1.300810506927868038e-01,3.630659441675871513e+00,1.000000000000000000e+00,1.000000000000000000e+00,1.300789449972922507e-01
1.285000000000000000e+02,1.740300100803084948e-01,1.256463121816762674e-01,3.623780712231888135e+00,1.000000000000000000e+00,1.000000000000000000e+00,1.256442809866164245e-01
1.287499999999999716e+02,1.739363096200058079e-01,1.212164338022200250e-01,3.616918313994834655e+00,1.000000000000000000e+00,1.000000000000000000e+00,1.212144767440496013e-01
1.290000000000000284e+02,1.738460180014849421e-01,1.167912391536674449e-01,3.610071271905717527e+00,1.000000000000000000e+00,1.000000000000000000e+00,1.167893558827619443e-01
1.292500000000000000e+02,1.737591264833343863e-01,1.123705525645794373e-01,3.603238641437007672e+00,1.000000000000000000e+00,1.000000000000000000e+00,1.123687427449980847e-01
1.294999999999999716e+02,1.736756266635713641e-01,1.079541990644932031e-01,3.596419507659073034e+00,1.000000000000000000e+00,1.000000000000000000e+00,1.079524623736419636e-01
1.297500000000000284e+02,1.735955104776457925e-01,1.035420043551327773e-01,3.589612984343691693e+00,1.000000000000000000e+00,1.000000000000000000e+00,1.035403404840234964e-01
1.300000000000000000e+02,1.735187701965273666e-01,9.913379478300256287e-02,3.582818213102978877e+00,1.000000000000000000e+00,1.000000000000000000e+00,9.913220343594672523e-02
1.302500000000000000e+02,1.734453984248746639e-01,9.472939731144698616e-02,3.576034362562090951e+00,1.000000000000000000e+00,1.000000000000000000e+00,9.472787820592547259e-02
1.305000000000000284e+02,1.733753880992868479e-01,9.032863949296601747e-02,3.569260627564241783e+00,1.000000000000000000e+00,1.000000000000000000e+00,9.032719235962935467e-02
1.307500000000000000e+02,1.733087324866357248e-01,9.252600231920805884e-02,3.562496228406573984e+00,1.000000000000000000e+00,1.000000000000000000e+00,8.592997402452516587e-02
1.310000000000000000e+02,1.732354514030740311e-01,9.699971062265191901e-02,3.555730261907673828e+00,1.000000000000000000e+00,1.000000000000000000e+00,9.927476007733919416e-02
1.312500000000000284e+02,1.731620917672102578e-01,9.487183566364744414e-02,3.548969811926569573e+00,1.000000000000000000e+00,1.000000000000000000e+00,9.487031422514621837e-02
1.315000000000000000e+02,1.730920882648732395e-01,9.047096278428677640e-02,3.542217811707476294e+00,1.000000000000000000e+00,1.000000000000000000e+00,9.046951332653767330e-02
1.317500000000000000e+02,1.730254341633802040e-01,8.607356322499751244e-02,3.535473544817290037e+00,1.000000000000000000e+00,1.000000000000000000e+00,8.607218549122833129e-02
1.319999999999999716e+02,1.729621230582423230e-01,8.167946561803024474e-02,3.528736317836903780e+00,1.000000000000000000e+00,1.000000000000000000e+00,8.167815936442843205e-02
1.322500000000000284e+02,1.729021488716570021e-01,7.728849910408300272e-02,3.522005459719578901e+00,1.000000000000000000e+00,1.000000000000000000e+00,7.728726409983588397e-02
1.325000000000000000e+02,1.728455058510786624e-01,7.290049330580028464e-02,3.515280321173553268e+00,1.000000000000000000e+00,1.000000000000000000e+00,7.289932933280092453e-02
1.327500000000000000e+02,1.727921885678674607e-01,6.851527830076864500e-02,3.508560274067819229e+00,1.000000000000000000e+00,1.000000000000000000e+00,6.851418515363962014e-02
1.330000000000000284e+02,1.727421919160162800e-01,6.413268459505760966e-02,3.501844710860127829e+00,1.000000000000000000e+00,1.000000000000000000e+00,6.413166208110532285e-02
1.332500000000000000e+02,1.726955111109539087e-01,5.975254309690236632e-02,3.495133044046274673e+00,1.000000000000000000e+00,1.000000000000000000e+00,5.975159103599866905e-02
1.335000000000000000e+02,1.726521416884254090e-01,5.537468509032475450e-02,3.488424705629769473e+00,1.000000000000000000e+00,1.000000000000000000e+00,5.537380331490299179e-02
1.337500000000000284e+02,1.726120795034479516e-01,5.099894220909783477e-02,3.481719146611077509e+00,1.000000000000000000e+00,1.000000000000000000e+00,5.099813056404794293e-02
1.340000000000000000e+02,1.725753207293425628e-01,4.662514641062892595e-02,3.475015836495618071e+00,1.000000000000000000e+00,1.000000000000000000e+00,4.662440475329019535e-02
1.342500000000000000e+02,1.725418618568407558e-01,5.068020129228795884e-02,3.468314262819739646e+00,1.000000000000000000e+00,1.000000000000000000e+00,4.225245815018829204e-02
1.345000000000000284e+02,1.724990109525617599e-01,5.548073634078738020e-02,3.461608988892072691e+00,1.000000000000000000e+00,1.000000000000000000e+00,5.622410659231449892e-02
1.347500000000000284e+02,1.724583446045488966e-01,5.184886138388054844e-02,3.454905114867959703e+00,1.000000000000000000e+00,1.000000000000000000e+00,5.184803612614150015e-02
1.350000000000000000e+02,1.724209792992717205e-01,4.747470046248997849e-02,3.448202637039105678e+00,1.000000000000000000e+00,1.000000000000000000e+00,4.747394521922204680e-02
1.352499999999999716e+02,1.723869114692006543e-01,4.310235144482612440e-02,3.441501086537158915e+00,1.000000000000000000e+00,1.000000000000000000e+00,4.310166608330449206e-02
1.355000000000000284e+02,1.723561378632551544e-01,3.873164680716822961e-02,3.434800011073114057e+00,1.000000000000000000e+00,1.000000000000000000e+00,3.873103120702878904e-02
1.357500000000000000e+02,1.723286555460462888e-01,3.436241927694305698e-02,3.428098974533267285e+00,1.000000000000000000e+00,1.000000000000000000e+00,3.436187333018123069e-02
1.360000000000000000e+02,1.723044618971924791e-01,2.999450180725043297e-02,3.421397556589658162e+00,1.000000000000000000e+00,1.000000000000000000e+00,2.999402541802046254e-02
1.362500000000000284e+02,1.722835546107095717e-01,2.562772755086708751e-02,3.414695352324474964e+00,1.000000000000000000e+00,1.000000000000000000e+00,2.562732063568616547e-02
1.365000000000000000e+02,1.722659316944744057e-01,2.126192983514761659e-02,3.407991971867863512e+00,1.000000000000000000e+00,1.000000000000000000e+00,2.126159232267111482e-02
1.367500000000000000e+02,1.722515914697609618e-01,1.689694213634332712e-02,3.401287040048631916e+00,1.000000000000000000e+00,1.000000000000000000e+00,1.689667396734316138e-02
1.370000000000000284e+02,1.722405325708505353e-01,1.253259805400016268e-02,3.394580196057351618e+00,1.000000000000000000e+00,1.000000000000000000e+00,1.253239918152245641e-02
1.372500000000000000e+02,1.722327539447140732e-01,8.168731285839231013e-03,3.387871093121421318e+00,1.000000000000000000e+00,1.000000000000000000e+00,8.168601675098788664e-03
1.375000000000000000e+02,1.722282548507675648e-01,3.805175602415002047e-03,3.381159398191590171e+00,1.000000000000000000e+00,1.000000000000000000e+00,3.805115230673693227e-03
1.377499999999999716e+02,1.722270348606997348e-01,1.772585826253939532e-03,3.374444791639570340e+00,1.000000000000000000e+00,1.000000000000000000e+00,5.582263217666002262e-04
1.380000000000000284e+02,1.722255907173576850e-01,6.003536248607218434e-03,3.367727413829224581e+00,1.000000000000000000e+00,1.000000000000000000e+00,1.226747064329868075e-02
1.382500000000000000e+02,1.722180118350458700e-01,7.903822166093617610e-03,3.361008271066675768e+00,1.000000000000000000e+00,1.000000000000000000e+00,7.903696759222998691e-03
1.384999999999999716e+02,1.722137121762948864e-01,3.540280017134478548e-03,3.354286181055889937e+00,1.000000000000000000e+00,1.000000000000000000e+00,3.540223848231700918e-03
1.387500000000000284e+02,1.722126913317812702e-01,8.231273168864255150e-04,3.347560857789174893e+00,1.000000000000000000e+00,1.000000000000000000e+00,8.231142576281411582e-04
1.390000000000000000e+02,1.722149492043251739e-01,5.186565995485918276e-03,3.340832027755243239e+00,1.000000000000000000e+00,1.000000000000000000e+00,5.186483705773704649e-03
1.392500000000000000e+02,1.722204860088678569e-01,9.550202182981991361e-03,3.334099429680400295e+00,1.000000000000000000e+00,1.000000000000000000e+00,9.550050648398944811e-03
1.395000000000000284e+02,1.722293022725215894e-01,1.391420207378636469e-02,3.327362814278838954e+00,1.000000000000000000e+00,1.000000000000000000e+00,1.391398126778014242e-02
1.397500000000000000e+02,1.722413988346921387e-01,1.827873191767567795e-02,3.320621944011712401e+00,1.000000000000000000e+00,1.000000000000000000e+00,1.827844180159220872e-02
1.400000000000000000e+02,1.722567768472736960e-01,2.264395804524781466e-02,3.313876592854658298e+00,1.000000000000000000e+00,1.000000000000000000e+00,2.264359856824963227e-02
1.402500000000000284e+02,1.722754377749167731e-01,2.701004689323426369e-02,3.307126546073513751e+00,1.000000000000000000e+00,1.000000000000000000e+00,2.700961799226702861e-02
1.405000000000000000e+02,1.722973833953684863e-01,3.137716502976415495e-02,3.300371600007916406e+00,1.000000000000000000e+00,1.000000000000000000e+00,3.137666662965304248e-02
1.407500000000000000e+02,1.723226157998859476e-01,3.574547918004473274e-02,3.293611561862529236e+00,1.000000000000000000e+00,1.000000000000000000e+00,3.574491119335525963e-02
1.409999999999999716e+02,1.723511373937229307e-01,4.011515625166724858e-02,3.286846249505637196e+00,1.000000000000000000e+00,1.000000000000000000e+00,4.011451857874672594e-02
1.412500000000000284e+02,1.723829508966893964e-01,4.448636336026132176e-02,3.280075491274862642e+00,1.000000000000000000e+00,1.000000000000000000e+00,4.448565588917732794e-02
1.415000000000000000e+02,1.724180593437851794e-01,4.885926785509415310e-02,3.273299125789770336e+00,1.000000000000000000e+00,1.000000000000000000e+00,4.885849046158769610e-02
1.417500000000000000e+02,1.724564660859068677e-01,4.666216265474443237e-02,3.266517001771124917e+00,1.000000000000000000e+00,1.000000000000000000e+00,5.323318989220668374e-02
1.420000000000000284e+02,1.724882843388873543e-01,4.328711705162414936e-02,3.259734989277094819e+00,1.000000000000000000e+00,1.000000000000000000e+00,4.210761742766117033e-02
1.422500000000000000e+02,1.725216237695762767e-01,4.648024728313280424e-02,3.252948602768775732e+00,1.000000000000000000e+00,1.000000000000000000e+00,4.647950794262879076e-02
1.425000000000000000e+02,1.725582619864788891e-01,5.085398143575606267e-02,3.246156677654290057e+00,1.000000000000000000e+00,1.000000000000000000e+00,5.085317211205034327e-02
1.427500000000000284e+02,1.725982024872952936e-01,5.522965710810501250e-02,3.239359089732047003e+00,1.000000000000000000e+00,1.000000000000000000e+00,5.522877765894482899e-02
1.430000000000000000e+02,1.726414490870110674e-01,5.960744233247021462e-02,3.232555724344802872e+00,1.000000000000000000e+00,1.000000000000000000e+00,5.960649260317663761e-02
1.432500000000000000e+02,1.726880059187879957e-01,6.398750546398436490e-02,3.225746476225978210e+00,1.000000000000000000e+00,1.000000000000000000e+00,6.398648528737575780e-02
1.435000000000000284e+02,1.727378774349295210e-01,6.837001520658196607e-02,3.218931249351578483e+00,1.000000000000000000e+00,1.000000000000000000e+00,6.836892440295516682e-02
1.437500000000000284e+02,1.727910684079219661e-01,7.275514063915523855e-02,3.212109956797543742e+00,1.000000000000000000e+00,1.000000000000000000e+00,7.275397901624186536e-02
1.440000000000000000e+02,1.728475839315514739e-01,7.714305124185216744e-02,3.205282520602339869e+00,1.000000000000000000e+00,1.000000000000000000e+00,7.714181859473871750e-02
1.442499999999999716e+02,1.729074294220976915e-01,8.153391692251703293e-02,3.198448871634671065e+00,1.000000000000000000e+00,1.000000000000000000e+00,8.153261303350760325e-02
1.445000000000000284e+02,1.729706106196041981e-01,8.592790804307123831e-02,3.191608949466132383e+00,1.000000000000000000e+00,1.000000000000000000e+00,8.592653268169850311e-02
1.447500000000000000e+02,1.730371335892264550e-01,9.032519544629445674e-02,3.184762702248677524e+00,1.000000000000000000e+00,1.000000000000000000e+00,9.032374836922182904e-02
1.450000000000000000e+02,1.731070047226580255e-01,9.472595048267369588e-02,3.177910086596747341e+00,1.000000000000000000e+00,1.000000000000000000e+00,9.472443143358717788e-02
1.452500000000000284e+02,1.731802307396353990e-01,9.913034503730118463e-02,3.171051067473941387e+00,1.000000000000000000e+00,1.000000000000000000e+00,9.912875374690145736e-02
1.455000000000000000e+02,1.732568186895221962e-01,1.035385515572235932e-01,3.164185618084104146e+00,1.000000000000000000e+00,1.000000000000000000e+00,1.035368877430417056e-01
1.457500000000000000e+02,1.733367759529737540e-01,1.025346030473335140e-01,3.157313719766681626e+00,1.000000000000000000e+00,1.000000000000000000e+00,1.079490064450221720e-01
1.460000000000000284e+02,1.734119175263552359e-01,9.971485387354570018e-02,3.150443464489394607e+00,1.000000000000000000e+00,1.000000000000000000e+00,9.789670107684654565e-02
1.462500000000000000e+02,1.734876748862199947e-01,1.023053952314209175e-01,3.143569885390911534e+00,1.000000000000000000e+00,1.000000000000000000e+00,1.023037517278230224e-01
1.465000000000000000e+02,1.735668043722786991e-01,1.067164548765965476e-01,3.136690318461998306e+00,1.000000000000000000e+00,1.000000000000000000e+00,1.067147386375349311e-01
1.467500000000000284e+02,1.736493136160206785e-01,1.111316245502430994e-01,3.129804768130327375e+00,1.000000000000000000e+00,1.000000000000000000e+00,1.111298352704409576e-01
1.470000000000000284e+02,1.737352105837674243e-01,1.155510783669242147e-01,3.122913246646413565e+00,1.000000000000000000e+00,1.000000000000000000e+00,1.155492157276638010e-01
1.472500000000000000e+02,1.738245035785612458e-01,1.199749911058604901e-01,3.116015773996799076e+00,1.000000000000000000e+00,1.000000000000000000e+00,1.199730547749070786e-01
1.474999999999999716e+02,1.739172012421374425e-01,1.244035382390663719e-01,3.109112377820935524e+00,1.000000000000000000e+00,1.000000000000000000e+00,1.244015278705856570e-01
1.477500000000000284e+02,1.740133125569801320e-01,1.288368959597238350e-01,3.102203093331681760e+00,1.000000000000000000e+00,1.000000000000000000e+00,1.288348111941899632e-01
1.480000000000000000e+02,1.741128468484633984e-01,1.332752412109143858e-01,3.095287963239336193e+00,1.000000000000000000e+00,1.000000000000000000e+00,1.332730816748868841e-01
1.482500000000000000e+02,1.742158137870781498e-01,1.377187517143741158e-01,3.088367037679088600e+00,1.000000000000000000e+00,1.000000000000000000e+00,1.377165170203785149e-01
1.485000000000000284e+02,1.743222233907459062e-01,1.421676059995384545e-01,3.081440374141848793e+00,1.000000000000000000e+00,1.000000000000000000e+00,1.421652957460141919e-01
1.487500000000000000e+02,1.744320860272203788e-01,1.466219834329783589e-01,3.074508037408360206e+00,1.000000000000000000e+00,1.000000000000000000e+00,1.466195972041723361e-01
1.490000000000000000e+02,1.745454124165782828e-01,1.510820642483086396e-01,3.067570099486500279e+00,1.000000000000000000e+00,1.000000000000000000e+00,1.510796016139327458e-01
1.492500000000000284e+02,1.746622136338004394e-01,1.555480295757749321e-01,3.060626639551737860e+00,1.000000000000000000e+00,1.000000000000000000e+00,1.555454900910324956e-01
1.495000000000000000e+02,1.747825011114434723e-01,1.600200614726945969e-01,3.053677743890661489e+00,1.000000000000000000e+00,1.000000000000000000e+00,1.600174446781239268e-01
1.497500000000000000e+02,1.749062866424050122e-01,1.637397971470385405e-01,3.046723505847492408e+00,1.000000000000000000e+00,1.000000000000000000e+00,1.644956483753562404e-01
1.499999999999999716e+02,1.750324245799602940e-01,1.615754794597073496e-01,3.039765512828456195e+00,1.000000000000000000e+00,1.000000000000000000e+00,1.556990702258918002e-01
1.502500000000000284e+02,1.751530844708213686e-01,1.601738559857635302e-01,3.032814124526950650e+00,1.000000000000000000e+00,1.000000000000000000e+00,1.601712365260317683e-01
1.505000000000000000e+02,1.752772501601854993e-01,1.646523555031491892e-01,3.025858069911582238e+00,1.000000000000000000e+00,1.000000000000000000e+00,1.646496582426284772e-01
1.507500000000000000e+02,1.754049338421908577e-01,1.691372949499708456e-01,3.018897463660501934e+00,1.000000000000000000e+00,1.000000000000000000e+00,1.691345193987441320e-01
1.510000000000000284e+02,1.755361480779996097e-01,1.736288593852128304e-01,3.011932427363754439e+00,1.000000000000000000e+00,1.000000000000000000e+00,1.736260050381520093e-01
1.512500000000000000e+02,1.756709057988573852e-01,1.781272349203179006e-01,3.004963089482633798e+00,1.000000000000000000e+00,1.000000000000000000e+00,1.781243012569291573e-01
1.515000000000000000e+02,1.758092203092514183e-01,1.826326087512703533e-01,2.997989585311719551e+00,1.000000000000000000e+00,1.000000000000000000e+00,1.826295952354197449e-01
1.517500000000000284e+02,1.759511052901678585e-01,1.871451691907122239e-01,2.991012056943562758e+00,1.000000000000000000e+00,1.000000000000000000e+00,1.871420752705622581e-01
1.520000000000000000e+02,1.760965748024501953e-01,1.916651057008338654e-01,2.984030653235968167e+00,1.000000000000000000e+00,1.000000000000000000e+00,1.916619308085998619e-01
1.522500000000000000e+02,1.762456432902605175e-01,1.961926089265114137e-01,2.977045529781808142e+00,1.000000000000000000e+00,1.000000000000000000e+00,1.961893524781982423e-01
1.525000000000000284e+02,1.763983255846448273e-01,2.007278707286534736e-01,2.970056848881369671e+00,1.000000000000000000e+00,1.000000000000000000e+00,2.007245321239631286e-01
1.527500000000000284e+02,1.765546369072041599e-01,2.052710842183299855e-01,2.963064779517161185e+00,1.000000000000000000e+00,1.000000000000000000e+00,2.052676628403807546e-01
1.530000000000000000e+02,1.767145928738736993e-01,2.098224437911530016e-01,2.956069497331145435e+00,1.000000000000000000e+00,1.000000000000000000e+00,2.098189390062040749e-01
1.532499999999999716e+02,1.768782094988109177e-01,2.143821451619217777e-01,2.949071184604392215e+00,1.000000000000000000e+00,1.000000000000000000e+00,2.143785563192773524e-01
1.535000000000000284e+02,1.770455031983950434e-01,2.189503854001531025e-01,2.942070030239073208e+00,1.000000000000000000e+00,1.000000000000000000e+00,2.189467118318302041e-01
1.537500000000000000e+02,1.772164907953399371e-01,2.235273629657472672e-01,2.935066229742815835e+00,1.000000000000000000e+00,1.000000000000000000e+00,2.235236039862439628e-01
1.540000000000000000e+02,1.773911895229216273e-01,2.273230725062693192e-01,2.928059985215345495e+00,1.000000000000000000e+00,1.000000000000000000e+00,2.281094326513175008e-01
1.542500000000000284e+02,1.775683937677803859e-01,2.256169963977766035e-01,2.921053356893247077e+00,1.000000000000000000e+00,1.000000000000000000e+00,2.201240703443658187e-01
1.545000000000000000e+02,1.777408003319334573e-01,2.247070248887562960e-01,2.914057761572423910e+00,1.000000000000000000e+00,1.000000000000000000e+00,2.247032438092868845e-01
1.547500000000000000e+02,1.779169325849790928e-01,2.292952728490280645e-01,2.907060636086250316e+00,1.000000000000000000e+00,1.000000000000000000e+00,2.292914054712026639e-01
1.550000000000000284e+02,1.780968083306746219e-01,2.338927114468332402e-01,2.900062203482070000e+00,1.000000000000000000e+00,1.000000000000000000e+00,2.338887570447665820e-01
1.552500000000000000e+02,1.782804457944553445e-01,2.384995439253427829e-01,2.893062693390878959e+00,1.000000000000000000e+00,1.000000000000000000e+00,2.384955017547855938e-01
1.555000000000000000e+02,1.784678636280641606e-01,2.431159750761270888e-01,2.886062342023917093e+00,1.000000000000000000e+00,1.000000000000000000e+00,2.431118443741909219e-01
1.557500000000000284e+02,1.786590809143055181e-01,2.477422112775928831e-01,2.879061392171418099e+00,1.000000000000000000e+00,1.000000000000000000e+00,2.477379912625578551e-01
1.560000000000000284e+02,1.788541171719262024e-01,2.523784605342727083e-01,2.872060093203499420e+00,1.000000000000000000e+00,1.000000000000000000e+00,2.523741504051958406e-01
1.562500000000000000e+02,1.790529923606255791e-01,2.570249325163895815e-01,2.865058701073150971e+00,1.000000000000000000e+00,1.000000000000000000e+00,2.570205314528382079e-01
1.564999999999999716e+02,1.792557268861970365e-01,2.616818386002072172e-01,2.858057478321335054e+00,1.000000000000000000e+00,1.000000000000000000e+00,2.616773457619253063e-01
1.567500000000000284e+02,1.794623416058041543e-01,2.663493919087626671e-01,2.851056694084169507e+00,1.000000000000000000e+00,1.000000000000000000e+00,2.663448064355183331e-01
1.570000000000000000e+02,1.796728578333928461e-01,2.710278073537520371e-01,2.844056624102180741e+00,1.000000000000000000e+00,1.000000000000000000e+00,2.710231283648458223e-01
1.572500000000000000e+02,1.798872973452443347e-01,2.757173016776630070e-01,2.837057550731608480e+00,1.000000000000000000e+00,1.000000000000000000e+00,2.757125282715196524e-01
1.575000000000000284e+02,1.801056823856689304e-01,2.804180934962860472e-01,2.830059762957767955e+00,1.000000000000000000e+00,1.000000000000000000e+00,2.804132247504175224e-01
1.577500000000000000e+02,1.803280356728458045e-01,2.851304033428891382e-01,2.823063556410454478e+00,1.000000000000000000e+00,1.000000000000000000e+00,2.851254383132623138e-01
1.580000000000000000e+02,1.805543804048108936e-01,2.898544537122114684e-01,2.816069233381361503e+00,1.000000000000000000e+00,1.000000000000000000e+00,2.898493914329240417e-01
1.582500000000000284e+02,1.807847402655953784e-01,2.945904691053524149e-01,2.809077102843541951e+00,1.000000000000000000e+00,1.000000000000000000e+00,2.945853085884486133e-01
1.585000000000000000e+02,1.810191394315187052e-01,2.935163764761865024e-01,2.802087480472886583e+00,1.000000000000000000e+00,1.000000000000000000e+00,2.993334163108408719e-01
1.587500000000000000e+02,1.812484051492073145e-01,2.924304526674740279e-01,2.795116028872239422e+00,1.000000000000000000e+00,1.000000000000000000e+00,2.924014890424880275e-01
1.589999999999999716e+02,1.814816739638479004e-01,2.971491649598510532e-01,2.788147990923301567e+00,1.000000000000000000e+00,1.000000000000000000e+00,2.971439510555082264e-01
1.592500000000000284e+02,1.817190081179788641e-01,3.019040403553015506e-01,2.781183635072284055e+00,1.000000000000000000e+00,1.000000000000000000e+00,3.018987266483413867e-01
1.595000000000000000e+02,1.819604326370556635e-01,3.066714601572553822e-01,2.774223299230841100e+00,1.000000000000000000e+00,1.000000000000000000e+00,3.066660456016379599e-01
1.597500000000000000e+02,1.822059730571233827e-01,3.114516563418264772e-01,2.767267328125904147e+00,1.000000000000000000e+00,1.000000000000000000e+00,3.114461398678094461e-01
1.600000000000000284e+02,1.824556554317037227e-01,3.162448631056408721e-01,2.760316073329832420e+00,1.000000000000000000e+00,1.000000000000000000e+00,3.162392436196531653e-01
1.602500000000000000e+02,1.827095063388520513e-01,3.210513169158334956e-01,2.753369893292533455e+00,1.000000000000000000e+00,1.000000000000000000e+00,3.210455932998338424e-01
1.605000000000000000e+02,1.829675528883893121e-01,3.258712565603142930e-01,2.746429153375546495e+00,1.000000000000000000e+00,1.000000000000000000e+00,3.258654276712475983e-01
1.607500000000000284e+02,1.832298227293105430e-01,3.307049231986299853e-01,2.739494225888113643e+00,1.000000000000000000e+00,1.000000000000000000e+00,3.306989878682800588e-01
1.610000000000000000e+02,1.834963440573754989e-01,3.355525604146527563e-01,2.732565490125233865e+00,1.000000000000000000e+00,1.000000000000000000e+00,3.355465174489899449e-01
1.612500000000000000e+02,1.837671456228852918e-01,3.404144142696993725e-01,2.725643332407685193e+00,1.000000000000000000e+00,1.000000000000000000e+00,3.404082624482500097e-01
1.615000000000000284e+02,1.840422567386485186e-01,3.452907333561662795e-01,2.718728146124057332e+00,1.000000000000000000e+00,1.000000000000000000e+00,3.452844714318583641e-01
1.617500000000000284e+02,1.843217072881411234e-01,3.501817688531415063e-01,2.711820331774781323e+00,1.000000000000000000e+00,1.000000000000000000e+00,3.501753955516500594e-01
1.620000000000000000e+02,1.846055277338660150e-01,3.550877745825860021e-01,2.704920297018155839e+00,1.000000000000000000e+00,1.000000000000000000e+00,3.550812886016500580e-01
1.622499999999999716e+02,1.848937491259146637e-01,3.600090070661962072e-01,2.698028456718410961e+00,1.000000000000000000e+00,1.000000000000000000e+00,3.600024070752724792e-01
1.625000000000000284e+02,1.851864031107370856e-01,3.649457255839185787e-01,2.691145232995789893e+00,1.000000000000000000e+00,1.000000000000000000e+00,3.649390102236132472e-01
1.627500000000000000e+02,1.854835219401242408e-01,3.642788215302854571e-01,2.684271055278691254e+00,1.000000000000000000e+00,1.000000000000000000e+00,3.698913601148536845e-01
1.630000000000000000e+02,1.857760426911725660e-01,3.635689659147302022e-01,2.677422122099408330e+00,1.000000000000000000e+00,1.000000000000000000e+00,3.635039920881648068e-01
1.632500000000000284e+02,1.860729406050499746e-01,3.684585406097745652e-01,2.670583408298481842e+00,1.000000000000000000e+00,1.000000000000000000e+00,3.684517425383800893e-01
1.635000000000000000e+02,1.863743429911680627e-01,3.734223432800788944e-01,2.663755196860760677e+00,1.000000000000000000e+00,1.000000000000000000e+00,3.734154274467504364e-01
1.637500000000000000e+02,1.866802832791395750e-01,3.784023488744395203e-01,2.656937941842031137e+00,1.000000000000000000e+00,1.000000000000000000e+00,3.783953138385594550e-01
1.640000000000000284e+02,1.869907955316666426e-01,3.833988274329884760e-01,2.650132104823479828e+00,1.000000000000000000e+00,1.000000000000000000e+00,3.833916717230028692e-01
1.642500000000000000e+02,1.873059144543924859e-01,3.884120520443438696e-01,2.643338154972229681e+00,1.000000000000000000e+00,1.000000000000000000e+00,3.884047741570051393e-01
1.645000000000000000e+02,1.876256754059919540e-01,3.934422989106569624e-01,2.636556569103946313e+00,1.000000000000000000e+00,1.000000000000000000e+00,3.934348973103121150e-01
1.647500000000000284e+02,1.879501144085055364e-01,3.984898474137611446e-01,2.629787831747551152e+00,1.000000000000000000e+00,1.000000000000000000e+00,3.984823205318744899e-01
1.650000000000000284e+02,1.882792681579235627e-01,4.035549801831878058e-01,2.623032435212055535e+00,1.000000000000000000e+00,1.000000000000000000e+00,4.035473264175696850e-01
1.652500000000000000e+02,1.886131740350267816e-01,4.086379831652308670e-01,2.616290879655529977e+00,1.000000000000000000e+00,1.000000000000000000e+00,4.086302008793041285e-01
1.654999999999999716e+02,1.889518701164890069e-01,4.137391456934112477e-01,2.609563673156254371e+00,1.000000000000000000e+00,1.000000000000000000e+00,4.137312332155171357e-01
1.657500000000000284e+02,1.892953951862489104e-01,4.188587605603756869e-01,2.602851331786059763e+00,1.000000000000000000e+00,1.000000000000000000e+00,4.188507161831390158e-01
1.660000000000000000e+02,1.896437887471570383e-01,4.239971240915631490e-01,2.596154379685904789e+00,1.000000000000000000e+00,1.000000000000000000e+00,4.239889460710341562e-01
1.662500000000000000e+02,1.899970910329060181e-01,4.291545362201689140e-01,2.589473349143698755e+00,1.000000000000000000e+00,1.000000000000000000e+00,4.291462227749805458e-01
1.665000000000000284e+02,1.903553430202496177e-01,4.343313005634119039e-01,2.582808780674428206e+00,1.000000000000000000e+00,1.000000000000000000e+00,4.343228498742162658e-01
1.667500000000000000e+02,1.907185864415189835e-01,4.375121558071865535e-01,2.576161223102614084e+00,1.000000000000000000e+00,1.000000000000000000e+00,4.395191347095978585e-01
1.670000000000000000e+02,1.910835092186645989e-01,4.372703752399318966e-01,2.569537011674827731e+00,1.000000000000000000e+00,1.000000000000000000e+00,4.338456253607687607e-01
1.672500000000000284e+02,1.914477427466455273e-01,4.390486650524838552e-01,2.562940828976936647e+00,1.000000000000000000e+00,1.000000000000000000e+00,4.390400881412947487e-01
1.675000000000000000e+02,1.918170263868971548e-01,4.442632087745719827e-01,2.556363415683142737e+00,1.000000000000000000e+00,1.000000000000000000e+00,4.442544910393361191e-01
1.677500000000000000e+02,1.921914035220503025e-01,4.494980092900245916e-01,2.549805348758744206e+00,1.000000000000000000e+00,1.000000000000000000e+00,4.494891487956839127e-01
1.679999999999999716e+02,1.925709183316440809e-01,4.547533853795324155e-01,2.543267213797220094e+00,1.000000000000000000e+00,1.000000000000000000e+00,4.547443801496438565e-01
1.682500000000000284e+02,1.929556158059320958e-01,4.600296599081062365e-01,2.536749605111916939e+00,1.000000000000000000e+00,1.000000000000000000e+00,4.600205079239530481e-01
1.685000000000000000e+02,1.933455417600267456e-01,4.653271599120275548e-01,2.530253125830219219e+00,1.000000000000000000e+00,1.000000000000000000e+00,4.653178591115395557e-01
1.687500000000000000e+02,1.937407428483899352e-01,4.706462166874165742e-01,2.523778387990233352e+00,1.000000000000000000e+00,1.000000000000000000e+00,4.706367649641892692e-01
1.690000000000000284e+02,1.941412665796793391e-01,4.759871658806625883e-01,2.517326012640067390e+00,1.000000000000000000e+00,1.000000000000000000e+00,4.759775610831570303e-01
1.692500000000000000e+02,1.945471613319594284e-01,4.813503475813623589e-01,2.510896629939753044e+00,1.000000000000000000e+00,1.000000000000000000e+00,4.813405875117840460e-01
1.695000000000000000e+02,1.949584763682879751e-01,4.867361064170787066e-01,2.504490879265845127e+00,1.000000000000000000e+00,1.000000000000000000e+00,4.867261888301871453e-01
1.697500000000000284e+02,1.953752618526866103e-01,4.921447916497639907e-01,2.498109409318806318e+00,1.000000000000000000e+00,1.000000000000000000e+00,4.921347142520614559e-01
1.700000000000000000e+02,1.957975688665063996e-01,4.975767572751568779e-01,2.491752878233211899e+00,1.000000000000000000e+00,1.000000000000000000e+00,4.975665177236633374e-01
1.702500000000000000e+02,1.962254494251997883e-01,5.030323621240621046e-01,2.485421953690858388e+00,1.000000000000000000e+00,1.000000000000000000e+00,5.030219580250465672e-01
1.705000000000000284e+02,1.966589564955086022e-01,5.085119699655347159e-01,2.479117313036843573e+00,1.000000000000000000e+00,1.000000000000000000e+00,5.085013988735958002e-01
1.707500000000000284e+02,1.970981440130800677e-01,5.120415969009129986e-01,2.472839643398725418e+00,1.000000000000000000e+00,1.000000000000000000e+00,5.140052090299332965e-01
1.710000000000000000e+02,1.975396710024437952e-01,5.122576834468293150e-01,2.466595212593770459e+00,1.000000000000000000e+00,1.000000000000000000e+00,5.089386608576517146e-01
1.712499999999999716e+02,1.979812039445140726e-01,5.144551812459986495e-01,2.460388552016832708e+00,1.000000000000000000e+00,1.000000000000000000e+00,5.144444270604142666e-01
1.715000000000000284e+02,1.984285013580489587e-01,5.199858929103646776e-01,2.454210974064381823e+00,1.000000000000000000e+00,1.000000000000000000e+00,5.199749664750953349e-01
1.717500000000000000e+02,1.988816194928702263e-01,5.255417599977579846e-01,2.448063198713398947e+00,1.000000000000000000e+00,1.000000000000000000e+00,5.255306587001461471e-01
1.720000000000000000e+02,1.993406156291849529e-01,5.311231675487800841e-01,2.441945956162216547e+00,1.000000000000000000e+00,1.000000000000000000e+00,5.311118887190613425e-01
1.722500000000000284e+02,1.998055480971570597e-01,5.367305061063661897e-01,2.435859986961966150e+00,1.000000000000000000e+00,1.000000000000000000e+00,5.367190470166929295e-01
1.725000000000000000e+02,2.002764762969725387e-01,5.423641718354625940e-01,2.429806042151528178e+00,1.000000000000000000e+00,1.000000000000000000e+00,5.423525296983044974e-01
1.727500000000000000e+02,2.007534607194133847e-01,5.480245666449932163e-01,2.423784883396092216e+00,1.000000000000000000e+00,1.000000000000000000e+00,5.480127386114547194e-01
1.730000000000000284e+02,2.012365629669524703e-01,5.537120983118976048e-01,2.417797283129470287e+00,1.000000000000000000e+00,1.000000000000000000e+00,5.537000814707754293e-01
1.732500000000000000e+02,2.017258457753847711e-01,5.594271806097873556e-01,2.411844024700291023e+00,1.000000000000000000e+00,1.000000000000000000e+00,5.594149719857355318e-01
1.735000000000000000e+02,2.022213730360124528e-01,5.651702334397690208e-01,2.405925902522201287e+00,1.000000000000000000e+00,1.000000000000000000e+00,5.651578299914922221e-01
1.737500000000000284e+02,2.027232098183958109e-01,5.709416829636531077e-01,2.400043722228250243e+00,1.000000000000000000e+00,1.000000000000000000e+00,5.709290815828964583e-01
1.740000000000000284e+02,2.032314223936887987e-01,5.767419617422322453e-01,2.394198300829602388e+00,1.000000000000000000e+00,1.000000000000000000e+00,5.767291592517577170e-01
1.742500000000000000e+02,2.037460782585767960e-01,5.825715088757371651e-01,2.388390466878739460e+00,1.000000000000000000e+00,1.000000000000000000e+00,5.825585020274777204e-01
1.744999999999999716e+02,2.042672461598312172e-01,5.874734904478456921e-01,2.382621060637356791e+00,1.000000000000000000e+00,1.000000000000000000e+00,5.884175556211262981e-01
1.747500000000000284e+02,2.047932897033419852e-01,5.882514731916013151e-01,2.376893485246110327e+00,1.000000000000000000e+00,1.000000000000000000e+00,5.841267528294729061e-01
1.750000000000000000e+02,2.053185448365534571e-01,5.900071212370353591e-01,2.371217046710374809e+00,1.000000000000000000e+00,1.000000000000000000e+00,5.899938504448434262e-01
1.752500000000000000e+02,2.058504304264901219e-01,5.959047167421470670e-01,2.365581539787032117e+00,1.000000000000000000e+00,1.000000000000000000e+00,5.958912339539799152e-01
1.755000000000000284e+02,2.063890184689659291e-01,6.018330630514679980e-01,2.359987843677562314e+00,1.000000000000000000e+00,1.000000000000000000e+00,6.018193647760393672e-01
1.757500000000000000e+02,2.069343823006155325e-01,6.077926288406926281e-01,2.354436849908143614e+00,1.000000000000000000e+00,1.000000000000000000e+00,6.077787115081216829e-01
1.760000000000000000e+02,2.074865966264225203e-01,6.137838901256323920e-01,2.348929462518498212e+00,1.000000000000000000e+00,1.000000000000000000e+00,6.137697500853148691e-01
1.762500000000000284e+02,2.080457375479703164e-01,6.198073304258020499e-01,2.343466598256598754e+00,1.000000000000000000e+00,1.000000000000000000e+00,6.197929639447691263e-01
1.765000000000000000e+02,2.086118825924388465e-01,6.258634409333824200e-01,2.338049186779504574e+00,1.000000000000000000e+00,1.000000000000000000e+00,6.258488441939389357e-01
1.767500000000000000e+02,2.091851107423701173e-01,6.319527206857091794e-01,2.332678170860603029e+00,1.000000000000000000e+00,1.000000000000000000e+00,6.319378897831235964e-01
1.769999999999999716e+02,2.097655024662237744e-01,6.380756767419962783e-01,2.327354506603595219e+00,1.000000000000000000e+00,1.000000000000000000e+00,6.380606076824218986e-01
1.772500000000000284e+02,2.103531397497483968e-01,6.442328243650171649e-01,2.322079163663522738e+00,1.000000000000000000e+00,1.000000000000000000e+00,6.442175130632539215e-01
1.775000000000000000e+02,2.109481061281923420e-01,6.504246872076115960e-01,2.316853125475209385e+00,1.000000000000000000e+00,1.000000000000000000e+00,6.504091294845758542e-01
1.777500000000000000e+02,2.115504867193811200e-01,6.566517975039040111e-01,2.311677389489472212e+00,1.000000000000000000e+00,1.000000000000000000e+00,6.566359890839555957e-01
1.780000000000000284e+02,2.121603682576864436e-01,6.629146962648361230e-01,2.306552967417506039e+00,1.000000000000000000e+00,1.000000000000000000e+00,6.628986327736352546e-01
1.782500000000000000e+02,2.127778391289147641e-01,6.643494420349684848e-01,2.301480885483872196e+00,1.000000000000000000e+00,1.000000000000000000e+00,6.691976104417493021e-01
1.785000000000000000e+02,2.133939568387653030e-01,6.655160389357905881e-01,2.296473725819763168e+00,1.000000000000000000e+00,1.000000000000000000e+00,6.651987873884993574e-01
1.787500000000000284e+02,2.140171721312325304e-01,6.715276156817817643e-01,2.291521541740607848e+00,1.000000000000000000e+00,1.000000000000000000e+00,6.715111965528306470e-01
1.790000000000000000e+02,2.146481368371666587e-01,6.778773905889518003e-01,2.286624665589313654e+00,1.000000000000000000e+00,1.000000000000000000e+00,6.778607056305459011e-01
1.792500000000000000e+02,2.152869438328352258e-01,6.842648420926165098e-01,2.281784170748475393e+00,1.000000000000000000e+00,1.000000000000000000e+00,6.842478865776056018e-01
1.795000000000000284e+02,2.159336877789488629e-01,6.906905519528105941e-01,2.277001146059207226e+00,1.000000000000000000e+00,1.000000000000000000e+00,6.906733210432050019e-01
1.797500000000000284e+02,2.165884651601015232e-01,6.971551118517460566e-01,2.272276696117626393e+00,1.000000000000000000e+00,1.000000000000000000e+00,6.971376005954819099e-01
