theta_degrees,alpha,central_lhs,beta_c1,is_spectral,beta_less_10,exact_polygon_lhs
-1.800000000000000000e+02,2.172513743253026985e-01,7.037125182218312291e-01,2.267611941582912127e+00,1.000000000000000000e+00,1.000000000000000000e+00,7.036413269533293713e-01
-1.795000000000000000e+02,2.186019909770701986e-01,7.168431167475659560e-01,2.258466083620740417e+00,1.000000000000000000e+00,1.000000000000000000e+00,7.167695791501689229e-01
-1.790000000000000000e+02,2.199863634269597634e-01,7.301390746119430508e-01,2.249572871206945379e+00,1.000000000000000000e+00,1.000000000000000000e+00,7.300631036118843120e-01
-1.785000000000000000e+02,2.214053499885857423e-01,7.395305937866682999e-01,2.240941882292208476e+00,1.000000000000000000e+00,1.000000000000000000e+00,7.435271046617962787e-01
-1.780000000000000000e+02,2.228440962536371306e-01,7.482365065102805080e-01,2.232598795191303331e+00,1.000000000000000000e+00,1.000000000000000000e+00,7.473195625075756965e-01
-1.775000000000000000e+02,2.243155135205993078e-01,7.610914172525966581e-01,2.224540160422772139e+00,1.000000000000000000e+00,1.000000000000000000e+00,7.610095512027797993e-01
-1.770000000000000000e+02,2.258238028489223115e-01,7.749672083881113949e-01,2.216772916428301432e+00,1.000000000000000000e+00,1.000000000000000000e+00,7.748825923112638847e-01
-1.765000000000000000e+02,2.273699451658037773e-01,7.890320112402258168e-01,2.209307739489550393e+00,1.000000000000000000e+00,1.000000000000000000e+00,7.889445381241623201e-01
-1.760000000000000000e+02,2.289549613156430796e-01,8.032919023224027733e-01,2.202155647194712351e+00,1.000000000000000000e+00,1.000000000000000000e+00,8.032014597550876100e-01
-1.755000000000000000e+02,2.305799139974417378e-01,8.144319293330064546e-01,2.195328016713891994e+00,1.000000000000000000e+00,1.000000000000000000e+00,8.176596580940540537e-01
-1.750000000000000000e+02,2.322325438150573129e-01,8.240020344039171718e-01,2.188846075741387232e+00,1.000000000000000000e+00,1.000000000000000000e+00,8.221815690272280541e-01
-1.745000000000000000e+02,2.339197775996938178e-01,8.370111119049192805e-01,2.182715997790613205e+00,1.000000000000000000e+00,1.000000000000000000e+00,8.369133485546902396e-01
-1.740000000000000000e+02,2.356497842262915421e-01,8.519630499391412926e-01,2.176944842201993691e+00,1.000000000000000000e+00,1.000000000000000000e+00,8.518619023184582639e-01
-1.735000000000000000e+02,2.374237862822372036e-01,8.671390499777642535e-01,2.171545436756836978e+00,1.000000000000000000e+00,1.000000000000000000e+00,8.670343784145615462e-01
-1.730000000000000000e+02,2.392430582549989193e-01,8.825465525445557180e-01,2.166531075731329636e+00,1.000000000000000000e+00,1.000000000000000000e+00,8.824382099709991989e-01
-1.725000000000000000e+02,2.411089292033655462e-01,8.936214530167534420e-01,2.161915551740857921e+00,1.000000000000000000e+00,1.000000000000000000e+00,8.980811301280666736e-01
-1.720000000000000000e+02,2.430035466100064490e-01,9.045944029517201113e-01,2.157719924519107657e+00,1.000000000000000000e+00,1.000000000000000000e+00,9.041446770278891432e-01
-1.715000000000000000e+02,2.449455058243475147e-01,9.202494396427421952e-01,2.153950391489772631e+00,1.000000000000000000e+00,1.000000000000000000e+00,9.201317070085113237e-01
-1.710000000000000000e+02,2.469377101102411542e-01,9.364995253781606133e-01,2.150621619047957012e+00,1.000000000000000000e+00,1.000000000000000000e+00,9.363775627993093931e-01
-1.705000000000000000e+02,2.489817027359089996e-01,9.530174948017434700e-01,2.147749508289344522e+00,1.000000000000000000e+00,1.000000000000000000e+00,9.528911167981143349e-01
-1.700000000000000000e+02,2.510790957517205491e-01,9.665600554646812670e-01,2.145350657065534961e+00,1.000000000000000000e+00,1.000000000000000000e+00,9.696816191633305104e-01
-1.695000000000000000e+02,2.532173205558985729e-01,9.784884508388292934e-01,2.143442361428721465e+00,1.000000000000000000e+00,1.000000000000000000e+00,9.765202759377769048e-01
-1.690000000000000000e+02,2.554035019439729326e-01,9.938533590506043458e-01,2.142039918190865588e+00,1.000000000000000000e+00,1.000000000000000000e+00,9.937155512295866577e-01
-1.685000000000000000e+02,2.576475531223714199e-01,1.011354607362200619e+00,2.141161466152158965e+00,1.000000000000000000e+00,1.000000000000000000e+00,1.011211671141424961e+00
-1.680000000000000000e+02,2.599513594326106625e-01,1.029167637991152739e+00,2.140826668505865893e+00,1.000000000000000000e+00,1.000000000000000000e+00,1.029019336742172941e+00
-1.675000000000000000e+02,2.623168940206615507e-01,1.043449372843958445e+00,2.141056226597182643e+00,1.000000000000000000e+00,1.000000000000000000e+00,1.047149730272160850e+00
-1.670000000000000000e+02,2.647285768974631526e-01,1.056702243448914613e+00,2.141864624204410372e+00,1.000000000000000000e+00,1.000000000000000000e+00,1.055234079000919145e+00
-1.665000000000000000e+02,2.671992655232381941e-01,1.074012384508778561e+00,2.143275586907729124e+00,1.000000000000000000e+00,1.000000000000000000e+00,1.073849910665390261e+00
-1.660000000000000000e+02,2.697372411087264332e-01,1.092986718795986745e+00,2.145315102744836722e+00,1.000000000000000000e+00,1.000000000000000000e+00,1.092817953832349920e+00
-1.654999999999999716e+02,2.723448316469906927e-01,1.110919399155811504e+00,2.148008649455679819e+00,1.000000000000000000e+00,1.000000000000000000e+00,1.112151272405897506e+00
-1.650000000000000000e+02,2.750177898560802192e-01,1.125028476034221736e+00,2.151378013699657643e+00,1.000000000000000000e+00,1.000000000000000000e+00,1.120810052374647148e+00
-1.645000000000000000e+02,2.777449300073496774e-01,1.140879684741435973e+00,2.155437680919604304e+00,1.000000000000000000e+00,1.000000000000000000e+00,1.140694234288873066e+00
-1.640000000000000000e+02,2.805482765843909099e-01,1.161171155607289673e+00,2.160231503688759602e+00,1.000000000000000000e+00,1.000000000000000000e+00,1.160978278351061599e+00
-1.635000000000000000e+02,2.834305942795453115e-01,1.180941202522366451e+00,2.165792001105419473e+00,1.000000000000000000e+00,1.000000000000000000e+00,1.181677553267750591e+00
-1.630000000000000000e+02,2.863901530661253081e-01,1.196311655644200167e+00,2.172148436382525638e+00,1.000000000000000000e+00,1.000000000000000000e+00,1.191474164623681942e+00
-1.625000000000000000e+02,2.894102996101360903e-01,1.213024507366002647e+00,2.179310222364239102e+00,1.000000000000000000e+00,1.000000000000000000e+00,1.212811650891586712e+00
-1.620000000000000000e+02,2.925173371116984167e-01,1.234827340893573711e+00,2.187343216068451834e+00,1.000000000000000000e+00,1.000000000000000000e+00,1.234605642748226595e+00
-1.615000000000000000e+02,2.957145755728783909e-01,1.254405845420762944e+00,2.196290744869466849e+00,1.000000000000000000e+00,1.000000000000000000e+00,1.256874377000624543e+00
-1.610000000000000000e+02,2.989915677675539785e-01,1.271288680283914729e+00,2.206175718896415283e+00,1.000000000000000000e+00,1.000000000000000000e+00,1.268003588939069726e+00
-1.605000000000000000e+02,3.023486522681163580e-01,1.291262297357209654e+00,2.217037520599149047e+00,1.000000000000000000e+00,1.000000000000000000e+00,1.291016457124863237e+00
-1.600000000000000000e+02,3.058055324024437360e-01,1.314033469748209004e+00,2.228956835726183972e+00,1.000000000000000000e+00,1.000000000000000000e+00,1.314553784482318077e+00
-1.595000000000000000e+02,3.093620607290175628e-01,1.331902725399650045e+00,2.241985194076702825e+00,1.000000000000000000e+00,1.000000000000000000e+00,1.326440196992651588e+00
-1.590000000000000000e+02,3.129969900511899161e-01,1.351076997348044761e+00,2.256127796458431867e+00,1.000000000000000000e+00,1.000000000000000000e+00,1.350803518155525129e+00
-1.585000000000000000e+02,3.167427620143675737e-01,1.375127794570679463e+00,2.271513674376485437e+00,1.000000000000000000e+00,1.000000000000000000e+00,1.375748094807190514e+00
-1.580000000000000000e+02,3.205989771342976913e-01,1.393797637772880016e+00,2.288209423843223789e+00,1.000000000000000000e+00,1.000000000000000000e+00,1.387803301874446005e+00
-1.575000000000000000e+02,3.245417674699117572e-01,1.413956062159077209e+00,2.306218895416436876e+00,1.000000000000000000e+00,1.000000000000000000e+00,1.413651147422404053e+00
-1.570000000000000000e+02,3.286080801334658186e-01,1.437193972774647444e+00,2.325719229634131135e+00,1.000000000000000000e+00,1.000000000000000000e+00,1.440144715733267855e+00
-1.564999999999999716e+02,3.327844959254174784e-01,1.456972231098159876e+00,2.346757948477879996e+00,1.000000000000000000e+00,1.000000000000000000e+00,1.452720127801168770e+00
-1.560000000000000000e+02,3.370704446151747136e-01,1.480324260224050725e+00,2.369423583785691623e+00,1.000000000000000000e+00,1.000000000000000000e+00,1.480212682727593432e+00
-1.555000000000000000e+02,3.414932273679213703e-01,1.500282399629620622e+00,2.393916096751225187e+00,1.000000000000000000e+00,1.000000000000000000e+00,1.492304282909176383e+00
-1.550000000000000000e+02,3.460123995543832320e-01,1.521201709425593185e+00,2.420201916621584015e+00,1.000000000000000000e+00,1.000000000000000000e+00,1.520837230182041644e+00
-1.545000000000000000e+02,3.506798491079117785e-01,1.543136058320814685e+00,2.448609812995029777e+00,1.000000000000000000e+00,1.000000000000000000e+00,1.550137751663458019e+00
-1.540000000000000000e+02,3.554571915562332318e-01,1.564553561525886760e+00,2.479128760728473324e+00,1.000000000000000000e+00,1.000000000000000000e+00,1.562921164124755347e+00
-1.535000000000000000e+02,3.603861803550905130e-01,1.585482908342772834e+00,2.512107731334949801e+00,1.000000000000000000e+00,1.000000000000000000e+00,1.593380800145590026e+00
-1.530000000000000000e+02,3.654297608137204723e-01,1.606462427423540396e+00,2.547558803203761713e+00,1.000000000000000000e+00,1.000000000000000000e+00,1.605983577084662439e+00
-1.525000000000000000e+02,3.706321214278631149e-01,1.628342300763575334e+00,2.585917339496233591e+00,1.000000000000000000e+00,1.000000000000000000e+00,1.620511698459563332e+00
-1.520000000000000000e+02,3.759631014274899541e-01,1.649053310194899202e+00,2.627269315250788662e+00,1.000000000000000000e+00,1.000000000000000000e+00,1.652609759162438463e+00
-1.515000000000000000e+02,3.814528695211599763e-01,1.673735240237997468e+00,2.672071212163631415e+00,1.000000000000000000e+00,1.000000000000000000e+00,1.669893913725476686e+00
-1.510000000000000000e+02,3.871061754136235211e-01,1.696199724236877593e+00,2.720699474371836679e+00,1.000000000000000000e+00,1.000000000000000000e+00,1.689157387574082181e+00
-1.505000000000000000e+02,3.929128652410376898e-01,1.719008582622256309e+00,2.773483077054877288e+00,1.000000000000000000e+00,1.000000000000000000e+00,1.723287325507555368e+00
-1.500000000000000000e+02,3.988944885025104137e-01,1.744253917073227855e+00,2.831047371488177422e+00,1.000000000000000000e+00,1.000000000000000000e+00,1.745571077048810871e+00
-1.495000000000000000e+02,4.050563997209300493e-01,1.768181521296096292e+00,2.894011714465196228e+00,1.000000000000000000e+00,1.000000000000000000e+00,1.768970852993789089e+00
-1.490000000000000000e+02,4.113947677055491137e-01,1.787945790454768646e+00,2.963030973092498410e+00,1.000000000000000000e+00,1.000000000000000000e+00,1.788693816097114198e+00
-1.485000000000000000e+02,4.178941959667478723e-01,1.801198668549609971e+00,3.038763675725355995e+00,1.000000000000000000e+00,1.000000000000000000e+00,1.803309939568001674e+00
-1.480000000000000000e+02,4.245320437102860778e-01,1.806925472555291901e+00,3.121895685892483563e+00,1.000000000000000000e+00,1.000000000000000000e+00,1.813025832118491776e+00
-1.474999999999999716e+02,4.312825776279297640e-01,1.803188519340200413e+00,3.213176533483364850e+00,1.000000000000000000e+00,1.000000000000000000e+00,1.818127622400808052e+00
-1.470000000000000000e+02,4.381051864300314902e-01,1.802006262314918006e+00,3.313257998122574044e+00,1.000000000000000000e+00,1.000000000000000000e+00,1.794593497282894079e+00
-1.465000000000000000e+02,4.450613986197848870e-01,1.818258378119831598e+00,3.424396502107256435e+00,1.000000000000000000e+00,1.000000000000000000e+00,1.816009707552293850e+00
-1.460000000000000000e+02,4.522290298212079951e-01,1.855407869255749409e+00,3.549888399415682461e+00,1.000000000000000000e+00,1.000000000000000000e+00,1.852152475318567637e+00
-1.455000000000000000e+02,4.597059205682920702e-01,1.895955539856672534e+00,3.694657901834654812e+00,1.000000000000000000e+00,1.000000000000000000e+00,1.904568081919850275e+00
-1.450000000000000000e+02,4.674410051920528386e-01,1.886069571257184663e+00,3.862419940420661835e+00,1.000000000000000000e+00,1.000000000000000000e+00,1.908368644033435535e+00
-1.445000000000000000e+02,4.750932015118963236e-01,1.790485254822371086e+00,4.050626262255621057e+00,1.000000000000000000e+00,1.000000000000000000e+00,1.781328341124836845e+00
-1.440000000000000000e+02,4.822876026064256694e-01,1.676930166475201434e+00,4.252576643267068413e+00,1.000000000000000000e+00,1.000000000000000000e+00,1.671583674150018739e+00
-1.435000000000000000e+02,4.892087722677327943e-01,1.565364843852904642e+00,4.475362754677957966e+00,1.000000000000000000e+00,1.000000000000000000e+00,1.599570387928179072e+00
-1.430000000000000000e+02,4.956531632100212303e-01,1.439846927070795646e+00,4.715421000319816258e+00,1.000000000000000000e+00,1.000000000000000000e+00,1.411447711748666789e+00
-1.425000000000000000e+02,5.016645707577056523e-01,1.260768246192022657e+00,4.978038797069119781e+00,1.000000000000000000e+00,1.000000000000000000e+00,1.358051664279453785e+00
-1.420000000000000000e+02,5.066920698524634004e-01,7.984825993606644579e-01,5.242447078325611187e+00,1.000000000000000000e+00,1.000000000000000000e+00,8.903398336780971034e-01
-1.415000000000000000e+02,5.087259076388777057e-01,5.037296391087925373e-01,5.397737102637790940e+00,1.000000000000000000e+00,1.000000000000000000e+00,3.808363605238551663e-01
-1.410000000000000000e+02,5.022194835635952481e-01,1.292942036214595358e+00,5.148725061014499005e+00,1.000000000000000000e+00,1.000000000000000000e+00,2.449920240133896865e+00
-1.405000000000000000e+02,4.973927747759747109e-01,1.185428866218048993e+00,5.024731477906823507e+00,0.000000000000000000e+00,1.000000000000000000e+00,1.277221563869981535e+00
-1.400000000000000000e+02,4.919286077245972888e-01,1.254741736089654669e+00,4.896296232026783990e+00,0.000000000000000000e+00,1.000000000000000000e+00,1.254511728050660802e+00
-1.395000000000000000e+02,4.866198459401327447e-01,1.232514507544280047e+00,4.789461878151572094e+00,0.000000000000000000e+00,1.000000000000000000e+00,1.232293759941452960e+00
-1.390000000000000000e+02,4.814607159378517798e-01,1.210760527965359046e+00,4.697533991470199233e+00,0.000000000000000000e+00,1.000000000000000000e+00,1.210548574431663971e+00
-1.384999999999999716e+02,4.764457347651483432e-01,1.189461628045892283e+00,4.616342502689844807e+00,0.000000000000000000e+00,1.000000000000000000e+00,1.189258031157991446e+00
-1.380000000000000000e+02,4.715696921283253351e-01,1.168600526996771194e+00,4.543151899801176619e+00,0.000000000000000000e+00,1.000000000000000000e+00,1.168404876156023953e+00
-1.375000000000000000e+02,4.668276338261247438e-01,1.148160778280054251e+00,4.476091859838289722e+00,0.000000000000000000e+00,1.000000000000000000e+00,1.147972687772227829e+00
-1.370000000000000000e+02,4.622148463799738982e-01,1.128126719260757804e+00,4.413839481721378633e+00,0.000000000000000000e+00,1.000000000000000000e+00,1.127945826477560365e+00
-1.365000000000000000e+02,4.577268427613798152e-01,1.108483424450849464e+00,4.355432198872135174e+00,0.000000000000000000e+00,1.000000000000000000e+00,1.108309388257961103e+00
-1.360000000000000000e+02,4.533593491262650210e-01,1.089216662049424578e+00,4.300152644936448887e+00,0.000000000000000000e+00,1.000000000000000000e+00,1.089049161287498180e+00
-1.355000000000000000e+02,4.491082924744174143e-01,1.070312853511075968e+00,4.247455106762465071e+00,0.000000000000000000e+00,1.000000000000000000e+00,1.070151585617278522e+00
-1.350000000000000000e+02,4.449697891597403365e-01,1.051759035898466088e+00,4.196917020477425098e+00,0.000000000000000000e+00,1.000000000000000000e+00,1.051603715637727365e+00
-1.345000000000000000e+02,4.409401341837402843e-01,1.033542826797585024e+00,4.148206088104453571e+00,0.000000000000000000e+00,1.000000000000000000e+00,1.033393185093868016e+00
-1.340000000000000000e+02,4.370157912107515696e-01,1.015652391594578763e+00,4.101057439506666569e+00,0.000000000000000000e+00,1.000000000000000000e+00,1.015508174452987911e+00
-1.335000000000000000e+02,4.331933832488576996e-01,9.980764129299009024e-01,4.055257429556966997e+00,0.000000000000000000e+00,1.000000000000000000e+00,9.979373804418970595e-01
-1.330000000000000000e+02,4.294696839453941428e-01,9.808040621628014710e-01,4.010631923025099965e+00,0.000000000000000000e+00,1.000000000000000000e+00,9.806699875870400485e-01
-1.325000000000000000e+02,4.258416094503488791e-01,9.638249726927028416e-01,3.967037679405344797e+00,0.000000000000000000e+00,1.000000000000000000e+00,9.636956416051676300e-01
-1.319999999999999716e+02,4.223062108050001928e-01,9.471292149977081909e-01,3.924355919954694905e+00,0.000000000000000000e+00,1.000000000000000000e+00,9.470044245054077825e-01
-1.315000000000000000e+02,4.188606668167458302e-01,9.307072732629907419e-01,3.882487457353209326e+00,0.000000000000000000e+00,1.000000000000000000e+00,9.305868312753525773e-01
-1.310000000000000000e+02,4.155022773843697892e-01,9.145500234807999451e-01,3.841348961783921379e+00,0.000000000000000000e+00,1.000000000000000000e+00,9.144337480345081648e-01
-1.305000000000000000e+02,4.122284572409700698e-01,8.986487129155609210e-01,3.800870065232121675e+00,0.000000000000000000e+00,1.000000000000000000e+00,8.985364315481852993e-01
-1.300000000000000000e+02,4.090367300844647280e-01,8.829949408354075269e-01,3.760991092102898392e+00,0.000000000000000000e+00,1.000000000000000000e+00,8.828864900036580421e-01
-1.294999999999999716e+02,4.059247230680547158e-01,8.675806404190231635e-01,3.721661263425688482e+00,0.000000000000000000e+00,1.000000000000000000e+00,8.674758649584779491e-01
-1.290000000000000000e+02,4.028901616252488771e-01,8.523980617555060313e-01,3.682837263113847293e+00,0.000000000000000000e+00,1.000000000000000000e+00,8.522968143780657035e-01
-1.285000000000000000e+02,3.999308646060835137e-01,8.374397558600712443e-01,3.644482083844217790e+00,0.000000000000000000e+00,1.000000000000000000e+00,8.373418966863290791e-01
-1.280000000000000000e+02,3.970447397030258951e-01,8.226985596351900076e-01,3.606564090942812051e+00,0.000000000000000000e+00,1.000000000000000000e+00,8.226039557590973939e-01
-1.275000000000000142e+02,3.942297791467291312e-01,8.081675817125812955e-01,3.569056257743806970e+00,0.000000000000000000e+00,1.000000000000000000e+00,8.080761067956450105e-01
-1.269999999999999858e+02,3.914840556533508154e-01,7.938401891156353640e-01,3.531935536936835707e+00,0.000000000000000000e+00,1.000000000000000000e+00,7.937517230086039710e-01
-1.265000000000000000e+02,3.888057186065517756e-01,7.797099946873572440e-01,3.495182340596131976e+00,0.000000000000000000e+00,1.000000000000000000e+00,7.796244230771512962e-01
-1.260000000000000000e+02,3.861929904585765794e-01,7.657708452325053816e-01,3.458780107699395590e+00,0.000000000000000000e+00,1.000000000000000000e+00,7.656880593125334755e-01
-1.255000000000000000e+02,3.836441633359963244e-01,7.520168103266967607e-01,3.422714942557557816e+00,0.000000000000000000e+00,1.000000000000000000e+00,7.519367064888541341e-01
-1.250000000000000142e+02,3.811575958367700023e-01,7.384421717488355297e-01,3.386975311087345286e+00,0.000000000000000000e+00,1.000000000000000000e+00,7.383646512955349683e-01
-1.244999999999999858e+02,3.787317100062706499e-01,7.250414134962732682e-01,3.351551784551983548e+00,0.000000000000000000e+00,1.000000000000000000e+00,7.249663823710997823e-01
-1.240000000000000000e+02,3.763649884808283885e-01,7.118092123453617637e-01,3.316436822477391910e+00,0.000000000000000000e+00,1.000000000000000000e+00,7.117365808808856498e-01
-1.235000000000000000e+02,3.740559717881748458e-01,6.987404289224901088e-01,3.281624588072084681e+00,0.000000000000000000e+00,1.000000000000000000e+00,6.986701116039805148e-01
-1.229999999999999858e+02,3.718032557949398909e-01,6.858300992529829943e-01,3.247110790749339504e+00,0.000000000000000000e+00,1.000000000000000000e+00,6.857620144972124132e-01
-1.225000000000000142e+02,3.696054892920565549e-01,6.730734267587039632e-01,3.212892551351929527e+00,0.000000000000000000e+00,1.000000000000000000e+00,6.730074967062824598e-01
-1.220000000000000000e+02,3.674613717095714382e-01,6.604657746755850933e-01,3.178968286474231686e+00,0.000000000000000000e+00,1.000000000000000000e+00,6.604019249962416183e-01
-1.215000000000000000e+02,3.653696509529673619e-01,6.480026588655865005e-01,3.145337608910296900e+00,0.000000000000000000e+00,1.000000000000000000e+00,6.479408185754962357e-01
-1.210000000000000000e+02,3.633291213536398168e-01,6.356797409993153458e-01,3.112001241764043247e+00,0.000000000000000000e+00,1.000000000000000000e+00,6.356198422892541666e-01
-1.204999999999999858e+02,3.613386217266897904e-01,6.234928220858921843e-01,3.078960944166660774e+00,0.000000000000000000e+00,1.000000000000000000e+00,6.234348001600401590e-01
-1.200000000000000142e+02,3.593970335296569063e-01,6.114378363302144237e-01,3.046219446876556436e+00,0.000000000000000000e+00,1.000000000000000000e+00,6.113816292543958753e-01
-1.195000000000000000e+02,3.575032791162502943e-01,5.995108452972064406e-01,3.013780396305044906e+00,0.000000000000000000e+00,1.000000000000000000e+00,5.994563938562927907e-01
-1.190000000000000000e+02,3.556563200795402335e-01,5.877080323654799709e-01,2.981648305728963777e+00,0.000000000000000000e+00,1.000000000000000000e+00,5.876552799291202556e-01
-1.185000000000000142e+02,3.538551556794347075e-01,5.760256974530983953e-01,2.949828512628836386e+00,0.000000000000000000e+00,1.000000000000000000e+00,5.759745898492607541e-01
-1.179999999999999858e+02,3.520988213496192842e-01,5.644602519994362799e-01,2.918327141236280564e+00,0.000000000000000000e+00,1.000000000000000000e+00,5.644107373954392326e-01
-1.175000000000000000e+02,3.503863872794458212e-01,5.530082141887626701e-01,2.887151069492677191e+00,0.000000000000000000e+00,1.000000000000000000e+00,5.529602429790246854e-01
-1.170000000000000000e+02,3.487169570665578089e-01,5.416662044011901767e-01,2.856307899717797305e+00,0.000000000000000000e+00,1.000000000000000000e+00,5.416197291014311910e-01
-1.164999999999999858e+02,3.470896664363085637e-01,5.304309408781364699e-01,2.825805932365943907e+00,0.000000000000000000e+00,1.000000000000000000e+00,5.303859160256646499e-01
-1.160000000000000142e+02,3.455036820242861073e-01,5.192992355903010004e-01,2.795654142311247981e+00,0.000000000000000000e+00,1.000000000000000000e+00,5.192556176498711595e-01
-1.154999999999999858e+02,3.439582002184891629e-01,5.082679902965376861e-01,2.765862157155682954e+00,0.000000000000000000e+00,1.000000000000000000e+00,5.082257375715035774e-01
-1.150000000000000000e+02,3.424524460579240759e-01,4.973341927829836862e-01,2.736440237095360217e+00,0.000000000000000000e+00,1.000000000000000000e+00,4.972932653314628415e-01
-1.145000000000000000e+02,3.409856721845894167e-01,4.864949132726259506e-01,2.707399255914077152e+00,0.000000000000000000e+00,1.000000000000000000e+00,4.864552728281829608e-01
-1.140000000000000000e+02,3.395571578460100937e-01,4.757473009954660270e-01,2.678750682699983621e+00,0.000000000000000000e+00,1.000000000000000000e+00,4.757089108922903931e-01
-1.135000000000000000e+02,3.381662079456563275e-01,4.650885809108964430e-01,2.650506563902257806e+00,0.000000000000000000e+00,1.000000000000000000e+00,4.650514060130092608e-01
-1.130000000000000000e+02,3.368121521387476003e-01,4.545160505736580148e-01,2.622679505361414698e+00,0.000000000000000000e+00,1.000000000000000000e+00,4.544800572080229251e-01
-1.125000000000000000e+02,3.354943439710966757e-01,4.440270771357576196e-01,2.595282653960041763e+00,0.000000000000000000e+00,1.000000000000000000e+00,4.439922330290073105e-01
-1.119999999999999858e+02,3.342121600587890651e-01,4.336190944769607314e-01,2.568329678551341200e+00,0.000000000000000000e+00,1.000000000000000000e+00,4.335853686954966868e-01
-1.115000000000000000e+02,3.329649993066298719e-01,4.232896004568505455e-01,2.541834749831757279e+00,0.000000000000000000e+00,1.000000000000000000e+00,4.232569633501893636e-01
-1.110000000000000000e+02,3.317522821634121821e-01,4.130361542820516485e-01,2.515812518831878730e+00,0.000000000000000000e+00,1.000000000000000000e+00,4.130045774291870031e-01
-1.105000000000000000e+02,3.305734499121795733e-01,4.028563739824006507e-01,2.490278093707650964e+00,0.000000000000000000e+00,1.000000000000000000e+00,4.028258301410501119e-01
-1.100000000000000000e+02,3.294279639937629511e-01,3.927479339903434119e-01,2.465247014522376823e+00,0.000000000000000000e+00,1.000000000000000000e+00,3.927183970488906106e-01
-1.095000000000000000e+02,3.283153053619748962e-01,3.827085628181171040e-01,2.440735225719871782e+00,0.000000000000000000e+00,1.000000000000000000e+00,3.826800077500533970e-01
-1.090000000000000000e+02,3.272349738689391274e-01,3.727360408274969505e-01,2.416759046001266231e+00,0.000000000000000000e+00,1.000000000000000000e+00,3.727084436482475671e-01
-1.085000000000000000e+02,3.261864876791236156e-01,3.628281980871620460e-01,2.393335135332981256e+00,0.000000000000000000e+00,1.000000000000000000e+00,3.628015358132646306e-01
-1.080000000000000000e+02,3.251693827107287049e-01,3.529829123133138014e-01,2.370480458832257664e+00,0.000000000000000000e+00,1.000000000000000000e+00,3.529571629236981090e-01
-1.074999999999999858e+02,3.241832121031599789e-01,3.431981068890693765e-01,2.348212247299881206e+00,0.000000000000000000e+00,1.000000000000000000e+00,3.431732492883166064e-01
-1.070000000000000000e+02,3.232275457093904403e-01,3.334717489583687300e-01,2.326547954198221912e+00,0.000000000000000000e+00,1.000000000000000000e+00,3.334477629419889122e-01
-1.065000000000000000e+02,3.223019696120857369e-01,3.238018475908067684e-01,2.305505208906961201e+00,0.000000000000000000e+00,1.000000000000000000e+00,3.237787138122659725e-01
-1.060000000000000000e+02,3.214060856624297302e-01,3.141864520134622363e-01,2.285101766129454148e+00,0.000000000000000000e+00,1.000000000000000000e+00,3.141641519529369542e-01
-1.055000000000000000e+02,3.205395110406519255e-01,3.046236499062835446e-01,2.265355451370012041e+00,0.000000000000000000e+00,1.000000000000000000e+00,3.046021658410662525e-01
-1.050000000000000000e+02,3.197018778373126313e-01,2.951115657577081941e-01,2.246284102456641563e+00,0.000000000000000000e+00,1.000000000000000000e+00,2.950908807341931506e-01
-1.045000000000000000e+02,3.188928326544593350e-01,2.856483592774584634e-01,2.227905507145116371e+00,0.000000000000000000e+00,1.000000000000000000e+00,2.856284570845538662e-01
-1.040000000000000000e+02,3.181120362258150758e-01,2.762322238633766469e-01,2.210237336908302819e+00,0.000000000000000000e+00,1.000000000000000000e+00,2.762130890073294376e-01
-1.035000000000000000e+02,3.173591630552125009e-01,2.668613851194722164e-01,2.193297077089108260e+00,0.000000000000000000e+00,1.000000000000000000e+00,2.668430028000850496e-01
-1.029999999999999858e+02,3.166339010725280345e-01,2.575340994226981706e-01,2.177101953675301349e+00,0.000000000000000000e+00,1.000000000000000000e+00,2.575164555106903563e-01
-1.025000000000000000e+02,3.159359513064171066e-01,2.482486525354822560e-01,2.161668857038808955e+00,0.000000000000000000e+00,1.000000000000000000e+00,2.482317335511528555e-01
-1.020000000000000000e+02,3.152650275731906926e-01,2.390033582618084906e-01,2.147014263069215723e+00,0.000000000000000000e+00,1.000000000000000000e+00,2.389871513549068904e-01
-1.015000000000000000e+02,3.146208561812117721e-01,2.297965571446872746e-01,2.133154152219511879e+00,0.000000000000000000e+00,1.000000000000000000e+00,2.297810500752218155e-01
-1.010000000000000000e+02,3.140031756502257854e-01,2.206266152022914595e-01,2.120103927069238114e+00,0.000000000000000000e+00,1.000000000000000000e+00,2.206117963224960288e-01
-1.005000000000000000e+02,3.134117364450772492e-01,2.114919227009753322e-01,2.107878329093744618e+00,0.000000000000000000e+00,1.000000000000000000e+00,2.114777809383022456e-01
-1.000000000000000000e+02,3.128463007232918369e-01,2.023908929631814957e-01,2.096491355405653678e+00,0.000000000000000000e+00,1.000000000000000000e+00,2.023774178041483351e-01
-9.950000000000000000e+01,3.123066420960395884e-01,1.933219612079039862e-01,2.085956176302815823e+00,0.000000000000000000e+00,1.000000000000000000e+00,1.933091426829952331e-01
-9.900000000000000000e+01,3.117925454020211706e-01,1.842835834223246760e-01,2.076285054513388406e+00,0.000000000000000000e+00,1.000000000000000000e+00,1.842714120916692511e-01
-9.849999999999998579e+01,3.113038064938477567e-01,1.752742352624469258e-01,2.067489267070241610e+00,0.000000000000000000e+00,1.000000000000000000e+00,1.752627022023657832e-01
-9.800000000000000000e+01,3.108402320365133420e-01,1.662924109811034779e-01,2.059579030771200525e+00,0.000000000000000000e+00,1.000000000000000000e+00,1.662815077715303069e-01
-9.750000000000000000e+01,3.104016393175817456e-01,1.573366223818457865e-01,2.052563432186461423e+00,0.000000000000000000e+00,1.000000000000000000e+00,1.573263410944522045e-01
-9.700000000000000000e+01,3.099878560687360785e-01,1.484053977968552984e-01,2.046450363158221819e+00,0.000000000000000000e+00,1.000000000000000000e+00,1.483957309839836203e-01
-9.650000000000000000e+01,3.095987202983619957e-01,1.394972810875335922e-01,2.041246462699023656e+00,0.000000000000000000e+00,1.000000000000000000e+00,1.394882217718439454e-01
-9.600000000000000000e+01,3.092340801348570367e-01,1.306108306662042140e-01,2.036957066134299499e+00,0.000000000000000000e+00,1.000000000000000000e+00,1.306023723310256179e-01
-9.550000000000000000e+01,3.088937936803815010e-01,1.217446185375234136e-01,2.033586162251613594e+00,0.000000000000000000e+00,1.000000000000000000e+00,1.217367551178735741e-01
-9.500000000000000000e+01,3.085777288747849068e-01,1.128972293581697733e-01,2.031136359115421453e+00,0.000000000000000000e+00,1.000000000000000000e+00,1.128899552324447858e-01
-9.450000000000000000e+01,3.082857633694640054e-01,1.040672595134760070e-01,2.029608859084152339e+00,0.000000000000000000e+00,1.000000000000000000e+00,1.040605694958111060e-01
-9.399999999999998579e+01,3.080177844109251439e-01,9.525331620982357972e-02,2.029003443428902820e+00,0.000000000000000000e+00,1.000000000000000000e+00,9.524720554299336006e-02
-9.350000000000000000e+01,3.077736887338436977e-01,8.645401658122610355e-02,2.029318466803814225e+00,0.000000000000000000e+00,1.000000000000000000e+00,8.644848093026535896e-02
-9.300000000000000000e+01,3.075533824634311686e-01,7.766798680927652909e-02,2.030550861661377660e+00,0.000000000000000000e+00,1.000000000000000000e+00,7.766302225558517625e-02
-9.250000000000000000e+01,3.073567810269354772e-01,6.889386125486175738e-02,2.032696152546098034e+00,0.000000000000000000e+00,1.000000000000000000e+00,6.888946429095331447e-02
-9.200000000000000000e+01,3.071838090741211280e-01,6.013028160068438488e-02,2.035748480041799535e+00,0.000000000000000000e+00,1.000000000000000000e+00,6.012644912551744908e-02
-9.150000000000000000e+01,3.070344004065866383e-01,5.137589600353257430e-02,2.039700633995975565e+00,0.000000000000000000e+00,1.000000000000000000e+00,5.137262531826689016e-02
-9.100000000000000000e+01,3.069084979157976067e-01,4.262935825467506490e-02,2.044544095503359138e+00,0.000000000000000000e+00,1.000000000000000000e+00,4.262664705918978170e-02
-9.050000000000000000e+01,3.068060535297268965e-01,3.388932694800212558e-02,2.050269087004098711e+00,0.000000000000000000e+00,1.000000000000000000e+00,3.388717333777305912e-02
-9.000000000000000000e+01,3.067270281680071764e-01,2.515446465423321412e-02,2.056864629742877870e+00,0.000000000000000000e+00,1.000000000000000000e+00,2.515286711775457928e-02
-8.949999999999998579e+01,3.066713917055206573e-01,1.642343710017077005e-02,2.064318607746403966e+00,0.000000000000000000e+00,1.000000000000000000e+00,1.642239451703782216e-02
-8.900000000000000000e+01,3.066391229443606870e-01,7.694912352323083835e-03,2.072617837409597819e+00,0.000000000000000000e+00,1.000000000000000000e+00,7.694423991704365910e-03
-8.850000000000000000e+01,3.066302095941172978e-01,1.032439996576776410e-03,2.081748141736277535e+00,0.000000000000000000e+00,1.000000000000000000e+00,1.032374476944894351e-03
-8.800000000000000000e+01,3.066446482604526236e-01,9.759949639178273212e-03,2.091694428258123573e+00,0.000000000000000000e+00,1.000000000000000000e+00,9.759330193370023207e-03
-8.750000000000000000e+01,3.066824444419469220e-01,1.848894636397086649e-02,2.102440769655335551e+00,0.000000000000000000e+00,1.000000000000000000e+00,1.848777255784721241e-02
-8.700000000000000000e+01,3.067436125352080434e-01,2.722076086598032921e-02,2.113970486122166204e+00,0.000000000000000000e+00,1.000000000000000000e+00,2.721903187665024315e-02
-8.650000000000000000e+01,3.068281758482555022e-01,3.595672555872794079e-02,2.126266228558363558e+00,0.000000000000000000e+00,1.000000000000000000e+00,3.595444017340218568e-02
-8.600000000000000000e+01,3.069361666222004681e-01,4.469817538824488040e-02,2.139310061720912426e+00,0.000000000000000000e+00,1.000000000000000000e+00,4.469533200265623368e-02
-8.550000000000000000e+01,3.070676260612601460e-01,5.344644865051934729e-02,2.153083546536654236e+00,0.000000000000000000e+00,1.000000000000000000e+00,5.344304526675573014e-02
-8.499999999999998579e+01,3.072226043711584476e-01,6.220288781315465310e-02,2.167567820852404736e+00,0.000000000000000000e+00,1.000000000000000000e+00,6.219892203704463496e-02
-8.450000000000000000e+01,3.074011608059790124e-01,7.096884034256600859e-02,2.182743677982201369e+00,0.000000000000000000e+00,1.000000000000000000e+00,7.096430938049540227e-02
-8.399999999999998579e+01,3.076033637235532914e-01,7.974565953771856064e-02,2.198591642498546328e+00,0.000000000000000000e+00,1.000000000000000000e+00,7.974056019284775365e-02
-8.350000000000000000e+01,3.078292906494791703e-01,8.853470537133169282e-02,2.215092042803283423e+00,0.000000000000000000e+00,1.000000000000000000e+00,8.852903403935163951e-02
-8.300000000000000000e+01,3.080790283498822668e-01,9.733734533993096405e-02,2.232225080101884807e+00,0.000000000000000000e+00,1.000000000000000000e+00,9.733109800423908609e-02
-8.250000000000000000e+01,3.083526729130477428e-01,1.061549553237944865e-01,2.249970893490292667e+00,0.000000000000000000e+00,1.000000000000000000e+00,1.061481275500573279e-01
-8.200000000000000000e+01,3.086503298400659068e-01,1.149889204578554702e-01,2.268309620944565008e+00,0.000000000000000000e+00,1.000000000000000000e+00,1.149815073880244287e-01
-8.150000000000000000e+01,3.089721141446513109e-01,1.238406360148071039e-01,2.287221456079022275e+00,0.000000000000000000e+00,1.000000000000000000e+00,1.238326323605948298e-01
-8.100000000000000000e+01,3.093181504623122025e-01,1.327115083018249042e-01,2.306686700607530671e+00,0.000000000000000000e+00,1.000000000000000000e+00,1.327029083374416663e-01
-8.049999999999998579e+01,3.096885731690653398e-01,1.416029555717622512e-01,2.326685812504311723e+00,0.000000000000000000e+00,1.000000000000000000e+00,1.415937531261060867e-01
-8.000000000000000000e+01,3.100835265099062266e-01,1.505164089503284730e-01,2.347199449914961988e+00,0.000000000000000000e+00,1.000000000000000000e+00,1.505065973985831029e-01
-7.949999999999998579e+01,3.105031647372674675e-01,1.594533133807181646e-01,2.368208510915126741e+00,0.000000000000000000e+00,1.000000000000000000e+00,1.594428856351652879e-01
-7.900000000000000000e+01,3.109476522597138803e-01,1.684151285866772041e-01,2.389694169253583578e+00,0.000000000000000000e+00,1.000000000000000000e+00,1.684040770868899806e-01
-7.850000000000000000e+01,3.114171638011442034e-01,1.774033300556547288e-01,2.411637906248802032e+00,0.000000000000000000e+00,1.000000000000000000e+00,1.773916467579963185e-01
-7.800000000000000000e+01,3.119118845707900545e-01,1.864194100434927448e-01,2.434021539033613735e+00,0.000000000000000000e+00,1.000000000000000000e+00,1.864070864098276992e-01
-7.750000000000000000e+01,3.124320104443243373e-01,1.954648786019891893e-01,2.456827245362181333e+00,0.000000000000000000e+00,1.000000000000000000e+00,1.954519055876804412e-01
-7.700000000000000000e+01,3.129777481564129937e-01,2.045412646310433569e-01,2.480037585207458317e+00,0.000000000000000000e+00,1.000000000000000000e+00,2.045276326721477411e-01
-7.650000000000000000e+01,3.135493155050692038e-01,2.136501169569486602e-01,2.503635519386468111e+00,0.000000000000000000e+00,1.000000000000000000e+00,2.136358159565636960e-01
-7.599999999999998579e+01,3.141469415681918398e-01,2.227930054384550107e-01,2.527604425455669102e+00,0.000000000000000000e+00,1.000000000000000000e+00,2.227780247522251622e-01
-7.550000000000000000e+01,3.147708669326974018e-01,2.319715221023652685e-01,2.551928111119937892e+00,0.000000000000000000e+00,1.000000000000000000e+00,2.319558505231237300e-01
-7.499999999999998579e+01,3.154213439366801985e-01,2.411872823105304098e-01,2.576590825397069739e+00,0.000000000000000000e+00,1.000000000000000000e+00,2.411709080520068604e-01
-7.450000000000000000e+01,3.160986369250657346e-01,2.504419259601880499e-01,2.601577267775518898e+00,0.000000000000000000e+00,1.000000000000000000e+00,2.504248366396507608e-01
-7.400000000000000000e+01,3.168030225192506322e-01,2.597371187193259767e-01,2.626872595597098403e+00,0.000000000000000000e+00,1.000000000000000000e+00,2.597193013393238048e-01
-7.350000000000000000e+01,3.175347899012537223e-01,2.690745532994621159e-01,2.652462429888877704e+00,0.000000000000000000e+00,1.000000000000000000e+00,2.690559942284963535e-01
-7.300000000000000000e+01,3.182942411129379701e-01,2.784559507679316703e-01,2.678332859860033999e+00,0.000000000000000000e+00,1.000000000000000000e+00,2.784366357199551389e-01
-7.250000000000000000e+01,3.190816913708955371e-01,2.878830619017727632e-01,2.704470446270325734e+00,0.000000000000000000e+00,1.000000000000000000e+00,2.878629759145825417e-01
-7.200000000000000000e+01,3.198974693976264771e-01,2.973576685858550506e-01,2.730862223867395855e+00,0.000000000000000000e+00,1.000000000000000000e+00,2.973367959981585429e-01
-7.149999999999998579e+01,3.207419177696806956e-01,3.068815852573336667e-01,2.757495703080742544e+00,0.000000000000000000e+00,1.000000000000000000e+00,3.068599096846756358e-01
-7.100000000000000000e+01,3.216153932834715512e-01,3.164566603994817817e-01,2.784358871150941717e+00,0.000000000000000000e+00,1.000000000000000000e+00,3.164341647087606790e-01
-7.049999999999998579e+01,3.225182673395179389e-01,3.260847780874647217e-01,2.811440192863984944e+00,0.000000000000000000e+00,1.000000000000000000e+00,3.260614443699491605e-01
-7.000000000000000000e+01,3.234509263459119932e-01,3.357678595886692818e-01,2.838728611052408812e+00,0.000000000000000000e+00,1.000000000000000000e+00,3.357436691316784683e-01
-6.950000000000000000e+01,3.244137721418627884e-01,3.455078650211445557e-01,2.866213547017554486e+00,0.000000000000000000e+00,1.000000000000000000e+00,3.454827982780324658e-01
-6.900000000000000000e+01,3.254072224422169257e-01,3.553067950729150715e-01,2.893884901020773004e+00,0.000000000000000000e+00,1.000000000000000000e+00,3.552808316314196579e-01
-6.850000000000000000e+01,3.264317113039109097e-01,3.651666927856324074e-01,2.921733052985941104e+00,0.000000000000000000e+00,1.000000000000000000e+00,3.651398113345385998e-01
-6.800000000000000000e+01,3.274876896153703365e-01,3.750896454062515040e-01,2.949748863551274525e+00,0.000000000000000000e+00,1.000000000000000000e+00,3.750618237001758781e-01
-6.750000000000000000e+01,3.285756256099322536e-01,3.850777863103623244e-01,2.977923675605247844e+00,0.000000000000000000e+00,1.000000000000000000e+00,3.850490011325590212e-01
-6.699999999999998579e+01,3.296960054044333899e-01,3.951332970010691947e-01,3.006249316439555397e+00,0.000000000000000000e+00,1.000000000000000000e+00,3.951035241242152884e-01
-6.650000000000000000e+01,3.308493335641767841e-01,4.052584091876795802e-01,3.034718100651525585e+00,0.000000000000000000e+00,1.000000000000000000e+00,4.052276233324875188e-01
-6.599999999999998579e+01,3.320361336955653386e-01,4.154554069485753010e-01,3.063322833929360112e+00,0.000000000000000000e+00,1.000000000000000000e+00,4.154235817401168984e-01
-6.550000000000000000e+01,3.332569490677694257e-01,4.257266289829794159e-01,3.092056817856062345e+00,0.000000000000000000e+00,1.000000000000000000e+00,4.256937369045347697e-01
-6.500000000000000000e+01,3.345123432648823836e-01,4.360744709564325361e-01,3.120913855872160525e+00,0.000000000000000000e+00,1.000000000000000000e+00,4.360404833007969216e-01
-6.450000000000001421e+01,3.358029008701063356e-01,4.465013879453197942e-01,3.149888260543274310e+00,0.000000000000000000e+00,1.000000000000000000e+00,4.464662747633644790e-01
-6.399999999999998579e+01,3.371292281836106852e-01,4.570098969858999438e-01,3.178974862286594760e+00,0.000000000000000000e+00,1.000000000000000000e+00,4.569736270322632965e-01
-6.349999999999999289e+01,3.384919539758058371e-01,4.676025797337964862e-01,3.208169019720410908e+00,0.000000000000000000e+00,1.000000000000000000e+00,4.675651204094667390e-01
-6.300000000000000000e+01,3.398917302778893812e-01,4.782820852400628819e-01,3.237466631813346485e+00,0.000000000000000000e+00,1.000000000000000000e+00,4.782434025317273130e-01
-6.250000000000000711e+01,3.413292332116358296e-01,4.890511328505357524e-01,3.266864152024968604e+00,0.000000000000000000e+00,1.000000000000000000e+00,4.890111912664313887e-01
-6.199999999999998579e+01,3.428051638605329465e-01,4.999125152353434132e-01,3.296358604647513069e+00,0.000000000000000000e+00,1.000000000000000000e+00,4.998712777374913485e-01
-6.149999999999999289e+01,3.443202491844973845e-01,5.108691015562110138e-01,3.325947603579683332e+00,0.000000000000000000e+00,1.000000000000000000e+00,5.108265294886995544e-01
-6.100000000000000000e+01,3.458752429805548867e-01,5.219238407794059009e-01,3.355629373788524550e+00,0.000000000000000000e+00,1.000000000000000000e+00,5.218798937924645776e-01
-6.050000000000000000e+01,3.474709268920186389e-01,5.330797651425999151e-01,3.385402775744506876e+00,0.000000000000000000e+00,1.000000000000000000e+00,5.330344011123241410e-01
-6.000000000000000711e+01,3.491081114688732168e-01,5.443399937848921732e-01,3.415267333149043516e+00,0.000000000000000000e+00,1.000000000000000000e+00,5.442931687281977737e-01
-5.949999999999998579e+01,3.507876372822461009e-01,5.557077365492847365e-01,3.445223264313212130e+00,0.000000000000000000e+00,1.000000000000000000e+00,5.556594045339051657e-01
-5.899999999999999289e+01,3.525103760960449084e-01,5.671862979681127070e-01,3.475271517592445569e+00,0.000000000000000000e+00,1.000000000000000000e+00,5.671364110171054351e-01
-5.850000000000000000e+01,3.542772320990442703e-01,5.787790814419153662e-01,3.505413811335436058e+00,0.000000000000000000e+00,1.000000000000000000e+00,5.787275894324934722e-01
-5.800000000000000711e+01,3.560891432009282709e-01,5.904895936234338949e-01,3.535652678867539311e+00,0.000000000000000000e+00,1.000000000000000000e+00,5.904364441797933516e-01
-5.749999999999998579e+01,3.579470823960355652e-01,6.023214490193607995e-01,3.565991519101323171e+00,0.000000000000000000e+00,1.000000000000000000e+00,6.022665873988852780e-01
-5.699999999999999289e+01,3.598520591988126349e-01,6.142783748227670371e-01,3.596434653451053620e+00,0.000000000000000000e+00,1.000000000000000000e+00,6.142217437952283143e-01
-5.650000000000000000e+01,3.618051211552569257e-01,6.263642159902919060e-01,3.626987389826223929e+00,0.000000000000000000e+00,1.000000000000000000e+00,6.263057557096577410e-01
-5.600000000000000000e+01,3.638073554349331440e-01,6.385829405793594926e-01,3.657656094594079033e+00,0.000000000000000000e+00,1.000000000000000000e+00,6.385225884475910219e-01
-5.550000000000000711e+01,3.658598905084689545e-01,6.509386453614371959e-01,3.688448273535828825e+00,0.000000000000000000e+00,1.000000000000000000e+00,6.508763358837488244e-01
-5.499999999999998579e+01,3.679638979157853207e-01,6.634355617285869755e-01,3.719372662979384625e+00,0.000000000000000000e+00,1.000000000000000000e+00,6.633712263596207581e-01
-5.449999999999999289e+01,3.701205941306940361e-01,6.760780619120929646e-01,3.750439332477811138e+00,0.000000000000000000e+00,1.000000000000000000e+00,6.760116288921315109e-01
-5.400000000000000000e+01,3.723312425279045601e-01,6.888706655325886885e-01,3.781659800622829248e+00,0.000000000000000000e+00,1.000000000000000000e+00,6.888020597133089895e-01
-5.350000000000000711e+01,3.745971554589190844e-01,7.018180465031872428e-01,3.813047165843444830e+00,0.000000000000000000e+00,1.000000000000000000e+00,7.017471891621588354e-01
-5.299999999999998579e+01,3.769196964437780961e-01,7.149250403085037897e-01,3.844616254349750406e+00,0.000000000000000000e+00,1.000000000000000000e+00,7.148518489515414132e-01
-5.249999999999999289e+01,3.793002824861307354e-01,7.281966516841065218e-01,3.876383787751572996e+00,0.000000000000000000e+00,1.000000000000000000e+00,7.281210398344983847e-01
-5.200000000000000000e+01,3.817403865196705159e-01,7.416380627226046851e-01,3.908368573323932615e+00,0.000000000000000000e+00,1.000000000000000000e+00,7.415599396963391543e-01
-5.150000000000000000e+01,3.842415399945792176e-01,7.552546414347898196e-01,3.940591720422502942e+00,0.000000000000000000e+00,1.000000000000000000e+00,7.551739121007372546e-01
-5.100000000000000711e+01,3.868053356132891141e-01,7.690519507965658530e-01,3.973076887192799944e+00,0.000000000000000000e+00,1.000000000000000000e+00,7.689685153202788781e-01
-5.049999999999998579e+01,3.894334302255865188e-01,7.830357583140477029e-01,4.005850562492152100e+00,0.000000000000000000e+00,1.000000000000000000e+00,7.829495118842191292e-01
-4.999999999999999289e+01,3.921275478938621717e-01,7.972120461429497151e-01,4.038942388886058055e+00,0.000000000000000000e+00,1.000000000000000000e+00,7.971228786787533105e-01
-4.950000000000000000e+01,3.948894831401664751e-01,8.115870217998322200e-01,4.072385533731400997e+00,0.000000000000000000e+00,1.000000000000000000e+00,8.114948176378905531e-01
-4.900000000000000711e+01,3.977211043876459073e-01,8.261671295065594611e-01,4.106217116770626063e+00,0.000000000000000000e+00,1.000000000000000000e+00,8.260717670660067125e-01
-4.849999999999998579e+01,4.006243576099534631e-01,8.409590622128356729e-01,4.140478704401092891e+00,0.000000000000000000e+00,1.000000000000000000e+00,8.408604136364677961e-01
-4.799999999999999289e+01,4.036012702033210386e-01,8.559697743447070017e-01,4.175216882939457363e+00,0.000000000000000000e+00,1.000000000000000000e+00,8.558677051142877801e-01
-4.750000000000000000e+01,4.066539550971871031e-01,8.712064953310386661e-01,4.210483925885972312e+00,0.000000000000000000e+00,1.000000000000000000e+00,8.711008638547091953e-01
-4.700000000000000000e+01,4.097846151205820631e-01,8.866767439642936344e-01,4.246338573556515783e+00,0.000000000000000000e+00,1.000000000000000000e+00,8.865674011338647853e-01
-4.650000000000000711e+01,4.129955476429140737e-01,9.023883436570780958e-01,4.282846947687534822e+00,0.000000000000000000e+00,1.000000000000000000e+00,9.022751323723768868e-01
-4.599999999999998579e+01,4.162891495093696825e-01,9.183494386601057657e-01,4.320083628991364222e+00,0.000000000000000000e+00,1.000000000000000000e+00,9.182321933178642093e-01
-4.549999999999999289e+01,4.196679222928642039e-01,9.345685113139605704e-01,4.358132932495910161e+00,0.000000000000000000e+00,1.000000000000000000e+00,9.344470572579547385e-01
-4.500000000000000000e+01,4.231344778863736500e-01,9.510544004124781292e-01,4.397090424314711754e+00,0.000000000000000000e+00,1.000000000000000000e+00,9.509285533415663405e-01
-4.450000000000000711e+01,4.266915444615474451e-01,9.678163207623726727e-01,4.437064734902878449e+00,0.000000000000000000e+00,1.000000000000000000e+00,9.676858860929735684e-01
-4.399999999999998579e+01,4.303419728217885432e-01,9.848638840319153820e-01,4.478179738743547134e+00,0.000000000000000000e+00,1.000000000000000000e+00,9.847286562106301044e-01
-4.349999999999999289e+01,4.340887431804941188e-01,1.002207120989037969e+00,4.520577190002867951e+00,0.000000000000000000e+00,1.000000000000000000e+00,1.002066882750889176e+00
-4.300000000000000000e+01,4.379349723979150677e-01,1.019856505238364353e+00,4.564419929706401646e+00,0.000000000000000000e+00,1.000000000000000000e+00,1.019711026805788068e+00
-4.250000000000000000e+01,4.418839217131366182e-01,1.037822978576696809e+00,4.609895814861625141e+00,0.000000000000000000e+00,1.000000000000000000e+00,1.037672016793976804e+00
-4.200000000000000711e+01,4.459390050110461634e-01,1.056117978098037868e+00,4.657222567175302252e+00,0.000000000000000000e+00,1.000000000000000000e+00,1.055961275494852192e+00
-4.149999999999998579e+01,4.501037976678704533e-01,1.074753465190413815e+00,4.706653803671037473e+00,0.000000000000000000e+00,1.000000000000000000e+00,1.074590748968066389e+00
-4.099999999999999289e+01,4.543820460229666680e-01,1.093741956581158581e+00,4.758486601088129930e+00,0.000000000000000000e+00,1.000000000000000000e+00,1.093572937513962673e+00
-4.050000000000000000e+01,4.587776775291093623e-01,1.113096557601807479e+00,4.813071071634305476e+00,0.000000000000000000e+00,1.000000000000000000e+00,1.112920928845357871e+00
-4.000000000000000711e+01,4.632948116385492976e-01,1.132830997859911593e+00,4.870822606486549411e+00,0.000000000000000000e+00,1.000000000000000000e+00,1.132648433657487130e+00
-3.949999999999998579e+01,4.679377714877225314e-01,1.152959669524567632e+00,4.932237701694448084e+00,0.000000000000000000e+00,1.000000000000000000e+00,1.152769823801224947e+00
-3.899999999999999289e+01,4.727110964497082124e-01,1.173497668451794373e+00,4.997914660291885802e+00,0.000000000000000000e+00,1.000000000000000000e+00,1.173300173284955505e+00
-3.850000000000000000e+01,4.776195556304509426e-01,1.194460838398977653e+00,5.068581031143907900e+00,0.000000000000000000e+00,1.000000000000000000e+00,1.194255302353039783e+00
-3.800000000000000000e+01,4.826681623924768960e-01,1.215865818602892556e+00,5.145130509057440626e+00,0.000000000000000000e+00,1.000000000000000000e+00,1.215651824913973167e+00
-3.750000000000000711e+01,4.878621899984306176e-01,1.237730095024382582e+00,5.228673367056974719e+00,0.000000000000000000e+00,1.000000000000000000e+00,1.237507199619367615e+00
-3.699999999999998579e+01,4.932071884763734593e-01,1.260072055593603135e+00,5.320606641508847545e+00,0.000000000000000000e+00,1.000000000000000000e+00,1.259839784926249484e+00
-3.649999999999999289e+01,4.987090028195226843e-01,1.282911049825845806e+00,5.422713818335883396e+00,0.000000000000000000e+00,1.000000000000000000e+00,1.282668898510174627e+00
-3.600000000000000000e+01,5.043737926451623554e-01,1.306267453217029084e+00,5.537309737889207994e+00,0.000000000000000000e+00,1.000000000000000000e+00,1.306014881435974440e+00
-3.550000000000000711e+01,5.102080534509496612e-01,1.330162736871885798e+00,5.667456897462643362e+00,0.000000000000000000e+00,1.000000000000000000e+00,1.329899167536946036e+00
-3.499999999999998579e+01,5.162186396220227458e-01,1.354619542869022863e+00,5.817298417318878201e+00,0.000000000000000000e+00,1.000000000000000000e+00,1.354344358502808099e+00
-3.449999999999999289e+01,5.224127893593875083e-01,1.379661765922175487e+00,5.992589427388655743e+00,0.000000000000000000e+00,1.000000000000000000e+00,1.379374305232424325e+00
-3.400000000000000000e+01,5.287981517193026670e-01,1.405314641960039523e+00,6.201582348031386971e+00,0.000000000000000000e+00,1.000000000000000000e+00,1.405014196070044630e+00
-3.350000000000000000e+01,5.353828159750977367e-01,1.431604844318979497e+00,6.456580603226386827e+00,0.000000000000000000e+00,1.000000000000000000e+00,1.431290652614633396e+00
-3.300000000000000711e+01,5.421753435374204733e-01,1.458560588324301133e+00,6.776847338136906984e+00,0.000000000000000000e+00,1.000000000000000000e+00,1.458231833871958871e+00
-3.249999999999998579e+01,5.491848026967254270e-01,1.486211745125431083e+00,7.194518437228192731e+00,0.000000000000000000e+00,1.000000000000000000e+00,1.485867549609817262e+00
-3.199999999999999289e+01,5.564208064833587875e-01,1.514589965756235168e+00,7.768010491963632802e+00,0.000000000000000000e+00,1.000000000000000000e+00,1.514229383879659219e+00
-3.150000000000000000e+01,5.638935539764817761e-01,1.543728816508358470e+00,8.617454378822040795e+00,0.000000000000000000e+00,1.000000000000000000e+00,1.543350829784900569e+00
-3.100000000000000711e+01,5.716138754338919714e-01,1.573663926840296989e+00,1.004305316795123737e+01,0.000000000000000000e+00,0.000000000000000000e+00,1.573267436709324452e+00
-3.049999999999998579e+01,5.795932816614207672e-01,1.604433151198923158e+00,1.312915329131353381e+01,0.000000000000000000e+00,0.000000000000000000e+00,1.604016971371011957e+00
-2.999999999999999289e+01,5.878440180938313553e-01,5.289319643672089066e-01,3.213627815098323737e+01,0.000000000000000000e+00,0.000000000000000000e+00,1.635639594240900996e+00
-2.949999999999999645e+01,5.741665382978735632e-01,3.110735315946358881e+00,inf,1.000000000000000000e+00,0.000000000000000000e+00,3.605883508761277056e+00
-2.900000000000000355e+01,5.566710391572231575e-01,3.490869157800853717e+00,inf,1.000000000000000000e+00,0.000000000000000000e+00,3.487414443841470035e+00
-2.850000000000000711e+01,5.402501525160692264e-01,3.379090642036878034e+00,inf,1.000000000000000000e+00,0.000000000000000000e+00,3.375943422591088705e+00
-2.799999999999998934e+01,5.248091070875282593e-01,3.273727560673008519e+00,inf,1.000000000000000000e+00,0.000000000000000000e+00,3.270852618484138663e+00
-2.749999999999999289e+01,5.102639641342121557e-01,3.174227788926752947e+00,inf,1.000000000000000000e+00,0.000000000000000000e+00,3.171594802363267185e+00
-2.700000000000000000e+01,4.965401129590354956e-01,3.080100788357533315e+00,inf,1.000000000000000000e+00,0.000000000000000000e+00,3.077683537175203377e+00
-2.650000000000000711e+01,4.835710103708890095e-01,2.990909245294237184e+00,inf,1.000000000000000000e+00,0.000000000000000000e+00,2.988684962742762519e+00
-2.599999999999998579e+01,4.712971191824287809e-01,2.906262036425749873e+00,inf,1.000000000000000000e+00,0.000000000000000000e+00,2.904210877675527325e+00
-2.549999999999999289e+01,4.596650100162910091e-01,2.825808281978711811e+00,inf,1.000000000000000000e+00,0.000000000000000000e+00,2.823912885600829537e+00
-2.499999999999999645e+01,4.486265978407428801e-01,2.749232295118385405e+00,inf,1.000000000000000000e+00,0.000000000000000000e+00,2.747477419454777969e+00
-2.450000000000000355e+01,4.381384902322074115e-01,2.676249273766169612e+00,inf,1.000000000000000000e+00,0.000000000000000000e+00,2.674621493926777394e+00
-2.400000000000000711e+01,4.281614287435108746e-01,2.606601610490962617e+00,inf,1.000000000000000000e+00,0.000000000000000000e+00,2.605089064693757894e+00
-2.349999999999998934e+01,4.186598082211158145e-01,2.540055719384531674e+00,inf,1.000000000000000000e+00,0.000000000000000000e+00,2.538647895664368992e+00
-2.299999999999999289e+01,4.096012616703730291e-01,2.478182948958994380e+00,inf,1.000000000000000000e+00,0.000000000000000000e+00,2.475086853416235133e+00
-2.250000000000000000e+01,4.009435493418411212e-01,2.417407605561197048e+00,4.973734486331460971e+02,1.000000000000000000e+00,0.000000000000000000e+00,2.414434428237814956e+00
-2.200000000000000711e+01,3.926847628668553858e-01,2.357219170738499070e+00,4.813119100649985285e+02,1.000000000000000000e+00,0.000000000000000000e+00,2.356075545792633008e+00
-2.149999999999998579e+01,3.847880129488804313e-01,2.301140459919539971e+00,4.662410051225733696e+02,1.000000000000000000e+00,0.000000000000000000e+00,2.300068415960697887e+00
-2.099999999999999289e+01,3.772307229251082306e-01,2.247271594021702512e+00,4.520657564773216563e+02,1.000000000000000000e+00,0.000000000000000000e+00,2.246265680757041583e+00
-2.049999999999999645e+01,3.699921607024108106e-01,2.195476558391052269e+00,4.387080956785151784e+02,1.000000000000000000e+00,0.000000000000000000e+00,2.194532017605395957e+00
-2.000000000000000355e+01,3.630532543137400259e-01,2.145630271814116252e+00,4.261030955115445522e+02,1.000000000000000000e+00,0.000000000000000000e+00,2.144742910574232830e+00
-1.950000000000000711e+01,3.563964288813902814e-01,2.097617497407973985e+00,4.141922575385010532e+02,1.000000000000000000e+00,0.000000000000000000e+00,2.096783844265037722e+00
-1.899999999999998934e+01,3.500054628081785135e-01,2.051331783687028842e+00,4.029244069171883780e+02,1.000000000000000000e+00,0.000000000000000000e+00,2.050548892614960206e+00
-1.849999999999999289e+01,3.438653605125836510e-01,2.006675915857693671e+00,3.922591191188891457e+02,1.000000000000000000e+00,0.000000000000000000e+00,2.005940163342531335e+00
-1.800000000000000000e+01,3.379622312978929899e-01,1.963558883190599236e+00,3.820781694026861715e+02,1.000000000000000000e+00,0.000000000000000000e+00,1.962852435804736562e+00
-1.750000000000000711e+01,3.322832030293021432e-01,1.921894232035597172e+00,3.723635982001324578e+02,1.000000000000000000e+00,0.000000000000000000e+00,1.921229988878300654e+00
-1.699999999999998579e+01,3.268163288120298771e-01,1.881603314188884823e+00,3.631433978306888548e+02,1.000000000000000000e+00,0.000000000000000000e+00,1.880981168268102577e+00
-1.649999999999999289e+01,3.215504982358652897e-01,1.842618433490499807e+00,3.544032309168152324e+02,1.000000000000000000e+00,0.000000000000000000e+00,1.842017447813072639e+00
-1.599999999999999645e+01,3.164753424360233214e-01,1.804868449931185559e+00,3.458867981612506242e+02,1.000000000000000000e+00,0.000000000000000000e+00,1.804302530540322413e+00
-1.550000000000000355e+01,3.115812410654741349e-01,1.768286767734089659e+00,3.377880479341641831e+02,1.000000000000000000e+00,0.000000000000000000e+00,1.767758914529381498e+00
-1.500000000000000888e+01,3.068591893732232623e-01,1.732821535344659658e+00,3.300249109198494466e+02,1.000000000000000000e+00,0.000000000000000000e+00,1.732307738149884146e+00
-1.449999999999998934e+01,3.023007632330202421e-01,1.698411483104795394e+00,3.224410001169650286e+02,1.000000000000000000e+00,0.000000000000000000e+00,1.697932107426321391e+00
-1.399999999999999467e+01,2.978981264120487138e-01,1.665009290348018034e+00,3.152485442737358881e+02,1.000000000000000000e+00,0.000000000000000000e+00,1.664563027205287815e+00
-1.350000000000000000e+01,2.936438751992327401e-01,1.632565040642672605e+00,3.081183601754868278e+02,1.000000000000000000e+00,0.000000000000000000e+00,1.632127191935409005e+00
-1.300000000000000533e+01,2.895311449498338963e-01,1.601031368333665439e+00,3.013273100378372078e+02,1.000000000000000000e+00,0.000000000000000000e+00,1.600626813228933187e+00
-1.249999999999998579e+01,2.855534285884417378e-01,1.570368863981919549e+00,2.946400296050180145e+02,1.000000000000000000e+00,0.000000000000000000e+00,1.569969886110012203e+00
-1.199999999999999112e+01,2.817046659828065791e-01,1.540534772674698516e+00,2.882068836739302355e+02,1.000000000000000000e+00,0.000000000000000000e+00,1.540167105777523027e+00
-1.149999999999999645e+01,2.779791214185369230e-01,1.511493188393071785e+00,2.819030781201519744e+02,1.000000000000000000e+00,0.000000000000000000e+00,1.511129397532439800e+00
-1.100000000000000355e+01,2.743714286639273858e-01,1.483207955939461753e+00,2.758154643360720115e+02,1.000000000000000000e+00,0.000000000000000000e+00,1.482873700813856166e+00
-1.050000000000000888e+01,2.708765060193713547e-01,1.455645318096803198e+00,2.698513079953680176e+02,1.000000000000000000e+00,0.000000000000000000e+00,1.455313845416014384e+00
-9.999999999999989342e+00,2.674895933678478888e-01,1.428775431272327756e+00,2.641032135172250150e+02,1.000000000000000000e+00,0.000000000000000000e+00,1.428472046662823569e+00
-9.499999999999994671e+00,2.642061620189420923e-01,1.402565666724196802e+00,2.584412021995458986e+02,1.000000000000000000e+00,0.000000000000000000e+00,1.402264428933043927e+00
-9.000000000000000000e+00,2.610219879886396810e-01,1.376992212690730355e+00,2.530278554464202045e+02,1.000000000000000000e+00,0.000000000000000000e+00,1.376717818636161272e+00
-8.500000000000005329e+00,2.579330080823708515e-01,1.352024368389686426e+00,2.476372062066175488e+02,1.000000000000000000e+00,0.000000000000000000e+00,1.351750433947225716e+00
-7.999999999999985789e+00,2.549354714021990764e-01,1.327639945060068216e+00,2.425225514635858417e+02,1.000000000000000000e+00,0.000000000000000000e+00,1.327365239295995814e+00
-7.499999999999991118e+00,2.520257227967417912e-01,1.303816126602147296e+00,2.374040738617185298e+02,1.000000000000000000e+00,0.000000000000000000e+00,1.303566239074623878e+00
-6.999999999999997335e+00,2.492004032262625512e-01,1.280523454478009304e+00,2.325074859665942313e+02,1.000000000000000000e+00,0.000000000000000000e+00,1.280274899722937176e+00
-6.500000000000002665e+00,2.464562556578272223e-01,1.257751939000568253e+00,2.277022603543837818e+02,1.000000000000000000e+00,0.000000000000000000e+00,1.257528470031603618e+00
-6.000000000000008882e+00,2.437902170647901490e-01,1.235467626467900759e+00,2.229872641841490690e+02,1.000000000000000000e+00,0.000000000000000000e+00,1.235245664641295704e+00
-5.499999999999988454e+00,2.411994125990054305e-01,1.213667403787774379e+00,2.184870091271901344e+02,1.000000000000000000e+00,0.000000000000000000e+00,1.213438145262836221e+00
-4.999999999999994671e+00,2.386810123838881137e-01,1.192324954343099819e+00,2.139225600091123454e+02,1.000000000000000000e+00,0.000000000000000000e+00,1.192120557618993049e+00
-4.500000000000000000e+00,2.362324616366190122e-01,1.171412175027226388e+00,2.095574470925139110e+02,1.000000000000000000e+00,0.000000000000000000e+00,1.171209041746944068e+00
-4.000000000000005329e+00,2.338512398587651586e-01,1.150934391237723453e+00,2.052838575042369200e+02,1.000000000000000000e+00,0.000000000000000000e+00,1.150757528729136059e+00
-3.499999999999985789e+00,2.315349527332698498e-01,1.130857700566187285e+00,2.010249699779370758e+02,1.000000000000000000e+00,0.000000000000000000e+00,1.130675838862586602e+00
-2.999999999999991562e+00,2.292813904479745757e-01,1.111173972199344329e+00,1.969449613888382373e+02,1.000000000000000000e+00,0.000000000000000000e+00,1.110986579237843941e+00
-2.499999999999997335e+00,2.270883509845792181e-01,1.091876518922644479e+00,1.928704105124017474e+02,1.000000000000000000e+00,0.000000000000000000e+00,1.091716244799193269e+00
-2.000000000000002665e+00,2.249538040137187833e-01,1.072930946538078301e+00,1.888661580141194349e+02,1.000000000000000000e+00,0.000000000000000000e+00,1.072768825908160251e+00
-1.500000000000008438e+00,2.228758260845092043e-01,1.054346289558902194e+00,1.850215284161404838e+02,1.000000000000000000e+00,0.000000000000000000e+00,1.054172884640371510e+00
-9.999999999999886757e-01,2.208524844704368439e-01,1.036105929722314301e+00,1.811326040390108290e+02,1.000000000000000000e+00,0.000000000000000000e+00,1.035960662717697600e+00
-4.999999999999943379e-01,2.188820490437155264e-01,1.018175071617247074e+00,1.773440404782392648e+02,1.000000000000000000e+00,0.000000000000000000e+00,1.018030098623280422e+00
0.000000000000000000e+00,2.169628394066162314e-01,1.000574431328659308e+00,1.737000872249358565e+02,1.000000000000000000e+00,0.000000000000000000e+00,1.000415326901716417e+00
4.999999999999943379e-01,2.150931579333474619e-01,9.832823972127818779e-01,1.700032187243728004e+02,1.000000000000000000e+00,0.000000000000000000e+00,9.831511960647795201e-01
1.000000000000014211e+00,2.132715148840398645e-01,9.662650581911801373e-01,1.664148355107105317e+02,1.000000000000000000e+00,0.000000000000000000e+00,9.661350532706819427e-01
1.500000000000008438e+00,2.114964390390195736e-01,9.495473783251122679e-01,1.629577229140058137e+02,1.000000000000000000e+00,0.000000000000000000e+00,9.494034489662520615e-01
2.000000000000002665e+00,2.097664418939997610e-01,9.331090156731181029e-01,1.594667810773473775e+02,1.000000000000000000e+00,0.000000000000000000e+00,9.329922191385323638e-01
2.499999999999997335e+00,2.080802195586253789e-01,9.169175479612609037e-01,1.560689672902813356e+02,1.000000000000000000e+00,0.000000000000000000e+00,9.168006688545506933e-01
2.999999999999991562e+00,2.064364862442407411e-01,9.009935900856760327e-01,1.527900588745137327e+02,1.000000000000000000e+00,0.000000000000000000e+00,9.008661527456246487e-01
3.500000000000011102e+00,2.048339429140532963e-01,8.853260002822556096e-01,1.495144074534515823e+02,1.000000000000000000e+00,0.000000000000000000e+00,8.852248262109265742e-01
4.000000000000005329e+00,2.032714221340520266e-01,8.698840277795126807e-01,1.462970584897563526e+02,1.000000000000000000e+00,0.000000000000000000e+00,8.697787091249001845e-01
4.500000000000000000e+00,2.017478069905850602e-01,8.546743028140476595e-01,1.431871990429325479e+02,1.000000000000000000e+00,0.000000000000000000e+00,8.545653113633134845e-01
4.999999999999994671e+00,2.002619741825747146e-01,8.397040872741881046e-01,1.401304442366819956e+02,1.000000000000000000e+00,0.000000000000000000e+00,8.396202692786564059e-01
5.500000000000014211e+00,1.988128473883981340e-01,8.249446132217687078e-01,1.370836752546392461e+02,1.000000000000000000e+00,0.000000000000000000e+00,8.248495186584124950e-01
6.000000000000008882e+00,1.973994668759956606e-01,8.103818450394696393e-01,1.341338454525363773e+02,1.000000000000000000e+00,0.000000000000000000e+00,8.102898983925297394e-01
6.500000000000002665e+00,1.960208626115743646e-01,7.960408836422580015e-01,1.312735253021777737e+02,1.000000000000000000e+00,0.000000000000000000e+00,7.959347429722176681e-01
6.999999999999997335e+00,1.946760442781757527e-01,7.819017516999453576e-01,1.284042868685066594e+02,1.000000000000000000e+00,0.000000000000000000e+00,7.818194964709448413e-01
7.499999999999991118e+00,1.933641653586752052e-01,7.679369036687146988e-01,1.256019862205750002e+02,1.000000000000000000e+00,0.000000000000000000e+00,7.678536893602662117e-01
8.000000000000010658e+00,1.920843790684874652e-01,7.541562839236281013e-01,1.228807636006502833e+02,1.000000000000000000e+00,0.000000000000000000e+00,7.540738049528559195e-01
8.500000000000005329e+00,1.908358527543412009e-01,7.405763882137650356e-01,1.202255748455052640e+02,1.000000000000000000e+00,0.000000000000000000e+00,7.405194440641551523e-01
9.000000000000000000e+00,1.896177309527700694e-01,7.271692166104740673e-01,1.175495054637839161e+02,1.000000000000000000e+00,0.000000000000000000e+00,7.270937942240945917e-01
9.499999999999994671e+00,1.884293198815159276e-01,7.139104570510769188e-01,1.149479387198371967e+02,1.000000000000000000e+00,0.000000000000000000e+00,7.138374483550272709e-01
1.000000000000001421e+01,1.872698850377368107e-01,7.008193557864182965e-01,1.124156332112138870e+02,1.000000000000000000e+00,0.000000000000000000e+00,7.007452425025103571e-01
1.050000000000000888e+01,1.861387085781061046e-01,6.879088814713398836e-01,1.099343063979241322e+02,1.000000000000000000e+00,0.000000000000000000e+00,6.878623477961247623e-01
1.100000000000000355e+01,1.850350525264303214e-01,6.751493122655763957e-01,1.074335899151448785e+02,1.000000000000000000e+00,0.000000000000000000e+00,6.750830350128016466e-01
1.149999999999999645e+01,1.839583335222135518e-01,6.625176003648670653e-01,1.049977746703626309e+02,1.000000000000000000e+00,0.000000000000000000e+00,6.624534154074158687e-01
1.200000000000001776e+01,1.829079214405459064e-01,6.500313252463276736e-01,1.026225053213826328e+02,1.000000000000000000e+00,0.000000000000000000e+00,6.499689837331737996e-01
1.250000000000001066e+01,1.818832089740799185e-01,6.377132367643956190e-01,1.003032301447304064e+02,1.000000000000000000e+00,0.000000000000000000e+00,6.376809194431428685e-01
1.300000000000000533e+01,1.808835257364701521e-01,6.255316524137609635e-01,9.794998898433732393e+01,1.000000000000000000e+00,0.000000000000000000e+00,6.254733194768931082e-01
1.350000000000000000e+01,1.799083973612537746e-01,6.134547723838660316e-01,9.565448026911725776e+01,1.000000000000000000e+00,0.000000000000000000e+00,6.133982645119883115e-01
1.399999999999999467e+01,1.789572815018840024e-01,6.015065403161495849e-01,9.341298705506919475e+01,1.000000000000000000e+00,0.000000000000000000e+00,6.014517978467297521e-01
1.450000000000001421e+01,1.780296555730213059e-01,5.897056197676032729e-01,9.122211787424667762e+01,1.000000000000000000e+00,0.000000000000000000e+00,5.896300853701293976e-01
1.500000000000000888e+01,1.771249460442133328e-01,5.780339754124512730e-01,8.901834720638795773e+01,1.000000000000000000e+00,0.000000000000000000e+00,5.779909305208469350e-01
1.550000000000000355e+01,1.762427135403489831e-01,5.664568639979863374e-01,8.684380473434684689e+01,1.000000000000000000e+00,0.000000000000000000e+00,5.664070768676759959e-01
1.599999999999999645e+01,1.753825158746095403e-01,5.549854122805640833e-01,8.471838756542270232e+01,1.000000000000000000e+00,0.000000000000000000e+00,5.549371769885858008e-01
1.650000000000001776e+01,1.745439018877865400e-01,5.436372347741281752e-01,8.263911947594047547e+01,1.000000000000000000e+00,0.000000000000000000e+00,5.435778360039700274e-01
1.700000000000001066e+01,1.737263980073712188e-01,5.324182693893146912e-01,8.057468787710327263e+01,1.000000000000000000e+00,0.000000000000000000e+00,5.323952983929676197e-01
1.750000000000000711e+01,1.729295577081562674e-01,5.212905113937386092e-01,7.850654616716904854e+01,1.000000000000000000e+00,0.000000000000000000e+00,5.212466439572592813e-01
1.800000000000000000e+01,1.721530441174534687e-01,5.102414522254311580e-01,7.648388762510900563e+01,1.000000000000000000e+00,0.000000000000000000e+00,5.101989573596283911e-01
1.849999999999999289e+01,1.713964671387983307e-01,4.992903755243896513e-01,7.450403748298492701e+01,1.000000000000000000e+00,0.000000000000000000e+00,4.992492129782415966e-01
1.900000000000001421e+01,1.706594505723696698e-01,4.884714765110884649e-01,7.256454130915840040e+01,1.000000000000000000e+00,0.000000000000000000e+00,4.883944681805806320e-01
1.950000000000000711e+01,1.699415209890104139e-01,4.777464413362115803e-01,7.059609772245136128e+01,1.000000000000000000e+00,0.000000000000000000e+00,4.777095295182230972e-01
2.000000000000000355e+01,1.692424359584184801e-01,4.670730324845911441e-01,6.866717166481372203e+01,1.000000000000000000e+00,0.000000000000000000e+00,4.670356331836719166e-01
2.049999999999999645e+01,1.685618630375878557e-01,4.564846036913948746e-01,6.677851160141023001e+01,1.000000000000000000e+00,0.000000000000000000e+00,4.564483921047929327e-01
2.100000000000001776e+01,1.678994767404776989e-01,4.460034419412499118e-01,6.492786546598546238e+01,1.000000000000000000e+00,0.000000000000000000e+00,4.459451620655732751e-01
2.150000000000001066e+01,1.672548951393801053e-01,4.356244597304848587e-01,6.307834349637870019e+01,1.000000000000000000e+00,0.000000000000000000e+00,4.356115439982657933e-01
2.200000000000000711e+01,1.666278242042601720e-01,4.253008569623278334e-01,6.123666636105797068e+01,1.000000000000000000e+00,0.000000000000000000e+00,4.252680095129613425e-01
2.250000000000000000e+01,1.660180334188469387e-01,4.150327479323600022e-01,5.943333255186546182e+01,1.000000000000000000e+00,0.000000000000000000e+00,4.150009661931275962e-01
2.299999999999999289e+01,1.654252413752680673e-01,4.048434580196664800e-01,5.766623817934650731e+01,1.000000000000000000e+00,0.000000000000000000e+00,4.048080219624460852e-01
2.350000000000001421e+01,1.648491632624192738e-01,3.947713808324353479e-01,5.592765000367900541e+01,1.000000000000000000e+00,0.000000000000000000e+00,3.947876909903609288e-01
2.400000000000000711e+01,1.642894206854506323e-01,3.847640646824069255e-01,5.416877914179491427e+01,1.000000000000000000e+00,0.000000000000000000e+00,3.847353100312537744e-01
2.450000000000000355e+01,1.637458941241956012e-01,3.747779975356825832e-01,5.244681355353758789e+01,1.000000000000000000e+00,0.000000000000000000e+00,3.747502056142794635e-01
2.499999999999999645e+01,1.632183407764925265e-01,3.648570511609516842e-01,5.075975459755404273e+01,1.000000000000000000e+00,0.000000000000000000e+00,3.648301987835360638e-01
2.550000000000001776e+01,1.627065267743282861e-01,3.550376346993953658e-01,4.910576275551727576e+01,1.000000000000000000e+00,0.000000000000000000e+00,3.549731586077148893e-01
2.600000000000001066e+01,1.622101174674280000e-01,3.452982852912455658e-01,4.744630442735648757e+01,1.000000000000000000e+00,0.000000000000000000e+00,3.452926241270947716e-01
2.650000000000000711e+01,1.617289525813529472e-01,3.355787954424029329e-01,4.580328216746055148e+01,1.000000000000000000e+00,0.000000000000000000e+00,3.355546218497553190e-01
2.700000000000000000e+01,1.612628782893133217e-01,3.258968026543428431e-01,4.419418296282962899e+01,1.000000000000000000e+00,0.000000000000000000e+00,3.258734854289833116e-01
2.749999999999999289e+01,1.608116938082294611e-01,3.162870711527464573e-01,4.261723278201040443e+01,1.000000000000000000e+00,0.000000000000000000e+00,3.162472563527158331e-01
2.800000000000001421e+01,1.603751574122441181e-01,3.067789521662548369e-01,4.105750633119043158e+01,1.000000000000000000e+00,0.000000000000000000e+00,3.068064080075364464e-01
2.850000000000000711e+01,1.599529966552708793e-01,2.973044437786704353e-01,3.949312682185560419e+01,1.000000000000000000e+00,0.000000000000000000e+00,2.972835756434983323e-01
2.900000000000000355e+01,1.595451706818869775e-01,2.878301082506602993e-01,3.796186374470940450e+01,1.000000000000000000e+00,0.000000000000000000e+00,2.878100266262401119e-01
2.949999999999999645e+01,1.591515082360802080e-01,2.784032581990971145e-01,3.646199062133394619e+01,1.000000000000000000e+00,0.000000000000000000e+00,2.783839474281456505e-01
3.000000000000001776e+01,1.587718449881487803e-01,2.690864529709143249e-01,3.499191865508083055e+01,1.000000000000000000e+00,0.000000000000000000e+00,2.690035570415889032e-01
3.050000000000001066e+01,1.584058450657283013e-01,2.598216387352222934e-01,3.351362149952282010e+01,1.000000000000000000e+00,0.000000000000000000e+00,2.598119132154189104e-01
3.100000000000000711e+01,1.580535151809625838e-01,2.505341335630658084e-01,3.206262184451836816e+01,1.000000000000000000e+00,0.000000000000000000e+00,2.505170370693771686e-01
3.150000000000000000e+01,1.577147330707615869e-01,2.412790950278518587e-01,3.064212465163283383e+01,1.000000000000000000e+00,0.000000000000000000e+00,2.412627137223410378e-01
3.199999999999999289e+01,1.573893603620341863e-01,2.321061342945657247e-01,2.925059571480952059e+01,1.000000000000000000e+00,0.000000000000000000e+00,2.320472778586981644e-01
3.250000000000001421e+01,1.570771462131748952e-01,2.230056033065260790e-01,2.786779455892006396e+01,1.000000000000000000e+00,0.000000000000000000e+00,2.230260413020426769e-01
3.300000000000000711e+01,1.567779875165187797e-01,2.138972084884598890e-01,2.649954043258822622e+01,1.000000000000000000e+00,0.000000000000000000e+00,2.138828892280416893e-01
3.350000000000000000e+01,1.564918609763353285e-01,2.047874553957857446e-01,2.516072221285753585e+01,1.000000000000000000e+00,0.000000000000000000e+00,2.047738054577763200e-01
3.400000000000000000e+01,1.562186519027642384e-01,1.957312490638800639e-01,2.384987855687908365e+01,1.000000000000000000e+00,0.000000000000000000e+00,1.956972200952407093e-01
3.450000000000001421e+01,1.559581938873480511e-01,1.867693491668255545e-01,2.255882997065310747e+01,1.000000000000000000e+00,0.000000000000000000e+00,1.868207540466842453e-01
3.500000000000001421e+01,1.557102687266016250e-01,1.778157141594159385e-01,2.127520199803193179e+01,1.000000000000000000e+00,0.000000000000000000e+00,1.778040017199235268e-01
3.550000000000000711e+01,1.554749517904453759e-01,1.688262683873229808e-01,2.001980864392615800e+01,1.000000000000000000e+00,0.000000000000000000e+00,1.688151881259284393e-01
3.600000000000000000e+01,1.552521502375689977e-01,1.598632768606831900e-01,1.879128875992153880e+01,1.000000000000000000e+00,0.000000000000000000e+00,1.598528207113379396e-01
3.649999999999999289e+01,1.550417764730386561e-01,1.510138917738597375e-01,1.758840362969420568e+01,1.000000000000000000e+00,0.000000000000000000e+00,1.509154237264201392e-01
3.700000000000001421e+01,1.548435082354581716e-01,1.421895379359958966e-01,1.639120098038515039e+01,1.000000000000000000e+00,0.000000000000000000e+00,1.421818022686635041e-01
3.750000000000000711e+01,1.546575051170069048e-01,1.332981881337503560e-01,1.522065264048350741e+01,1.000000000000000000e+00,0.000000000000000000e+00,1.332895485673674385e-01
3.800000000000000000e+01,1.544836987453250265e-01,1.244260006371496335e-01,1.407590651752791899e+01,1.000000000000000000e+00,0.000000000000000000e+00,1.244179577747516197e-01
3.850000000000000000e+01,1.543220216143498524e-01,1.156463366585476077e-01,1.295590104824073130e+01,1.000000000000000000e+00,0.000000000000000000e+00,1.155656112622694409e-01
3.900000000000001421e+01,1.541722137351356492e-01,1.069088837089573057e-01,1.184944713064583333e+01,1.000000000000000000e+00,0.000000000000000000e+00,1.069264521001283830e-01
3.950000000000001421e+01,1.540343498275370260e-01,9.811433480113400385e-02,1.076534720124445954e+01,1.000000000000000000e+00,0.000000000000000000e+00,9.810803646192114980e-02
4.000000000000000711e+01,1.539084425132709877e-01,8.931043009688877099e-02,9.706588192857878994e+00,1.000000000000000000e+00,1.000000000000000000e+00,8.930470813556748433e-02
4.050000000000000000e+01,1.537944433403015398e-01,8.058334549416314163e-02,8.672593185973852314e+00,1.000000000000000000e+00,1.000000000000000000e+00,8.051509087805736042e-02
4.099999999999999289e+01,1.536921391333694320e-01,7.191955543973048426e-02,7.657996338829305749e+00,1.000000000000000000e+00,1.000000000000000000e+00,7.196602563529863605e-02
4.150000000000001421e+01,1.536015238894276880e-01,6.320349635304538249e-02,6.666355272890687189e+00,1.000000000000000000e+00,1.000000000000000000e+00,6.319946617875901729e-02
4.200000000000000711e+01,1.535226998930367126e-01,5.444603897539068704e-02,5.703424264615057027e+00,1.000000000000000000e+00,1.000000000000000000e+00,5.444257149221418818e-02
4.250000000000000000e+01,1.534556370025920713e-01,4.575459359442577562e-02,4.771702461931124795e+00,1.000000000000000000e+00,1.000000000000000000e+00,4.569399388529082895e-02
4.300000000000000000e+01,1.534001550849287410e-01,3.714900001313742317e-02,3.874917277451984887e+00,1.000000000000000000e+00,1.000000000000000000e+00,3.722560235030712705e-02
4.350000000000001421e+01,1.533561765813936106e-01,2.849128922777611345e-02,3.027274488865959512e+00,1.000000000000000000e+00,1.000000000000000000e+00,2.848947938436675528e-02
4.400000000000001421e+01,1.533238961489481467e-01,1.975895386498896511e-02,2.263512017637478113e+00,1.000000000000000000e+00,1.000000000000000000e+00,1.975769935694343324e-02
4.450000000000000711e+01,1.533033014862966725e-01,1.109487906553871008e-02,1.665952216012150267e+00,1.000000000000000000e+00,1.000000000000000000e+00,1.102892992687338515e-02
4.500000000000000000e+01,1.532942101650101863e-01,2.532813576587986636e-03,1.418748380121979791e+00,1.000000000000000000e+00,1.000000000000000000e+00,2.632974132666219755e-03
4.549999999999999289e+01,1.532965249722145207e-01,6.094140394915219944e-03,1.653506236304614463e+00,1.000000000000000000e+00,1.000000000000000000e+00,6.093753638154389939e-03
4.600000000000001421e+01,1.533105152149313588e-01,1.482235050972481767e-02,2.199362161359771584e+00,1.000000000000000000e+00,1.000000000000000000e+00,1.482140962232275823e-02
4.650000000000000711e+01,1.533361862214837334e-01,2.345051367718773566e-02,2.868400962196411275e+00,1.000000000000000000e+00,1.000000000000000000e+00,2.355132364684490651e-02
4.700000000000000000e+01,1.533732739794119726e-01,3.198139771526992831e-02,3.577782209005819336e+00,1.000000000000000000e+00,1.000000000000000000e+00,3.187863080506030816e-02
4.750000000000000000e+01,1.534217962213076936e-01,4.061938105819609679e-02,4.295238591375960979e+00,1.000000000000000000e+00,1.000000000000000000e+00,4.061679821330520940e-02
4.800000000000001421e+01,1.534820411252001415e-01,4.936430429662592989e-02,5.010284772902053874e+00,1.000000000000000000e+00,1.000000000000000000e+00,4.936116243474869547e-02
4.850000000000001421e+01,1.535540316886764844e-01,5.792289227721906381e-02,5.717349211810835108e+00,1.000000000000000000e+00,1.000000000000000000e+00,5.811306349331742810e-02
4.900000000000000711e+01,1.536372758337916367e-01,6.643693601259785531e-02,6.404809471297665979e+00,1.000000000000000000e+00,1.000000000000000000e+00,6.637942626101778210e-02
4.950000000000002842e+01,1.537321807591745804e-01,7.515462888144319731e-02,7.076090460203703358e+00,1.000000000000000000e+00,1.000000000000000000e+00,7.514982718011203877e-02
4.999999999999999289e+01,1.538389256776418745e-01,8.386650501308172412e-02,7.733121205052113645e+00,1.000000000000000000e+00,1.000000000000000000e+00,8.393173930289106466e-02
5.050000000000001421e+01,1.539573619704469598e-01,9.238646203583167349e-02,8.371921780728635909e+00,1.000000000000000000e+00,1.000000000000000000e+00,9.217642561791301870e-02
5.099999999999998579e+01,1.540871739098449433e-01,1.009910139299159404e-01,8.984079469283688724e+00,1.000000000000000000e+00,1.000000000000000000e+00,1.009845265210861653e-01
5.150000000000000000e+01,1.542289599844542114e-01,1.098152357089754450e-01,9.581154038787159877e+00,1.000000000000000000e+00,1.000000000000000000e+00,1.098081658998605881e-01
5.200000000000002132e+01,1.543827749076457645e-01,1.183934223415015613e-01,1.016370702952294991e+01,1.000000000000000000e+00,0.000000000000000000e+00,1.186487325577746527e-01
5.249999999999999289e+01,1.545479696083257304e-01,1.269601237243096203e-01,1.071493123366097500e+01,1.000000000000000000e+00,0.000000000000000000e+00,1.269222692462049218e-01
5.300000000000001421e+01,1.547252334536252938e-01,1.358083624664637723e-01,1.124984299638038188e+01,1.000000000000000000e+00,0.000000000000000000e+00,1.357995532207478540e-01
5.349999999999997868e+01,1.549147153052366221e-01,1.445027229463146656e-01,1.177101197783109576e+01,1.000000000000000000e+00,0.000000000000000000e+00,1.446979031834500218e-01
5.400000000000000000e+01,1.551159358470005079e-01,1.531208362240518706e-01,1.226484374146957990e+01,1.000000000000000000e+00,0.000000000000000000e+00,1.530126566829330403e-01
5.450000000000002132e+01,1.553292568650236904e-01,1.619663895287846433e-01,1.273883191654247682e+01,1.000000000000000000e+00,0.000000000000000000e+00,1.619557874742479364e-01
5.499999999999998579e+01,1.555550278558084643e-01,1.707678655881441354e-01,1.320035381098706218e+01,1.000000000000000000e+00,0.000000000000000000e+00,1.709242338931458438e-01
5.550000000000000711e+01,1.557928826384085419e-01,1.794598816126595497e-01,1.363814142584839573e+01,1.000000000000000000e+00,0.000000000000000000e+00,1.793126777121502868e-01
5.600000000000002842e+01,1.560429969961532604e-01,1.883467195135915540e-01,1.405483846240350054e+01,1.000000000000000000e+00,0.000000000000000000e+00,1.883342581126574433e-01
5.650000000000000000e+01,1.563058381621323101e-01,1.972461726413320404e-01,1.446055467498437963e+01,1.000000000000000000e+00,0.000000000000000000e+00,1.973855424984856943e-01
5.700000000000001421e+01,1.565810947164563149e-01,2.060214480100484857e-01,1.484507872415059460e+01,1.000000000000000000e+00,0.000000000000000000e+00,2.058534348814838322e-01
5.749999999999998579e+01,1.568688650401786622e-01,2.149808798477515215e-01,1.520877501417893995e+01,1.000000000000000000e+00,0.000000000000000000e+00,2.149664804335796597e-01
5.800000000000000711e+01,1.571696861784043220e-01,2.239497925714155069e-01,1.556299824799472198e+01,1.000000000000000000e+00,0.000000000000000000e+00,2.241137821058934165e-01
5.850000000000002842e+01,1.574831881005732126e-01,2.327622122482981004e-01,1.589588024907646435e+01,1.000000000000000000e+00,0.000000000000000000e+00,2.325557279058137472e-01
5.899999999999999289e+01,1.578094564296465552e-01,2.417896909736212407e-01,1.620721361735689214e+01,1.000000000000000000e+00,0.000000000000000000e+00,2.417732704609290850e-01
5.950000000000001421e+01,1.581491481420825018e-01,2.507963381413316206e-01,1.651058383327740842e+01,1.000000000000000000e+00,0.000000000000000000e+00,2.510297918752917301e-01
5.999999999999998579e+01,1.585017103368501212e-01,2.596220187448516903e-01,1.678981221634601084e+01,1.000000000000000000e+00,0.000000000000000000e+00,2.593846473515282192e-01
6.050000000000000000e+01,1.588673604495486891e-01,2.687383256183841218e-01,1.704772968103191033e+01,1.000000000000000000e+00,0.000000000000000000e+00,2.687197934384253917e-01
6.100000000000002132e+01,1.592468568171921117e-01,2.777148381493441676e-01,1.729928343073530073e+01,1.000000000000000000e+00,0.000000000000000000e+00,2.780988258104314936e-01
6.149999999999999289e+01,1.596392360648665742e-01,2.865379531485910958e-01,1.751961361567634512e+01,1.000000000000000000e+00,0.000000000000000000e+00,2.863210030412208784e-01
6.200000000000001421e+01,1.600452175399707799e-01,2.958076924868038304e-01,1.772271908376963978e+01,1.000000000000000000e+00,0.000000000000000000e+00,2.957869494051599268e-01
6.249999999999997868e+01,1.604655204246637490e-01,3.046022959973276878e-01,1.792123498909221624e+01,1.000000000000000000e+00,0.000000000000000000e+00,3.053018910137760833e-01
6.300000000000000000e+01,1.608983024681302498e-01,3.133885075551406940e-01,1.807361559023402720e+01,1.000000000000000000e+00,0.000000000000000000e+00,3.133078201880976632e-01
6.350000000000002132e+01,1.613455796420643906e-01,3.226255111735650827e-01,1.822006580815488519e+01,1.000000000000000000e+00,0.000000000000000000e+00,3.229176079865929139e-01
6.399999999999998579e+01,1.618068196495001387e-01,3.312986418097070840e-01,1.834686659050333901e+01,1.000000000000000000e+00,0.000000000000000000e+00,3.306060835823311228e-01
6.450000000000001421e+01,1.622811874659039755e-01,3.403394124655680919e-01,1.843640378421145343e+01,1.000000000000000000e+00,0.000000000000000000e+00,3.403148125542513891e-01
6.500000000000002842e+01,1.627707769333651688e-01,3.491242640476759362e-01,1.852601977750808615e+01,1.000000000000000000e+00,0.000000000000000000e+00,3.500813808683564954e-01
6.550000000000000000e+01,1.632730096941425180e-01,3.578166672509372481e-01,1.856752685652642754e+01,1.000000000000000000e+00,0.000000000000000000e+00,3.576402531539923935e-01
6.600000000000001421e+01,1.637904297712753088e-01,3.668551537249754579e-01,1.860447872630486899e+01,1.000000000000000000e+00,0.000000000000000000e+00,3.675141617528827065e-01
6.649999999999998579e+01,1.643217320224372446e-01,3.755524856452637783e-01,1.861321098972490518e+01,1.000000000000000000e+00,0.000000000000000000e+00,3.749770969861141445e-01
6.700000000000000000e+01,1.648674974965249618e-01,3.845175833891732453e-01,1.860237450149647742e+01,1.000000000000000000e+00,0.000000000000000000e+00,3.849637106110991858e-01
6.750000000000002842e+01,1.654281739323917033e-01,3.932494462011851821e-01,1.857740701265518268e+01,1.000000000000000000e+00,0.000000000000000000e+00,3.923834487873064103e-01
6.800000000000000000e+01,1.660029133742360330e-01,4.021584391555141913e-01,1.852546495818641148e+01,1.000000000000000000e+00,0.000000000000000000e+00,4.024885494567572164e-01
6.850000000000001421e+01,1.665933465350719345e-01,4.109664475410195195e-01,1.846797386908609440e+01,1.000000000000000000e+00,0.000000000000000000e+00,4.099408905372672884e-01
6.899999999999998579e+01,1.671978404071051139e-01,4.198573259158692172e-01,1.838298564908940236e+01,1.000000000000000000e+00,0.000000000000000000e+00,4.201709197740821633e-01
6.950000000000000000e+01,1.678185543735691287e-01,4.287636271855813086e-01,1.829632318759435350e+01,1.000000000000000000e+00,0.000000000000000000e+00,4.276920689169789180e-01
7.000000000000002842e+01,1.684536832055406053e-01,4.376247266706929095e-01,1.818611777061310519e+01,1.000000000000000000e+00,0.000000000000000000e+00,4.380539345312176036e-01
7.049999999999998579e+01,1.691052023203461485e-01,4.464885622018271993e-01,1.807344937829526899e+01,1.000000000000000000e+00,0.000000000000000000e+00,4.453556502202416501e-01
7.100000000000001421e+01,1.697714685518001976e-01,4.551636672956198559e-01,1.794068723672159038e+01,1.000000000000000000e+00,0.000000000000000000e+00,4.558542227439448813e-01
7.149999999999998579e+01,1.704538846296697607e-01,4.639221250941811814e-01,1.780140706812510842e+01,1.000000000000000000e+00,0.000000000000000000e+00,4.628045642057433406e-01
7.200000000000000000e+01,1.711516282958507884e-01,4.722980435887684791e-01,1.764777602309015947e+01,1.000000000000000000e+00,0.000000000000000000e+00,4.734435921896111843e-01
7.250000000000001421e+01,1.718647141861941730e-01,4.809045982795653873e-01,1.748054175054960169e+01,1.000000000000000000e+00,0.000000000000000000e+00,4.799433226365472094e-01
7.299999999999998579e+01,1.725941521961543434e-01,4.888538004392845582e-01,1.730780756337069093e+01,1.000000000000000000e+00,0.000000000000000000e+00,4.907255462492274289e-01
7.350000000000001421e+01,1.733373061982362018e-01,4.971552558861339621e-01,1.711123884628485570e+01,1.000000000000000000e+00,0.000000000000000000e+00,4.966439809142747519e-01
7.400000000000002842e+01,1.740981993275476924e-01,5.046239118271639290e-01,1.691949742893298847e+01,1.000000000000000000e+00,0.000000000000000000e+00,5.018246369898343717e-01
7.450000000000000000e+01,1.748706497557084016e-01,5.117219080150205990e-01,1.669443706569972008e+01,1.000000000000000000e+00,0.000000000000000000e+00,5.127972270403321486e-01
7.500000000000001421e+01,1.756600096966410285e-01,5.194784994175792869e-01,1.647109026416240241e+01,1.000000000000000000e+00,0.000000000000000000e+00,5.172770325778875966e-01
7.549999999999998579e+01,1.764632905927887851e-01,5.258515920750320705e-01,1.623370288233231662e+01,1.000000000000000000e+00,0.000000000000000000e+00,5.283891590827347606e-01
7.600000000000000000e+01,1.772795618362507097e-01,5.329861074335100479e-01,1.598079596177884198e+01,1.000000000000000000e+00,0.000000000000000000e+00,5.321011773626544983e-01
7.650000000000002842e+01,1.781124093305667955e-01,5.388061342428606126e-01,1.573109931188911936e+01,1.000000000000000000e+00,0.000000000000000000e+00,5.348800794943281423e-01
7.700000000000000000e+01,1.789545204378728827e-01,5.438075107972224487e-01,1.545577364328011960e+01,1.000000000000000000e+00,0.000000000000000000e+00,5.461563108620247631e-01
7.750000000000001421e+01,1.798109081228383976e-01,5.503646415426195482e-01,1.517933904624825203e+01,1.000000000000000000e+00,0.000000000000000000e+00,5.479315659559993446e-01
7.799999999999998579e+01,1.806817255974061953e-01,5.541658069865575964e-01,1.490358268181507739e+01,1.000000000000000000e+00,0.000000000000000000e+00,5.593330111358505441e-01
7.850000000000000000e+01,1.815584650131421285e-01,5.575021921118745727e-01,1.460428653331535642e+01,1.000000000000000000e+00,0.000000000000000000e+00,5.598780632168666171e-01
7.900000000000002842e+01,1.824483346408904971e-01,5.625346317796382500e-01,1.430839619740549296e+01,1.000000000000000000e+00,0.000000000000000000e+00,5.590231402906890024e-01
7.949999999999998579e+01,1.833497576287280162e-01,5.638984161938767059e-01,1.401310959434540848e+01,1.000000000000000000e+00,0.000000000000000000e+00,5.705333671153962616e-01
8.000000000000001421e+01,1.842528416886175247e-01,5.644815133057315970e-01,1.369837475704214036e+01,1.000000000000000000e+00,0.000000000000000000e+00,5.680743683199322991e-01
8.050000000000002842e+01,1.851650278596448373e-01,5.668807578670793657e-01,1.338679486215299796e+01,1.000000000000000000e+00,0.000000000000000000e+00,5.637942190175052604e-01
8.100000000000000000e+01,1.860848525664796083e-01,5.655764979950921312e-01,1.307769667596687491e+01,1.000000000000000000e+00,0.000000000000000000e+00,5.575968387139427218e-01
8.150000000000001421e+01,1.870019034574443573e-01,5.617836961139076601e-01,1.275638815373317314e+01,1.000000000000000000e+00,0.000000000000000000e+00,5.690929548745388145e-01
8.199999999999998579e+01,1.879184015887190584e-01,5.588093897804126131e-01,1.243288124568440978e+01,1.000000000000000000e+00,0.000000000000000000e+00,5.608141679122784495e-01
8.250000000000001421e+01,1.888346836065707968e-01,5.551977581322267152e-01,1.211195664547578055e+01,1.000000000000000000e+00,0.000000000000000000e+00,5.508448340501692631e-01
8.300000000000002842e+01,1.897482151262421535e-01,5.490169324098725934e-01,1.179378772264451847e+01,1.000000000000000000e+00,0.000000000000000000e+00,5.393907257027638069e-01
8.350000000000000000e+01,1.906528800581099858e-01,5.397427079823040597e-01,1.147518899668885517e+01,1.000000000000000000e+00,0.000000000000000000e+00,5.507098904367105918e-01
8.400000000000001421e+01,1.915442200439114173e-01,5.304136324705577277e-01,1.115635386222494851e+01,1.000000000000000000e+00,0.000000000000000000e+00,5.377819019399342482e-01
8.449999999999998579e+01,1.924260938339873717e-01,5.218859801291803047e-01,1.084500346825369554e+01,1.000000000000000000e+00,0.000000000000000000e+00,5.233549756750179860e-01
8.500000000000000000e+01,1.932969578796895349e-01,5.126031001952470190e-01,1.054222449334809575e+01,1.000000000000000000e+00,0.000000000000000000e+00,5.073813372398786603e-01
8.550000000000002842e+01,1.941554466887611685e-01,5.010239039614667877e-01,1.024893547967355190e+01,1.000000000000000000e+00,0.000000000000000000e+00,4.888739683933421287e-01
8.600000000000000000e+01,1.949947534363967172e-01,4.849745919488241963e-01,9.962569022845286781e+00,1.000000000000000000e+00,1.000000000000000000e+00,4.997328657431949761e-01
8.650000000000001421e+01,1.958059609462447503e-01,4.684400266325411399e-01,9.680596159981378790e+00,1.000000000000000000e+00,1.000000000000000000e+00,4.780887875282358590e-01
8.699999999999998579e+01,1.965956278871845986e-01,4.533653330465509113e-01,9.408958163957743537e+00,1.000000000000000000e+00,1.000000000000000000e+00,4.535966150341244618e-01
8.750000000000000000e+01,1.973615666657239365e-01,4.371734738321151892e-01,9.147729913693158466e+00,1.000000000000000000e+00,1.000000000000000000e+00,4.260122277226845999e-01
8.800000000000002842e+01,1.981015196375621734e-01,4.144063804813571950e-01,8.896861525043435748e+00,1.000000000000000000e+00,1.000000000000000000e+00,3.950327885920902893e-01
8.849999999999998579e+01,1.987943865770424312e-01,3.872209905281733255e-01,8.650021223467602383e+00,1.000000000000000000e+00,1.000000000000000000e+00,4.051563920909923011e-01
8.900000000000001421e+01,1.994450280065202530e-01,3.614586956005144680e-01,8.411109290068219835e+00,1.000000000000000000e+00,1.000000000000000000e+00,3.679796556134236063e-01
8.950000000000002842e+01,2.000526143257509437e-01,3.343748603512010087e-01,8.181134621450421918e+00,1.000000000000000000e+00,1.000000000000000000e+00,3.237967240241991784e-01
9.000000000000000000e+01,2.006125235104917470e-01,2.981533663514389088e-01,7.959801756834409048e+00,1.000000000000000000e+00,1.000000000000000000e+00,2.714565730961190915e-01
9.050000000000001421e+01,2.010965533335665745e-01,2.524737693934167027e-01,7.741945072291790630e+00,1.000000000000000000e+00,1.000000000000000000e+00,2.808487619495758647e-01
9.099999999999998579e+01,2.014986551813342242e-01,2.089843874155063452e-01,7.528672065441125660e+00,1.000000000000000000e+00,1.000000000000000000e+00,2.198532363062313810e-01
9.150000000000001421e+01,2.018315127559879851e-01,1.697266463842473094e-01,7.323983825402142323e+00,1.000000000000000000e+00,1.000000000000000000e+00,1.521254133659654395e-01
9.200000000000002842e+01,2.020965384126272302e-01,1.222265293192963537e-01,7.128671652476695542e+00,1.000000000000000000e+00,1.000000000000000000e+00,8.974031414982069910e-02
9.250000000000000000e+01,2.022626362817963597e-01,7.765215584377843649e-02,6.938785555122270132e+00,1.000000000000000000e+00,1.000000000000000000e+00,9.854435713687609288e-02
9.300000000000001421e+01,2.023706620895787123e-01,5.032818428061471006e-02,6.760427126692929889e+00,1.000000000000000000e+00,1.000000000000000000e+00,4.524039107726565007e-02
9.349999999999998579e+01,2.024403971580980566e-01,2.344902869671749990e-02,6.594999410162926345e+00,1.000000000000000000e+00,1.000000000000000000e+00,3.060724938407038184e-03
9.400000000000000000e+01,2.024535134046786533e-01,1.029093936121793602e-03,6.439404199032994214e+00,1.000000000000000000e+00,1.000000000000000000e+00,1.178790759056556024e-02
9.450000000000002842e+01,2.024367608748541270e-01,1.221573442500826015e-02,6.295329567035398810e+00,1.000000000000000000e+00,1.000000000000000000e+00,1.890015491634751063e-02
9.500000000000000000e+01,2.024103529183440275e-01,2.644978519807714840e-02,6.163113170600620805e+00,1.000000000000000000e+00,1.000000000000000000e+00,4.232550970359443693e-02
9.550000000000001421e+01,2.023433210019340844e-01,3.938779687688416520e-02,6.039000543323581383e+00,1.000000000000000000e+00,1.000000000000000000e+00,3.358623619408096506e-02
9.599999999999998579e+01,2.022712526618373752e-01,5.166543600269471459e-02,5.924669253991760698e+00,1.000000000000000000e+00,1.000000000000000000e+00,6.690066775549774469e-02
9.650000000000000000e+01,2.021609265472570360e-01,7.005228918807515637e-02,5.816897754809372323e+00,1.000000000000000000e+00,1.000000000000000000e+00,5.813985598176995423e-02
9.700000000000002842e+01,2.020240820009375771e-01,8.885649518796989721e-02,5.715822079204368578e+00,1.000000000000000000e+00,1.000000000000000000e+00,1.045445196906700652e-01
9.749999999999998579e+01,2.018476198425970258e-01,1.115725870097861172e-01,5.620141058957229596e+00,1.000000000000000000e+00,1.000000000000000000e+00,9.573031271273146903e-02
9.800000000000001421e+01,2.016310223145349467e-01,1.366318637848172590e-01,5.529437554495838292e+00,1.000000000000000000e+00,1.000000000000000000e+00,1.547286610731750389e-01
9.850000000000002842e+01,2.013667952057774380e-01,1.600333965565913508e-01,5.443028874273630358e+00,1.000000000000000000e+00,1.000000000000000000e+00,1.458049134081519649e-01
9.900000000000000000e+01,2.010685827689984717e-01,1.905264693132556753e-01,5.361224544630396771e+00,1.000000000000000000e+00,1.000000000000000000e+00,2.158534860403007183e-01
9.950000000000001421e+01,2.006981789919767278e-01,2.100574029218738870e-01,5.282219394679638746e+00,1.000000000000000000e+00,1.000000000000000000e+00,2.067371822849847773e-01
9.999999999999998579e+01,2.003327844500214505e-01,2.429046735657595102e-01,5.208724023885282328e+00,1.000000000000000000e+00,1.000000000000000000e+00,2.818385878974508096e-01
1.005000000000000142e+02,1.998488708924117119e-01,2.724604620111730213e-01,5.136082265271697977e+00,1.000000000000000000e+00,1.000000000000000000e+00,2.724416313624659636e-01
1.010000000000000284e+02,1.993824366904046186e-01,2.846213728836254342e-01,5.068760598132679540e+00,1.000000000000000000e+00,1.000000000000000000e+00,2.630892525365901569e-01
1.015000000000000000e+02,1.988584226719324333e-01,3.123650414017409838e-01,5.004017982304241663e+00,1.000000000000000000e+00,1.000000000000000000e+00,3.280477696706484148e-01
1.020000000000000142e+02,1.982983006517838320e-01,3.184320167130344492e-01,4.942330099383577036e+00,1.000000000000000000e+00,1.000000000000000000e+00,3.184093501943108806e-01
1.024999999999999858e+02,1.977563427574267341e-01,3.345806790035077416e-01,4.884843529509478977e+00,1.000000000000000000e+00,1.000000000000000000e+00,3.088243471555067177e-01
1.030000000000000000e+02,1.971434956731392407e-01,3.559448044464886274e-01,4.829029603351560951e+00,1.000000000000000000e+00,1.000000000000000000e+00,3.611415521162775755e-01
1.035000000000000284e+02,1.965316067714323323e-01,3.513330894414880001e-01,4.776463533157325081e+00,1.000000000000000000e+00,1.000000000000000000e+00,3.513074914874608767e-01
1.040000000000000000e+02,1.959383797437165287e-01,3.619111455177057013e-01,4.727211031268571340e+00,1.000000000000000000e+00,1.000000000000000000e+00,3.415335453608975835e-01
1.045000000000000142e+02,1.952939539448791950e-01,3.772257798730906386e-01,4.679584596052663414e+00,1.000000000000000000e+00,1.000000000000000000e+00,3.819334684797463519e-01
1.049999999999999858e+02,1.946525971833355240e-01,3.719943311174994660e-01,4.634524445447698149e+00,1.000000000000000000e+00,1.000000000000000000e+00,3.719668044993877931e-01
1.055000000000000000e+02,1.940301669206889457e-01,3.721063409446305204e-01,4.592081107716841970e+00,1.000000000000000000e+00,1.000000000000000000e+00,3.620646368352651856e-01
1.060000000000000284e+02,1.933924719863435171e-01,3.821306436769906223e-01,4.551451322235880781e+00,1.000000000000000000e+00,1.000000000000000000e+00,3.920811910037385606e-01
1.064999999999999858e+02,1.927403478374953572e-01,3.820755890729358728e-01,4.512522249044358169e+00,1.000000000000000000e+00,1.000000000000000000e+00,3.820470953157856231e-01
1.070000000000000142e+02,1.921071874058044027e-01,3.721072234868839090e-01,4.475665993924847541e+00,1.000000000000000000e+00,1.000000000000000000e+00,3.720796861349894291e-01
1.075000000000000284e+02,1.914927084349958009e-01,3.759756916935139692e-01,4.440695572317287620e+00,1.000000000000000000e+00,1.000000000000000000e+00,3.621767976037319481e-01
1.080000000000000000e+02,1.908506096243349492e-01,3.814278912094585250e-01,4.406838801870062383e+00,1.000000000000000000e+00,1.000000000000000000e+00,3.829380272963235354e-01
1.085000000000000142e+02,1.902221829934416242e-01,3.729923889588895314e-01,4.374557911541043786e+00,1.000000000000000000e+00,1.000000000000000000e+00,3.729647673706819599e-01
1.089999999999999858e+02,1.896122736234869544e-01,3.631880305173028622e-01,4.343782361831286742e+00,1.000000000000000000e+00,1.000000000000000000e+00,3.630562190371921516e-01
1.095000000000000142e+02,1.890202636059324925e-01,3.654787692654133391e-01,4.314381110217341941e+00,1.000000000000000000e+00,1.000000000000000000e+00,3.776376795839342382e-01
1.100000000000000284e+02,1.884065496784423366e-01,3.677261474384598827e-01,4.285818150144993233e+00,1.000000000000000000e+00,1.000000000000000000e+00,3.676990250546958161e-01
1.105000000000000000e+02,1.878110643376058042e-01,3.578501487387287794e-01,4.258462039119105036e+00,1.000000000000000000e+00,1.000000000000000000e+00,3.578239500251144123e-01
1.110000000000000142e+02,1.872335450020220504e-01,3.480356530453487807e-01,4.232214710288202397e+00,1.000000000000000000e+00,1.000000000000000000e+00,3.480103564525698912e-01
1.114999999999999858e+02,1.866737388720905721e-01,3.464511783653945742e-01,4.206987302705932130e+00,1.000000000000000000e+00,1.000000000000000000e+00,3.382561909542861622e-01
1.120000000000000000e+02,1.861047823365740150e-01,3.467665214648610328e-01,4.182464050829518776e+00,1.000000000000000000e+00,1.000000000000000000e+00,3.486042991847840833e-01
1.125000000000000284e+02,1.855473922450393831e-01,3.388710523526693441e-01,4.158780662199310640e+00,1.000000000000000000e+00,1.000000000000000000e+00,3.388465843082042461e-01
1.130000000000000000e+02,1.850073779447372058e-01,3.291700129226771132e-01,4.135923416680722831e+00,1.000000000000000000e+00,1.000000000000000000e+00,3.291464077658123322e-01
1.135000000000000142e+02,1.844845062610036002e-01,3.219754373319440033e-01,4.113828574950141537e+00,1.000000000000000000e+00,1.000000000000000000e+00,3.195017975214138328e-01
1.139999999999999858e+02,1.839706614520190686e-01,3.203309006466356634e-01,4.092380142386397246e+00,1.000000000000000000e+00,1.000000000000000000e+00,3.258652901544902836e-01
1.145000000000000000e+02,1.834559577679679698e-01,3.162615857227142335e-01,4.071465115843325044e+00,1.000000000000000000e+00,1.000000000000000000e+00,3.162391068712933628e-01
1.150000000000000284e+02,1.829580201613856261e-01,3.066875686836803006e-01,4.051169397550812512e+00,1.000000000000000000e+00,1.000000000000000000e+00,3.066659095945980518e-01
1.154999999999999858e+02,1.824766369375102337e-01,2.971646722076266567e-01,4.031446315728157259e+00,1.000000000000000000e+00,1.000000000000000000e+00,2.971438157632275145e-01
1.160000000000000142e+02,1.820116047279643212e-01,2.906721844703233915e-01,4.012252885341993647e+00,1.000000000000000000e+00,1.000000000000000000e+00,2.876709783489977412e-01
1.165000000000000284e+02,1.815532580918982897e-01,2.874956360070904937e-01,3.993494684713223108e+00,1.000000000000000000e+00,1.000000000000000000e+00,2.907761886104895388e-01
1.170000000000000000e+02,1.811006166962477459e-01,2.813549647253437702e-01,3.975138227324766849e+00,1.000000000000000000e+00,1.000000000000000000e+00,2.813354138205689248e-01
1.175000000000000142e+02,1.806639507457843130e-01,2.719596734307961894e-01,3.957212124381508378e+00,1.000000000000000000e+00,1.000000000000000000e+00,2.719408830389448695e-01
1.179999999999999858e+02,1.802430786810031438e-01,2.626088811110903753e-01,3.939684176772191293e+00,1.000000000000000000e+00,1.000000000000000000e+00,2.625908367401888488e-01
1.185000000000000142e+02,1.798378264898148338e-01,2.550061458079300181e-01,3.922524533303267003e+00,1.000000000000000000e+00,1.000000000000000000e+00,2.532835455124350932e-01
1.190000000000000284e+02,1.794426750318448005e-01,2.510408690117884589e-01,3.905681050214807382e+00,1.000000000000000000e+00,1.000000000000000000e+00,2.546511855685355541e-01
1.195000000000000000e+02,1.790516002535960105e-01,2.453957084611555206e-01,3.889105916114042216e+00,1.000000000000000000e+00,1.000000000000000000e+00,2.453790102294464148e-01
1.200000000000000142e+02,1.786758036380224623e-01,2.361624507164149789e-01,3.872829043614216094e+00,1.000000000000000000e+00,1.000000000000000000e+00,2.361464607264335547e-01
1.204999999999999858e+02,1.783151321222697649e-01,2.269671799935687462e-01,3.856827628163296939e+00,1.000000000000000000e+00,1.000000000000000000e+00,2.269518861896895334e-01
1.210000000000000000e+02,1.779694395212949587e-01,2.178082699114988752e-01,3.841080420615196278e+00,1.000000000000000000e+00,1.000000000000000000e+00,2.177936608249594896e-01
1.215000000000000284e+02,1.776385863793079889e-01,2.138365229528840505e-01,3.825567602967247183e+00,1.000000000000000000e+00,1.000000000000000000e+00,2.086701826985027930e-01
1.220000000000000000e+02,1.773064654248356631e-01,2.108361896692160231e-01,3.810216508819967096e+00,1.000000000000000000e+00,1.000000000000000000e+00,2.117663022689219021e-01
1.225000000000000142e+02,1.769861365847231471e-01,2.026783943890803907e-01,3.795060532133280429e+00,1.000000000000000000e+00,1.000000000000000000e+00,2.026648982910067009e-01
1.229999999999999858e+02,1.766803937264145308e-01,1.936084706590685545e-01,3.780093514772366436e+00,1.000000000000000000e+00,1.000000000000000000e+00,1.935956315024093266e-01
1.235000000000000000e+02,1.763891149346903942e-01,1.845691494518447440e-01,3.765299944962604783e+00,1.000000000000000000e+00,1.000000000000000000e+00,1.845569577801786931e-01
1.240000000000000284e+02,1.761121845285865128e-01,1.758571278782099234e-01,3.750665306827459577e+00,1.000000000000000000e+00,1.000000000000000000e+00,1.755473526910705240e-01
1.244999999999999858e+02,1.758485762908539307e-01,1.740071386436349288e-01,3.736173635347996402e+00,1.000000000000000000e+00,1.000000000000000000e+00,1.808712627205525114e-01
1.250000000000000142e+02,1.755781328435415123e-01,1.718843982240427226e-01,3.721763581161414258e+00,1.000000000000000000e+00,1.000000000000000000e+00,1.718731036173998528e-01
1.255000000000000284e+02,1.753218509026737704e-01,1.629125648175143437e-01,3.707480613376318956e+00,1.000000000000000000e+00,1.000000000000000000e+00,1.629018970147818879e-01
1.260000000000000000e+02,1.750796295917865231e-01,1.539662102994278359e-01,3.693313179297936344e+00,1.000000000000000000e+00,1.000000000000000000e+00,1.539561615547904438e-01
1.265000000000000142e+02,1.748513738920115801e-01,1.450438689736236186e-01,3.679250445800778202e+00,1.000000000000000000e+00,1.000000000000000000e+00,1.450344320179372259e-01
1.269999999999999858e+02,1.746369945499007537e-01,1.361440903018673876e-01,3.665282251349256448e+00,1.000000000000000000e+00,1.000000000000000000e+00,1.361352583325933785e-01
1.275000000000000142e+02,1.744364079912401333e-01,1.344462930373916398e-01,3.651399062013635177e+00,1.000000000000000000e+00,1.000000000000000000e+00,1.272572046049720018e-01
1.280000000000000284e+02,1.742276742016223012e-01,1.336463062255560386e-01,3.637555508889660061e+00,1.000000000000000000e+00,1.000000000000000000e+00,1.345186459206512142e-01
1.285000000000000000e+02,1.740300100803084948e-01,1.256524060578976809e-01,3.623780712231888135e+00,1.000000000000000000e+00,1.000000000000000000e+00,1.256442809866164245e-01
1.290000000000000284e+02,1.738460180014849421e-01,1.167968892349893761e-01,3.610071271905717527e+00,1.000000000000000000e+00,1.000000000000000000e+00,1.167893558827619443e-01
1.294999999999999716e+02,1.736756266635713641e-01,1.079594093839664343e-01,3.596419507659073034e+00,1.000000000000000000e+00,1.000000000000000000e+00,1.079524623736419636e-01
1.300000000000000000e+02,1.735187701965273666e-01,9.913856904983013585e-02,3.582818213102978877e+00,1.000000000000000000e+00,1.000000000000000000e+00,9.913220343594672523e-02
1.305000000000000284e+02,1.733753880992868479e-01,9.362903985148507413e-02,3.569260627564241783e+00,1.000000000000000000e+00,1.000000000000000000e+00,9.032719235962935467e-02
1.310000000000000000e+02,1.732354514030740311e-01,9.369840132137530198e-02,3.555730261907673828e+00,1.000000000000000000e+00,1.000000000000000000e+00,9.927476007733919416e-02
1.315000000000000000e+02,1.730920882648732395e-01,9.047531136252046080e-02,3.542217811707476294e+00,1.000000000000000000e+00,1.000000000000000000e+00,9.046951332653767330e-02
1.319999999999999716e+02,1.729621230582423230e-01,8.168338456287502214e-02,3.528736317836903780e+00,1.000000000000000000e+00,1.000000000000000000e+00,8.167815936442843205e-02
1.325000000000000000e+02,1.728455058510786624e-01,7.290398538855080712e-02,3.515280321173553268e+00,1.000000000000000000e+00,1.000000000000000000e+00,7.289932933280092453e-02
1.330000000000000284e+02,1.727421919160162800e-01,6.413575228047906085e-02,3.501844710860127829e+00,1.000000000000000000e+00,1.000000000000000000e+00,6.413166208110532285e-02
1.335000000000000000e+02,1.726521416884254090e-01,5.537733054014393891e-02,3.488424705629769473e+00,1.000000000000000000e+00,1.000000000000000000e+00,5.537380331490299179e-02
1.340000000000000000e+02,1.725753207293425628e-01,5.084009023793115839e-02,3.475015836495618071e+00,1.000000000000000000e+00,1.000000000000000000e+00,4.662440475329019535e-02
1.345000000000000284e+02,1.724990109525617599e-01,5.126471449453529755e-02,3.461608988892072691e+00,1.000000000000000000e+00,1.000000000000000000e+00,5.622410659231449892e-02
1.350000000000000000e+02,1.724209792992717205e-01,4.747696629802614088e-02,3.448202637039105678e+00,1.000000000000000000e+00,1.000000000000000000e+00,4.747394521922204680e-02
1.355000000000000284e+02,1.723561378632551544e-01,3.873349369354042726e-02,3.434800011073114057e+00,1.000000000000000000e+00,1.000000000000000000e+00,3.873103120702878904e-02
1.360000000000000000e+02,1.723044618971924791e-01,2.999593104133006088e-02,3.421397556589658162e+00,1.000000000000000000e+00,1.000000000000000000e+00,2.999402541802046254e-02
1.365000000000000000e+02,1.722659316944744057e-01,2.126294241977149183e-02,3.407991971867863512e+00,1.000000000000000000e+00,1.000000000000000000e+00,2.126159232267111482e-02
1.370000000000000284e+02,1.722405325708505353e-01,1.253319469903540172e-02,3.394580196057351618e+00,1.000000000000000000e+00,1.000000000000000000e+00,1.253239918152245641e-02
1.375000000000000000e+02,1.722282548507675648e-01,4.970758973229603278e-03,3.381159398191590171e+00,1.000000000000000000e+00,1.000000000000000000e+00,3.805115230673693227e-03
1.380000000000000284e+02,1.722255907173576850e-01,4.838037521871812151e-03,3.367727413829224581e+00,1.000000000000000000e+00,1.000000000000000000e+00,1.226747064329868075e-02
1.384999999999999716e+02,1.722137121762948864e-01,3.540448531602301534e-03,3.354286181055889937e+00,1.000000000000000000e+00,1.000000000000000000e+00,3.540223848231700918e-03
1.390000000000000000e+02,1.722149492043251739e-01,5.186812876117495238e-03,3.340832027755243239e+00,1.000000000000000000e+00,1.000000000000000000e+00,5.186483705773704649e-03
1.395000000000000284e+02,1.722293022725215894e-01,1.391486452252097168e-02,3.327362814278838954e+00,1.000000000000000000e+00,1.000000000000000000e+00,1.391398126778014242e-02
1.400000000000000000e+02,1.722567768472736960e-01,2.264503652647216828e-02,3.313876592854658298e+00,1.000000000000000000e+00,1.000000000000000000e+00,2.264359856824963227e-02
1.405000000000000000e+02,1.722973833953684863e-01,3.137866029969348797e-02,3.300371600007916406e+00,1.000000000000000000e+00,1.000000000000000000e+00,3.137666662965304248e-02
1.409999999999999716e+02,1.723511373937229307e-01,4.011706935951301484e-02,3.286846249505637196e+00,1.000000000000000000e+00,1.000000000000000000e+00,4.011451857874672594e-02
1.415000000000000000e+02,1.724180593437851794e-01,4.557493084506664821e-02,3.273299125789770336e+00,1.000000000000000000e+00,1.000000000000000000e+00,4.885849046158769610e-02
1.420000000000000284e+02,1.724882843388873543e-01,4.657139314544864878e-02,3.259734989277094819e+00,1.000000000000000000e+00,1.000000000000000000e+00,4.210761742766117033e-02
1.425000000000000000e+02,1.725582619864788891e-01,5.085640952016941274e-02,3.246156677654290057e+00,1.000000000000000000e+00,1.000000000000000000e+00,5.085317211205034327e-02
1.430000000000000000e+02,1.726414490870110674e-01,5.961029165356489246e-02,3.232555724344802872e+00,1.000000000000000000e+00,1.000000000000000000e+00,5.960649260317663761e-02
1.435000000000000284e+02,1.727378774349295210e-01,6.837328777065537766e-02,3.218931249351578483e+00,1.000000000000000000e+00,1.000000000000000000e+00,6.836892440295516682e-02
1.440000000000000000e+02,1.728475839315514739e-01,7.714674935681110901e-02,3.205282520602339869e+00,1.000000000000000000e+00,1.000000000000000000e+00,7.714181859473871750e-02
1.445000000000000284e+02,1.729706106196041981e-01,8.593203432135966546e-02,3.191608949466132383e+00,1.000000000000000000e+00,1.000000000000000000e+00,8.592653268169850311e-02
1.450000000000000000e+02,1.731070047226580255e-01,9.473050784489750464e-02,3.177910086596747341e+00,1.000000000000000000e+00,1.000000000000000000e+00,9.472443143358717788e-02
1.455000000000000000e+02,1.732568186895221962e-01,1.008342234579402419e-01,3.164185618084104146e+00,1.000000000000000000e+00,1.000000000000000000e+00,1.035368877430417056e-01
1.460000000000000284e+02,1.734119175263552359e-01,1.024201311235115319e-01,3.150443464489394607e+00,1.000000000000000000e+00,1.000000000000000000e+00,9.789670107684654565e-02
1.465000000000000000e+02,1.735668043722786991e-01,1.067216038377294257e-01,3.136690318461998306e+00,1.000000000000000000e+00,1.000000000000000000e+00,1.067147386375349311e-01
1.470000000000000284e+02,1.737352105837674243e-01,1.155566665504507984e-01,3.122913246646413565e+00,1.000000000000000000e+00,1.000000000000000000e+00,1.155492157276638010e-01
1.474999999999999716e+02,1.739172012421374425e-01,1.244095696321625699e-01,3.109112377820935524e+00,1.000000000000000000e+00,1.000000000000000000e+00,1.244015278705856570e-01
1.480000000000000000e+02,1.741128468484633984e-01,1.332817201293736709e-01,3.095287963239336193e+00,1.000000000000000000e+00,1.000000000000000000e+00,1.332730816748868841e-01
1.485000000000000284e+02,1.743222233907459062e-01,1.421745370933428787e-01,3.081440374141848793e+00,1.000000000000000000e+00,1.000000000000000000e+00,1.421652957460141919e-01
1.490000000000000000e+02,1.745454124165782828e-01,1.510894525083893436e-01,3.067570099486500279e+00,1.000000000000000000e+00,1.000000000000000000e+00,1.510796016139327458e-01
1.495000000000000000e+02,1.747825011114434723e-01,1.596483707229545412e-01,3.053677743890661489e+00,1.000000000000000000e+00,1.000000000000000000e+00,1.600174446781239268e-01
1.499999999999999716e+02,1.750324245799602940e-01,1.619530351536699608e-01,3.039765512828456195e+00,1.000000000000000000e+00,1.000000000000000000e+00,1.556990702258918002e-01
1.505000000000000000e+02,1.752772501601854993e-01,1.646604476784235827e-01,3.025858069911582238e+00,1.000000000000000000e+00,1.000000000000000000e+00,1.646496582426284772e-01
1.510000000000000284e+02,1.755361480779996097e-01,1.736374228451155188e-01,3.011932427363754439e+00,1.000000000000000000e+00,1.000000000000000000e+00,1.736260050381520093e-01
1.515000000000000000e+02,1.758092203092514183e-01,1.826416497432700459e-01,2.997989585311719551e+00,1.000000000000000000e+00,1.000000000000000000e+00,1.826295952354197449e-01
1.520000000000000000e+02,1.760965748024501953e-01,1.916746308484403305e-01,2.984030653235968167e+00,1.000000000000000000e+00,1.000000000000000000e+00,1.916619308085998619e-01
1.525000000000000284e+02,1.763983255846448273e-01,2.007378870407135474e-01,2.970056848881369671e+00,1.000000000000000000e+00,1.000000000000000000e+00,2.007245321239631286e-01
1.530000000000000000e+02,1.767145928738736993e-01,2.098329586719563655e-01,2.956069497331145435e+00,1.000000000000000000e+00,1.000000000000000000e+00,2.098189390062040749e-01
1.535000000000000284e+02,1.770455031983950434e-01,2.189614066599566145e-01,2.942070030239073208e+00,1.000000000000000000e+00,1.000000000000000000e+00,2.189467118318302041e-01
1.540000000000000000e+02,1.773911895229216273e-01,2.245748019754245095e-01,2.928059985215345495e+00,1.000000000000000000e+00,1.000000000000000000e+00,2.281094326513175008e-01
1.545000000000000000e+02,1.777408003319334573e-01,2.274603217370345376e-01,2.914057761572423910e+00,1.000000000000000000e+00,1.000000000000000000e+00,2.247032438092868845e-01
1.550000000000000284e+02,1.780968083306746219e-01,2.339045752566960568e-01,2.900062203482070000e+00,1.000000000000000000e+00,1.000000000000000000e+00,2.338887570447665820e-01
1.555000000000000000e+02,1.784678636280641606e-01,2.431283678168892626e-01,2.886062342023917093e+00,1.000000000000000000e+00,1.000000000000000000e+00,2.431118443741909219e-01
1.560000000000000284e+02,1.788541171719262024e-01,2.523913915889743342e-01,2.872060093203499420e+00,1.000000000000000000e+00,1.000000000000000000e+00,2.523741504051958406e-01
1.564999999999999716e+02,1.792557268861970365e-01,2.616953178158134552e-01,2.858057478321335054e+00,1.000000000000000000e+00,1.000000000000000000e+00,2.616773457619253063e-01
1.570000000000000000e+02,1.796728578333928461e-01,2.710418450561458692e-01,2.844056624102180741e+00,1.000000000000000000e+00,1.000000000000000000e+00,2.710231283648458223e-01
1.575000000000000284e+02,1.801056823856689304e-01,2.804327005053601218e-01,2.830059762957767955e+00,1.000000000000000000e+00,1.000000000000000000e+00,2.804132247504175224e-01
1.580000000000000000e+02,1.805543804048108936e-01,2.898696413586745457e-01,2.816069233381361503e+00,1.000000000000000000e+00,1.000000000000000000e+00,2.898493914329240417e-01
1.585000000000000000e+02,1.810191394315187052e-01,2.935049159405894170e-01,2.802087480472886583e+00,1.000000000000000000e+00,1.000000000000000000e+00,2.993334163108408719e-01
1.589999999999999716e+02,1.814816739638479004e-01,2.971767164344736867e-01,2.788147990923301567e+00,1.000000000000000000e+00,1.000000000000000000e+00,2.971439510555082264e-01
1.595000000000000000e+02,1.819604326370556635e-01,3.066877047022966707e-01,2.774223299230841100e+00,1.000000000000000000e+00,1.000000000000000000e+00,3.066660456016379599e-01
1.600000000000000284e+02,1.824556554317037227e-01,3.162617224828762619e-01,2.760316073329832420e+00,1.000000000000000000e+00,1.000000000000000000e+00,3.162392436196531653e-01
1.605000000000000000e+02,1.829675528883893121e-01,3.258887441897166393e-01,2.746429153375546495e+00,1.000000000000000000e+00,1.000000000000000000e+00,3.258654276712475983e-01
1.610000000000000000e+02,1.834963440573754989e-01,3.355706903188142021e-01,2.732565490125233865e+00,1.000000000000000000e+00,1.000000000000000000e+00,3.355465174489899449e-01
1.615000000000000284e+02,1.840422567386485186e-01,3.453095201824100124e-01,2.718728146124057332e+00,1.000000000000000000e+00,1.000000000000000000e+00,3.452844714318583641e-01
1.620000000000000000e+02,1.846055277338660150e-01,3.551072336272924623e-01,2.704920297018155839e+00,1.000000000000000000e+00,1.000000000000000000e+00,3.550812886016500580e-01
1.625000000000000284e+02,1.851864031107370856e-01,3.621516795188115534e-01,2.691145232995789893e+00,1.000000000000000000e+00,1.000000000000000000e+00,3.649390102236132472e-01
1.630000000000000000e+02,1.857760426911725660e-01,3.663763124565942997e-01,2.677422122099408330e+00,1.000000000000000000e+00,1.000000000000000000e+00,3.635039920881648068e-01
1.635000000000000000e+02,1.863743429911680627e-01,3.734430919771896673e-01,2.663755196860760677e+00,1.000000000000000000e+00,1.000000000000000000e+00,3.734154274467504364e-01
1.640000000000000284e+02,1.869907955316666426e-01,3.834202958144049544e-01,2.650132104823479828e+00,1.000000000000000000e+00,1.000000000000000000e+00,3.833916717230028692e-01
1.645000000000000000e+02,1.876256754059919540e-01,3.934645050199829797e-01,2.636556569103946313e+00,1.000000000000000000e+00,1.000000000000000000e+00,3.934348973103121150e-01
1.650000000000000284e+02,1.882792681579235627e-01,4.035779428477526687e-01,2.623032435212055535e+00,1.000000000000000000e+00,1.000000000000000000e+00,4.035473264175696850e-01
1.654999999999999716e+02,1.889518701164890069e-01,4.137628845567051239e-01,2.609563673156254371e+00,1.000000000000000000e+00,1.000000000000000000e+00,4.137312332155171357e-01
1.660000000000000000e+02,1.896437887471570383e-01,4.240216596477317523e-01,2.596154379685904789e+00,1.000000000000000000e+00,1.000000000000000000e+00,4.239889460710341562e-01
1.665000000000000284e+02,1.903553430202496177e-01,4.333469467531205765e-01,2.582808780674428206e+00,1.000000000000000000e+00,1.000000000000000000e+00,4.343228498742162658e-01
1.670000000000000000e+02,1.910835092186645989e-01,4.382810857714602437e-01,2.569537011674827731e+00,1.000000000000000000e+00,1.000000000000000000e+00,4.338456253607687607e-01
1.675000000000000000e+02,1.918170263868971548e-01,4.442893636101284405e-01,2.556363415683142737e+00,1.000000000000000000e+00,1.000000000000000000e+00,4.442544910393361191e-01
1.679999999999999716e+02,1.925709183316440809e-01,4.547804027727829768e-01,2.543267213797220094e+00,1.000000000000000000e+00,1.000000000000000000e+00,4.547443801496438565e-01
1.685000000000000000e+02,1.933455417600267456e-01,4.653550640948113104e-01,2.530253125830219219e+00,1.000000000000000000e+00,1.000000000000000000e+00,4.653178591115395557e-01
1.690000000000000284e+02,1.941412665796793391e-01,4.760159821354960075e-01,2.517326012640067390e+00,1.000000000000000000e+00,1.000000000000000000e+00,4.759775610831570303e-01
1.695000000000000000e+02,1.949584763682879751e-01,4.867658611251519662e-01,2.504490879265845127e+00,1.000000000000000000e+00,1.000000000000000000e+00,4.867261888301871453e-01
1.700000000000000000e+02,1.957975688665063996e-01,4.976074779663818837e-01,2.491752878233211899e+00,1.000000000000000000e+00,1.000000000000000000e+00,4.975665177236633374e-01
1.705000000000000284e+02,1.966589564955086022e-01,5.075543044093108191e-01,2.479117313036843573e+00,1.000000000000000000e+00,1.000000000000000000e+00,5.085013988735958002e-01
1.710000000000000000e+02,1.975396710024437952e-01,5.132510941630835655e-01,2.466595212593770459e+00,1.000000000000000000e+00,1.000000000000000000e+00,5.089386608576517146e-01
1.715000000000000284e+02,1.984285013580489587e-01,5.200186744485841839e-01,2.454210974064381823e+00,1.000000000000000000e+00,1.000000000000000000e+00,5.199749664750953349e-01
1.720000000000000000e+02,1.993406156291849529e-01,5.311570063735943092e-01,2.441945956162216547e+00,1.000000000000000000e+00,1.000000000000000000e+00,5.311118887190613425e-01
1.725000000000000000e+02,2.002764762969725387e-01,5.423991006915133140e-01,2.429806042151528178e+00,1.000000000000000000e+00,1.000000000000000000e+00,5.423525296983044974e-01
1.730000000000000284e+02,2.012365629669524703e-01,5.537481513935603727e-01,2.417797283129470287e+00,1.000000000000000000e+00,1.000000000000000000e+00,5.537000814707754293e-01
1.735000000000000000e+02,2.022213730360124528e-01,5.652074464627632189e-01,2.405925902522201287e+00,1.000000000000000000e+00,1.000000000000000000e+00,5.651578299914922221e-01
1.740000000000000284e+02,2.032314223936887987e-01,5.767803720184023764e-01,2.394198300829602388e+00,1.000000000000000000e+00,1.000000000000000000e+00,5.767291592517577170e-01
1.744999999999999716e+02,2.042672461598312172e-01,5.854257574393983976e-01,2.382621060637356791e+00,1.000000000000000000e+00,1.000000000000000000e+00,5.884175556211262981e-01
1.750000000000000000e+02,2.053185448365534571e-01,5.920975063305766728e-01,2.371217046710374809e+00,1.000000000000000000e+00,1.000000000000000000e+00,5.899938504448434262e-01
1.755000000000000284e+02,2.063890184689659291e-01,6.018741609741214971e-01,2.359987843677562314e+00,1.000000000000000000e+00,1.000000000000000000e+00,6.018193647760393672e-01
1.760000000000000000e+02,2.074865966264225203e-01,6.138263134912611552e-01,2.348929462518498212e+00,1.000000000000000000e+00,1.000000000000000000e+00,6.137697500853148691e-01
1.765000000000000000e+02,2.086118825924388465e-01,6.259072345529992365e-01,2.338049186779504574e+00,1.000000000000000000e+00,1.000000000000000000e+00,6.258488441939389357e-01
1.769999999999999716e+02,2.097655024662237744e-01,6.381208874865360592e-01,2.327354506603595219e+00,1.000000000000000000e+00,1.000000000000000000e+00,6.380606076824218986e-01
1.775000000000000000e+02,2.109481061281923420e-01,6.504713641168364813e-01,2.316853125475209385e+00,1.000000000000000000e+00,1.000000000000000000e+00,6.504091294845758542e-01
1.780000000000000284e+02,2.121603682576864436e-01,6.605235661388754176e-01,2.306552967417506039e+00,1.000000000000000000e+00,1.000000000000000000e+00,6.628986327736352546e-01
1.785000000000000000e+02,2.133939568387653030e-01,6.679600590431469254e-01,2.296473725819763168e+00,1.000000000000000000e+00,1.000000000000000000e+00,6.651987873884993574e-01
1.790000000000000000e+02,2.146481368371666587e-01,6.779274496181614262e-01,2.286624665589313654e+00,1.000000000000000000e+00,1.000000000000000000e+00,6.778607056305459011e-01
1.795000000000000284e+02,2.159336877789488629e-01,6.907422490423177353e-01,2.277001146059207226e+00,1.000000000000000000e+00,1.000000000000000000e+00,6.906733210432050019e-01
